iso3,source,type,year,var_short,value_old,value_new,status
AFG,NRVA,Survey,2008,s_imp_r,30.1,NA,removed
AFG,NVRA,Survey,2008,s_imp_r,NA,30.1,added
AFG,NRVA,Survey,2008,s_imp_u,58.3,NA,removed
AFG,NVRA,Survey,2008,s_imp_u,NA,58.3,added
AFG,NRVA,Survey,2008,s_od_r,25.6,NA,removed
AFG,NVRA,Survey,2008,s_od_r,NA,25.6,added
AFG,NRVA,Survey,2008,s_od_u,0.5,NA,removed
AFG,NVRA,Survey,2008,s_od_u,NA,0.5,added
AFG,NRVA,Survey,2008,s_shared_r,16.7,NA,removed
AFG,NVRA,Survey,2008,s_shared_r,NA,16.7,added
AFG,NRVA,Survey,2008,s_shared_u,35.699999999999996,NA,removed
AFG,NVRA,Survey,2008,s_shared_u,NA,35.699999999999996,added
AFG,NRVA,Survey,2012,s_imp_r,36.349999999999994,NA,removed
AFG,NVRA,Survey,2012,s_imp_r,NA,36.349999999999994,added
AFG,NRVA,Survey,2012,s_imp_u,62,NA,removed
AFG,NVRA,Survey,2012,s_imp_u,NA,62,added
AFG,NRVA,Survey,2012,s_shared_r,17,NA,removed
AFG,NVRA,Survey,2012,s_shared_r,NA,17,added
AFG,NRVA,Survey,2012,s_shared_u,37.5,NA,removed
AFG,NVRA,Survey,2012,s_shared_u,NA,37.5,added
AFG,ALCS,Survey,2017,s_shared_r,15.4,15.7,changed
AFG,ALCS,Survey,2017,s_shared_u,32.1,32,changed
AFG,IELFS,Survey,2020,s_imp_r,NA,61.93845999999999,added
AFG,IELFS,Survey,2020,s_imp_u,NA,83.48371999999999,added
AFG,IELFS,Survey,2020,s_lat_r,NA,58.38297999999999,added
AFG,IELFS,Survey,2020,s_lat_u,NA,50.91700999999999,added
AFG,IELFS,Survey,2020,s_od_r,NA,14.92387,added
AFG,IELFS,Survey,2020,s_od_u,NA,0.24861,added
AFG,IELFS,Survey,2020,s_sep_r,NA,1.86152,added
AFG,IELFS,Survey,2020,s_sep_u,NA,22.59006,added
AFG,IELFS,Survey,2020,s_sew_r,NA,1.69396,added
AFG,IELFS,Survey,2020,s_sew_u,NA,9.97665,added
ALB,CEN,Census,2001,s_sew_r,47.89404475913516,NA,removed
ALB,LSMS,Survey,2002,s_sew_r,54.27084369804542,NA,removed
ALB,LSMS,Survey,2003,s_sew_r,56.93000000000001,NA,removed
ALB,LSMS,Survey,2005,s_sew_r,63.77539059461239,NA,removed
ALB,MICS,Survey,2006,s_shared_r,NA,1.015228426395939,added
ALB,LSMS,Survey,2008,s_sew_r,73.92219351230064,NA,removed
ALB,DHS,Survey,2009,s_sep_n,15.2,NA,removed
ALB,CEN,Census,2011,s_sew_r,86.30000000000001,NA,removed
ALB,LSMS,Survey,2012,s_sew_r,85.19465194741672,NA,removed
ALB,ES,Admin,2014,s_treat_wtp_n,43.0622009569378,47.368421052631575,changed
ALB,ES,Admin,2016,s_treat_wtp_n,37.5,43.75,changed
ALB,ES,Admin,2017,s_treat_wtp_n,NA,42.06303724928367,added
ALB,DHS,Survey,2018,s_imp_r,NA,95.3246,added
ALB,DHS,Survey,2018,s_imp_u,NA,98.96908,added
ALB,DHS,Survey,2018,s_lat_r,NA,37.75442000000001,added
ALB,DHS,Survey,2018,s_lat_u,NA,6.43540999999999,added
ALB,DHS,Survey,2018,s_od_r,NA,0.00864,added
ALB,DHS,Survey,2018,s_od_u,NA,0.01918,added
ALB,DHS,Survey,2018,s_sep_r,NA,9.74408,added
ALB,DHS,Survey,2018,s_sep_u,NA,1.44394,added
ALB,DHS,Survey,2018,s_sew_r,NA,47.8261,added
ALB,DHS,Survey,2018,s_sew_u,NA,91.08973,added
ALB,DHS,Survey,2018,s_shared_r,NA,0.6077199999999999,added
ALB,DHS,Survey,2018,s_shared_u,NA,0.63475,added
AND,GA,Admin,2000,s_lat_n,0,NA,removed
AND,GA,Admin,2001,s_lat_n,0,NA,removed
AND,GA,Admin,2002,s_lat_n,0,NA,removed
AND,GA,Admin,2003,s_lat_n,0,NA,removed
AND,GA,Admin,2004,s_lat_n,0,NA,removed
AND,GA,Admin,2005,s_lat_n,0,NA,removed
AND,GA,Admin,2006,s_lat_n,0,NA,removed
AND,GA,Admin,2007,s_lat_n,0,NA,removed
AND,GA,Admin,2008,s_lat_n,0,NA,removed
AND,GAS,Admin,2008,s_treat_wtp_n,98,NA,removed
AND,HBS,Survey,2008,s_treat_wtp_n,NA,98,added
AND,GA,Admin,2009,s_lat_n,0,NA,removed
AND,GAS,Admin,2009,s_treat_wtp_n,98,NA,removed
AND,HBS,Survey,2009,s_treat_wtp_n,NA,98,added
AND,GA,Admin,2010,s_lat_n,0,NA,removed
AND,GA,Admin,2011,s_lat_n,0,NA,removed
ARE,WHS,Survey,2003,s_imp_n,99.89999999999999,NA,removed
ARE,WHS,Survey,2003,s_lat_n,2.3999999999999915,NA,removed
ARE,WHS,Survey,2003,s_sep_n,10.9,NA,removed
ARE,WHS,Survey,2003,s_sew_n,86.6,NA,removed
ARE,WW,Admin,2017,s_treat_wtp_n,NA,99.99000099990002,added
ARE,HS,Survey,2018,s_imp_n,99.65802999999998,99.77953999999998,changed
ARE,HS,Survey,2018,s_lat_n,4.678459999999987,4.711029999999994,changed
ARE,HS,Survey,2018,s_od_n,0.0587,NA,removed
ARE,HS,Survey,2018,s_sew_n,93.86547,93.95441,changed
ARE,HS,Survey,2018,s_shared_n,0.76873,0.77043,changed
ARG,ENGH,Survey,2018,s_imp_u,NA,98.89891032525914,added
ARG,ENFR,Survey,2018,s_imp_u,NA,99.00468532525912,added
ARG,ENGH,Survey,2018,s_lat_u,NA,11.027400325259135,added
ARG,ENFR,Survey,2018,s_lat_u,NA,13.696245325259127,added
ARG,ENGH,Survey,2018,s_od_u,NA,0.5451,added
ARG,ENFR,Survey,2018,s_od_u,NA,0.24534,added
ARG,ENGH,Survey,2018,s_sep_u,NA,24.34994,added
ARG,ENFR,Survey,2018,s_sep_u,NA,21.31217,added
ARG,ENGH,Survey,2018,s_sew_u,NA,63.52157,added
ARG,ENFR,Survey,2018,s_sew_u,NA,63.99627,added
ARG,ENGH,Survey,2018,s_shared_u,NA,1.1555167283075425,added
ARG,ENFR,Survey,2018,s_shared_u,NA,1.1555167283075425,added
ARG,WWT,Admin,2020,s_sew_rtp_u,NA,84.61538461538461,added
ARG,WWT,Admin,2020,s_treat_wtp_u,NA,54,added
ARM,DHS,Survey,2010,s_imp_r,83.19540389972146,82.67704931267022,changed
ARM,DHS,Survey,2010,s_imp_u,99.18333333333334,99.06666666666666,changed
ARM,DHS,Survey,2010,s_lat_r,57.29540389972145,58.60099958217272,changed
ARM,DHS,Survey,2010,s_lat_u,3.2833333333333314,3.3666666666666742,changed
ARM,DHS,Survey,2010,s_od_r,0,0.1,changed
ARM,DHS,Survey,2010,s_sep_r,1.3,1.1552,changed
ARM,DHS,Survey,2010,s_sew_r,24.6,22.9208497304975,changed
ARM,DHS,Survey,2010,s_sew_u,95.80000000000001,95.6,changed
ARM,WW,Admin,2015,s_treat_wtp_n,NA,69.0429205722743,added
ARM,WW,Admin,2016,s_treat_wtp_n,NA,69.35169546576587,added
ARM,ASB,Admin,2017,s_imp_r,NA,82.86880000000002,added
ARM,ASB,Admin,2017,s_imp_u,NA,99.63934426229508,added
ARM,ASB,Admin,2017,s_lat_r,NA,57.568800000000024,added
ARM,ASB,Admin,2017,s_lat_u,NA,1.8393442622950855,added
ARM,ASB,Admin,2017,s_sew_r,NA,25.3,added
ARM,ASB,Admin,2017,s_sew_u,NA,97.8,added
ARM,WW,Admin,2017,s_treat_wtp_n,NA,58.024691358024704,added
ARM,ASB,Admin,2018,s_imp_r,NA,83.62560000000002,added
ARM,ASB,Admin,2018,s_imp_u,NA,99.68852459016394,added
ARM,ASB,Admin,2018,s_lat_r,NA,55.02560000000002,added
ARM,ASB,Admin,2018,s_lat_u,NA,1.5885245901639422,added
ARM,ASB,Admin,2018,s_sew_r,NA,28.6,added
ARM,ASB,Admin,2018,s_sew_u,NA,98.1,added
ARM,WW,Admin,2018,s_treat_wtp_n,NA,63.649730436203235,added
ARM,WW,Admin,2019,s_treat_wtp_n,NA,71.01103863522327,added
AUS,NPR,Admin,2017,s_treat_wtp_n,NA,82.46441285630456,added
AUS,NPR,Admin,2018,s_treat_wtp_n,NA,82.20459680652993,added
AUT,EUSILC,Admin,2012,s_imp_r,100,NA,removed
AUT,EU SILC,Admin,2012,s_imp_r,NA,100,added
AUT,EUSILC,Admin,2012,s_imp_u,100,NA,removed
AUT,EU SILC,Admin,2012,s_imp_u,NA,100,added
AUT,EUSILC,Admin,2012,s_lat_r,0.4000000000000057,NA,removed
AUT,EU SILC,Admin,2012,s_lat_r,NA,0.4000000000000057,added
AUT,EUSILC,Admin,2012,s_lat_u,2,NA,removed
AUT,EU SILC,Admin,2012,s_lat_u,NA,2,added
AUT,EUSILC,Admin,2012,s_sep_r,16.11013473930873,NA,removed
AUT,EU SILC,Admin,2012,s_sep_r,NA,16.11013473930873,added
AUT,EUSILC,Admin,2012,s_sep_u,0,NA,removed
AUT,EU SILC,Admin,2012,s_sep_u,NA,0,added
AUT,EUSILC,Admin,2012,s_sew_r,83.48986526069126,NA,removed
AUT,EU SILC,Admin,2012,s_sew_r,NA,83.48986526069126,added
AUT,EUSILC,Admin,2012,s_sew_u,98,NA,removed
AUT,EU SILC,Admin,2012,s_sew_u,NA,98,added
AUT,EUSILC,Admin,2012,s_shared_r,0,NA,removed
AUT,EU SILC,Admin,2012,s_shared_r,NA,0,added
AUT,EUSILC,Admin,2012,s_shared_u,0,NA,removed
AUT,EU SILC,Admin,2012,s_shared_u,NA,0,added
AUT,EUSILC,Admin,2013,s_imp_r,100,NA,removed
AUT,EU SILC,Admin,2013,s_imp_r,NA,100,added
AUT,EUSILC,Admin,2013,s_imp_u,100,NA,removed
AUT,EU SILC,Admin,2013,s_imp_u,NA,100,added
AUT,EUSILC,Admin,2013,s_lat_r,0.20000000000001705,NA,removed
AUT,EU SILC,Admin,2013,s_lat_r,NA,0.20000000000001705,added
AUT,EUSILC,Admin,2013,s_lat_u,1.5,NA,removed
AUT,EU SILC,Admin,2013,s_lat_u,NA,1.5,added
AUT,EUSILC,Admin,2013,s_sep_r,16.11957796014068,NA,removed
AUT,EU SILC,Admin,2013,s_sep_r,NA,16.11957796014068,added
AUT,EUSILC,Admin,2013,s_sep_u,0,NA,removed
AUT,EU SILC,Admin,2013,s_sep_u,NA,0,added
AUT,EUSILC,Admin,2013,s_sew_r,83.68042203985931,NA,removed
AUT,EU SILC,Admin,2013,s_sew_r,NA,83.68042203985931,added
AUT,EUSILC,Admin,2013,s_sew_u,98.5,NA,removed
AUT,EU SILC,Admin,2013,s_sew_u,NA,98.5,added
AUT,EUSILC,Admin,2014,s_imp_r,100.00108499095842,NA,removed
AUT,EU SILC,Admin,2014,s_imp_r,NA,100.00108499095842,added
AUT,EUSILC,Admin,2014,s_imp_u,99.85939596279519,NA,removed
AUT,EU SILC,Admin,2014,s_imp_u,NA,99.8593959627952,added
AUT,EUSILC,Admin,2014,s_lat_r,0.20000000000000284,NA,removed
AUT,EU SILC,Admin,2014,s_lat_r,NA,0.20000000000000284,added
AUT,EUSILC,Admin,2014,s_lat_u,1.4000000000000057,NA,removed
AUT,EU SILC,Admin,2014,s_lat_u,NA,1.4000000000000057,added
AUT,EUSILC,Admin,2014,s_sep_r,14.666097865767581,NA,removed
AUT,EU SILC,Admin,2014,s_sep_r,NA,14.66609786576758,added
AUT,EUSILC,Admin,2014,s_sep_u,0,NA,removed
AUT,EU SILC,Admin,2014,s_sep_u,NA,0,added
AUT,EUSILC,Admin,2014,s_sew_r,85.13498712519083,NA,removed
AUT,EU SILC,Admin,2014,s_sew_r,NA,85.13498712519083,added
AUT,EUSILC,Admin,2014,s_sew_u,98.45939596279518,NA,removed
AUT,EU SILC,Admin,2014,s_sew_u,NA,98.45939596279518,added
AUT,EUSILC,Admin,2015,s_imp_r,100,NA,removed
AUT,EU SILC,Admin,2015,s_imp_r,NA,100,added
AUT,EUSILC,Admin,2015,s_imp_u,100,NA,removed
AUT,EU SILC,Admin,2015,s_imp_u,NA,100,added
AUT,EUSILC,Admin,2015,s_lat_r,0.29999999999999716,NA,removed
AUT,EU SILC,Admin,2015,s_lat_r,NA,0.29999999999999716,added
AUT,EUSILC,Admin,2015,s_lat_u,1.5,NA,removed
AUT,EU SILC,Admin,2015,s_lat_u,NA,1.5,added
AUT,EUSILC,Admin,2015,s_sep_r,14.692918013517485,NA,removed
AUT,EU SILC,Admin,2015,s_sep_r,NA,14.692918013517485,added
AUT,EUSILC,Admin,2015,s_sep_u,0,NA,removed
AUT,EU SILC,Admin,2015,s_sep_u,NA,0,added
AUT,EUSILC,Admin,2015,s_sew_r,85.00708198648252,NA,removed
AUT,EU SILC,Admin,2015,s_sew_r,NA,85.00708198648252,added
AUT,EUSILC,Admin,2015,s_sew_u,98.5,NA,removed
AUT,EU SILC,Admin,2015,s_sew_u,NA,98.5,added
AUT,BMNT,Admin,2016,s_lat_dtp_n,100,NA,removed
AUT,BMNT,Admin,2016,s_sep_con_n,100,NA,removed
AUT,ES,Admin,2016,s_sep_con_r,NA,94.79166666666666,added
AUT,BMNT,Admin,2016,s_sep_ero_n,37.5,NA,removed
AUT,BMNT,Admin,2016,s_sep_nemp_n,62.5,NA,removed
AUT,BMNT,Admin,2016,s_treat_fstp_n,100,NA,removed
AUT,BMNT,Admin,2016,s_treat_fstp_r,NA,100,added
AUT,ES,Admin,2016,s_treat_wtp_n,NA,100,added
AUT,ES,Admin,2018,s_sep_con_r,NA,94.81481481481482,added
AUT,ES,Admin,2018,s_treat_wtp_n,NA,100,added
AZE,JOC,Admin,2000,s_treat_wtp_n,95.83536288358499,NA,removed
AZE,JOC,Admin,2001,s_treat_wtp_n,95.7135653050933,NA,removed
AZE,JOC,Admin,2002,s_treat_wtp_n,96.45343777197563,NA,removed
AZE,JOC,Admin,2003,s_treat_wtp_n,96.48347020425352,NA,removed
AZE,JOC,Admin,2004,s_treat_wtp_n,96.67843055843886,NA,removed
AZE,JOC,Admin,2005,s_treat_wtp_n,96.69946699466995,NA,removed
AZE,JOC,Admin,2006,s_treat_wtp_n,96.84353214562354,NA,removed
AZE,JOC,Admin,2007,s_treat_wtp_n,96.62020240595761,NA,removed
AZE,JOC,Admin,2008,s_treat_wtp_n,96.60093896713614,NA,removed
AZE,JOC,Admin,2009,s_treat_wtp_n,96.23073719283632,NA,removed
AZE,JOC,Admin,2010,s_treat_wtp_n,97.26894254787678,NA,removed
AZE,JOC,Admin,2011,s_treat_wtp_n,95.59984214680347,NA,removed
AZE,JOC,Admin,2012,s_treat_wtp_n,95.94021037091714,NA,removed
AZE,HBS,Survey,2013,s_imp_r,78.3430290872618,NA,removed
AZE,NNS,Survey,2013,s_imp_r,NA,90.83271,added
AZE,HBS,Survey,2013,s_imp_u,96.3963963963964,NA,removed
AZE,NNS,Survey,2013,s_imp_u,NA,96.52688,added
AZE,NNS,Survey,2013,s_lat_r,NA,78.74326,added
AZE,NNS,Survey,2013,s_lat_u,NA,15.575580000000002,added
AZE,NNS,Survey,2013,s_od_r,NA,0.08214,added
AZE,NNS,Survey,2013,s_od_u,NA,0.12177,added
AZE,NNS,Survey,2013,s_sep_r,NA,5.42272,added
AZE,NNS,Survey,2013,s_sep_u,NA,5.38294,added
AZE,NNS,Survey,2013,s_sew_r,NA,6.66673,added
AZE,NNS,Survey,2013,s_sew_u,NA,75.56836,added
AZE,JOC,Admin,2013,s_treat_wtp_n,95.20587666731103,NA,removed
AZE,JOC,Admin,2014,s_treat_wtp_n,95.05412467338559,NA,removed
AZE,SO,Admin,2015,s_lat_r,0,NA,removed
AZE,SO,Admin,2015,s_lat_u,0,NA,removed
AZE,PWH,Admin,2015,s_sew_r,NA,9.9,added
AZE,PWH,Admin,2015,s_sew_u,NA,68.1,added
AZE,JOC,Admin,2015,s_treat_wtp_n,94.52914798206278,NA,removed
AZE,JOC,Admin,2016,s_treat_wtp_n,94.4,NA,removed
AZE,WW,Admin,2016,s_treat_wtp_n,NA,4.4,added
AZE,WW,Admin,2017,s_treat_wtp_n,NA,5.3,added
AZE,PWH,Admin,2018,s_sew_r,NA,26,added
AZE,PWH,Admin,2018,s_sew_u,NA,98.2,added
AZE,WW,Admin,2018,s_treat_wtp_n,NA,5.1,added
BEL,CCIEP,Admin,2000,s_lat_r,0,NA,removed
BEL,CCIEP,Admin,2000,s_lat_u,0,NA,removed
BEL,CCIEP,Admin,2006,s_lat_r,0,NA,removed
BEL,CCIEP,Admin,2006,s_lat_u,0,NA,removed
BEL,ES,Admin,2010,s_sep_n,21.875,20.251937984496124,changed
BEL,ES,Admin,2010,s_sew_n,78.125,72.67441860465117,changed
BEL,ES,Admin,2011,s_sep_n,20,19.07957813998082,changed
BEL,ES,Admin,2011,s_sew_n,77,74.01725790987535,changed
BEL,EUSILC,Admin,2012,s_imp_r,99.9,NA,removed
BEL,EU SILC,Admin,2012,s_imp_r,NA,99.9,added
BEL,EUSILC,Admin,2012,s_imp_u,100,NA,removed
BEL,EU SILC,Admin,2012,s_imp_u,NA,100,added
BEL,EUSILC,Admin,2012,s_lat_n,2.5999999999999943,NA,removed
BEL,EU SILC,Admin,2012,s_lat_n,NA,2.5999999999999943,added
BEL,EUSILC,Admin,2012,s_lat_r,1,NA,removed
BEL,EUSILC,Admin,2012,s_lat_u,2.700000000000003,NA,removed
BEL,ES,Admin,2012,s_sep_n,13,16.835699797160242,changed
BEL,ES,Admin,2012,s_sew_n,82,72.38481599536367,changed
BEL,EUSILC,Admin,2012,s_shared_r,0.5055611729019212,NA,removed
BEL,EU SILC,Admin,2012,s_shared_r,NA,0.5055611729019212,added
BEL,EUSILC,Admin,2012,s_shared_u,0.513874614594039,NA,removed
BEL,EU SILC,Admin,2012,s_shared_u,NA,0.513874614594039,added
BEL,ES,Admin,2013,s_sep_n,11,16.14367094718548,changed
BEL,ES,Admin,2013,s_sew_n,84,73.78584532200445,changed
BEL,EUSILC,Admin,2014,s_imp_r,100.0342205323194,NA,removed
BEL,EU SILC,Admin,2014,s_imp_r,NA,100.0342205323194,added
BEL,EUSILC,Admin,2014,s_imp_u,99.95909726002246,NA,removed
BEL,EU SILC,Admin,2014,s_imp_u,NA,99.95909726002246,added
BEL,EUSILC,Admin,2014,s_lat_n,2.0999999999999943,NA,removed
BEL,EU SILC,Admin,2014,s_lat_n,NA,2.0999999999999943,added
BEL,ES,Admin,2014,s_lat_n,NA,0,added
BEL,EUSILC,Admin,2014,s_lat_r,3,NA,removed
BEL,EUSILC,Admin,2014,s_lat_u,1.9000000000000057,NA,removed
BEL,ES,Admin,2014,s_sep_n,NA,15.282101167315174,added
BEL,ES,Admin,2014,s_sew_n,NA,76.1089494163424,added
BEL,ES,Admin,2014,s_treat_wtp_n,NA,100,added
BEL,EUSILC,Admin,2015,s_imp_r,100.01352493660185,NA,removed
BEL,EU SILC,Admin,2015,s_imp_r,NA,100.01352493660184,added
BEL,EUSILC,Admin,2015,s_imp_u,100.04460517452875,NA,removed
BEL,EU SILC,Admin,2015,s_imp_u,NA,100.04460517452875,added
BEL,EUSILC,Admin,2015,s_lat_n,2.299999999999997,NA,removed
BEL,EU SILC,Admin,2015,s_lat_n,NA,2.299999999999997,added
BEL,ES,Admin,2015,s_lat_n,NA,0,added
BEL,EUSILC,Admin,2015,s_lat_r,2,NA,removed
BEL,EUSILC,Admin,2015,s_lat_u,2.4000000000000057,NA,removed
BEL,ES,Admin,2015,s_sep_n,NA,14.119031277576234,added
BEL,ES,Admin,2015,s_sew_n,NA,78.8900872634572,added
BEL,ES,Admin,2015,s_treat_wtp_n,NA,100,added
BEL,ES,Admin,2016,s_lat_n,NA,0,added
BEL,ES,Admin,2016,s_sep_n,NA,13.50073855243722,added
BEL,ES,Admin,2016,s_sew_n,NA,80.67946824224519,added
BEL,ES,Admin,2016,s_treat_wtp_n,NA,100,added
BEL,ES,Admin,2017,s_lat_n,NA,0,added
BEL,ES,Admin,2017,s_sep_n,NA,12.9600316580926,added
BEL,ES,Admin,2017,s_sew_n,NA,82.07360506529483,added
BEL,ES,Admin,2017,s_treat_wtp_n,NA,100,added
BEL,ES,Admin,2018,s_lat_n,NA,0,added
BEL,ES,Admin,2018,s_sep_n,NA,12.9600316580926,added
BEL,ES,Admin,2018,s_sew_n,NA,82.07360506529483,added
BEL,ES,Admin,2018,s_treat_wtp_n,NA,100,added
BEL,PWH,Admin,2019,s_imp_r,NA,100,added
BEL,PWH,Admin,2019,s_imp_u,NA,100,added
BEL,ES,Admin,2019,s_lat_n,NA,0,added
BEL,ES,Admin,2019,s_sep_n,NA,12.9600316580926,added
BEL,ES,Admin,2019,s_sew_n,NA,82.07360506529483,added
BEL,ES,Admin,2019,s_treat_wtp_n,NA,100,added
BEL,EU SILC,Admin,2020,s_lat_n,NA,2.9399999999999977,added
BEN,AGVSA,Survey,2017,s_od_r,NA,71,added
BEN,DHS,Survey,2018,s_imp_r,NA,17.70131,added
BEN,DHS,Survey,2018,s_imp_u,NA,48.901860000000006,added
BEN,DHS,Survey,2018,s_lat_r,NA,17.12495,added
BEN,DHS,Survey,2018,s_lat_u,NA,39.95140000000001,added
BEN,DHS,Survey,2018,s_od_r,NA,70.54117,added
BEN,DHS,Survey,2018,s_od_u,NA,38.20976,added
BEN,DHS,Survey,2018,s_sep_r,NA,0.55022,added
BEN,DHS,Survey,2018,s_sep_u,NA,8.77264,added
BEN,DHS,Survey,2018,s_sew_r,NA,0.02614,added
BEN,DHS,Survey,2018,s_sew_u,NA,0.17782,added
BEN,DHS,Survey,2018,s_shared_r,NA,64.3249,added
BEN,DHS,Survey,2018,s_shared_u,NA,54.14927,added
BFA,EPM,Survey,2009,s_imp_r,16.279771370938697,NA,removed
BFA,EICVM,Survey,2009,s_imp_r,NA,16.279771370938697,added
BFA,EPM,Survey,2009,s_imp_u,82.30724170820012,NA,removed
BFA,EICVM,Survey,2009,s_imp_u,NA,82.30724170820012,added
BFA,EPM,Survey,2009,s_lat_r,16.17664039213527,NA,removed
BFA,EICVM,Survey,2009,s_lat_r,NA,16.17664039213527,added
BFA,EPM,Survey,2009,s_lat_u,77.08159814352099,NA,removed
BFA,EICVM,Survey,2009,s_lat_u,NA,77.08159814352099,added
BFA,EPM,Survey,2009,s_od_r,71.79389788013917,NA,removed
BFA,EICVM,Survey,2009,s_od_r,NA,71.79389788013917,added
BFA,EPM,Survey,2009,s_od_u,9.595521884354655,NA,removed
BFA,EICVM,Survey,2009,s_od_u,NA,9.595521884354657,added
BFA,EPM,Survey,2009,s_sep_r,0.10313097880342782,NA,removed
BFA,EICVM,Survey,2009,s_sep_r,NA,0.10313097880342782,added
BFA,EPM,Survey,2009,s_sep_u,5.225643564679135,NA,removed
BFA,EICVM,Survey,2009,s_sep_u,NA,5.225643564679135,added
BFA,PMA,Survey,2018,s_imp_r,NA,34.14969,added
BFA,MIS,Survey,2018,s_imp_r,NA,43.25425,added
BFA,PMA,Survey,2018,s_imp_u,NA,91.96759000000002,added
BFA,MIS,Survey,2018,s_imp_u,NA,91.34272,added
BFA,PMA,Survey,2018,s_lat_r,NA,34.13934,added
BFA,MIS,Survey,2018,s_lat_r,NA,43.06963,added
BFA,PMA,Survey,2018,s_lat_u,NA,84.38409000000001,added
BFA,MIS,Survey,2018,s_lat_u,NA,83.33889999999998,added
BFA,PMA,Survey,2018,s_od_r,NA,57.58871,added
BFA,MIS,Survey,2018,s_od_r,NA,47.91654,added
BFA,PMA,Survey,2018,s_od_u,NA,5.05011,added
BFA,MIS,Survey,2018,s_od_u,NA,6.65241,added
BFA,PMA,Survey,2018,s_sep_r,NA,0.01035,added
BFA,MIS,Survey,2018,s_sep_r,NA,0.17985,added
BFA,PMA,Survey,2018,s_sep_u,NA,6.72016,added
BFA,MIS,Survey,2018,s_sep_u,NA,7.24135,added
BFA,PMA,Survey,2018,s_sew_r,NA,0,added
BFA,MIS,Survey,2018,s_sew_r,NA,0.00477,added
BFA,PMA,Survey,2018,s_sew_u,NA,0.86334,added
BFA,MIS,Survey,2018,s_sew_u,NA,0.76247,added
BFA,PMA,Survey,2018,s_shared_r,NA,71.39688,added
BFA,MIS,Survey,2018,s_shared_r,NA,56.43415,added
BFA,PMA,Survey,2018,s_shared_u,NA,59.848740000000014,added
BFA,MIS,Survey,2018,s_shared_u,NA,42.99627,added
BGD,DHS,Survey,2004,s_imp_r,40.53417690835865,32.08287487406931,changed
BGD,DHS,Survey,2004,s_imp_u,73.3013006191395,53.32856541458531,changed
BGD,DHS,Survey,2004,s_lat_r,37.33417690835865,28.882874874069312,changed
BGD,DHS,Survey,2004,s_lat_u,43.8013006191395,23.828565414585313,changed
BGD,LFS,Survey,2010,s_imp_u,NA,60.075359853587955,added
BGD,LFS,Survey,2010,s_od_u,NA,2.1,added
BGD,DHS,Survey,2014,s_imp_r,63.92,NA,removed
BGD,BDHS,Survey,2014,s_imp_r,NA,63.92,added
BGD,DHS,Survey,2014,s_imp_u,84.335,NA,removed
BGD,BDHS,Survey,2014,s_imp_u,NA,84.335,added
BGD,DHS,Survey,2014,s_lat_r,57.281000000000006,NA,removed
BGD,BDHS,Survey,2014,s_lat_r,NA,57.281000000000006,added
BGD,DHS,Survey,2014,s_lat_u,49.57399999999999,NA,removed
BGD,BDHS,Survey,2014,s_lat_u,NA,49.57399999999999,added
BGD,DHS,Survey,2014,s_od_r,4.158,NA,removed
BGD,BDHS,Survey,2014,s_od_r,NA,4.158,added
BGD,DHS,Survey,2014,s_od_u,0.86,NA,removed
BGD,BDHS,Survey,2014,s_od_u,NA,0.86,added
BGD,DHS,Survey,2014,s_sep_r,6.39,NA,removed
BGD,BDHS,Survey,2014,s_sep_r,NA,6.39,added
BGD,DHS,Survey,2014,s_sep_u,24.007,NA,removed
BGD,BDHS,Survey,2014,s_sep_u,NA,24.007,added
BGD,DHS,Survey,2014,s_sew_r,0.249,NA,removed
BGD,BDHS,Survey,2014,s_sew_r,NA,0.249,added
BGD,DHS,Survey,2014,s_sew_u,10.754,NA,removed
BGD,BDHS,Survey,2014,s_sew_u,NA,10.754,added
BGD,DHS,Survey,2014,s_shared_r,27.693,NA,removed
BGD,BDHS,Survey,2014,s_shared_r,NA,27.693,added
BGD,DHS,Survey,2014,s_shared_u,36.72,NA,removed
BGD,BDHS,Survey,2014,s_shared_u,NA,36.72,added
BGD,QLFS,Survey,2016,s_imp_r,NA,47.37090080312099,added
BGD,QLFS,Survey,2016,s_imp_u,NA,77.80696992429577,added
BGD,QLFS,Survey,2016,s_od_r,NA,3.6,added
BGD,QLFS,Survey,2016,s_od_u,NA,0.5772370486656202,added
BGD,NHS,Survey,2018,s_imp_r,NA,80.72400614748146,added
BGD,DHS,Survey,2018,s_imp_r,NA,62.14973,added
BGD,NHS,Survey,2018,s_imp_u,NA,76.8100068998394,added
BGD,DHS,Survey,2018,s_imp_u,NA,74.43007000000001,added
BGD,NHS,Survey,2018,s_lat_ebo_r,NA,29.05168,added
BGD,NHS,Survey,2018,s_lat_ebo_u,NA,20.42815,added
BGD,NHS,Survey,2018,s_lat_edl_r,NA,8.0281,added
BGD,NHS,Survey,2018,s_lat_edl_u,NA,11.40007,added
BGD,NHS,Survey,2018,s_lat_ero_r,NA,0.80281,added
BGD,NHS,Survey,2018,s_lat_ero_u,NA,1.75185,added
BGD,NHS,Survey,2018,s_lat_nemp_r,NA,62.11741,added
BGD,NHS,Survey,2018,s_lat_nemp_u,NA,66.41993,added
BGD,NHS,Survey,2018,s_lat_r,NA,59.57016614748146,added
BGD,DHS,Survey,2018,s_lat_r,NA,50.54051,added
BGD,NHS,Survey,2018,s_lat_u,NA,20.289596899839395,added
BGD,DHS,Survey,2018,s_lat_u,NA,34.470160000000014,added
BGD,NHS,Survey,2018,s_od_r,NA,2.75641,added
BGD,DHS,Survey,2018,s_od_r,NA,1.61006,added
BGD,NHS,Survey,2018,s_od_u,NA,0.21241,added
BGD,DHS,Survey,2018,s_od_u,NA,0.09104,added
BGD,NHS,Survey,2018,s_sep_ebo_r,NA,15.90551,added
BGD,NHS,Survey,2018,s_sep_ebo_u,NA,11.20839,added
BGD,NHS,Survey,2018,s_sep_edl_r,NA,7.87402,added
BGD,NHS,Survey,2018,s_sep_edl_u,NA,3.97331,added
BGD,NHS,Survey,2018,s_sep_ero_r,NA,0.47244,added
BGD,NHS,Survey,2018,s_sep_ero_u,NA,6.8695,added
BGD,NHS,Survey,2018,s_sep_nemp_r,NA,75.74803,added
BGD,NHS,Survey,2018,s_sep_nemp_u,NA,77.9488,added
BGD,NHS,Survey,2018,s_sep_r,NA,20.35256,added
BGD,DHS,Survey,2018,s_sep_r,NA,11.60922,added
BGD,NHS,Survey,2018,s_sep_u,NA,27.60636,added
BGD,DHS,Survey,2018,s_sep_u,NA,29.34869,added
BGD,NHS,Survey,2018,s_sew_r,NA,0.80128,added
BGD,DHS,Survey,2018,s_sew_r,NA,0,added
BGD,NHS,Survey,2018,s_sew_u,NA,28.91405,added
BGD,DHS,Survey,2018,s_sew_u,NA,10.61122,added
BGD,NHS,Survey,2018,s_shared_r,NA,30.49378,added
BGD,DHS,Survey,2018,s_shared_r,NA,25.35964,added
BGD,NHS,Survey,2018,s_shared_u,NA,48.64977,added
BGD,DHS,Survey,2018,s_shared_u,NA,34.7839,added
BGD,SVRS,Survey,2019,s_imp_r,NA,76.6,added
BGD,MICS,Survey,2019,s_imp_r,NA,82.88897999999999,added
BGD,SVRS,Survey,2019,s_imp_u,NA,92.5,added
BGD,MICS,Survey,2019,s_imp_u,NA,90.58832999999998,added
BGD,MICS,Survey,2019,s_lat_ebo_r,NA,39.22834,added
BGD,MICS,Survey,2019,s_lat_ebo_u,NA,32.82203,added
BGD,MICS,Survey,2019,s_lat_edl_r,NA,7.57296,added
BGD,MICS,Survey,2019,s_lat_edl_u,NA,9.07005,added
BGD,MICS,Survey,2019,s_lat_ero_r,NA,0.61353,added
BGD,MICS,Survey,2019,s_lat_ero_u,NA,1.90322,added
BGD,MICS,Survey,2019,s_lat_nemp_r,NA,52.58517,added
BGD,MICS,Survey,2019,s_lat_nemp_u,NA,56.2047,added
BGD,MICS,Survey,2019,s_lat_r,NA,61.87871999999999,added
BGD,MICS,Survey,2019,s_lat_u,NA,28.224239999999988,added
BGD,SVRS,Survey,2019,s_od_r,NA,2.2,added
BGD,MICS,Survey,2019,s_od_r,NA,1.8582,added
BGD,SVRS,Survey,2019,s_od_u,NA,0.5,added
BGD,MICS,Survey,2019,s_od_u,NA,0.41035,added
BGD,MICS,Survey,2019,s_sep_ebo_r,NA,17.7344,added
BGD,MICS,Survey,2019,s_sep_ebo_u,NA,12.18457,added
BGD,MICS,Survey,2019,s_sep_edl_r,NA,7.46093,added
BGD,MICS,Survey,2019,s_sep_edl_u,NA,10.34787,added
BGD,MICS,Survey,2019,s_sep_ero_r,NA,1.57383,added
BGD,MICS,Survey,2019,s_sep_ero_u,NA,5.55454,added
BGD,MICS,Survey,2019,s_sep_nemp_r,NA,73.23084,added
BGD,MICS,Survey,2019,s_sep_nemp_u,NA,71.91302,added
BGD,MICS,Survey,2019,s_sep_r,NA,19.94843,added
BGD,MICS,Survey,2019,s_sep_u,NA,32.86031,added
BGD,MICS,Survey,2019,s_sew_r,NA,1.06183,added
BGD,MICS,Survey,2019,s_sew_u,NA,29.50378,added
BGD,MICS,Survey,2019,s_shared_r,NA,22.46634,added
BGD,MICS,Survey,2019,s_shared_u,NA,28.565980000000003,added
BGR,ES,Admin,2000,s_lat_n,0,NA,removed
BGR,ES,Admin,2000,s_sep_n,NA,34,added
BGR,ES,Admin,2000,s_sew_n,66,NA,removed
BGR,ES,Admin,2001,s_imp_r,100,NA,removed
BGR,ES,Admin,2001,s_imp_u,100,NA,removed
BGR,LSMS,Survey,2001,s_lat_n,36.1597407317664,NA,removed
BGR,ES,Admin,2001,s_lat_n,0,NA,removed
BGR,LSMS,Survey,2001,s_lat_r,83.5767036701616,NA,removed
BGR,LSMS,Survey,2001,s_lat_u,13.390763630168607,NA,removed
BGR,ES,Admin,2001,s_sep_n,NA,33,added
BGR,ES,Admin,2001,s_sew_n,67,NA,removed
BGR,ES,Admin,2002,s_imp_r,100,NA,removed
BGR,ES,Admin,2002,s_imp_u,100,NA,removed
BGR,ES,Admin,2002,s_lat_n,0,NA,removed
BGR,ES,Admin,2002,s_sep_n,NA,32,added
BGR,ES,Admin,2003,s_imp_r,100,NA,removed
BGR,ES,Admin,2003,s_imp_u,100,NA,removed
BGR,ES,Admin,2003,s_lat_n,0,NA,removed
BGR,MHS,Survey,2003,s_lat_r,69.5617844453217,NA,removed
BGR,MHS,Survey,2003,s_lat_u,10.576752440106503,NA,removed
BGR,ES,Admin,2003,s_sep_n,NA,32,added
BGR,ES,Admin,2004,s_imp_r,100,NA,removed
BGR,ES,Admin,2004,s_imp_u,100,NA,removed
BGR,ES,Admin,2004,s_lat_n,0,NA,removed
BGR,ES,Admin,2004,s_sep_n,NA,32,added
BGR,ES,Admin,2005,s_lat_n,28.099999999999994,NA,removed
BGR,ES,Admin,2005,s_sep_n,NA,31,added
BGR,ES,Admin,2005,s_sew_n,40.9,NA,removed
BGR,ES,Admin,2006,s_lat_n,28,NA,removed
BGR,ES,Admin,2006,s_sep_n,NA,30.6,added
BGR,ES,Admin,2006,s_sew_n,41.4,NA,removed
BGR,LSMS,Survey,2007,s_lat_n,26.09129097607608,NA,removed
BGR,ES,Admin,2007,s_lat_n,27.400000000000006,NA,removed
BGR,LSMS,Survey,2007,s_lat_r,67.14737230971315,NA,removed
BGR,LSMS,Survey,2007,s_lat_u,7.325157441166738,NA,removed
BGR,ES,Admin,2007,s_sep_n,NA,30.4,added
BGR,ES,Admin,2007,s_sew_n,42.2,NA,removed
BGR,ES,Admin,2008,s_lat_n,26.099999999999994,NA,removed
BGR,ES,Admin,2008,s_sep_n,NA,30,added
BGR,ES,Admin,2008,s_sew_n,43.9,NA,removed
BGR,ES,Admin,2009,s_lat_n,25.099999999999994,NA,removed
BGR,ES,Admin,2009,s_sep_n,NA,29.6,added
BGR,ES,Admin,2009,s_sew_n,45.3,NA,removed
BGR,SWWW,Survey,2010,s_lat_n,0,NA,removed
BGR,ES,Admin,2010,s_lat_n,22.799999999999997,NA,removed
BGR,NSI,Admin,2010,s_lat_n,NA,0,added
BGR,SWWW,Survey,2010,s_sep_n,29.4,NA,removed
BGR,NSI,Admin,2010,s_sep_n,NA,29.4,added
BGR,ES,Admin,2010,s_sep_n,NA,29.4,added
BGR,SWWW,Survey,2010,s_sew_n,70.6,NA,removed
BGR,ES,Admin,2010,s_sew_n,47.8,NA,removed
BGR,SWWW,Survey,2010,s_treat_wtp_n,63.87197280838408,NA,removed
BGR,NSI,Admin,2010,s_treat_wtp_n,NA,63.87197280838408,added
BGR,SWWW,Survey,2011,s_lat_n,0,NA,removed
BGR,ES,Admin,2011,s_lat_n,18.299999999999997,NA,removed
BGR,NSI,Admin,2011,s_lat_n,NA,0,added
BGR,CEN,Census,2011,s_lat_r,61.40000000000001,NA,removed
BGR,CEN,Census,2011,s_lat_u,6.400000000000006,NA,removed
BGR,SWWW,Survey,2011,s_sep_n,25.9,NA,removed
BGR,NSI,Admin,2011,s_sep_n,NA,25.9,added
BGR,ES,Admin,2011,s_sep_n,NA,25.9,added
BGR,CEN,Census,2011,s_sep_r,NA,61.5,added
BGR,CEN,Census,2011,s_sep_u,NA,6.3,added
BGR,SWWW,Survey,2011,s_sew_n,74.1,NA,removed
BGR,ES,Admin,2011,s_sew_n,55.8,NA,removed
BGR,SWWW,Survey,2011,s_treat_wtp_n,72.39470842332612,NA,removed
BGR,NSI,Admin,2011,s_treat_wtp_n,NA,72.39470842332612,added
BGR,EUSILC,Admin,2012,s_imp_r,100,NA,removed
BGR,EU SILC,Admin,2012,s_imp_r,NA,100,added
BGR,EUSILC,Admin,2012,s_imp_u,100.00000000000001,NA,removed
BGR,EU SILC,Admin,2012,s_imp_u,NA,100,added
BGR,SWWW,Survey,2012,s_lat_n,0,NA,removed
BGR,EUSILC,Admin,2012,s_lat_n,21.799999999999997,NA,removed
BGR,ES,Admin,2012,s_lat_n,18.299999999999997,NA,removed
BGR,NSI,Admin,2012,s_lat_n,NA,0,added
BGR,EUSILC,Admin,2012,s_lat_r,52.1,NA,removed
BGR,EUSILC,Admin,2012,s_lat_u,6.200000000000003,NA,removed
BGR,SWWW,Survey,2012,s_sep_n,25.7,NA,removed
BGR,NSI,Admin,2012,s_sep_n,NA,25.7,added
BGR,ES,Admin,2012,s_sep_n,NA,25.7,added
BGR,SWWW,Survey,2012,s_sew_n,74.3,NA,removed
BGR,ES,Admin,2012,s_sew_n,56,NA,removed
BGR,EU SILC,Admin,2012,s_sew_r,NA,47.9,added
BGR,EU SILC,Admin,2012,s_sew_u,NA,93.8,added
BGR,EUSILC,Admin,2012,s_shared_r,16.2839248434238,NA,removed
BGR,EU SILC,Admin,2012,s_shared_r,NA,16.2839248434238,added
BGR,EUSILC,Admin,2012,s_shared_u,13.219616204690832,NA,removed
BGR,EU SILC,Admin,2012,s_shared_u,NA,13.219616204690832,added
BGR,SWWW,Survey,2012,s_treat_wtp_n,72.50470809792843,NA,removed
BGR,NSI,Admin,2012,s_treat_wtp_n,NA,72.50470809792843,added
BGR,EUSILC,Admin,2013,s_imp_r,99.98,NA,removed
BGR,EU SILC,Admin,2013,s_imp_r,NA,99.98,added
BGR,EUSILC,Admin,2013,s_imp_u,100,NA,removed
BGR,EU SILC,Admin,2013,s_imp_u,NA,100,added
BGR,SWWW,Survey,2013,s_lat_n,0,NA,removed
BGR,EUSILC,Admin,2013,s_lat_n,21.379999999999995,NA,removed
BGR,ES,Admin,2013,s_lat_n,18.299999999999997,NA,removed
BGR,NSI,Admin,2013,s_lat_n,NA,0,added
BGR,EUSILC,Admin,2013,s_lat_r,48.88,NA,removed
BGR,EUSILC,Admin,2013,s_lat_u,7.299999999999997,NA,removed
BGR,SWWW,Survey,2013,s_sep_n,25.3,NA,removed
BGR,NSI,Admin,2013,s_sep_n,NA,25.3,added
BGR,ES,Admin,2013,s_sep_n,NA,25.3,added
BGR,SWWW,Survey,2013,s_sew_n,74.7,NA,removed
BGR,ES,Admin,2013,s_sew_n,56.4,NA,removed
BGR,EU SILC,Admin,2013,s_sew_r,NA,51.1,added
BGR,EU SILC,Admin,2013,s_sew_u,NA,92.7,added
BGR,SWWW,Survey,2013,s_treat_wtp_n,73.01204819277109,NA,removed
BGR,NSI,Admin,2013,s_treat_wtp_n,NA,73.01204819277109,added
BGR,EUSILC,Admin,2014,s_imp_r,100,NA,removed
BGR,EU SILC,Admin,2014,s_imp_r,NA,100,added
BGR,EUSILC,Admin,2014,s_imp_u,100,NA,removed
BGR,EU SILC,Admin,2014,s_imp_u,NA,100,added
BGR,SWWW,Survey,2014,s_lat_n,0,NA,removed
BGR,EUSILC,Admin,2014,s_lat_n,20.599999999999994,NA,removed
BGR,ES,Admin,2014,s_lat_n,18.099999999999994,NA,removed
BGR,NSI,Admin,2014,s_lat_n,NA,0,added
BGR,EUSILC,Admin,2014,s_lat_r,46.6,NA,removed
BGR,EUSILC,Admin,2014,s_lat_u,7.400000000000006,NA,removed
BGR,SWWW,Survey,2014,s_sep_n,25.1,NA,removed
BGR,NSI,Admin,2014,s_sep_n,NA,25.1,added
BGR,SWWW,Survey,2014,s_sew_n,74.9,NA,removed
BGR,EU SILC,Admin,2014,s_sew_r,NA,53.4,added
BGR,EU SILC,Admin,2014,s_sew_u,NA,92.6,added
BGR,SWWW,Survey,2014,s_treat_wtp_n,73.14369658119658,NA,removed
BGR,NSI,Admin,2014,s_treat_wtp_n,NA,73.14369658119658,added
BGR,EUSILC,Admin,2015,s_imp_r,100,NA,removed
BGR,EU SILC,Admin,2015,s_imp_r,NA,100,added
BGR,EUSILC,Admin,2015,s_imp_u,100,NA,removed
BGR,EU SILC,Admin,2015,s_imp_u,NA,100,added
BGR,SWWW,Survey,2015,s_lat_n,0,NA,removed
BGR,EUSILC,Admin,2015,s_lat_n,18.599999999999994,NA,removed
BGR,ES,Admin,2015,s_lat_n,13.200000000000003,NA,removed
BGR,NSI,Admin,2015,s_lat_n,NA,0,added
BGR,EUSILC,Admin,2015,s_lat_r,42.4,NA,removed
BGR,EUSILC,Admin,2015,s_lat_u,4,NA,removed
BGR,SWWW,Survey,2015,s_sep_n,24.5,NA,removed
BGR,NSI,Admin,2015,s_sep_n,NA,24.5,added
BGR,SWWW,Survey,2015,s_sew_n,75.5,NA,removed
BGR,EU SILC,Admin,2015,s_sew_r,NA,57.6,added
BGR,EU SILC,Admin,2015,s_sew_u,NA,96,added
BGR,SWWW,Survey,2015,s_treat_wtp_n,80.30463576158941,NA,removed
BGR,NSI,Admin,2015,s_treat_wtp_n,NA,80.30463576158941,added
BGR,NSI,Survey,2016,s_lat_n,NA,0,added
BGR,NSI,Survey,2016,s_sep_n,NA,24.3,added
BGR,ES,Admin,2016,s_sep_n,NA,24.31,added
BGR,NSI,Survey,2016,s_treat_wtp_n,NA,81.70167789668385,added
BGR,HBS,Survey,2017,s_imp_r,NA,100,added
BGR,HBS,Survey,2017,s_imp_u,NA,100,added
BGR,NSI,Survey,2017,s_lat_n,NA,0,added
BGR,NSI,Survey,2017,s_sep_n,NA,24,added
BGR,ES,Admin,2017,s_sep_n,NA,23.97,added
BGR,NSI,Survey,2017,s_treat_wtp_n,NA,83.11192950151256,added
BGR,HBS,Survey,2018,s_imp_r,NA,100,added
BGR,HBS,Survey,2018,s_imp_u,NA,100,added
BGR,NSI,Survey,2018,s_lat_n,NA,0,added
BGR,NSI,Survey,2018,s_sep_n,NA,23.8,added
BGR,NSI,Survey,2018,s_treat_wtp_n,NA,83.62204724409449,added
BHR,MWMAUP,Admin,2000,s_imp_n,NA,100,added
BHR,SO,Admin,2000,s_lat_n,0,NA,removed
BHR,MWMAUP,Admin,2000,s_sep_n,NA,27,added
BHR,SO,Admin,2000,s_sew_n,73,NA,removed
BHR,MWMAUP,Admin,2000,s_sew_n,NA,73,added
BHR,SO,Admin,2000,s_treat_wtp_n,100,NA,removed
BHR,MWMAUP,Admin,2000,s_treat_wtp_n,NA,100,added
BHR,MWMAUP,Admin,2001,s_imp_n,NA,100,added
BHR,SO,Admin,2001,s_lat_n,0,NA,removed
BHR,MWMAUP,Admin,2001,s_sep_n,NA,25,added
BHR,SO,Admin,2001,s_sew_n,75,NA,removed
BHR,MWMAUP,Admin,2001,s_sew_n,NA,75,added
BHR,SO,Admin,2001,s_treat_wtp_n,100,NA,removed
BHR,MWMAUP,Admin,2001,s_treat_wtp_n,NA,100,added
BHR,MWMAUP,Admin,2002,s_imp_n,NA,100,added
BHR,SO,Admin,2002,s_lat_n,0,NA,removed
BHR,MWMAUP,Admin,2002,s_sep_n,NA,23,added
BHR,SO,Admin,2002,s_sew_n,77,NA,removed
BHR,MWMAUP,Admin,2002,s_sew_n,NA,77,added
BHR,SO,Admin,2002,s_treat_wtp_n,100,NA,removed
BHR,MWMAUP,Admin,2002,s_treat_wtp_n,NA,100,added
BHR,MWMAUP,Admin,2003,s_imp_n,NA,100,added
BHR,SO,Admin,2003,s_lat_n,0,NA,removed
BHR,MWMAUP,Admin,2003,s_sep_n,NA,30,added
BHR,SO,Admin,2003,s_sew_n,79,NA,removed
BHR,MWMAUP,Admin,2003,s_sew_n,NA,70,added
BHR,SO,Admin,2003,s_treat_wtp_n,100,NA,removed
BHR,MWMAUP,Admin,2003,s_treat_wtp_n,NA,100,added
BHR,MWMAUP,Admin,2004,s_imp_n,NA,100,added
BHR,SO,Admin,2004,s_lat_n,0,NA,removed
BHR,MWMAUP,Admin,2004,s_sep_n,NA,29,added
BHR,SO,Admin,2004,s_sew_n,83,NA,removed
BHR,MWMAUP,Admin,2004,s_sew_n,NA,71,added
BHR,SO,Admin,2004,s_treat_wtp_n,100,NA,removed
BHR,MWMAUP,Admin,2004,s_treat_wtp_n,NA,100,added
BHR,MWMAUP,Admin,2005,s_imp_n,NA,100,added
BHR,SO,Admin,2005,s_lat_n,0,NA,removed
BHR,MWMAUP,Admin,2005,s_sep_n,NA,30,added
BHR,SO,Admin,2005,s_sew_n,86,NA,removed
BHR,MWMAUP,Admin,2005,s_sew_n,NA,70,added
BHR,SO,Admin,2005,s_treat_wtp_n,100,NA,removed
BHR,MWMAUP,Admin,2005,s_treat_wtp_n,NA,100,added
BHR,MWMAUP,Admin,2006,s_imp_n,NA,100,added
BHR,SO,Admin,2006,s_lat_n,0,NA,removed
BHR,MWMAUP,Admin,2006,s_sep_n,NA,33,added
BHR,SO,Admin,2006,s_sew_n,87,NA,removed
BHR,MWMAUP,Admin,2006,s_sew_n,NA,67,added
BHR,SO,Admin,2006,s_treat_wtp_n,100,NA,removed
BHR,MWMAUP,Admin,2006,s_treat_wtp_n,NA,100,added
BHR,MWMAUP,Admin,2007,s_imp_n,NA,100,added
BHR,SO,Admin,2007,s_lat_n,0,NA,removed
BHR,MWMAUP,Admin,2007,s_sep_n,NA,34,added
BHR,SO,Admin,2007,s_sew_n,79,NA,removed
BHR,MWMAUP,Admin,2007,s_sew_n,NA,66,added
BHR,SO,Admin,2007,s_treat_wtp_n,100,NA,removed
BHR,MWMAUP,Admin,2007,s_treat_wtp_n,NA,100,added
BHR,MWMAUP,Admin,2008,s_imp_n,NA,100,added
BHR,SO,Admin,2008,s_lat_n,0,NA,removed
BHR,MWMAUP,Admin,2008,s_sep_n,NA,35,added
BHR,SO,Admin,2008,s_sew_n,76,NA,removed
BHR,MWMAUP,Admin,2008,s_sew_n,NA,65,added
BHR,SO,Admin,2008,s_treat_wtp_n,100,NA,removed
BHR,MWMAUP,Admin,2008,s_treat_wtp_n,NA,100,added
BHR,MWMAUP,Admin,2009,s_imp_n,NA,100,added
BHR,SO,Admin,2009,s_lat_n,0,NA,removed
BHR,MWMAUP,Admin,2009,s_sep_n,NA,23,added
BHR,SO,Admin,2009,s_sew_n,77,NA,removed
BHR,MWMAUP,Admin,2009,s_sew_n,NA,77,added
BHR,SO,Admin,2009,s_treat_wtp_n,100,NA,removed
BHR,MWMAUP,Admin,2009,s_treat_wtp_n,NA,100,added
BHR,MWMAUP,Admin,2010,s_imp_n,NA,100,added
BHR,SO,Admin,2010,s_lat_n,0,NA,removed
BHR,MWMAUP,Admin,2010,s_sep_n,NA,19,added
BHR,SO,Admin,2010,s_sew_n,81,NA,removed
BHR,MWMAUP,Admin,2010,s_sew_n,NA,81,added
BHR,SO,Admin,2010,s_treat_wtp_n,100,NA,removed
BHR,MWMAUP,Admin,2010,s_treat_wtp_n,NA,100,added
BHR,MWMAUP,Admin,2011,s_imp_n,NA,100,added
BHR,SO,Admin,2011,s_lat_n,0,NA,removed
BHR,MWMAUP,Admin,2011,s_sep_n,NA,12,added
BHR,SO,Admin,2011,s_sew_n,88,NA,removed
BHR,MWMAUP,Admin,2011,s_sew_n,NA,88,added
BHR,SO,Admin,2011,s_treat_wtp_n,100,NA,removed
BHR,MWMAUP,Admin,2011,s_treat_wtp_n,NA,100,added
BHR,MWMAUP,Admin,2012,s_imp_n,NA,100,added
BHR,SO,Admin,2012,s_lat_n,0,NA,removed
BHR,MWMAUP,Admin,2012,s_sep_n,NA,13,added
BHR,SO,Admin,2012,s_sew_n,87,NA,removed
BHR,MDG+,Admin,2012,s_sew_n,87.18319878242457,NA,removed
BHR,MWMAUP,Admin,2012,s_sew_n,NA,87,added
BHR,MDG,Admin,2012,s_sew_n,NA,87.18319878242457,added
BHR,SO,Admin,2012,s_treat_wtp_n,100,NA,removed
BHR,MWMAUP,Admin,2012,s_treat_wtp_n,NA,99.91,added
BHR,MWMAUP,Admin,2013,s_imp_n,NA,100,added
BHR,SO,Admin,2013,s_lat_n,0,NA,removed
BHR,MWMAUP,Admin,2013,s_sep_n,NA,13,added
BHR,SO,Admin,2013,s_sew_n,87,NA,removed
BHR,MWMAUP,Admin,2013,s_sew_n,NA,87,added
BHR,SO,Admin,2013,s_treat_wtp_n,100,NA,removed
BHR,MWMAUP,Admin,2013,s_treat_wtp_n,NA,99.96,added
BHR,MWMAUP,Admin,2014,s_imp_n,NA,100,added
BHR,SO,Admin,2014,s_lat_n,0,NA,removed
BHR,MWMAUP,Admin,2014,s_sep_n,NA,10,added
BHR,SO,Admin,2014,s_sew_n,90,NA,removed
BHR,MWMAUP,Admin,2014,s_sew_n,NA,90,added
BHR,SO,Admin,2014,s_treat_wtp_n,100,NA,removed
BHR,MWMAUP,Admin,2014,s_treat_wtp_n,NA,99.95,added
BHR,SO,Admin,2015,s_imp_n,100,NA,removed
BHR,MWMAUP,Admin,2015,s_imp_n,NA,100,added
BHR,HSS,Admin,2015,s_imp_n,NA,100,added
BHR,SO,Admin,2015,s_lat_n,0,NA,removed
BHR,SO,Admin,2015,s_sep_n,8,NA,removed
BHR,MWMAUP,Admin,2015,s_sep_n,NA,12,added
BHR,SO,Admin,2015,s_sew_n,92,NA,removed
BHR,MWMAUP,Admin,2015,s_sew_n,NA,88,added
BHR,SO,Admin,2015,s_treat_wtp_n,100,NA,removed
BHR,MWMAUP,Admin,2015,s_treat_wtp_n,NA,100,added
BHR,MWMAUP,Admin,2016,s_imp_n,NA,100,added
BHR,HSS,Admin,2016,s_imp_n,NA,100,added
BHR,MWMAUP,Admin,2016,s_sep_n,NA,15,added
BHR,MWMAUP,Admin,2016,s_sew_n,NA,85,added
BHR,MWMAUP,Admin,2016,s_treat_wtp_n,NA,100,added
BHR,MWMAUP,Admin,2017,s_imp_n,NA,100,added
BHR,HSS,Admin,2017,s_imp_n,NA,100,added
BHR,MWMAUP,Admin,2017,s_sep_ero_n,NA,100,added
BHR,MWMAUP,Admin,2017,s_sep_n,NA,19,added
BHR,MWMAUP,Admin,2017,s_sew_n,NA,81,added
BHR,MWMAUP,Admin,2017,s_treat_wtp_n,NA,100,added
BIH,ASBH,Admin,2001,s_treat_wtp_n,2,NA,removed
BIH,ASBH,Admin,2002,s_treat_wtp_n,2,NA,removed
BIH,ASBH,Admin,2003,s_treat_wtp_n,2.2,NA,removed
BIH,ASBH,Admin,2004,s_treat_wtp_n,2.2,NA,removed
BIH,ASBH,Admin,2005,s_treat_wtp_n,2.2,NA,removed
BIH,ASBH,Admin,2006,s_treat_wtp_n,2.2,NA,removed
BIH,ASBH,Admin,2007,s_treat_wtp_n,2.2,NA,removed
BIH,ES,Admin,2008,s_lat_con_n,NA,0,added
BIH,ES,Admin,2008,s_sep_dtp_n,NA,38.46153846153846,added
BIH,ES,Admin,2008,s_sep_ebo_n,NA,61.53846153846154,added
BIH,ASBH,Admin,2008,s_treat_wtp_n,2.8,NA,removed
BIH,ES,Admin,2008,s_treat_wtp_n,NA,3.5006605019815056,added
BIH,ES,Admin,2009,s_sep_ero_n,NA,38.46153846153846,added
BIH,ES,Admin,2009,s_sep_nemp_n,NA,61.53846153846154,added
BIH,ASBH,Admin,2009,s_treat_wtp_n,2.8,NA,removed
BIH,ES,Admin,2009,s_treat_wtp_n,NA,3.529098415235051,added
BIH,ES,Admin,2010,s_sep_ero_n,NA,38.46153846153846,added
BIH,ES,Admin,2010,s_sep_nemp_n,NA,61.53846153846154,added
BIH,ASBH,Admin,2010,s_treat_wtp_n,3,NA,removed
BIH,ES,Admin,2010,s_treat_wtp_n,NA,3.925006743997842,added
BIH,ES,Admin,2011,s_sep_ero_n,NA,38.46153846153846,added
BIH,ES,Admin,2011,s_sep_nemp_n,NA,61.53846153846154,added
BIH,ASBH,Admin,2011,s_treat_wtp_n,3.2,NA,removed
BIH,ES,Admin,2011,s_treat_wtp_n,NA,4.167805411314566,added
BIH,ES,Admin,2012,s_sep_ero_n,NA,38.46153846153846,added
BIH,ES,Admin,2012,s_sep_nemp_n,NA,61.53846153846154,added
BIH,ASBH,Admin,2012,s_treat_wtp_n,3.6,NA,removed
BIH,ES,Admin,2012,s_treat_wtp_n,NA,4.764542936288088,added
BIH,ES,Admin,2013,s_sep_ero_n,NA,38.46153846153846,added
BIH,ES,Admin,2013,s_sep_nemp_n,NA,61.53846153846154,added
BIH,ASBH,Admin,2013,s_treat_wtp_n,3.6,NA,removed
BIH,ES,Admin,2013,s_treat_wtp_n,NA,5.412857350166885,added
BIH,ES,Admin,2014,s_sep_ero_n,NA,38.46153846153846,added
BIH,ES,Admin,2014,s_sep_nemp_n,NA,61.53846153846154,added
BIH,ASBH,Admin,2014,s_treat_wtp_n,3.6,NA,removed
BIH,ES,Admin,2014,s_treat_wtp_n,NA,5.520388635359929,added
BIH,ES,Admin,2015,s_sep_ero_n,NA,38.46153846153846,added
BIH,ES,Admin,2015,s_sep_nemp_n,NA,61.53846153846154,added
BIH,ASBH,Admin,2015,s_treat_wtp_n,3.6,NA,removed
BIH,ES,Admin,2015,s_treat_wtp_n,NA,5.652698221284293,added
BIH,ES,Admin,2016,s_sep_ero_n,NA,38.46153846153846,added
BIH,ES,Admin,2016,s_sep_nemp_n,NA,61.53846153846154,added
BIH,ASBH,Admin,2016,s_treat_wtp_n,21.7,NA,removed
BIH,ES,Admin,2016,s_treat_wtp_n,NA,33.108108108108105,added
BIH,ES,Admin,2017,s_sep_ero_n,NA,38.46153846153846,added
BIH,ES,Admin,2017,s_sep_nemp_n,NA,61.53846153846154,added
BIH,ES,Admin,2017,s_treat_wtp_n,NA,33.80281690140845,added
BLR,LSS,Survey,2007,s_lat_r,48.750961354923255,NA,removed
BLR,LSS,Survey,2007,s_lat_u,5.712072919852105,NA,removed
BLR,LSS,Survey,2007,s_sew_r,50.4,NA,removed
BLR,LSS,Survey,2007,s_sew_u,94.1,NA,removed
BLR,LSS,Survey,2008,s_lat_r,46.39204387000761,NA,removed
BLR,LSS,Survey,2008,s_lat_u,6.389776486614224,NA,removed
BLR,LSS,Survey,2008,s_sew_r,52.8,NA,removed
BLR,LSS,Survey,2008,s_sew_u,93.4,NA,removed
BLR,LSS,Survey,2009,s_lat_r,42.66902245484796,NA,removed
BLR,LSS,Survey,2009,s_lat_u,6.8281490111863405,NA,removed
BLR,LSS,Survey,2009,s_sew_r,55.8,NA,removed
BLR,LSS,Survey,2009,s_sew_u,92.9,NA,removed
BLR,LSS,Survey,2010,s_lat_r,39.16237790531869,NA,removed
BLR,LSS,Survey,2010,s_lat_u,5.062953812020979,NA,removed
BLR,LSS,Survey,2010,s_sew_r,58.3,NA,removed
BLR,LSS,Survey,2010,s_sew_u,94.7,NA,removed
BLR,LSS,Survey,2011,s_lat_r,38.69280502875611,NA,removed
BLR,LSS,Survey,2011,s_lat_u,5.34953610326744,NA,removed
BLR,LSS,Survey,2011,s_sew_r,58.8,NA,removed
BLR,LSS,Survey,2011,s_sew_u,94.4,NA,removed
BLR,LSS,Survey,2012,s_lat_r,39.068463330006175,NA,removed
BLR,LSS,Survey,2012,s_lat_u,5.92270068576039,NA,removed
BLR,LSS,Survey,2012,s_sew_r,58.4,NA,removed
BLR,LSS,Survey,2012,s_sew_u,93.8,NA,removed
BLR,LSS,Survey,2013,s_lat_r,33.809247112505346,NA,removed
BLR,LSS,Survey,2013,s_lat_u,4.394261799112542,NA,removed
BLR,LSS,Survey,2013,s_sew_r,64,NA,removed
BLR,LSS,Survey,2013,s_sew_u,95.4,NA,removed
BLR,LSS,Survey,2014,s_lat_r,31.810634328358205,NA,removed
BLR,LSS,Survey,2014,s_lat_u,3.8210972166196058,NA,removed
BLR,LSS,Survey,2014,s_sew_r,66.7,NA,removed
BLR,LSS,Survey,2014,s_sew_u,96,NA,removed
BLR,LSS,Survey,2015,s_lat_r,31.52405203711173,NA,removed
BLR,LSS,Survey,2015,s_lat_u,3.1524052037111687,NA,removed
BLR,LSS,Survey,2015,s_sew_r,67,NA,removed
BLR,LSS,Survey,2015,s_sew_u,96.7,NA,removed
BLR,LSS,Survey,2016,s_imp_r,98.83265933844291,98.69246714247129,changed
BLR,LSS,Survey,2016,s_imp_u,99.89265832997177,99.88256130568315,changed
BLR,LSS,Survey,2016,s_lat_r,24.932659338442903,NA,removed
BLR,LSS,Survey,2016,s_lat_u,2.292658329971772,NA,removed
BLR,LSS,Survey,2016,s_sew_r,73.9,NA,removed
BLR,LSS,Survey,2016,s_sew_u,97.6,NA,removed
BLR,LSS,Survey,2017,s_imp_r,98.6429502946908,98.89876543209876,changed
BLR,LSS,Survey,2017,s_imp_u,99.87924062121823,99.9055944055944,changed
BLR,LSS,Survey,2017,s_lat_r,20.942950294690803,NA,removed
BLR,LSS,Survey,2017,s_lat_u,2.579240621218233,NA,removed
BLR,LSS,Survey,2017,s_sew_r,77.7,NA,removed
BLR,LSS,Survey,2017,s_sew_u,97.3,NA,removed
BLR,LSS,Survey,2018,s_imp_r,NA,99.10123456790124,added
BLR,LSS,Survey,2018,s_imp_u,NA,99.92307692307692,added
BLR,MICS,Survey,2019,s_imp_r,NA,96.6,added
BLR,LSS,Survey,2019,s_imp_r,NA,99.09135802469136,added
BLR,MICS,Survey,2019,s_imp_u,NA,99.5,added
BLR,LSS,Survey,2019,s_imp_u,NA,99.95104895104896,added
BLR,MICS,Survey,2019,s_lat_ebo_r,NA,50.179211469534046,added
BLR,MICS,Survey,2019,s_lat_ebo_u,NA,42.69005847953216,added
BLR,MICS,Survey,2019,s_lat_edl_r,NA,4.838709677419355,added
BLR,MICS,Survey,2019,s_lat_edl_u,NA,2.144249512670565,added
BLR,MICS,Survey,2019,s_lat_ero_r,NA,33.33333333333333,added
BLR,MICS,Survey,2019,s_lat_ero_u,NA,45.02923976608187,added
BLR,MICS,Survey,2019,s_lat_nemp_r,NA,11.64874551971326,added
BLR,MICS,Survey,2019,s_lat_nemp_u,NA,10.1364522417154,added
BLR,MICS,Survey,2019,s_lat_r,NA,38.7,added
BLR,MICS,Survey,2019,s_lat_u,NA,7.099999999999994,added
BLR,MICS,Survey,2019,s_sep_ebo_r,NA,9.502262443438914,added
BLR,MICS,Survey,2019,s_sep_ebo_u,NA,4.320987654320987,added
BLR,MICS,Survey,2019,s_sep_edl_r,NA,2.262443438914027,added
BLR,MICS,Survey,2019,s_sep_edl_u,NA,3.292181069958848,added
BLR,MICS,Survey,2019,s_sep_ero_r,NA,83.71040723981899,added
BLR,MICS,Survey,2019,s_sep_ero_u,NA,84.97942386831275,added
BLR,MICS,Survey,2019,s_sep_nemp_r,NA,4.524886877828054,added
BLR,MICS,Survey,2019,s_sep_nemp_u,NA,7.4074074074074066,added
BLR,MICS,Survey,2019,s_sep_r,NA,30.7,added
BLR,MICS,Survey,2019,s_sep_u,NA,6.7,added
BLR,MICS,Survey,2019,s_sew_r,NA,27.2,added
BLR,MICS,Survey,2019,s_sew_u,NA,85.7,added
BLR,LSS,Survey,2020,s_imp_r,NA,99.19012345679012,added
BLR,LSS,Survey,2020,s_imp_u,NA,99.96503496503496,added
BLZ,PAR-LSMS,Survey,2002,s_imp_r,86.10520325203252,NA,removed
BLZ,PAR,Survey,2002,s_imp_r,NA,86.10520325203252,added
BLZ,PAR-LSMS,Survey,2002,s_imp_u,93.09263803680982,NA,removed
BLZ,PAR,Survey,2002,s_imp_u,NA,93.09263803680982,added
BLZ,PAR-LSMS,Survey,2002,s_lat_r,85.12819790443893,NA,removed
BLZ,PAR,Survey,2002,s_lat_r,NA,85.12819790443893,added
BLZ,PAR-LSMS,Survey,2002,s_lat_u,63.271159163570374,NA,removed
BLZ,PAR,Survey,2002,s_lat_u,NA,63.271159163570374,added
BLZ,PAR-LSMS,Survey,2002,s_od_r,7.2,NA,removed
BLZ,PAR,Survey,2002,s_od_r,NA,7.2,added
BLZ,PAR-LSMS,Survey,2002,s_od_u,0.6,NA,removed
BLZ,PAR,Survey,2002,s_od_u,NA,0.6,added
BLZ,PAR-LSMS,Survey,2002,s_sew_r,0.9770053475935825,NA,removed
BLZ,PAR,Survey,2002,s_sew_r,NA,0.9770053475935824,added
BLZ,PAR-LSMS,Survey,2002,s_sew_u,29.821478873239442,NA,removed
BLZ,PAR,Survey,2002,s_sew_u,NA,29.82147887323944,added
BOL,AAPS,Admin,2015,s_treat_wtp_n,29.05,NA,removed
BOL,AAPS,Admin,2016,s_treat_wtp_n,27.49,90.95,changed
BOL,AAPS,Admin,2017,s_treat_wtp_n,31.39,78.89,changed
BOL,EH,Survey,2018,s_imp_r,NA,47.332668302066,added
BOL,EH,Survey,2018,s_imp_u,NA,94.80547982331,added
BOL,EH,Survey,2018,s_lat_r,NA,33.60124985259,added
BOL,EH,Survey,2018,s_lat_u,NA,14.376537301493997,added
BOL,EH,Survey,2018,s_od_r,NA,35.7305,added
BOL,EH,Survey,2018,s_od_u,NA,2.37523,added
BOL,EH,Survey,2018,s_sep_r,NA,8.645129491096,added
BOL,EH,Survey,2018,s_sep_u,NA,16.006156511352,added
BOL,EH,Survey,2018,s_sew_r,NA,5.08628895838,added
BOL,EH,Survey,2018,s_sew_u,NA,64.422786010464,added
BOL,EH,Survey,2018,s_shared_r,NA,9.879563756406604,added
BOL,EH,Survey,2018,s_shared_u,NA,26.85684184916486,added
BOL,EH,Survey,2019,s_imp_r,NA,54.544894187142006,added
BOL,EH,Survey,2019,s_imp_u,NA,96.34038032826,added
BOL,EH,Survey,2019,s_lat_r,NA,37.15361081649,added
BOL,EH,Survey,2019,s_lat_u,NA,15.32382256563001,added
BOL,EH,Survey,2019,s_od_r,NA,27.93269,added
BOL,EH,Survey,2019,s_od_u,NA,1.106,added
BOL,EH,Survey,2019,s_sep_r,NA,9.523674428892,added
BOL,EH,Survey,2019,s_sep_u,NA,16.074802035599998,added
BOL,EH,Survey,2019,s_sew_r,NA,7.86760894176,added
BOL,EH,Survey,2019,s_sew_u,NA,64.94175572703,added
BOL,EH,Survey,2019,s_shared_r,NA,8.171203299166184,added
BOL,EH,Survey,2019,s_shared_u,NA,24.81531029354935,added
BRA,SNIS,Admin,2008,s_treat_wtp_n,34.6,NA,removed
BRA,PNAD,Survey,2017,s_lat_n,7.775690926358195,NA,removed
BRA,PNAD,Survey,2017,s_sep_n,15.945918147283585,NA,removed
BRA,SNIS,Admin,2017,s_treat_wtp_n,NA,50.981062025307374,added
BRA,POF,Survey,2018,s_imp_r,NA,61.56631401523534,added
BRA,PNAD,Survey,2018,s_imp_r,NA,57.90652077582507,added
BRA,POF,Survey,2018,s_imp_u,NA,92.44619783409472,added
BRA,PNAD,Survey,2018,s_imp_u,NA,92.58649813841322,added
BRA,POF,Survey,2018,s_lat_r,NA,25.32373598476465,added
BRA,PNAD,Survey,2018,s_lat_r,NA,22.39777922417492,added
BRA,POF,Survey,2018,s_lat_u,NA,5.537712165905248,added
BRA,PNAD,Survey,2018,s_lat_u,NA,5.116121861586805,added
BRA,POF,Survey,2018,s_od_r,NA,5.21831,added
BRA,PNAD,Survey,2018,s_od_r,NA,4.870577809807676,added
BRA,POF,Survey,2018,s_od_u,NA,0.14319,added
BRA,PNAD,Survey,2018,s_od_u,NA,0.0999428404348562,added
BRA,POF,Survey,2018,s_sew_r,NA,5.16481,added
BRA,PNAD,Survey,2018,s_sew_r,NA,7.03662,added
BRA,POF,Survey,2018,s_sew_u,NA,72.53112,added
BRA,PNAD,Survey,2018,s_sew_u,NA,73.89205,added
BRA,POF,Survey,2018,s_shared_r,NA,1.19517,added
BRA,PNAD,Survey,2018,s_shared_r,NA,1.0111858546316008,added
BRA,POF,Survey,2018,s_shared_u,NA,0.24183,added
BRA,PNAD,Survey,2018,s_shared_u,NA,0.1196086806288271,added
BRA,SNIS,Admin,2018,s_treat_wtp_n,NA,51.52760889733876,added
BRA,PNAD,Survey,2019,s_imp_r,NA,58.91512453353246,added
BRA,PNAD,Survey,2019,s_imp_u,NA,92.26657140307792,added
BRA,PNAD,Survey,2019,s_lat_r,NA,21.52536546646754,added
BRA,PNAD,Survey,2019,s_lat_u,NA,4.65059859692208,added
BRA,PNAD,Survey,2019,s_od_r,NA,4.870577809807676,added
BRA,PNAD,Survey,2019,s_od_u,NA,0.0999428404348562,added
BRA,PNAD,Survey,2019,s_sew_r,NA,9.35676,added
BRA,PNAD,Survey,2019,s_sew_u,NA,74.95884,added
BRA,SNIS,Admin,2019,s_treat_wtp_n,NA,54.30185314651072,added
BRB,PAHO,Other,2000,s_treat_wtp_n,100,NA,removed
BTN,SEI,Admin,2005,s_lat_n,3.700000000000003,NA,removed
BTN,MICS,Survey,2010,s_lat_n,24.299999999999997,NA,removed
BTN,NHS,Survey,2012,s_lat_n,19.5,NA,removed
BTN,BLSS,Survey,2012,s_lat_n,33.26767600000001,NA,removed
BTN,BLSS,Survey,2017,s_lat_n,24.19999999999999,NA,removed
BTN,BLSS,Survey,2017,s_sep_n,52.3,NA,removed
BTN,BLSS,Survey,2017,s_sew_n,15.3,NA,removed
BTN,BLSS,Survey,2017,s_shared_n,7.189542483660132,NA,removed
BTN,STEPS,Survey,2019,s_imp_r,NA,92.49439,added
BTN,STEPS,Survey,2019,s_imp_u,NA,98.05207,added
BTN,STEPS,Survey,2019,s_lat_ebo_r,NA,97.3293075381142,added
BTN,STEPS,Survey,2019,s_lat_ebo_u,NA,80.74536881819195,added
BTN,STEPS,Survey,2019,s_lat_edl_r,NA,1.587475424288367,added
BTN,STEPS,Survey,2019,s_lat_edl_u,NA,7.121991626019387,added
BTN,STEPS,Survey,2019,s_lat_ero_r,NA,1.0832170375974397,added
BTN,STEPS,Survey,2019,s_lat_ero_u,NA,12.132639555788664,added
BTN,STEPS,Survey,2019,s_lat_r,NA,20.455169999999995,added
BTN,STEPS,Survey,2019,s_lat_u,NA,7.470870000000005,added
BTN,STEPS,Survey,2019,s_od_r,NA,1.120182,added
BTN,STEPS,Survey,2019,s_od_u,NA,0.2419658,added
BTN,STEPS,Survey,2019,s_sep_ebo_r,NA,97.3293075381142,added
BTN,STEPS,Survey,2019,s_sep_ebo_u,NA,80.74536881819195,added
BTN,STEPS,Survey,2019,s_sep_edl_r,NA,1.587475424288367,added
BTN,STEPS,Survey,2019,s_sep_edl_u,NA,7.121991626019387,added
BTN,STEPS,Survey,2019,s_sep_ero_r,NA,1.0832170375974397,added
BTN,STEPS,Survey,2019,s_sep_ero_u,NA,12.132639555788664,added
BTN,STEPS,Survey,2019,s_sep_r,NA,67.4314,added
BTN,STEPS,Survey,2019,s_sep_u,NA,58.0583,added
BTN,STEPS,Survey,2019,s_sew_r,NA,4.60782,added
BTN,STEPS,Survey,2019,s_sew_u,NA,32.5229,added
BTN,STEPS,Survey,2019,s_shared_r,NA,8.418329,added
BTN,STEPS,Survey,2019,s_shared_u,NA,15.829480000000002,added
BTN,STEPS,Survey,2019,s_treat_fstp_r,NA,100,added
BTN,STEPS,Survey,2019,s_treat_fstp_u,NA,100,added
BTN,STEPS,Survey,2019,s_treat_wtp_r,NA,100,added
BTN,STEPS,Survey,2019,s_treat_wtp_u,NA,100,added
CAF,MICS,Survey,2019,s_imp_r,NA,12.07003,added
CAF,MICS,Survey,2019,s_imp_u,NA,39.372319999999995,added
CAF,MICS,Survey,2019,s_lat_ebo_r,NA,2.35007,added
CAF,MICS,Survey,2019,s_lat_ebo_u,NA,5.24553,added
CAF,MICS,Survey,2019,s_lat_edl_r,NA,0.19885,added
CAF,MICS,Survey,2019,s_lat_edl_u,NA,1.43013,added
CAF,MICS,Survey,2019,s_lat_ero_r,NA,0,added
CAF,MICS,Survey,2019,s_lat_ero_u,NA,2.73581,added
CAF,MICS,Survey,2019,s_lat_nemp_r,NA,97.45108,added
CAF,MICS,Survey,2019,s_lat_nemp_u,NA,90.58853,added
CAF,MICS,Survey,2019,s_lat_r,NA,12.04933,added
CAF,MICS,Survey,2019,s_lat_u,NA,38.28372999999999,added
CAF,MICS,Survey,2019,s_od_r,NA,39.07519,added
CAF,MICS,Survey,2019,s_od_u,NA,6.07503,added
CAF,MICS,Survey,2019,s_sep_ebo_u,NA,19.72197,added
CAF,MICS,Survey,2019,s_sep_ero_u,NA,10.84575,added
CAF,MICS,Survey,2019,s_sep_nemp_u,NA,69.43227,added
CAF,MICS,Survey,2019,s_sep_u,NA,0.66944,added
CAF,MICS,Survey,2019,s_sew_r,NA,0.0207,added
CAF,MICS,Survey,2019,s_sew_u,NA,0.41915,added
CAF,MICS,Survey,2019,s_shared_r,NA,52.70308,added
CAF,MICS,Survey,2019,s_shared_u,NA,51.66299999999999,added
CAN,MWW,Admin,2004,s_treat_wtp_n,77.01149425287356,NA,removed
CAN,WWT,Admin,2004,s_treat_wtp_n,NA,77.01149425287356,added
CAN,HES,Survey,2006,s_lat_r,2.188149999999993,1.0249699999999962,changed
CAN,HES,Survey,2006,s_lat_u,3.050139999999999,2.4544400000000053,changed
CAN,HES,Survey,2006,s_sep_r,36.45298,37.616159999999994,changed
CAN,HES,Survey,2006,s_sep_u,7.86311,8.45881,changed
CAN,MWW,Admin,2006,s_treat_wtp_n,82.35294117647058,NA,removed
CAN,WWT,Admin,2006,s_treat_wtp_n,NA,82.35294117647058,added
CAN,HES,Survey,2007,s_lat_r,1.8465400000000045,1.3064099999999996,changed
CAN,HES,Survey,2007,s_lat_u,4.050820000000002,3.7818599999999942,changed
CAN,HES,Survey,2007,s_sep_r,31.4774,32.01753,changed
CAN,HES,Survey,2007,s_sep_u,4.91441,5.18337,changed
CAN,HES,Survey,2009,s_lat_r,2.645240000000001,1.530640000000005,changed
CAN,HES,Survey,2009,s_lat_u,6.395590000000013,5.995140000000006,changed
CAN,HES,Survey,2009,s_sep_r,29.53769,30.65229,changed
CAN,HES,Survey,2009,s_sep_u,5.01317,5.41362,changed
CAN,MWW,Admin,2009,s_treat_wtp_n,80.95238095238095,NA,removed
CAN,WWT,Admin,2009,s_treat_wtp_n,NA,80.95238095238095,added
CAN,HES,Survey,2011,s_lat_r,3.7282100000000042,2.020610000000005,changed
CAN,HES,Survey,2011,s_lat_u,6.094980000000007,5.816980000000001,changed
CAN,HES,Survey,2011,s_sep_r,33.2748,34.9824,changed
CAN,HES,Survey,2011,s_sep_u,5.99091,6.26891,changed
CAN,HES,Survey,2013,s_imp_r,98.79447,98.99797,changed
CAN,HES,Survey,2013,s_imp_u,99.52176999999999,99.45558,changed
CAN,HES,Survey,2013,s_lat_r,2.5676399999999973,2.218519999999998,changed
CAN,HES,Survey,2013,s_lat_u,6.1108799999999945,6.7298100000000005,changed
CAN,HES,Survey,2013,s_sep_r,37.71157,32.67588,changed
CAN,HES,Survey,2013,s_sep_u,5.71834,6.69568,changed
CAN,HES,Survey,2013,s_sew_r,58.51526,64.10357,changed
CAN,HES,Survey,2013,s_sew_u,87.69255,86.03009,changed
CAN,WWT,Admin,2013,s_treat_wtp_n,NA,81.7342948947156,added
CAN,WWT,Admin,2014,s_treat_wtp_n,NA,82.99520728375606,added
CAN,HES,Survey,2015,s_lat_r,2.5676399999999973,1.6655200000000008,changed
CAN,HES,Survey,2015,s_lat_u,6.1108799999999945,5.538550000000001,changed
CAN,HES,Survey,2015,s_sep_r,37.71157,38.613690000000005,changed
CAN,HES,Survey,2015,s_sep_u,5.71834,6.29067,changed
CAN,WWT,Admin,2015,s_treat_wtp_n,NA,83.74383194595433,added
CAN,WWT,Admin,2016,s_treat_wtp_n,NA,84.44834288583968,added
CAN,HES,Survey,2017,s_imp_r,NA,99,added
CAN,HES,Survey,2017,s_imp_u,NA,99,added
CAN,HES,Survey,2017,s_lat_r,NA,1,added
CAN,HES,Survey,2017,s_lat_u,NA,6,added
CAN,HES,Survey,2017,s_sep_r,NA,34,added
CAN,HES,Survey,2017,s_sep_u,NA,6,added
CAN,HES,Survey,2017,s_sew_r,NA,64,added
CAN,HES,Survey,2017,s_sew_u,NA,87,added
CAN,WWT,Admin,2017,s_treat_wtp_n,NA,85.3262131350513,added
CHE,ES,Admin,2000,s_imp_r,100,NA,removed
CHE,ES,Admin,2000,s_imp_u,100,NA,removed
CHE,ES,Admin,2000,s_lat_n,0,NA,removed
CHE,ES,Admin,2000,s_lat_r,0,NA,removed
CHE,ES,Admin,2000,s_lat_u,0,NA,removed
CHE,ES,Admin,2000,s_sep_n,4,NA,removed
CHE,ES,Admin,2000,s_sep_r,4,NA,removed
CHE,ES,Admin,2000,s_sep_u,4,NA,removed
CHE,ES,Admin,2000,s_sew_n,96,NA,removed
CHE,ES,Admin,2000,s_sew_r,96,NA,removed
CHE,ES,Admin,2000,s_sew_u,96,NA,removed
CHE,ES,Admin,2001,s_imp_r,100,NA,removed
CHE,ES,Admin,2001,s_imp_u,100,NA,removed
CHE,ES,Admin,2001,s_lat_n,0,NA,removed
CHE,ES,Admin,2001,s_lat_r,0,NA,removed
CHE,ES,Admin,2001,s_lat_u,0,NA,removed
CHE,ES,Admin,2001,s_sep_n,4,NA,removed
CHE,ES,Admin,2001,s_sep_r,4,NA,removed
CHE,ES,Admin,2001,s_sep_u,4,NA,removed
CHE,ES,Admin,2001,s_sew_n,96,NA,removed
CHE,ES,Admin,2001,s_sew_r,96,NA,removed
CHE,ES,Admin,2001,s_sew_u,96,NA,removed
CHE,ES,Admin,2002,s_imp_r,100,NA,removed
CHE,ES,Admin,2002,s_imp_u,100,NA,removed
CHE,ES,Admin,2002,s_lat_n,0,NA,removed
CHE,ES,Admin,2002,s_lat_r,0,NA,removed
CHE,ES,Admin,2002,s_lat_u,0,NA,removed
CHE,ES,Admin,2002,s_sep_n,4,NA,removed
CHE,ES,Admin,2002,s_sep_r,4,NA,removed
CHE,ES,Admin,2002,s_sep_u,4,NA,removed
CHE,ES,Admin,2002,s_sew_n,96,NA,removed
CHE,ES,Admin,2002,s_sew_r,96,NA,removed
CHE,ES,Admin,2002,s_sew_u,96,NA,removed
CHE,ES,Admin,2005,s_imp_r,100,NA,removed
CHE,ES,Admin,2005,s_imp_u,100,NA,removed
CHE,ES,Admin,2005,s_lat_n,0,NA,removed
CHE,ES,Admin,2005,s_lat_r,0,NA,removed
CHE,ES,Admin,2005,s_lat_u,0,NA,removed
CHE,ES,Admin,2005,s_sep_n,3,NA,removed
CHE,ES,Admin,2005,s_sep_r,3,NA,removed
CHE,ES,Admin,2005,s_sep_u,3,NA,removed
CHE,ES,Admin,2005,s_sew_n,97,NA,removed
CHE,ES,Admin,2005,s_sew_r,97,NA,removed
CHE,ES,Admin,2005,s_sew_u,97,NA,removed
CHE,ES,Admin,2010,s_lat_n,0,NA,removed
CHE,ES,Admin,2010,s_sep_n,1.7,NA,removed
CHE,ES,Admin,2010,s_sew_n,97.3,NA,removed
CHE,EU SILC,Admin,2012,s_lat_n,1.8329591836734664,NA,removed
CHE,EUSILC,Admin,2013,s_imp_r,100,NA,removed
CHE,EU SILC,Admin,2013,s_imp_r,NA,100,added
CHE,EUSILC,Admin,2013,s_imp_u,100,NA,removed
CHE,EU SILC,Admin,2013,s_imp_u,NA,100,added
CHE,EUSILC,Admin,2013,s_lat_n,1.7346938775510239,NA,removed
CHE,ES,Admin,2013,s_lat_n,0,NA,removed
CHE,EUSILC,Admin,2013,s_lat_r,6.620968998286344,NA,removed
CHE,EU SILC,Admin,2013,s_lat_r,NA,6.620968998286344,added
CHE,ES,Admin,2013,s_sep_n,1.7,NA,removed
CHE,ES,Admin,2013,s_sew_n,98,NA,removed
CHE,EUSILC,Admin,2013,s_sew_r,93.37903100171366,NA,removed
CHE,EU SILC,Admin,2013,s_sew_r,NA,93.37903100171366,added
CHE,EUSILC,Admin,2013,s_sew_u,100,NA,removed
CHE,EU SILC,Admin,2013,s_sew_u,NA,100,added
CHE,EUSILC,Admin,2014,s_imp_r,100,NA,removed
CHE,EU SILC,Admin,2014,s_imp_r,NA,100,added
CHE,EUSILC,Admin,2014,s_imp_u,100,NA,removed
CHE,EU SILC,Admin,2014,s_imp_u,NA,100,added
CHE,EUSILC,Admin,2014,s_lat_n,1.9312244897959232,NA,removed
CHE,EUSILC,Admin,2014,s_lat_r,6.707727060289756,NA,removed
CHE,EU SILC,Admin,2014,s_lat_r,NA,6.707727060289756,added
CHE,EUSILC,Admin,2014,s_sew_r,93.29227293971024,NA,removed
CHE,EU SILC,Admin,2014,s_sew_r,NA,93.29227293971024,added
CHE,EUSILC,Admin,2014,s_sew_u,99.8,NA,removed
CHE,EU SILC,Admin,2014,s_sew_u,NA,99.8,added
CHE,PWH,Admin,2018,s_imp_r,NA,100,added
CHE,PWH,Admin,2018,s_imp_u,NA,100,added
CHE,PWH,Admin,2018,s_lat_r,NA,1,added
CHE,PWH,Admin,2018,s_lat_u,NA,0,added
CHE,PWH,Admin,2018,s_sep_r,NA,2,added
CHE,PWH,Admin,2018,s_sew_r,NA,97,added
CHE,PWH,Admin,2018,s_sew_u,NA,100,added
CHL,OECD,Admin,2014,s_treat_wtp_n,NA,77.5,added
CHL,OECD,Admin,2014,s_treat_wtp_u,NA,77.5,added
CHL,SSS,Admin,2015,s_treat_wtp_n,75.56786557165604,NA,removed
CHL,OECD,Admin,2015,s_treat_wtp_n,NA,77.64,added
CHL,EMA,Admin,2015,s_treat_wtp_n,NA,75.56786557165604,added
CHL,OECD,Admin,2015,s_treat_wtp_u,NA,77.64,added
CHL,EMA,Admin,2015,s_treat_wtp_u,NA,75.56786557165604,added
CHL,SSS,Admin,2016,s_treat_wtp_n,73.48934108927529,NA,removed
CHL,OECD,Admin,2016,s_treat_wtp_n,NA,75.74000000000001,added
CHL,EMA,Admin,2016,s_treat_wtp_n,NA,73.59655629622624,added
CHL,OECD,Admin,2016,s_treat_wtp_u,NA,75.74000000000001,added
CHL,EMA,Admin,2016,s_treat_wtp_u,NA,73.59655629622624,added
CHL,CASEN,Survey,2017,s_imp_r,NA,97.81398000000002,added
CHL,CASEN,Survey,2017,s_imp_u,NA,99.66606,added
CHL,CASEN,Survey,2017,s_lat_r,NA,25.519630000000006,added
CHL,CASEN,Survey,2017,s_lat_u,NA,0.8715499999999992,added
CHL,CASEN,Survey,2017,s_od_r,NA,1.81283,added
CHL,CASEN,Survey,2017,s_od_u,NA,0.29927,added
CHL,CASEN,Survey,2017,s_sep_r,NA,55.28858,added
CHL,CASEN,Survey,2017,s_sep_u,NA,1.70572,added
CHL,CASEN,Survey,2017,s_sew_r,NA,17.00577,added
CHL,CASEN,Survey,2017,s_sew_u,NA,97.08879,added
CHL,OECD,Admin,2017,s_treat_wtp_n,NA,73.28,added
CHL,EMA,Admin,2017,s_treat_wtp_n,NA,73.27439971896689,added
CHL,OECD,Admin,2017,s_treat_wtp_u,NA,73.28,added
CHL,EMA,Admin,2017,s_treat_wtp_u,NA,73.27439971896689,added
CHL,EMA,Admin,2018,s_treat_wtp_n,NA,73.27320199382862,added
CHL,EMA,Admin,2018,s_treat_wtp_u,NA,73.27320199382862,added
CHN,NHSS,Survey,2003,s_sep_con_n,100,NA,removed
CHN,NHSS,Survey,2003,s_sep_con_r,100,NA,removed
CHN,NHSS,Survey,2003,s_sep_con_u,100,NA,removed
CHN,NHSS,Survey,2008,s_lat_nemp_r,56.7603160667252,NA,removed
CHN,NHSS,Survey,2008,s_lat_nemp_u,68.08510638297874,NA,removed
CHN,NHSS,Survey,2008,s_sep_con_n,100,NA,removed
CHN,NHSS,Survey,2008,s_sep_con_r,100,NA,removed
CHN,NHSS,Survey,2008,s_sep_con_u,100,NA,removed
CHN,NHSS,Survey,2008,s_sep_nemp_r,56.7603160667252,NA,removed
CHN,NHSS,Survey,2008,s_sep_nemp_u,68.08510638297874,NA,removed
CHN,NHSS,Survey,2008,s_sew_r,NA,11.1,added
CHN,NHSS,Survey,2008,s_sew_u,NA,85.9,added
CHN,NIRU,Survey,2013,s_imp_r,70.10076768588698,82.83205734862548,changed
CHN,NIRU,Survey,2013,s_imp_u,92.57263354344542,94.038645966239,changed
CHN,NHSS,Survey,2013,s_lat_nemp_r,57.312440645773975,NA,removed
CHN,NHSS,Survey,2013,s_lat_nemp_u,62.34177215189873,NA,removed
CHN,NHSS,Survey,2013,s_sep_con_r,100,NA,removed
CHN,NHSS,Survey,2013,s_sep_con_u,100,NA,removed
CHN,NHSS,Survey,2013,s_sep_nemp_r,57.312440645773975,NA,removed
CHN,NHSS,Survey,2013,s_sep_nemp_u,62.34177215189873,NA,removed
CHN,NIRU,Survey,2016,s_imp_r,72.36302970945597,84.79899695650984,changed
CHN,NIRU,Survey,2016,s_imp_u,93.0882608723228,94.34372671122608,changed
CHN,SEY,Admin,2017,s_treat_wtp_u,NA,89.13562760746643,added
CHN,NHSS,Survey,2018,s_imp_r,NA,84.21465031084011,added
CHN,NHSS,Survey,2018,s_imp_u,NA,92.0152049729229,added
CHN,NHSS,Survey,2018,s_lat_r,NA,41.91465031084011,added
CHN,NHSS,Survey,2018,s_lat_u,NA,8.415204972922908,added
CHN,NHSS,Survey,2018,s_od_r,NA,1.6,added
CHN,NHSS,Survey,2018,s_od_u,NA,0.5,added
CHN,NHSS,Survey,2018,s_sew_r,NA,42.3,added
CHN,NHSS,Survey,2018,s_sew_u,NA,83.6,added
CHN,NHIES,Survey,2019,s_imp_r,NA,78.51643808613929,added
CHN,NHIES,Survey,2019,s_imp_u,NA,96.2163975167098,added
CHN,NHIES,Survey,2019,s_lat_ebo_r,NA,0,added
CHN,NHIES,Survey,2019,s_lat_ebo_u,NA,0,added
CHN,NHIES,Survey,2019,s_lat_edl_r,NA,0,added
CHN,NHIES,Survey,2019,s_lat_edl_u,NA,0,added
CHN,NHIES,Survey,2019,s_lat_ero_r,NA,0,added
CHN,NHIES,Survey,2019,s_lat_ero_u,NA,0,added
CHN,NHIES,Survey,2019,s_lat_nemp_r,NA,0,added
CHN,NHIES,Survey,2019,s_lat_nemp_u,NA,0,added
CHN,NHIES,Survey,2019,s_lat_r,NA,0,added
CHN,NHIES,Survey,2019,s_lat_u,NA,0,added
CHN,NHIES,Survey,2019,s_sep_ebo_r,NA,0,added
CHN,NHIES,Survey,2019,s_sep_ebo_u,NA,0,added
CHN,NHIES,Survey,2019,s_sep_edl_r,NA,0,added
CHN,NHIES,Survey,2019,s_sep_edl_u,NA,0,added
CHN,NHIES,Survey,2019,s_sep_ero_r,NA,0,added
CHN,NHIES,Survey,2019,s_sep_ero_u,NA,0,added
CHN,NHIES,Survey,2019,s_sep_nemp_r,NA,0,added
CHN,NHIES,Survey,2019,s_sep_nemp_u,NA,0,added
CHN,NHIES,Survey,2019,s_sep_r,NA,18.2,added
CHN,NHIES,Survey,2019,s_sep_u,NA,8.9,added
CHN,NHIES,Survey,2019,s_sew_r,NA,28.7,added
CHN,NHIES,Survey,2019,s_sew_u,NA,83.7,added
CHN,NHIES,Survey,2019,s_shared_r,NA,0,added
CHN,NHIES,Survey,2019,s_shared_u,NA,0,added
CIV,PMA,Survey,2018,s_imp_r,NA,32.59331,added
CIV,PMA,Survey,2018,s_imp_u,NA,78.3959,added
CIV,PMA,Survey,2018,s_lat_r,NA,28.08565,added
CIV,PMA,Survey,2018,s_lat_u,NA,44.014309999999995,added
CIV,PMA,Survey,2018,s_od_r,NA,44.90355,added
CIV,PMA,Survey,2018,s_od_u,NA,13.05836,added
CIV,PMA,Survey,2018,s_sep_r,NA,2.91012,added
CIV,PMA,Survey,2018,s_sep_u,NA,21.58651,added
CIV,PMA,Survey,2018,s_sew_r,NA,1.59754,added
CIV,PMA,Survey,2018,s_sew_u,NA,12.79508,added
CIV,PMA,Survey,2018,s_shared_r,NA,43.4983,added
CMR,DHS,Survey,2019,s_imp_r,NA,31.91779,added
CMR,DHS,Survey,2019,s_imp_u,NA,83.35895999999998,added
CMR,DHS,Survey,2019,s_lat_r,NA,30.78057,added
CMR,DHS,Survey,2019,s_lat_u,NA,60.27436999999998,added
CMR,DHS,Survey,2019,s_od_r,NA,10.44021,added
CMR,DHS,Survey,2019,s_od_u,NA,0.46905,added
CMR,DHS,Survey,2019,s_sep_r,NA,1.06066,added
CMR,DHS,Survey,2019,s_sep_u,NA,20.19841,added
CMR,DHS,Survey,2019,s_sew_r,NA,0.07656,added
CMR,DHS,Survey,2019,s_sew_u,NA,2.88618,added
CMR,DHS,Survey,2019,s_shared_r,NA,12.61321,added
CMR,DHS,Survey,2019,s_shared_u,NA,24.74422,added
COD,MICS,Survey,2018,s_imp_r,NA,16.2861,added
COD,MICS,Survey,2018,s_imp_u,NA,53.55497999999999,added
COD,MICS,Survey,2018,s_lat_ebo_r,NA,0.17625,added
COD,MICS,Survey,2018,s_lat_ebo_u,NA,24.53866,added
COD,MICS,Survey,2018,s_lat_edl_r,NA,0,added
COD,MICS,Survey,2018,s_lat_edl_u,NA,3.74273,added
COD,MICS,Survey,2018,s_lat_ero_r,NA,0,added
COD,MICS,Survey,2018,s_lat_ero_u,NA,6.72931,added
COD,MICS,Survey,2018,s_lat_nemp_r,NA,99.82375,added
COD,MICS,Survey,2018,s_lat_nemp_u,NA,64.9893,added
COD,MICS,Survey,2018,s_lat_r,NA,16.03609,added
COD,MICS,Survey,2018,s_lat_u,NA,32.56872,added
COD,MICS,Survey,2018,s_od_r,NA,17.70988,added
COD,MICS,Survey,2018,s_od_u,NA,3.76008,added
COD,MICS,Survey,2018,s_sep_ebo_r,NA,15.5164,added
COD,MICS,Survey,2018,s_sep_ebo_u,NA,34.28298,added
COD,MICS,Survey,2018,s_sep_edl_r,NA,0,added
COD,MICS,Survey,2018,s_sep_edl_u,NA,2.70781,added
COD,MICS,Survey,2018,s_sep_ero_r,NA,0,added
COD,MICS,Survey,2018,s_sep_ero_u,NA,13.81537,added
COD,MICS,Survey,2018,s_sep_nemp_r,NA,84.4836,added
COD,MICS,Survey,2018,s_sep_nemp_u,NA,49.19384,added
COD,MICS,Survey,2018,s_sep_r,NA,0.12825,added
COD,MICS,Survey,2018,s_sep_u,NA,18.97789,added
COD,MICS,Survey,2018,s_sew_r,NA,0.12176,added
COD,MICS,Survey,2018,s_sew_u,NA,2.00837,added
COD,MICS,Survey,2018,s_shared_r,NA,47.3,added
COD,MICS,Survey,2018,s_shared_u,NA,63.05497,added
COK,CEN,Census,2016,s_imp_n,NA,98.08951521984216,added
COL,ENCV,Survey,2003,s_imp_r,55.64999999999999,69.35,changed
COL,ENCV,Survey,2003,s_imp_u,95.1,97.6,changed
COL,ENCV,Survey,2003,s_lat_r,2.749999999999993,16.449999999999996,changed
COL,ENCV,Survey,2003,s_lat_u,0.29999999999999716,2.799999999999997,changed
COL,DHS,Survey,2005,s_imp_r,65.7,72,changed
COL,DHS,Survey,2005,s_imp_u,97.10000000000001,98,changed
COL,DHS,Survey,2005,s_lat_r,2.5,8.799999999999997,changed
COL,DHS,Survey,2005,s_lat_u,0.20000000000000284,1.1000000000000083,changed
COL,GEIH,Survey,2008,s_imp_r,67.4255,79.5345,changed
COL,ENCV,Survey,2008,s_imp_r,66.99999999999999,77.69999999999999,changed
COL,GEIH,Survey,2008,s_imp_u,97.285,98.675,changed
COL,ENCV,Survey,2008,s_imp_u,94.75,96.25,changed
COL,GEIH,Survey,2008,s_lat_r,1.7325000000000017,13.841499999999996,changed
COL,ENCV,Survey,2008,s_lat_r,2.0999999999999943,12.799999999999995,changed
COL,GEIH,Survey,2008,s_lat_u,0.1110000000000042,1.5010000000000048,changed
COL,ENCV,Survey,2008,s_lat_u,0.15000000000000568,1.6500000000000057,changed
COL,GEIH,Survey,2009,s_imp_r,64.59,77.699,changed
COL,GEIH,Survey,2009,s_imp_u,96.374,98.007,changed
COL,GEIH,Survey,2009,s_lat_r,1.5700000000000003,14.678999999999997,changed
COL,GEIH,Survey,2009,s_lat_u,0.13100000000000023,1.7639999999999958,changed
COL,GEIH,Survey,2010,s_imp_r,65.8545,79.1835,changed
COL,ENCV,Survey,2010,s_imp_r,72.25,80.95,changed
COL,GEIH,Survey,2010,s_imp_u,96.424,98.269,changed
COL,ENCV,Survey,2010,s_imp_u,96.1,97.6,changed
COL,GEIH,Survey,2010,s_lat_r,1.5234999999999985,14.852499999999992,changed
COL,ENCV,Survey,2010,s_lat_r,1.8499999999999943,10.549999999999995,changed
COL,GEIH,Survey,2010,s_lat_u,0.1039999999999992,1.948999999999998,changed
COL,ENCV,Survey,2010,s_lat_u,0.09999999999999432,1.5999999999999943,changed
COL,GEIH,Survey,2011,s_imp_r,67.185,79.779,changed
COL,ENCV,Survey,2011,s_imp_r,70.64999999999999,79.74999999999999,changed
COL,GEIH,Survey,2011,s_imp_u,96.3615,98.3025,changed
COL,ENCV,Survey,2011,s_imp_u,95.8,98,changed
COL,GEIH,Survey,2011,s_lat_r,1.4039999999999964,13.99799999999999,changed
COL,ENCV,Survey,2011,s_lat_r,1.8499999999999943,10.949999999999989,changed
COL,GEIH,Survey,2011,s_lat_u,0.1004999999999967,2.041499999999999,changed
COL,ENCV,Survey,2011,s_lat_u,0.09999999999999432,2.299999999999997,changed
COL,GEIH,Survey,2012,s_imp_r,67.359,80.07199999999999,changed
COL,ENCV,Survey,2012,s_imp_r,71.14999999999999,79.94999999999999,changed
COL,GEIH,Survey,2012,s_imp_u,96.966,98.519,changed
COL,ENCV,Survey,2012,s_imp_u,97.7,98.5,changed
COL,GEIH,Survey,2012,s_lat_r,1.0349999999999966,13.74799999999999,changed
COL,ENCV,Survey,2012,s_lat_r,1.5499999999999972,10.349999999999994,changed
COL,GEIH,Survey,2012,s_lat_u,0.07500000000000284,1.628,changed
COL,ENCV,Survey,2012,s_lat_u,0.09999999999999432,0.8999999999999915,changed
COL,GEIH,Survey,2013,s_imp_r,69.5085,81.4255,changed
COL,ECV,Survey,2013,s_imp_r,82.95,NA,removed
COL,ENCV,Survey,2013,s_imp_r,NA,82.95,added
COL,GEIH,Survey,2013,s_imp_u,97.28949999999999,98.6685,changed
COL,ECV,Survey,2013,s_imp_u,98.55000000000001,NA,removed
COL,ENCV,Survey,2013,s_imp_u,NA,98.55,added
COL,GEIH,Survey,2013,s_lat_r,0.9055000000000035,12.822500000000003,changed
COL,ECV,Survey,2013,s_lat_r,13.549999999999997,NA,removed
COL,ENCV,Survey,2013,s_lat_r,NA,13.549999999999995,added
COL,GEIH,Survey,2013,s_lat_u,0.052499999999994884,1.4314999999999998,changed
COL,ECV,Survey,2013,s_lat_u,1.25,NA,removed
COL,ENCV,Survey,2013,s_lat_u,NA,1.25,added
COL,ECV,Survey,2013,s_od_r,14,NA,removed
COL,ENCV,Survey,2013,s_od_r,NA,14,added
COL,ECV,Survey,2013,s_od_u,1.1,NA,removed
COL,ENCV,Survey,2013,s_od_u,NA,1.1,added
COL,ECV,Survey,2013,s_sep_r,54.7,NA,removed
COL,ENCV,Survey,2013,s_sep_r,NA,54.7,added
COL,ECV,Survey,2013,s_sep_u,5.4,NA,removed
COL,ENCV,Survey,2013,s_sep_u,NA,5.4,added
COL,ECV,Survey,2013,s_sew_r,14.7,NA,removed
COL,ENCV,Survey,2013,s_sew_r,NA,14.7,added
COL,ECV,Survey,2013,s_sew_u,91.9,NA,removed
COL,ENCV,Survey,2013,s_sew_u,NA,91.9,added
COL,SSPD,Admin,2013,s_treat_wtp_u,14.51164665332443,NA,removed
COL,ISS,Admin,2013,s_treat_wtp_u,NA,14.51164665332443,added
COL,GEIH,Survey,2014,s_imp_r,70.292815,81.605275,changed
COL,ECV,Survey,2014,s_imp_r,83.15,NA,removed
COL,ENCV,Survey,2014,s_imp_r,NA,83.15,added
COL,GEIH,Survey,2014,s_imp_u,97.277465,98.674435,changed
COL,ECV,Survey,2014,s_imp_u,98.1,NA,removed
COL,ENCV,Survey,2014,s_imp_u,NA,98.1,added
COL,GEIH,Survey,2014,s_lat_r,0.8032050000000055,12.115665000000009,changed
COL,ECV,Survey,2014,s_lat_r,10.650000000000006,NA,removed
COL,ENCV,Survey,2014,s_lat_r,NA,10.650000000000006,added
COL,GEIH,Survey,2014,s_lat_u,0.035735000000002515,1.4327049999999986,changed
COL,ECV,Survey,2014,s_lat_u,0.7999999999999972,NA,removed
COL,ENCV,Survey,2014,s_lat_u,NA,0.7999999999999972,added
COL,ECV,Survey,2014,s_od_r,12.7,NA,removed
COL,ENCV,Survey,2014,s_od_r,NA,12.7,added
COL,ECV,Survey,2014,s_od_u,1.1,NA,removed
COL,ENCV,Survey,2014,s_od_u,NA,1.1,added
COL,ECV,Survey,2014,s_sep_r,58.4,NA,removed
COL,ENCV,Survey,2014,s_sep_r,NA,58.4,added
COL,ECV,Survey,2014,s_sep_u,5,NA,removed
COL,ENCV,Survey,2014,s_sep_u,NA,5,added
COL,ECV,Survey,2014,s_sew_r,14.1,NA,removed
COL,ENCV,Survey,2014,s_sew_r,NA,14.1,added
COL,ECV,Survey,2014,s_sew_u,92.3,NA,removed
COL,ENCV,Survey,2014,s_sew_u,NA,92.3,added
COL,ECV,Survey,2014,s_shared_r,4.847467462488602,NA,removed
COL,ENCV,Survey,2014,s_shared_r,NA,4.847467462488602,added
COL,ECV,Survey,2014,s_shared_u,6.667664625840157,NA,removed
COL,ENCV,Survey,2014,s_shared_u,NA,6.667664625840157,added
COL,SSPD,Admin,2014,s_treat_wtp_u,17.828926260140356,NA,removed
COL,ISS,Admin,2014,s_treat_wtp_u,NA,17.828926260140356,added
COL,GEIH,Survey,2015,s_imp_r,72.74239,83.0238,changed
COL,ECV,Survey,2015,s_imp_r,85.65,NA,removed
COL,ENCV,Survey,2015,s_imp_r,NA,85.65,added
COL,GEIH,Survey,2015,s_imp_u,97.650635,98.915745,changed
COL,ECV,Survey,2015,s_imp_u,98.5,NA,removed
COL,ENCV,Survey,2015,s_imp_u,NA,98.5,added
COL,GEIH,Survey,2015,s_lat_r,0.6694300000000055,10.95084,changed
COL,ECV,Survey,2015,s_lat_r,9.650000000000006,NA,removed
COL,ENCV,Survey,2015,s_lat_r,NA,9.650000000000006,added
COL,GEIH,Survey,2015,s_lat_u,0.020454999999998336,1.2855649999999912,changed
COL,ECV,Survey,2015,s_lat_u,1,NA,removed
COL,ENCV,Survey,2015,s_lat_u,NA,1,added
COL,ECV,Survey,2015,s_od_r,12.4,NA,removed
COL,ENCV,Survey,2015,s_od_r,NA,12.4,added
COL,ECV,Survey,2015,s_od_u,0.8,NA,removed
COL,ENCV,Survey,2015,s_od_u,NA,0.8,added
COL,ECV,Survey,2015,s_sep_r,60.6,NA,removed
COL,ENCV,Survey,2015,s_sep_r,NA,60.6,added
COL,ECV,Survey,2015,s_sep_u,5,NA,removed
COL,ENCV,Survey,2015,s_sep_u,NA,5,added
COL,ECV,Survey,2015,s_sew_r,15.4,NA,removed
COL,ENCV,Survey,2015,s_sew_r,NA,15.4,added
COL,ECV,Survey,2015,s_sew_u,92.5,NA,removed
COL,ENCV,Survey,2015,s_sew_u,NA,92.5,added
COL,ECV,Survey,2015,s_shared_r,5.305423202526902,NA,removed
COL,ENCV,Survey,2015,s_shared_r,NA,5.305423202526902,added
COL,ECV,Survey,2015,s_shared_u,6.908714717571618,NA,removed
COL,ENCV,Survey,2015,s_shared_u,NA,6.908714717571618,added
COL,GEIH,Survey,2016,s_imp_r,74.34450000000001,85.05850000000001,changed
COL,ENCV,Survey,2016,s_imp_r,84.82308,87.5373,changed
COL,GEIH,Survey,2016,s_imp_u,97.65249999999999,99.0125,changed
COL,ENCV,Survey,2016,s_imp_u,98.596935,99.210485,changed
COL,GEIH,Survey,2016,s_lat_r,0.6975000000000051,11.411500000000004,changed
COL,ENCV,Survey,2016,s_lat_r,9.341769999999997,12.055989999999994,changed
COL,GEIH,Survey,2016,s_lat_u,0.04749999999999943,1.4074999999999989,changed
COL,ENCV,Survey,2016,s_lat_u,0.8618950000000041,1.4754450000000077,changed
COL,GEIH,Survey,2017,s_imp_r,73.17173,84.30798,changed
COL,GEIH,Survey,2017,s_imp_u,97.49266,98.89804,changed
COL,GEIH,Survey,2017,s_lat_r,0.49743999999999744,11.63369,changed
COL,GEIH,Survey,2017,s_lat_u,0.04739999999999611,1.45277999999999,changed
COL,GEIH,Survey,2018,s_imp_r,74.02365999999999,85.84128999999999,changed
COL,ENCV,Survey,2018,s_imp_r,NA,78.58588000000002,added
COL,CEN,Census,2018,s_imp_r,NA,75.56320183547332,added
COL,GEIH,Survey,2018,s_imp_u,97.74618,99.09636,changed
COL,ENCV,Survey,2018,s_imp_u,NA,97.12492,added
COL,CEN,Census,2018,s_imp_u,NA,97.25233322056592,added
COL,GEIH,Survey,2018,s_lat_r,0.5888599999999968,12.406489999999993,changed
COL,ENCV,Survey,2018,s_lat_r,NA,9.690090000000012,added
COL,CEN,Census,2018,s_lat_r,NA,5.4948864740252645,added
COL,GEIH,Survey,2018,s_lat_u,0.016229999999993083,1.3664099999999877,changed
COL,ENCV,Survey,2018,s_lat_u,NA,0.8972899999999981,added
COL,CEN,Census,2018,s_lat_u,NA,0.3877179742559065,added
COL,ENCV,Survey,2018,s_od_r,NA,15.92475,added
COL,CEN,Census,2018,s_od_r,NA,16.619182536091945,added
COL,ENCV,Survey,2018,s_od_u,NA,1.2273,added
COL,CEN,Census,2018,s_od_u,NA,0.6838057341039369,added
COL,ENCV,Survey,2018,s_sep_r,NA,57.73728,added
COL,CEN,Census,2018,s_sep_r,NA,53.29343064490772,added
COL,ENCV,Survey,2018,s_sep_u,NA,5.96799,added
COL,CEN,Census,2018,s_sep_u,NA,5.829831629599313,added
COL,ENCV,Survey,2018,s_sew_r,NA,11.15851,added
COL,CEN,Census,2018,s_sew_r,NA,16.774884716540335,added
COL,ENCV,Survey,2018,s_sew_u,NA,90.25964,added
COL,CEN,Census,2018,s_sew_u,NA,91.03478361671073,added
COL,ENCV,Survey,2018,s_shared_r,NA,4.007430482902194,added
COL,ENCV,Survey,2018,s_shared_u,NA,2.8750760224520855,added
COL,GEIH,Survey,2019,s_imp_r,NA,86.91522,added
COL,ENCV,Survey,2019,s_imp_r,NA,78.30381,added
COL,GEIH,Survey,2019,s_imp_u,NA,99.172685,added
COL,ENCV,Survey,2019,s_imp_u,NA,98.06322,added
COL,GEIH,Survey,2019,s_lat_r,NA,12.069500000000003,added
COL,ENCV,Survey,2019,s_lat_r,NA,5.684389999999993,added
COL,GEIH,Survey,2019,s_lat_u,NA,1.4411249999999995,added
COL,ENCV,Survey,2019,s_lat_u,NA,0.8728999999999871,added
COL,GEIH,Survey,2019,s_od_r,NA,12.19017,added
COL,ENCV,Survey,2019,s_od_r,NA,16.09623,added
COL,GEIH,Survey,2019,s_od_u,NA,0.45582,added
COL,ENCV,Survey,2019,s_od_u,NA,0.78987,added
COL,GEIH,Survey,2019,s_sep_r,NA,61.59572,added
COL,ENCV,Survey,2019,s_sep_r,NA,59.94469,added
COL,GEIH,Survey,2019,s_sep_u,NA,3.99063,added
COL,ENCV,Survey,2019,s_sep_u,NA,6.17758,added
COL,GEIH,Survey,2019,s_sew_r,NA,13.25,added
COL,ENCV,Survey,2019,s_sew_r,NA,12.67473,added
COL,GEIH,Survey,2019,s_sew_u,NA,93.74093,added
COL,ENCV,Survey,2019,s_sew_u,NA,91.01274,added
COL,GEIH,Survey,2019,s_shared_r,NA,4.191743960114109,added
COL,ENCV,Survey,2019,s_shared_r,NA,3.69868784166106,added
COL,GEIH,Survey,2019,s_shared_u,NA,4.805872316016165,added
COL,ENCV,Survey,2019,s_shared_u,NA,3.4861239434929496,added
CPV,IMC,Survey,2018,s_imp_r,NA,70.55,added
CPV,IMC,Survey,2018,s_imp_u,NA,88.65,added
CPV,IMC,Survey,2018,s_lat_r,NA,3.75,added
CPV,IMC,Survey,2018,s_lat_u,NA,0.9500000000000028,added
CPV,IMC,Survey,2018,s_od_r,NA,29.4,added
CPV,IMC,Survey,2018,s_od_u,NA,11.3,added
CPV,IMC,Survey,2018,s_sep_r,NA,64.7,added
CPV,IMC,Survey,2018,s_sep_u,NA,51.5,added
CPV,IMC,Survey,2018,s_sew_r,NA,2.1,added
CPV,IMC,Survey,2018,s_sew_u,NA,36.2,added
CPV,IMC,Survey,2018,s_shared_n,NA,6.5,added
CPV,IMC,Survey,2018,s_shared_r,NA,3.1,added
CPV,IMC,Survey,2018,s_shared_u,NA,7.8,added
CPV,IMC,Survey,2019,s_imp_r,NA,74.3,added
CPV,IMC,Survey,2019,s_imp_u,NA,90.4,added
CPV,IMC,Survey,2019,s_lat_r,NA,2.5,added
CPV,IMC,Survey,2019,s_lat_u,NA,2.799999999999997,added
CPV,IMC,Survey,2019,s_od_r,NA,25.3,added
CPV,IMC,Survey,2019,s_od_u,NA,9.2,added
CPV,IMC,Survey,2019,s_sep_r,NA,68.8,added
CPV,IMC,Survey,2019,s_sep_u,NA,45.1,added
CPV,IMC,Survey,2019,s_sew_r,NA,3,added
CPV,IMC,Survey,2019,s_sew_u,NA,42.5,added
CPV,IMC,Survey,2019,s_shared_n,NA,10.6,added
CPV,IMC,Survey,2019,s_shared_r,NA,3,added
CPV,IMC,Survey,2019,s_shared_u,NA,13.699999999999998,added
CRI,EHPM,Survey,2009,s_imp_r,NA,96.66280161984272,added
CRI,EHPM,Survey,2009,s_imp_u,NA,99.11460018888629,added
CRI,EHPM,Survey,2009,s_lat_r,NA,3.031173068929718,added
CRI,EHPM,Survey,2009,s_lat_u,NA,0.25052593916922206,added
CRI,EHPM,Survey,2009,s_od_r,NA,0.253870885661168,added
CRI,EHPM,Survey,2009,s_od_u,NA,0.23568539966417767,added
CRI,EHPM,Survey,2009,s_sep_r,NA,88.14377131285333,added
CRI,EHPM,Survey,2009,s_sep_u,NA,59.973007850425,added
CRI,EHPM,Survey,2009,s_sew_r,NA,5.487857238059666,added
CRI,EHPM,Survey,2009,s_sew_u,NA,38.891066399292065,added
CRI,MICS,Survey,2018,s_imp_r,NA,96.90482,added
CRI,ENIGH,Survey,2018,s_imp_r,NA,96.69252,added
CRI,MICS,Survey,2018,s_imp_u,NA,98.57001,added
CRI,ENIGH,Survey,2018,s_imp_u,NA,98.6013,added
CRI,MICS,Survey,2018,s_lat_ebo_r,NA,14.42388,added
CRI,MICS,Survey,2018,s_lat_ebo_u,NA,0,added
CRI,MICS,Survey,2018,s_lat_edl_r,NA,16.16931,added
CRI,MICS,Survey,2018,s_lat_edl_u,NA,0,added
CRI,MICS,Survey,2018,s_lat_ero_r,NA,0,added
CRI,MICS,Survey,2018,s_lat_ero_u,NA,0.84611,added
CRI,MICS,Survey,2018,s_lat_nemp_r,NA,69.40681,added
CRI,MICS,Survey,2018,s_lat_nemp_u,NA,99.15389,added
CRI,MICS,Survey,2018,s_lat_r,NA,3.1267500000000013,added
CRI,ENIGH,Survey,2018,s_lat_r,NA,0.5712299999999999,added
CRI,MICS,Survey,2018,s_lat_u,NA,4.322639999999993,added
CRI,ENIGH,Survey,2018,s_lat_u,NA,1.0264999999999986,added
CRI,MICS,Survey,2018,s_od_r,NA,0.25794,added
CRI,ENIGH,Survey,2018,s_od_r,NA,0.26348,added
CRI,MICS,Survey,2018,s_od_u,NA,0.083,added
CRI,ENIGH,Survey,2018,s_od_u,NA,0.11915,added
CRI,MICS,Survey,2018,s_sep_ebo_r,NA,2.30117,added
CRI,MICS,Survey,2018,s_sep_ebo_u,NA,1.52791,added
CRI,MICS,Survey,2018,s_sep_edl_r,NA,4.01724,added
CRI,MICS,Survey,2018,s_sep_edl_u,NA,4.71612,added
CRI,MICS,Survey,2018,s_sep_ero_r,NA,21.11471,added
CRI,MICS,Survey,2018,s_sep_ero_u,NA,48.015860000000004,added
CRI,MICS,Survey,2018,s_sep_nemp_r,NA,72.56687,added
CRI,MICS,Survey,2018,s_sep_nemp_u,NA,45.74011,added
CRI,MICS,Survey,2018,s_sep_r,NA,90.63537,added
CRI,ENIGH,Survey,2018,s_sep_r,NA,93.09345,added
CRI,MICS,Survey,2018,s_sep_u,NA,65.32679,added
CRI,ENIGH,Survey,2018,s_sep_u,NA,76.1474,added
CRI,MICS,Survey,2018,s_sew_r,NA,3.1427,added
CRI,ENIGH,Survey,2018,s_sew_r,NA,3.02784,added
CRI,MICS,Survey,2018,s_sew_u,NA,28.92058,added
CRI,ENIGH,Survey,2018,s_sew_u,NA,21.4274,added
CRI,MICS,Survey,2018,s_shared_r,NA,2.87043,added
CRI,ENIGH,Survey,2018,s_shared_r,NA,0.8473040034267039,added
CRI,MICS,Survey,2018,s_shared_u,NA,2.29982,added
CRI,ENIGH,Survey,2018,s_shared_u,NA,0.9756976592370504,added
CRI,ENH,Survey,2019,s_imp_r,NA,97.1049,added
CRI,ENH,Survey,2019,s_imp_u,NA,99.04187,added
CRI,ENH,Survey,2019,s_lat_r,NA,2.5523299999999978,added
CRI,ENH,Survey,2019,s_lat_u,NA,1.792670000000001,added
CRI,ENH,Survey,2019,s_od_r,NA,0.48519,added
CRI,ENH,Survey,2019,s_od_u,NA,0.28184,added
CRI,ENH,Survey,2019,s_sep_r,NA,89.82977,added
CRI,ENH,Survey,2019,s_sep_u,NA,68.80701,added
CRI,ENH,Survey,2019,s_sew_r,NA,4.7228,added
CRI,ENH,Survey,2019,s_sew_u,NA,28.44219,added
CRI,ENH,Survey,2019,s_shared_r,NA,0.39859422635503494,added
CRI,ENH,Survey,2019,s_shared_u,NA,0.6264594119974747,added
CUB,AE,Admin,2006,s_treat_wtp_n,35.42089645478682,NA,removed
CUB,INRH,Admin,2007,s_lat_r,85,NA,removed
CUB,INRH,Admin,2007,s_lat_u,50.49999999999999,NA,removed
CUB,AE,Admin,2007,s_treat_wtp_n,37.26412758579174,NA,removed
CUB,AE,Admin,2008,s_treat_wtp_n,33.85219274499188,NA,removed
CUB,INRH,Admin,2009,s_lat_r,85.76,NA,removed
CUB,INRH,Admin,2009,s_lat_u,51.52,NA,removed
CUB,AE,Admin,2009,s_treat_wtp_n,32.302766749155346,NA,removed
CUB,AE,Admin,2010,s_treat_wtp_n,31.84118138910994,NA,removed
CUB,AE,Admin,2011,s_treat_wtp_n,31.5343421181035,NA,removed
CUB,AE,Admin,2012,s_treat_wtp_n,31.7,25,changed
CUB,AE,Admin,2013,s_treat_wtp_n,32.6,25.1,changed
CUB,AE,Admin,2014,s_treat_wtp_n,31.8,25.3,changed
CUB,AE,Admin,2015,s_treat_wtp_n,47,25.1,changed
CUB,AE,Admin,2016,s_treat_wtp_n,55.4,26.1,changed
CUB,AE,Admin,2017,s_treat_wtp_n,NA,26.9,added
CUB,AE,Admin,2018,s_treat_wtp_n,NA,26.9,added
CUB,MICS,Survey,2019,s_imp_r,NA,80.21935,added
CUB,MICS,Survey,2019,s_imp_u,NA,94.11104,added
CUB,MICS,Survey,2019,s_lat_ebo_r,NA,1.20752,added
CUB,MICS,Survey,2019,s_lat_ebo_u,NA,1.10375,added
CUB,MICS,Survey,2019,s_lat_edl_r,NA,0.28691,added
CUB,MICS,Survey,2019,s_lat_edl_u,NA,0.39859,added
CUB,MICS,Survey,2019,s_lat_ero_r,NA,7.14597,added
CUB,MICS,Survey,2019,s_lat_ero_u,NA,22.90311,added
CUB,MICS,Survey,2019,s_lat_nemp_r,NA,91.3596,added
CUB,MICS,Survey,2019,s_lat_nemp_u,NA,75.59455,added
CUB,MICS,Survey,2019,s_lat_r,NA,31.561470000000007,added
CUB,MICS,Survey,2019,s_lat_u,NA,9.78667999999999,added
CUB,MICS,Survey,2019,s_od_r,NA,1.54373,added
CUB,MICS,Survey,2019,s_od_u,NA,0.25112,added
CUB,MICS,Survey,2019,s_sep_ebo_r,NA,2.55747,added
CUB,MICS,Survey,2019,s_sep_ebo_u,NA,2.85447,added
CUB,MICS,Survey,2019,s_sep_edl_r,NA,0.13678,added
CUB,MICS,Survey,2019,s_sep_edl_u,NA,0,added
CUB,MICS,Survey,2019,s_sep_ero_r,NA,15.99481,added
CUB,MICS,Survey,2019,s_sep_ero_u,NA,32.75994,added
CUB,MICS,Survey,2019,s_sep_nemp_r,NA,81.31095,added
CUB,MICS,Survey,2019,s_sep_nemp_u,NA,64.38559,added
CUB,MICS,Survey,2019,s_sep_r,NA,18.34602,added
CUB,MICS,Survey,2019,s_sep_u,NA,12.16028,added
CUB,MICS,Survey,2019,s_sew_r,NA,30.31186,added
CUB,MICS,Survey,2019,s_sew_u,NA,72.16408,added
CUB,MICS,Survey,2019,s_shared_r,NA,3.50005,added
CUB,MICS,Survey,2019,s_shared_u,NA,1.7765099999999998,added
CUB,AE,Admin,2019,s_treat_wtp_n,NA,26.8,added
CUW,NISMOD,Admin,2017,s_treat_wtp_n,NA,16,added
CYM,WWT,Admin,2004,s_treat_wtp_u,NA,100,added
CYM,WWT,Admin,2005,s_treat_wtp_u,NA,100,added
CYM,WWT,Admin,2006,s_treat_wtp_u,NA,100,added
CYM,WWT,Admin,2007,s_treat_wtp_u,NA,100,added
CYM,WWT,Admin,2008,s_treat_wtp_u,NA,100,added
CYM,WWT,Admin,2009,s_treat_wtp_u,NA,100,added
CYM,WWT,Admin,2010,s_treat_wtp_u,NA,100,added
CYM,WWT,Admin,2011,s_treat_wtp_u,NA,100,added
CYM,WWT,Admin,2012,s_treat_wtp_u,NA,100,added
CYM,WWT,Admin,2013,s_treat_wtp_u,NA,100,added
CYM,WWT,Admin,2014,s_treat_wtp_u,NA,100,added
CYM,WWT,Admin,2015,s_treat_wtp_u,NA,100,added
CYP,EUSILC,Admin,2013,s_imp_r,98.25,NA,removed
CYP,EU SILC,Admin,2013,s_imp_r,NA,98.25,added
CYP,EUSILC,Admin,2013,s_imp_u,99.85000000000001,NA,removed
CYP,EU SILC,Admin,2013,s_imp_u,NA,99.85,added
CYP,EUSILC,Admin,2013,s_lat_r,1.75,NA,removed
CYP,EUSILC,Admin,2013,s_lat_u,0.15000000000000568,NA,removed
CYP,EUSILC,Admin,2014,s_imp_r,98.7,NA,removed
CYP,EU SILC,Admin,2014,s_imp_r,NA,98.7,added
CYP,EUSILC,Admin,2014,s_imp_u,99.75,NA,removed
CYP,EU SILC,Admin,2014,s_imp_u,NA,99.75,added
CYP,EUSILC,Admin,2014,s_lat_r,1.2999999999999972,NA,removed
CYP,EUSILC,Admin,2014,s_lat_u,0.25,NA,removed
CYP,EUSILC,Admin,2015,s_imp_r,99.05,NA,removed
CYP,EU SILC,Admin,2015,s_imp_r,NA,99.05,added
CYP,EUSILC,Admin,2015,s_imp_u,99.75,NA,removed
CYP,EU SILC,Admin,2015,s_imp_u,NA,99.75,added
CYP,EUSILC,Admin,2015,s_lat_r,0.9500000000000028,NA,removed
CYP,EUSILC,Admin,2015,s_lat_u,0.25,NA,removed
CYP,HBS,Survey,2016,s_imp_r,NA,99.81,added
CYP,HBS,Survey,2016,s_imp_u,NA,100,added
CYP,HBS,Survey,2016,s_lat_r,NA,0,added
CYP,HBS,Survey,2016,s_lat_u,NA,0,added
CYP,HBS,Survey,2016,s_sep_r,NA,82.94,added
CYP,HBS,Survey,2016,s_sep_u,NA,27.049999999999997,added
CYP,HBS,Survey,2016,s_sew_r,NA,16.87,added
CYP,HBS,Survey,2016,s_sew_u,NA,72.95,added
CYP,NGGI,Admin,2018,s_treat_wtp_n,NA,100,added
CZE,WHS,Survey,2003,s_lat_r,3.1599999999999966,NA,removed
CZE,WHS,Survey,2003,s_lat_u,0.7800000000000153,NA,removed
CZE,WHS,Survey,2003,s_sep_r,28.51,NA,removed
CZE,WHS,Survey,2003,s_sep_u,2.6,NA,removed
CZE,WHS,Survey,2003,s_sew_r,68.3,NA,removed
CZE,WHS,Survey,2003,s_sew_u,96.6,NA,removed
CZE,CEN,Census,2011,s_imp_n,96.3,NA,removed
CZE,CEN,Census,2011,s_sew_n,78.1,NA,removed
CZE,EUSILC,Admin,2012,s_imp_r,99.85802469135803,NA,removed
CZE,EU SILC,Admin,2012,s_imp_r,NA,99.85802469135804,added
CZE,EUSILC,Admin,2012,s_imp_u,100,NA,removed
CZE,EU SILC,Admin,2012,s_imp_u,NA,100,added
CZE,EUSILC,Admin,2012,s_lat_n,0,NA,removed
CZE,EUSILC,Admin,2012,s_lat_r,1.6580246913580226,NA,removed
CZE,EUSILC,Admin,2012,s_lat_u,0.7999999999999972,NA,removed
CZE,EUSILC,Admin,2012,s_shared_r,0.7128309572301426,NA,removed
CZE,EU SILC,Admin,2012,s_shared_r,NA,0.7128309572301426,added
CZE,EUSILC,Admin,2012,s_shared_u,0.9072580645161291,NA,removed
CZE,EU SILC,Admin,2012,s_shared_u,NA,0.9072580645161292,added
CZE,EUSILC,Admin,2013,s_imp_r,100,NA,removed
CZE,EU SILC,Admin,2013,s_imp_r,NA,100,added
CZE,EUSILC,Admin,2013,s_imp_u,100,NA,removed
CZE,EU SILC,Admin,2013,s_imp_u,NA,100,added
CZE,EUSILC,Admin,2013,s_lat_n,0.9000000000000057,NA,removed
CZE,EUSILC,Admin,2013,s_lat_r,1.0999999999999943,NA,removed
CZE,EUSILC,Admin,2013,s_lat_u,0.7000000000000028,NA,removed
CZE,EUSILC,Admin,2014,s_imp_r,100,NA,removed
CZE,EU SILC,Admin,2014,s_imp_r,NA,100,added
CZE,EUSILC,Admin,2014,s_imp_u,100,NA,removed
CZE,EU SILC,Admin,2014,s_imp_u,NA,100,added
CZE,EUSILC,Admin,2014,s_lat_n,0.7000000000000028,NA,removed
CZE,ES,Admin,2014,s_lat_n,0,NA,removed
CZE,EUSILC,Admin,2014,s_lat_r,0.9000000000000057,NA,removed
CZE,EUSILC,Admin,2014,s_lat_u,0.5999999999999943,NA,removed
CZE,ES,Admin,2014,s_sew_n,80.8,79.9,changed
CZE,ES,Admin,2014,s_treat_wtp_n,99.75247524752476,99.87484355444305,changed
CZE,EUSILC,Admin,2015,s_imp_r,100,NA,removed
CZE,EU SILC,Admin,2015,s_imp_r,NA,100,added
CZE,EUSILC,Admin,2015,s_imp_u,100,NA,removed
CZE,EU SILC,Admin,2015,s_imp_u,NA,100,added
CZE,EUSILC,Admin,2015,s_lat_n,0.5999999999999943,NA,removed
CZE,ES,Admin,2015,s_lat_n,0,NA,removed
CZE,EUSILC,Admin,2015,s_lat_r,0.9000000000000057,NA,removed
CZE,EUSILC,Admin,2015,s_lat_u,0.4000000000000057,NA,removed
CZE,ES,Admin,2015,s_sew_n,81,80.8,changed
CZE,RSW,Admin,2015,s_sew_n,NA,84.2,added
CZE,ES,Admin,2015,s_treat_wtp_n,99.7530864197531,99.8762376237624,changed
CZE,RSW,Admin,2016,s_sew_n,NA,84.7,added
CZE,ES,Admin,2016,s_sew_n,NA,81.3,added
CZE,ES,Admin,2016,s_treat_wtp_n,NA,99.8769987699877,added
CZE,RSW,Admin,2017,s_sew_n,NA,85.5,added
CZE,ES,Admin,2017,s_sew_n,NA,82.4,added
CZE,ES,Admin,2017,s_treat_wtp_n,NA,99.87864077669904,added
CZE,RSW,Admin,2018,s_sew_n,NA,85.5,added
CZE,SO,Admin,2018,s_treat_wtp_n,NA,99.9,added
CZE,SO,Admin,2019,s_sew_n,NA,85.5,added
CZE,SO,Admin,2019,s_treat_wtp_n,NA,99.9,added
DEU,ES,Admin,2010,s_sep_ero_n,58.1,58.13953488372093,changed
DEU,ES,Admin,2010,s_sep_nemp_n,41.9,41.86046511627907,changed
DEU,ES,Admin,2011,s_sep_ero_n,60,58.33333333333333,changed
DEU,ES,Admin,2011,s_sep_nemp_n,40,41.66666666666667,changed
DEU,EUSILC,Admin,2012,s_imp_r,100.2,NA,removed
DEU,EU SILC,Admin,2012,s_imp_r,NA,100.2,added
DEU,EUSILC,Admin,2012,s_imp_u,100.10000000000001,NA,removed
DEU,EU SILC,Admin,2012,s_imp_u,NA,100.1,added
DEU,EUSILC,Admin,2012,s_lat_r,0,NA,removed
DEU,EU SILC,Admin,2012,s_lat_r,NA,2.6664915276500665,added
DEU,EUSILC,Admin,2012,s_lat_u,0,NA,removed
DEU,EU SILC,Admin,2012,s_lat_u,NA,0,added
DEU,ES,Admin,2012,s_sep_ero_n,59.1,58.027638190954775,changed
DEU,ES,Admin,2012,s_sep_nemp_n,40.9,41.972361809045225,changed
DEU,EUSILC,Admin,2012,s_sep_r,14.713384999343234,NA,removed
DEU,EU SILC,Admin,2012,s_sep_r,NA,14.713384999343234,added
DEU,EUSILC,Admin,2012,s_sep_u,1,NA,removed
DEU,EU SILC,Admin,2012,s_sep_u,NA,1,added
DEU,EUSILC,Admin,2012,s_sew_r,85.48661500065677,NA,removed
DEU,EU SILC,Admin,2012,s_sew_r,NA,82.8201234730067,added
DEU,EUSILC,Admin,2012,s_sew_u,99.10000000000001,NA,removed
DEU,EU SILC,Admin,2012,s_sew_u,NA,99.1,added
DEU,EUSILC,Admin,2012,s_shared_r,1.0080645161290323,NA,removed
DEU,EU SILC,Admin,2012,s_shared_r,NA,1.0080645161290325,added
DEU,EUSILC,Admin,2012,s_shared_u,0.7063572149344096,NA,removed
DEU,EU SILC,Admin,2012,s_shared_u,NA,0.7063572149344096,added
DEU,ES,Admin,2012,s_treat_wtp_n,99.37565036420396,99.37712875102858,changed
DEU,FSO,Admin,2013,s_imp_r,100,NA,removed
DEU,EUSILC,Admin,2013,s_imp_r,100,NA,removed
DEU,EU SILC,Admin,2013,s_imp_r,NA,100,added
DEU,FSO,Admin,2013,s_imp_u,100,NA,removed
DEU,EUSILC,Admin,2013,s_imp_u,100,NA,removed
DEU,EU SILC,Admin,2013,s_imp_u,NA,100,added
DEU,FSO,Admin,2013,s_lat_ero_n,NA,100,added
DEU,EUSILC,Admin,2013,s_lat_r,0,NA,removed
DEU,EU SILC,Admin,2013,s_lat_r,NA,2.671595898687528,added
DEU,EUSILC,Admin,2013,s_lat_u,0,NA,removed
DEU,EU SILC,Admin,2013,s_lat_u,NA,0,added
DEU,FSO,Admin,2013,s_sep_con_n,NA,100,added
DEU,ES,Admin,2013,s_sep_ero_n,59.4,57.9447772857515,changed
DEU,FSO,Admin,2013,s_sep_ero_n,NA,0,added
DEU,ES,Admin,2013,s_sep_nemp_n,40.6,42.0552227142485,changed
DEU,FSO,Admin,2013,s_sep_nemp_n,NA,100,added
DEU,EUSILC,Admin,2013,s_sep_r,13.839636050393011,NA,removed
DEU,EU SILC,Admin,2013,s_sep_r,NA,13.839636050393011,added
DEU,EUSILC,Admin,2013,s_sep_u,0.20000000000000284,NA,removed
DEU,EU SILC,Admin,2013,s_sep_u,NA,0.20000000000000284,added
DEU,EUSILC,Admin,2013,s_sew_r,86.16036394960699,NA,removed
DEU,EU SILC,Admin,2013,s_sew_r,NA,83.48876805091946,added
DEU,EUSILC,Admin,2013,s_sew_u,99.8,NA,removed
DEU,EU SILC,Admin,2013,s_sew_u,NA,99.8,added
DEU,ES,Admin,2013,s_treat_wtp_n,99.16839916839916,99.1617962104037,changed
DEU,EUSILC,Admin,2014,s_imp_r,100,NA,removed
DEU,EU SILC,Admin,2014,s_imp_r,NA,100,added
DEU,EUSILC,Admin,2014,s_imp_u,100,NA,removed
DEU,EU SILC,Admin,2014,s_imp_u,NA,100,added
DEU,EUSILC,Admin,2014,s_lat_r,0,NA,removed
DEU,EU SILC,Admin,2014,s_lat_r,NA,2.6903614457831253,added
DEU,EUSILC,Admin,2014,s_lat_u,0,NA,removed
DEU,EU SILC,Admin,2014,s_lat_u,NA,0,added
DEU,ES,Admin,2014,s_sep_ero_n,NA,59.10384068278805,added
DEU,ES,Admin,2014,s_sep_nemp_n,NA,40.89615931721195,added
DEU,EUSILC,Admin,2014,s_sep_r,13.836144578313252,NA,removed
DEU,EU SILC,Admin,2014,s_sep_r,NA,13.836144578313252,added
DEU,EUSILC,Admin,2014,s_sep_u,0,NA,removed
DEU,EU SILC,Admin,2014,s_sep_u,NA,0,added
DEU,EUSILC,Admin,2014,s_sew_r,86.16385542168675,NA,removed
DEU,EU SILC,Admin,2014,s_sew_r,NA,83.47349397590362,added
DEU,EUSILC,Admin,2014,s_sew_u,100,NA,removed
DEU,EU SILC,Admin,2014,s_sew_u,NA,100,added
DEU,ES,Admin,2014,s_treat_wtp_n,NA,100,added
DEU,EUSILC,Admin,2015,s_imp_r,100,NA,removed
DEU,EU SILC,Admin,2015,s_imp_r,NA,100,added
DEU,EUSILC,Admin,2015,s_imp_u,100,NA,removed
DEU,EU SILC,Admin,2015,s_imp_u,NA,100,added
DEU,EUSILC,Admin,2015,s_lat_r,0,NA,removed
DEU,EU SILC,Admin,2015,s_lat_r,NA,2.7148606095974515,added
DEU,EUSILC,Admin,2015,s_lat_u,0,NA,removed
DEU,EU SILC,Admin,2015,s_lat_u,NA,0,added
DEU,ES,Admin,2015,s_sep_ero_n,NA,60.625,added
DEU,ES,Admin,2015,s_sep_nemp_n,NA,39.375,added
DEU,EUSILC,Admin,2015,s_sep_r,14.162140277929751,NA,removed
DEU,EU SILC,Admin,2015,s_sep_r,NA,14.162140277929751,added
DEU,EUSILC,Admin,2015,s_sep_u,0.09999999999999432,NA,removed
DEU,EU SILC,Admin,2015,s_sep_u,NA,0.09999999999999432,added
DEU,EUSILC,Admin,2015,s_sew_r,85.83785972207025,NA,removed
DEU,EU SILC,Admin,2015,s_sew_r,NA,83.1229991124728,added
DEU,EUSILC,Admin,2015,s_sew_u,99.9,NA,removed
DEU,EU SILC,Admin,2015,s_sew_u,NA,99.9,added
DEU,ES,Admin,2015,s_treat_wtp_n,NA,98.93079616946106,added
DEU,FSO,Admin,2016,s_imp_r,100,NA,removed
DEU,FSO,Admin,2016,s_imp_u,100,NA,removed
DEU,FSO,Admin,2016,s_lat_ero_n,NA,100,added
DEU,FSO,Admin,2016,s_sep_con_n,NA,95.83333333333334,added
DEU,FSO,Admin,2016,s_sep_ero_n,NA,4.166666666666667,added
DEU,ES,Admin,2016,s_sep_ero_n,NA,62.34353268428373,added
DEU,FSO,Admin,2016,s_sep_nemp_n,NA,95.83333333333334,added
DEU,ES,Admin,2016,s_sep_nemp_n,NA,37.65646731571627,added
DEU,ES,Admin,2016,s_treat_wtp_n,NA,98.81594662493308,added
DJI,EDAM,Survey,2017,s_imp_r,18.861998855040888,20.853209999999997,changed
DJI,EDAM,Survey,2017,s_imp_u,85.11194040960982,85.53354,changed
DJI,EDAM,Survey,2017,s_lat_nemp_r,98.4153363236191,96.3454,changed
DJI,EDAM,Survey,2017,s_lat_nemp_u,60.3693418589163,57.84296,changed
DJI,EDAM,Survey,2017,s_od_r,68.24387010161792,64.95798,changed
DJI,EDAM,Survey,2017,s_od_u,3.4854355564080812,3.02014,changed
DJI,EDAM,Survey,2017,s_sep_nemp_r,98.4153363236191,96.3454,changed
DJI,EDAM,Survey,2017,s_sep_nemp_u,60.3693418589163,57.84296,changed
DMA,CEN,Census,2011,s_imp_n,NA,80.9063035081432,added
DMA,CEN,Census,2011,s_lat_n,NA,8.50953689324254,added
DMA,CEN,Census,2011,s_od_n,NA,9.34973917891132,added
DMA,CEN,Census,2011,s_sep_n,NA,60.247680484211365,added
DMA,CEN,Census,2011,s_sew_n,NA,12.149086130689286,added
DNK,EUSILC,Admin,2012,s_imp_r,100,NA,removed
DNK,EU SILC,Admin,2012,s_imp_r,NA,100,added
DNK,EUSILC,Admin,2012,s_imp_u,100.00000000000001,NA,removed
DNK,EU SILC,Admin,2012,s_imp_u,NA,100,added
DNK,EUSILC,Admin,2012,s_lat_n,0.7000000000000028,NA,removed
DNK,EUSILC,Admin,2012,s_lat_r,0.5999999999999943,NA,removed
DNK,EUSILC,Admin,2012,s_lat_u,0.7000000000000028,NA,removed
DNK,EU SILC,Admin,2012,s_shared_n,NA,0.4024144869215292,added
DNK,EUSILC,Admin,2012,s_shared_r,0.4024144869215292,NA,removed
DNK,EU SILC,Admin,2012,s_shared_r,NA,0.4024144869215292,added
DNK,EUSILC,Admin,2012,s_shared_u,0.4028197381671702,NA,removed
DNK,EU SILC,Admin,2012,s_shared_u,NA,0.4028197381671702,added
DNK,EUSILC,Admin,2013,s_imp_r,100,NA,removed
DNK,EU SILC,Admin,2013,s_imp_r,NA,100,added
DNK,EUSILC,Admin,2013,s_imp_u,100,NA,removed
DNK,EU SILC,Admin,2013,s_imp_u,NA,100,added
DNK,EUSILC,Admin,2013,s_lat_r,0.09999999999999432,NA,removed
DNK,EUSILC,Admin,2013,s_lat_u,0.7999999999999972,NA,removed
DNK,ES,Admin,2014,s_imp_n,100,NA,removed
DNK,EUSILC,Admin,2014,s_imp_r,100,NA,removed
DNK,EU SILC,Admin,2014,s_imp_r,NA,100,added
DNK,EUSILC,Admin,2014,s_imp_u,100,NA,removed
DNK,EU SILC,Admin,2014,s_imp_u,NA,100,added
DNK,EUSILC,Admin,2014,s_lat_n,0.5,NA,removed
DNK,EUSILC,Admin,2014,s_lat_r,0.09999999999999432,NA,removed
DNK,EUSILC,Admin,2014,s_lat_u,0.7000000000000028,NA,removed
DNK,EUSILC,Admin,2015,s_imp_r,100,NA,removed
DNK,EU SILC,Admin,2015,s_imp_r,NA,100,added
DNK,EUSILC,Admin,2015,s_imp_u,100,NA,removed
DNK,EU SILC,Admin,2015,s_imp_u,NA,100,added
DNK,ES,Admin,2015,s_lat_n,NA,0,added
DNK,EUSILC,Admin,2015,s_lat_r,0.09999999999999432,NA,removed
DNK,EUSILC,Admin,2015,s_lat_u,0.9000000000000057,NA,removed
DNK,ES,Admin,2015,s_sep_n,NA,9,added
DNK,ES,Admin,2015,s_sew_n,NA,91,added
DNK,ES,Admin,2015,s_treat_wtp_n,NA,99.78021978021978,added
DNK,ES,Admin,2016,s_lat_n,NA,0,added
DNK,ES,Admin,2016,s_sep_n,NA,8.3,added
DNK,ES,Admin,2016,s_sew_n,NA,91.7,added
DNK,ES,Admin,2016,s_treat_wtp_n,NA,99.78189749182114,added
DNK,ES,Admin,2017,s_lat_n,NA,0,added
DNK,ES,Admin,2017,s_sep_n,NA,8.091908091908092,added
DNK,ES,Admin,2017,s_sew_n,NA,91.9080919080919,added
DNK,ES,Admin,2017,s_treat_wtp_n,NA,99.7823721436344,added
DOM,MICS,Survey,2000,s_imp_r,84.49971264367815,84.51578390804598,changed
DOM,MICS,Survey,2000,s_imp_u,96.94433656957928,96.92106258899676,changed
DOM,MICS,Survey,2000,s_lat_r,75.46856729873508,NA,removed
DOM,MICS,Survey,2000,s_lat_u,54.59085405209675,NA,removed
DOM,MICS,Survey,2000,s_od_r,6.4,6.45849,changed
DOM,MICS,Survey,2000,s_od_u,0.6,0.56595,changed
DOM,MICS,Survey,2000,s_sew_r,9.031145344943068,NA,removed
DOM,MICS,Survey,2000,s_sew_u,42.353482517482526,NA,removed
DOM,DHS,Survey,2002,s_lat_r,75.66691225720027,NA,removed
DOM,CEN,Census,2002,s_lat_r,75.66691225720027,NA,removed
DOM,DHS,Survey,2002,s_lat_u,57.80002797202796,NA,removed
DOM,CEN,Census,2002,s_lat_u,57.80002797202796,NA,removed
DOM,DHS,Survey,2002,s_sew_r,8.733087742799734,NA,removed
DOM,CEN,Census,2002,s_sew_r,8.733087742799734,NA,removed
DOM,DHS,Survey,2002,s_sew_u,36.39997202797204,NA,removed
DOM,CEN,Census,2002,s_sew_u,36.39997202797204,NA,removed
DOM,ENH,Survey,2006,s_lat_r,76.76992632283992,NA,removed
DOM,ENH,Survey,2006,s_lat_u,55.08324475524475,NA,removed
DOM,ENH,Survey,2006,s_sew_r,10.73007367716008,NA,removed
DOM,ENH,Survey,2006,s_sew_u,40.31675524475526,NA,removed
DOM,ENH,Survey,2006,s_shared_r,NA,14.4,added
DOM,ENH,Survey,2006,s_shared_u,NA,6.60377358490566,added
DOM,SDHS,Survey,2007,s_lat_r,54.85378138427955,NA,removed
DOM,DHS,Survey,2007,s_lat_r,77.05261516781147,NA,removed
DOM,DHS,Survey,2007,s_lat_u,55.24176001219359,NA,removed
DOM,DHS,Survey,2007,s_sew_r,9.78980250733167,NA,removed
DOM,DHS,Survey,2007,s_sew_u,40.91027532803036,NA,removed
DOM,ENH,Survey,2008,s_imp_r,NA,89.17055146953405,added
DOM,ENH,Survey,2008,s_imp_u,NA,96.36394089385476,added
DOM,ENH,Survey,2008,s_od_r,NA,4.01918,added
DOM,ENH,Survey,2008,s_od_u,NA,1.28751,added
DOM,ENHOGAR,Survey,2010,s_imp_r,83.9,NA,removed
DOM,ENH,Survey,2010,s_imp_r,NA,83.9,added
DOM,ENHOGAR,Survey,2010,s_imp_u,95.10000000000001,NA,removed
DOM,ENH,Survey,2010,s_imp_u,NA,95.1,added
DOM,ENHOGAR,Survey,2010,s_lat_r,80.81934034537647,NA,removed
DOM,CEN,Census,2010,s_lat_r,77.67042000639604,NA,removed
DOM,ENHOGAR,Survey,2010,s_lat_u,70.69772972989637,NA,removed
DOM,CEN,Census,2010,s_lat_u,69.64590603804209,NA,removed
DOM,ENHOGAR,Survey,2010,s_od_r,10,NA,removed
DOM,ENH,Survey,2010,s_od_r,NA,10,added
DOM,ENHOGAR,Survey,2010,s_od_u,2.1,NA,removed
DOM,ENH,Survey,2010,s_od_u,NA,2.1,added
DOM,ENHOGAR,Survey,2010,s_shared_r,17.75956284153006,NA,removed
DOM,ENH,Survey,2010,s_shared_r,NA,17.75956284153006,added
DOM,ENHOGAR,Survey,2010,s_shared_u,14.348785871964678,NA,removed
DOM,ENH,Survey,2010,s_shared_u,NA,14.348785871964678,added
DOM,WWT,Admin,2010,s_treat_wtp_n,33.1,NA,removed
DOM,ENH,Survey,2011,s_lat_r,78.02743366659134,NA,removed
DOM,ENH,Survey,2011,s_lat_u,69.86290603292963,NA,removed
DOM,ENH,Survey,2011,s_shared_r,NA,18.395061728395063,added
DOM,ENH,Survey,2011,s_shared_u,NA,10.526315789473683,added
DOM,WWT,Admin,2011,s_treat_wtp_n,18.024794434442526,NA,removed
DOM,ENHOGAR,Survey,2012,s_imp_r,87.7,NA,removed
DOM,ENH,Survey,2012,s_imp_r,NA,87.7,added
DOM,ENHOGAR,Survey,2012,s_imp_u,96.80000000000001,NA,removed
DOM,ENH,Survey,2012,s_imp_u,NA,96.8,added
DOM,ENHOGAR,Survey,2012,s_lat_r,83.73657822212178,NA,removed
DOM,ENHOGAR,Survey,2012,s_lat_u,71.17302356828516,NA,removed
DOM,ENHOGAR,Survey,2012,s_od_r,8.1,NA,removed
DOM,ENH,Survey,2012,s_od_r,NA,8.1,added
DOM,ENHOGAR,Survey,2012,s_od_u,1.9,NA,removed
DOM,ENH,Survey,2012,s_od_u,NA,1.9,added
DOM,ENHOGAR,Survey,2012,s_shared_r,17.10376282782212,NA,removed
DOM,ENH,Survey,2012,s_shared_r,NA,17.10376282782212,added
DOM,ENHOGAR,Survey,2012,s_shared_u,10.74380165289256,NA,removed
DOM,ENH,Survey,2012,s_shared_u,NA,10.74380165289256,added
DOM,WWT,Admin,2012,s_treat_wtp_n,23.992088256072734,NA,removed
DOM,ENH,Survey,2013,s_imp_r,86.1,NA,removed
DOM,DHS-ENDESA,Survey,2013,s_imp_r,89.4,NA,removed
DOM,DHS,Survey,2013,s_imp_r,NA,89.4,added
DOM,ENH,Survey,2013,s_imp_u,94.7,NA,removed
DOM,DHS-ENDESA,Survey,2013,s_imp_u,96.39999999999999,NA,removed
DOM,DHS,Survey,2013,s_imp_u,NA,96.4,added
DOM,ENH,Survey,2013,s_lat_r,82.68605260496398,NA,removed
DOM,DHS-ENDESA,Survey,2013,s_lat_r,84.9231349463512,NA,removed
DOM,ENH,Survey,2013,s_lat_u,71.58367119958815,NA,removed
DOM,DHS-ENDESA,Survey,2013,s_lat_u,71.17105307080878,NA,removed
DOM,DHS-ENDESA,Survey,2013,s_od_r,5.9,NA,removed
DOM,DHS,Survey,2013,s_od_r,NA,5.9,added
DOM,DHS-ENDESA,Survey,2013,s_od_u,1.7,NA,removed
DOM,DHS,Survey,2013,s_od_u,NA,1.7,added
DOM,DHS-ENDESA,Survey,2013,s_shared_r,14.876957494407158,NA,removed
DOM,ENH,Survey,2013,s_shared_r,NA,17.88617886178862,added
DOM,DHS,Survey,2013,s_shared_r,NA,14.876957494407158,added
DOM,DHS-ENDESA,Survey,2013,s_shared_u,10.58091286307054,NA,removed
DOM,ENH,Survey,2013,s_shared_u,NA,12.143611404435058,added
DOM,DHS,Survey,2013,s_shared_u,NA,10.58091286307054,added
DOM,WWT,Admin,2013,s_treat_wtp_n,22.52551340855679,NA,removed
DOM,ENHOGAR,Survey,2014,s_imp_r,93.50884000000002,NA,removed
DOM,ENH,Survey,2014,s_imp_r,NA,93.50884000000002,added
DOM,ENHOGAR,Survey,2014,s_imp_u,96.31995,NA,removed
DOM,ENH,Survey,2014,s_imp_u,NA,96.31995,added
DOM,ENHOGAR,Survey,2014,s_lat_r,46.536450000000016,NA,removed
DOM,ENH,Survey,2014,s_lat_r,NA,46.536450000000016,added
DOM,ENHOGAR,Survey,2014,s_lat_u,13.058720000000008,NA,removed
DOM,ENH,Survey,2014,s_lat_u,NA,13.058720000000008,added
DOM,ENHOGAR,Survey,2014,s_od_r,5.42833,NA,removed
DOM,ENH,Survey,2014,s_od_r,NA,5.42833,added
DOM,ENHOGAR,Survey,2014,s_od_u,1.16844,NA,removed
DOM,ENH,Survey,2014,s_od_u,NA,1.16844,added
DOM,ENHOGAR,Survey,2014,s_sep_r,41.61957,NA,removed
DOM,ENH,Survey,2014,s_sep_r,NA,41.61957,added
DOM,ENHOGAR,Survey,2014,s_sep_u,55.45157,NA,removed
DOM,ENH,Survey,2014,s_sep_u,NA,55.45157,added
DOM,ENHOGAR,Survey,2014,s_sew_r,5.35282,NA,removed
DOM,ENH,Survey,2014,s_sew_r,NA,5.35282,added
DOM,ENHOGAR,Survey,2014,s_sew_u,27.80966,NA,removed
DOM,ENH,Survey,2014,s_sew_u,NA,27.80966,added
DOM,ENHOGAR,Survey,2014,s_shared_r,23.29563625494257,NA,removed
DOM,ENH,Survey,2014,s_shared_r,NA,23.29563625494257,added
DOM,ENHOGAR,Survey,2014,s_shared_u,14.354878912831953,NA,removed
DOM,ENH,Survey,2014,s_shared_u,NA,14.354878912831952,added
DOM,WWT,Admin,2014,s_treat_wtp_n,16.405090237815696,NA,removed
DOM,ENHOGAR,Survey,2015,s_imp_r,88.30000000000001,NA,removed
DOM,ENH,Survey,2015,s_imp_r,NA,88.30000000000001,added
DOM,ENHOGAR,Survey,2015,s_imp_u,96.5,NA,removed
DOM,ENH,Survey,2015,s_imp_u,NA,96.5,added
DOM,ENHOGAR,Survey,2015,s_lat_r,84.0032904817093,NA,removed
DOM,ENHOGAR,Survey,2015,s_lat_u,69.98511160111701,NA,removed
DOM,ENHOGAR,Survey,2015,s_od_r,6.5,NA,removed
DOM,ENH,Survey,2015,s_od_r,NA,6.5,added
DOM,ENHOGAR,Survey,2015,s_od_u,1.4,NA,removed
DOM,ENH,Survey,2015,s_od_u,NA,1.4,added
DOM,ENHOGAR,Survey,2015,s_sew_r,4.29670951829071,NA,removed
DOM,ENHOGAR,Survey,2015,s_sew_u,26.514888398882995,NA,removed
DOM,ENHOGAR,Survey,2015,s_shared_r,14.835787089467722,NA,removed
DOM,ENH,Survey,2015,s_shared_r,NA,14.835787089467722,added
DOM,ENHOGAR,Survey,2015,s_shared_u,8.808290155440414,NA,removed
DOM,ENH,Survey,2015,s_shared_u,NA,8.808290155440414,added
DOM,WWT,Admin,2015,s_treat_wtp_n,27.979901681883323,NA,removed
DOM,ENHOGAR,Survey,2016,s_imp_r,90.89999999999999,NA,removed
DOM,ENH,Survey,2016,s_imp_r,NA,90.9,added
DOM,ENHOGAR,Survey,2016,s_imp_u,97.5,NA,removed
DOM,ENH,Survey,2016,s_imp_u,NA,97.5,added
DOM,ENHOGAR,Survey,2016,s_lat_r,85.66648169784716,NA,removed
DOM,ENHOGAR,Survey,2016,s_lat_u,70.28090555819054,NA,removed
DOM,ENHOGAR,Survey,2016,s_od_r,5.5,NA,removed
DOM,ENH,Survey,2016,s_od_r,NA,5.5,added
DOM,ENHOGAR,Survey,2016,s_od_u,1.5,NA,removed
DOM,ENH,Survey,2016,s_od_u,NA,1.5,added
DOM,ENHOGAR,Survey,2016,s_sew_r,5.233518302152834,NA,removed
DOM,ENHOGAR,Survey,2016,s_sew_u,27.219094441809453,NA,removed
DOM,ENH,Survey,2016,s_shared_r,NA,14.937630000000002,added
DOM,ENH,Survey,2016,s_shared_u,NA,9.06798,added
DOM,WWT,Admin,2016,s_treat_wtp_n,26.7,NA,removed
DOM,ENH,Survey,2017,s_imp_r,NA,91.16655,added
DOM,ENH,Survey,2017,s_imp_u,NA,97.80228,added
DOM,ENH,Survey,2017,s_od_r,NA,5.39916,added
DOM,ENH,Survey,2017,s_od_u,NA,1.1273,added
DOM,ENH,Survey,2017,s_shared_r,NA,12.24068,added
DOM,ENH,Survey,2017,s_shared_u,NA,6.79085,added
DOM,ENH,Survey,2018,s_imp_r,NA,90.39105,added
DOM,ENH,Survey,2018,s_imp_u,NA,97.75959,added
DOM,ENH,Survey,2018,s_lat_r,NA,33.161170000000006,added
DOM,ENH,Survey,2018,s_lat_u,NA,10.254689999999997,added
DOM,ENH,Survey,2018,s_od_r,NA,6.10999,added
DOM,ENH,Survey,2018,s_od_u,NA,1.24723,added
DOM,ENH,Survey,2018,s_sep_r,NA,54.05387,added
DOM,ENH,Survey,2018,s_sep_u,NA,68.06247,added
DOM,ENH,Survey,2018,s_sew_r,NA,3.1760100000000002,added
DOM,ENH,Survey,2018,s_sew_u,NA,19.44243,added
DOM,ENH,Survey,2018,s_shared_r,NA,13.07876,added
DOM,ENH,Survey,2018,s_shared_u,NA,7.11762,added
DZA,MICS,Survey,2019,s_imp_r,NA,88.33077,added
DZA,MICS,Survey,2019,s_imp_u,NA,99.18646,added
DZA,MICS,Survey,2019,s_lat_ebo_r,NA,4.9363,added
DZA,MICS,Survey,2019,s_lat_ebo_u,NA,1.53737,added
DZA,MICS,Survey,2019,s_lat_edl_r,NA,7.7953,added
DZA,MICS,Survey,2019,s_lat_edl_u,NA,5.24877,added
DZA,MICS,Survey,2019,s_lat_ero_r,NA,19.95293,added
DZA,MICS,Survey,2019,s_lat_ero_u,NA,24.76023,added
DZA,MICS,Survey,2019,s_lat_nemp_r,NA,67.31547,added
DZA,MICS,Survey,2019,s_lat_nemp_u,NA,68.45363,added
DZA,MICS,Survey,2019,s_lat_r,NA,8.529619999999994,added
DZA,MICS,Survey,2019,s_lat_u,NA,0.23852999999999724,added
DZA,MICS,Survey,2019,s_od_r,NA,1.42411,added
DZA,MICS,Survey,2019,s_od_u,NA,0.01042,added
DZA,MICS,Survey,2019,s_sep_ebo_r,NA,10.3258,added
DZA,MICS,Survey,2019,s_sep_ebo_u,NA,14.58854,added
DZA,MICS,Survey,2019,s_sep_edl_r,NA,7.11522,added
DZA,MICS,Survey,2019,s_sep_edl_u,NA,11.7306,added
DZA,MICS,Survey,2019,s_sep_ero_r,NA,11.26513,added
DZA,MICS,Survey,2019,s_sep_ero_u,NA,9.86576,added
DZA,MICS,Survey,2019,s_sep_nemp_r,NA,71.29385,added
DZA,MICS,Survey,2019,s_sep_nemp_u,NA,63.8151,added
DZA,MICS,Survey,2019,s_sep_r,NA,17.92059,added
DZA,MICS,Survey,2019,s_sep_u,NA,1.59666,added
DZA,MICS,Survey,2019,s_sew_r,NA,61.88056,added
DZA,MICS,Survey,2019,s_sew_u,NA,97.35127,added
DZA,MICS,Survey,2019,s_shared_r,NA,12.81312,added
DZA,MICS,Survey,2019,s_shared_u,NA,9.82225,added
ECU,RGAPA,Admin,2016,s_treat_wtp_n,NA,29.3,added
ECU,RGAPA,Admin,2017,s_treat_wtp_n,NA,23.3,added
ECU,ENEMDU,Survey,2019,s_imp_r,NA,92.44494,added
ECU,ENEMDU,Survey,2019,s_imp_u,NA,99.59924,added
ECU,ENEMDU,Survey,2019,s_lat_nemp_r,NA,91.66439,added
ECU,ENEMDU,Survey,2019,s_lat_nemp_u,NA,93.79224,added
ECU,ENEMDU,Survey,2019,s_lat_r,NA,18.315200000000004,added
ECU,ENEMDU,Survey,2019,s_lat_u,NA,1.7582799999999992,added
ECU,ENEMDU,Survey,2019,s_od_r,NA,6.38511,added
ECU,ENEMDU,Survey,2019,s_od_u,NA,0.11802,added
ECU,ENEMDU,Survey,2019,s_sep_con_r,NA,91.23788,added
ECU,ENEMDU,Survey,2019,s_sep_con_u,NA,94.44332,added
ECU,ENEMDU,Survey,2019,s_sep_nemp_r,NA,88.366,added
ECU,ENEMDU,Survey,2019,s_sep_nemp_u,NA,80.42761,added
ECU,ENEMDU,Survey,2019,s_sep_r,NA,50.53586,added
ECU,ENEMDU,Survey,2019,s_sep_u,NA,15.93387,added
ECU,ENEMDU,Survey,2019,s_sew_r,NA,23.59388,added
ECU,ENEMDU,Survey,2019,s_sew_u,NA,81.90709,added
ECU,ENEMDU,Survey,2019,s_shared_r,NA,5.181913389830227,added
ECU,ENEMDU,Survey,2019,s_shared_u,NA,6.3088718486384545,added
EGY,LFS,Survey,2010,s_imp_r,NA,98.721315,added
EGY,LFS,Survey,2010,s_imp_u,NA,99.08159,added
EGY,LFS,Survey,2010,s_lat_r,NA,0.206665000000001,added
EGY,LFS,Survey,2010,s_lat_u,NA,0.06441999999999837,added
EGY,LFS,Survey,2010,s_od_r,NA,1.0720299999999998,added
EGY,LFS,Survey,2010,s_od_u,NA,0.85399,added
EGY,LFS,Survey,2010,s_sep_r,NA,59.71681,added
EGY,LFS,Survey,2010,s_sep_u,NA,9.80139,added
EGY,LFS,Survey,2010,s_sew_r,NA,38.79784,added
EGY,LFS,Survey,2010,s_sew_u,NA,89.21578,added
EGY,LFS,Survey,2010,s_shared_r,NA,5.753656137988031,added
EGY,LFS,Survey,2010,s_shared_u,NA,1.936706909931502,added
EGY,LFS,Survey,2011,s_imp_r,NA,98.52557,added
EGY,LFS,Survey,2011,s_imp_u,NA,99.15287,added
EGY,LFS,Survey,2011,s_lat_r,NA,0.3220799999999997,added
EGY,LFS,Survey,2011,s_lat_u,NA,0.05155999999999494,added
EGY,LFS,Survey,2011,s_od_r,NA,1.15234,added
EGY,LFS,Survey,2011,s_od_u,NA,0.79556,added
EGY,LFS,Survey,2011,s_sep_r,NA,55.95139,added
EGY,LFS,Survey,2011,s_sep_u,NA,9.0757,added
EGY,LFS,Survey,2011,s_sew_r,NA,42.2521,added
EGY,LFS,Survey,2011,s_sew_u,NA,90.02561,added
EGY,LFS,Survey,2011,s_shared_r,NA,5.92323393815433,added
EGY,LFS,Survey,2011,s_shared_u,NA,1.8065538597117767,added
EGY,MDG+,Other,2012,s_treat_wtp_r,79.02787681354172,NA,removed
EGY,MDG,Other,2012,s_treat_wtp_r,NA,79.02787681354172,added
EGY,MDG+,Other,2012,s_treat_wtp_u,73.26038062932551,NA,removed
EGY,MDG,Other,2012,s_treat_wtp_u,NA,73.26038062932551,added
EGY,HIEC,Survey,2013,s_imp_r,98.6,NA,removed
EGY,HIECS,Survey,2013,s_imp_r,NA,98.6,added
EGY,HIEC,Survey,2013,s_imp_u,99.7,NA,removed
EGY,HIECS,Survey,2013,s_imp_u,NA,99.7,added
EGY,HIEC,Survey,2013,s_lat_r,14.400000000000006,NA,removed
EGY,HIECS,Survey,2013,s_lat_r,NA,14.400000000000006,added
EGY,HIEC,Survey,2013,s_lat_u,2.0999999999999943,NA,removed
EGY,HIECS,Survey,2013,s_lat_u,NA,2.0999999999999943,added
EGY,HIEC,Survey,2013,s_od_r,0.5,NA,removed
EGY,HIECS,Survey,2013,s_od_r,NA,0.5,added
EGY,HIEC,Survey,2013,s_od_u,0.2,NA,removed
EGY,HIECS,Survey,2013,s_od_u,NA,0.2,added
EGY,HIEC,Survey,2013,s_sep_r,41.9,NA,removed
EGY,HIECS,Survey,2013,s_sep_r,NA,41.9,added
EGY,HIEC,Survey,2013,s_sep_u,5.2,NA,removed
EGY,HIECS,Survey,2013,s_sep_u,NA,5.2,added
EGY,HIEC,Survey,2013,s_sew_r,42.3,NA,removed
EGY,HIECS,Survey,2013,s_sew_r,NA,42.3,added
EGY,HIEC,Survey,2013,s_sew_u,92.4,NA,removed
EGY,HIECS,Survey,2013,s_sew_u,NA,92.4,added
EGY,MDG+,Other,2013,s_treat_wtp_r,75.7224064694535,NA,removed
EGY,MDG,Other,2013,s_treat_wtp_r,NA,75.7224064694535,added
EGY,MDG+,Other,2013,s_treat_wtp_u,72.814515853284007,NA,removed
EGY,MDG,Other,2013,s_treat_wtp_u,NA,72.814515853283993,added
EGY,HIECS,Survey,2015,s_lat_r,NA,4.149039999999999,added
EGY,DHS,Survey,2015,s_lat_r,NA,0,added
EGY,HIECS,Survey,2015,s_lat_u,NA,0.36267999999999745,added
EGY,DHS,Survey,2015,s_lat_u,NA,0,added
EGY,CEN,Census,2017,s_shared_r,12.032290142751831,NA,removed
EGY,CEN,Census,2017,s_shared_u,3.7712888341504915,NA,removed
EGY,ELMPS,Survey,2018,s_imp_r,NA,98.20916,added
EGY,ELMPS,Survey,2018,s_imp_u,NA,99.77850000000002,added
EGY,ELMPS,Survey,2018,s_lat_r,NA,11.151489999999995,added
EGY,ELMPS,Survey,2018,s_lat_u,NA,2.947389999999998,added
EGY,ELMPS,Survey,2018,s_od_r,NA,0.65249,added
EGY,ELMPS,Survey,2018,s_od_u,NA,0.07146,added
EGY,ELMPS,Survey,2018,s_sep_r,NA,32.71358,added
EGY,ELMPS,Survey,2018,s_sep_u,NA,5.2082,added
EGY,ELMPS,Survey,2018,s_sew_r,NA,54.34409000000001,added
EGY,ELMPS,Survey,2018,s_sew_u,NA,91.62291000000002,added
EGY,ELMPS,Survey,2018,s_shared_r,NA,2.51433,added
EGY,ELMPS,Survey,2018,s_shared_u,NA,1.53136,added
ESP,WHS,Survey,2003,s_lat_r,0.10999999999999943,NA,removed
ESP,WHS,Survey,2003,s_lat_u,0.0799999999999983,NA,removed
ESP,WHS,Survey,2003,s_sep_r,4.73,NA,removed
ESP,WHS,Survey,2003,s_sep_u,1.88,NA,removed
ESP,WHS,Survey,2003,s_sew_r,95.11,NA,removed
ESP,WHS,Survey,2003,s_sew_u,97.94,NA,removed
ESP,EU SILC,Admin,2012,s_lat_r,0.593977607361964,NA,removed
ESP,EU SILC,Admin,2012,s_lat_u,0,NA,removed
ESP,EU SILC,Admin,2012,s_sew_r,99.40602239263804,NA,removed
ESP,EU SILC,Admin,2012,s_sew_u,99.89999999999999,NA,removed
ESP,EUSILC,Admin,2013,s_imp_r,100,NA,removed
ESP,EU SILC,Admin,2013,s_imp_r,NA,100,added
ESP,EUSILC,Admin,2013,s_imp_u,100,NA,removed
ESP,EU SILC,Admin,2013,s_imp_u,NA,100,added
ESP,EUSILC,Admin,2013,s_lat_r,0.2921389570552151,NA,removed
ESP,EUSILC,Admin,2013,s_lat_u,0,NA,removed
ESP,EUSILC,Admin,2013,s_sew_r,99.70786104294478,NA,removed
ESP,EUSILC,Admin,2013,s_sew_u,100,NA,removed
ESP,EUSILC,Admin,2014,s_imp_r,100,NA,removed
ESP,EU SILC,Admin,2014,s_imp_r,NA,100,added
ESP,EUSILC,Admin,2014,s_imp_u,100,NA,removed
ESP,EU SILC,Admin,2014,s_imp_u,NA,100,added
ESP,EUSILC,Admin,2014,s_lat_r,0.38938098159509593,NA,removed
ESP,EUSILC,Admin,2014,s_lat_u,0,NA,removed
ESP,EUSILC,Admin,2014,s_sew_r,99.6106190184049,NA,removed
ESP,EUSILC,Admin,2014,s_sew_u,100,NA,removed
ESP,EUSILC,Admin,2015,s_imp_r,100,NA,removed
ESP,EU SILC,Admin,2015,s_imp_r,NA,100,added
ESP,EUSILC,Admin,2015,s_imp_u,100,NA,removed
ESP,EU SILC,Admin,2015,s_imp_u,NA,100,added
ESP,EUSILC,Admin,2015,s_lat_r,0.2875423312883356,NA,removed
ESP,EUSILC,Admin,2015,s_lat_u,0.09999999999999432,NA,removed
ESP,EUSILC,Admin,2015,s_sew_r,99.71245766871166,NA,removed
ESP,EUSILC,Admin,2015,s_sew_u,99.9,NA,removed
EST,HBS,Survey,2000,s_lat_r,47.59256611865618,NA,removed
EST,CEN,Census,2000,s_lat_r,0,NA,removed
EST,HBS,Survey,2000,s_lat_u,10.208333333333329,NA,removed
EST,CEN,Census,2000,s_lat_u,0,NA,removed
EST,HBS,Survey,2000,s_sew_r,51.400000000000006,NA,removed
EST,CEN,Census,2000,s_sew_r,63.3,NA,removed
EST,HBS,Survey,2000,s_sew_u,89.5,NA,removed
EST,CEN,Census,2000,s_sew_u,93,NA,removed
EST,HBS,Survey,2001,s_lat_r,50.23659756969263,NA,removed
EST,HBS,Survey,2001,s_lat_u,10.013888888888886,NA,removed
EST,HBS,Survey,2001,s_sew_r,48.699999999999996,NA,removed
EST,HBS,Survey,2001,s_sew_u,89.7,NA,removed
EST,HBS,Survey,2002,s_lat_r,49.355253752680476,NA,removed
EST,HBS,Survey,2002,s_lat_u,9.138888888888886,NA,removed
EST,HBS,Survey,2002,s_sew_r,49.6,NA,removed
EST,HBS,Survey,2002,s_sew_u,90.60000000000001,NA,removed
EST,WHS,Survey,2003,s_lat_r,41.09999999999999,NA,removed
EST,HBS,Survey,2003,s_lat_r,48.27805575411007,NA,removed
EST,WHS,Survey,2003,s_lat_u,9.100000000000009,NA,removed
EST,HBS,Survey,2003,s_lat_u,8.555555555555557,NA,removed
EST,WHS,Survey,2003,s_od_r,0,NA,removed
EST,WHS,Survey,2003,s_od_u,0,NA,removed
EST,WHS,Survey,2003,s_sep_r,9.5,NA,removed
EST,WHS,Survey,2003,s_sep_u,2,NA,removed
EST,WHS,Survey,2003,s_sew_r,48.6,NA,removed
EST,HBS,Survey,2003,s_sew_r,50.7,NA,removed
EST,WHS,Survey,2003,s_sew_u,88.4,NA,removed
EST,HBS,Survey,2003,s_sew_u,91.2,NA,removed
EST,ES,Admin,2010,s_sep_nemp_n,NA,100,added
EST,ES,Admin,2010,s_sew_n,81.5,78.8,changed
EST,ES,Admin,2010,s_treat_wtp_n,96.07361963190183,99.36548223350252,changed
EST,ES,Admin,2011,s_sep_nemp_n,NA,100,added
EST,EUSILC,Admin,2012,s_imp_r,99.9,NA,removed
EST,EU SILC,Admin,2012,s_imp_r,NA,99.9,added
EST,EUSILC,Admin,2012,s_imp_u,100.1,NA,removed
EST,EU SILC,Admin,2012,s_imp_u,NA,100.1,added
EST,EUSILC,Admin,2012,s_lat_r,39.703524730823545,NA,removed
EST,EUSILC,Admin,2012,s_lat_u,1.7000000000000028,NA,removed
EST,ES,Admin,2012,s_sep_nemp_n,NA,100,added
EST,EUSILC,Admin,2012,s_sew_r,60.19647526917646,NA,removed
EST,EUSILC,Admin,2012,s_sew_u,98.39999999999999,NA,removed
EST,EUSILC,Admin,2012,s_shared_r,0.517464424320828,NA,removed
EST,EU SILC,Admin,2012,s_shared_r,NA,0.517464424320828,added
EST,EUSILC,Admin,2012,s_shared_u,0.6097560975609756,NA,removed
EST,EU SILC,Admin,2012,s_shared_u,NA,0.6097560975609756,added
EST,EUSILC,Admin,2013,s_imp_r,100,NA,removed
EST,EU SILC,Admin,2013,s_imp_r,NA,100,added
EST,EUSILC,Admin,2013,s_imp_u,100,NA,removed
EST,EU SILC,Admin,2013,s_imp_u,NA,100,added
EST,EUSILC,Admin,2013,s_lat_r,38.10657687585214,NA,removed
EST,EUSILC,Admin,2013,s_lat_u,1.4000000000000057,NA,removed
EST,ES,Admin,2013,s_sep_nemp_n,NA,100,added
EST,EUSILC,Admin,2013,s_sew_r,61.89342312414786,NA,removed
EST,EUSILC,Admin,2013,s_sew_u,98.6,NA,removed
EST,ES,Admin,2013,s_treat_wtp_n,99.92700729927006,99.87834549878346,changed
EST,EUSILC,Admin,2014,s_imp_r,100,NA,removed
EST,EU SILC,Admin,2014,s_imp_r,NA,100,added
EST,EUSILC,Admin,2014,s_imp_u,100,NA,removed
EST,EU SILC,Admin,2014,s_imp_u,NA,100,added
EST,EUSILC,Admin,2014,s_lat_r,35.522126100147176,NA,removed
EST,EUSILC,Admin,2014,s_lat_u,1.2000000000000028,NA,removed
EST,ES,Admin,2014,s_sep_nemp_n,NA,100,added
EST,EUSILC,Admin,2014,s_sew_r,64.47787389985282,NA,removed
EST,EUSILC,Admin,2014,s_sew_u,98.8,NA,removed
EST,EUSILC,Admin,2015,s_imp_r,100,NA,removed
EST,EU SILC,Admin,2015,s_imp_r,NA,100,added
EST,EUSILC,Admin,2015,s_imp_u,100,NA,removed
EST,EU SILC,Admin,2015,s_imp_u,NA,100,added
EST,ES,Admin,2015,s_lat_n,NA,0,added
EST,EUSILC,Admin,2015,s_lat_r,34.32466778963129,NA,removed
EST,EUSILC,Admin,2015,s_lat_u,1,NA,removed
EST,ES,Admin,2015,s_sep_n,NA,5,added
EST,ES,Admin,2015,s_sep_nemp_n,NA,100,added
EST,ES,Admin,2015,s_sew_n,NA,82.66,added
EST,EUSILC,Admin,2015,s_sew_r,65.67533221036871,NA,removed
EST,EUSILC,Admin,2015,s_sew_u,99,NA,removed
EST,ES,Admin,2015,s_treat_wtp_n,NA,96.17711105734334,added
EST,ES,Admin,2016,s_lat_n,NA,0,added
EST,ES,Admin,2016,s_sep_n,NA,5,added
EST,ES,Admin,2016,s_sep_nemp_n,NA,100,added
EST,ES,Admin,2016,s_sew_n,NA,82.87,added
EST,ES,Admin,2016,s_treat_wtp_n,NA,94.48533848195969,added
EST,ES,Admin,2017,s_lat_n,NA,0,added
EST,ES,Admin,2017,s_sep_n,NA,5,added
EST,ES,Admin,2017,s_sep_nemp_n,NA,100,added
EST,ES,Admin,2017,s_sew_n,NA,82.89999999999999,added
EST,ES,Admin,2017,s_treat_wtp_n,NA,99.96381182147164,added
ETH,WV,Survey,2017,s_lat_con_r,NA,77.55749,added
ETH,WV,Survey,2017,s_lat_ebo_r,NA,0.52724,added
ETH,WV,Survey,2017,s_lat_edl_r,NA,0.52724,added
ETH,WV,Survey,2017,s_lat_ero_r,NA,1.3181,added
ETH,WV,Survey,2017,s_lat_nemp_r,NA,97.62742,added
ETH,WV,Survey,2017,s_sep_con_r,NA,77.55749,added
ETH,WV,Survey,2017,s_sep_ebo_r,NA,0.52724,added
ETH,WV,Survey,2017,s_sep_edl_r,NA,0.52724,added
ETH,WV,Survey,2017,s_sep_ero_r,NA,1.3181,added
ETH,WV,Survey,2017,s_sep_nemp_r,NA,97.62742,added
ETH,PMA,Survey,2018,s_imp_r,NA,4.477620342486006,added
ETH,PMA,Survey,2018,s_imp_u,NA,49.847312184847496,added
ETH,PMA,Survey,2018,s_lat_r,NA,4.477620342486006,added
ETH,PMA,Survey,2018,s_lat_u,NA,40.7917321848475,added
ETH,PMA,Survey,2018,s_od_r,NA,33.46508,added
ETH,PMA,Survey,2018,s_od_u,NA,5.04757,added
ETH,PMA,Survey,2018,s_sep_r,NA,0,added
ETH,PMA,Survey,2018,s_sep_u,NA,7.24217,added
ETH,PMA,Survey,2018,s_sew_r,NA,0,added
ETH,PMA,Survey,2018,s_sew_u,NA,1.81341,added
ETH,PMA,Survey,2018,s_shared_r,NA,38.59056,added
ETH,PMA,Survey,2018,s_shared_u,NA,63.25569,added
ETH,ESS,Survey,2019,s_imp_r,NA,17.59554,added
ETH,ESS,Survey,2019,s_imp_u,NA,58.143530000000005,added
ETH,ESS,Survey,2019,s_lat_ebo_r,NA,0.79517,added
ETH,ESS,Survey,2019,s_lat_ebo_u,NA,1.44791,added
ETH,ESS,Survey,2019,s_lat_edl_r,NA,0,added
ETH,ESS,Survey,2019,s_lat_edl_u,NA,0.08765,added
ETH,ESS,Survey,2019,s_lat_ero_r,NA,0,added
ETH,ESS,Survey,2019,s_lat_ero_u,NA,13.14974,added
ETH,ESS,Survey,2019,s_lat_nemp_r,NA,99.20483,added
ETH,ESS,Survey,2019,s_lat_nemp_u,NA,85.31469,added
ETH,ESS,Survey,2019,s_lat_r,NA,17.51371,added
ETH,ESS,Survey,2019,s_lat_u,NA,45.64715,added
ETH,ESS,Survey,2019,s_od_r,NA,41.25033,added
ETH,ESS,Survey,2019,s_od_u,NA,7.06504,added
ETH,ESS,Survey,2019,s_sep_ebo_u,NA,2.44824,added
ETH,ESS,Survey,2019,s_sep_edl_u,NA,0.30161,added
ETH,ESS,Survey,2019,s_sep_ero_u,NA,33.94256,added
ETH,ESS,Survey,2019,s_sep_nemp_u,NA,63.30759,added
ETH,ESS,Survey,2019,s_sep_r,NA,0.05189,added
ETH,ESS,Survey,2019,s_sep_u,NA,8.62284,added
ETH,ESS,Survey,2019,s_sew_r,NA,0.02994,added
ETH,ESS,Survey,2019,s_sew_u,NA,3.87354,added
ETH,ESS,Survey,2019,s_shared_u,NA,53.31751,added
FIN,ES,Admin,2000,s_lat_n,NA,0,added
FIN,FEI,Admin,2000,s_sep_r,0,NA,removed
FIN,FEI,Admin,2000,s_sep_u,0,NA,removed
FIN,ES,Admin,2000,s_sew_n,NA,80,added
FIN,FEI,Admin,2000,s_sew_r,5,NA,removed
FIN,FEI,Admin,2000,s_sew_u,95,NA,removed
FIN,ES,Admin,2001,s_sep_n,NA,19,added
FIN,ES,Admin,2002,s_sep_n,NA,19,added
FIN,FEI,Admin,2002,s_sep_r,0,NA,removed
FIN,FEI,Admin,2002,s_sep_u,0,NA,removed
FIN,FEI,Admin,2002,s_sew_r,6,NA,removed
FIN,FEI,Admin,2002,s_sew_u,95,NA,removed
FIN,FEI,Admin,2005,s_sep_r,0,NA,removed
FIN,FEI,Admin,2005,s_sep_u,4,NA,removed
FIN,FEI,Admin,2005,s_sew_r,16,NA,removed
FIN,FEI,Admin,2005,s_sew_u,96,NA,removed
FIN,ES,Admin,2008,s_imp_r,NA,100,added
FIN,ES,Admin,2008,s_imp_u,NA,100,added
FIN,ES,Admin,2008,s_lat_n,NA,0,added
FIN,ES,Admin,2009,s_imp_r,NA,100,added
FIN,ES,Admin,2009,s_imp_u,NA,100,added
FIN,ES,Admin,2010,s_imp_r,NA,100,added
FIN,ES,Admin,2010,s_imp_u,NA,100,added
FIN,ES,Admin,2011,s_imp_r,NA,100,added
FIN,ES,Admin,2011,s_imp_u,NA,100,added
FIN,EUSILC,Admin,2012,s_imp_r,99.99552188552188,NA,removed
FIN,EU SILC,Admin,2012,s_imp_r,NA,99.99552188552188,added
FIN,ES,Admin,2012,s_imp_r,NA,100,added
FIN,EUSILC,Admin,2012,s_imp_u,100,NA,removed
FIN,EU SILC,Admin,2012,s_imp_u,NA,100,added
FIN,ES,Admin,2012,s_imp_u,NA,100,added
FIN,EUSILC,Admin,2012,s_sep_r,1.3468013468013424,NA,removed
FIN,EUSILC,Admin,2012,s_sep_u,0.09208103130755774,NA,removed
FIN,EUSILC,Admin,2012,s_shared_r,0.5460998741581102,NA,removed
FIN,EU SILC,Admin,2012,s_shared_r,NA,0.5460998741581102,added
FIN,EUSILC,Admin,2012,s_shared_u,0.5529953917050692,NA,removed
FIN,EU SILC,Admin,2012,s_shared_u,NA,0.5529953917050692,added
FIN,EUSILC,Admin,2013,s_imp_r,100,NA,removed
FIN,EU SILC,Admin,2013,s_imp_r,NA,100,added
FIN,ES,Admin,2013,s_imp_r,NA,100,added
FIN,EUSILC,Admin,2013,s_imp_u,100,NA,removed
FIN,EU SILC,Admin,2013,s_imp_u,NA,100,added
FIN,ES,Admin,2013,s_imp_u,NA,100,added
FIN,ES,Admin,2013,s_sep_n,13,17,changed
FIN,EUSILC,Admin,2013,s_sep_r,0.9000000000000057,NA,removed
FIN,EUSILC,Admin,2013,s_sep_u,0.29999999999999716,NA,removed
FIN,ES,Admin,2013,s_sew_n,87,83,changed
FIN,ES,Admin,2013,s_treat_wtp_n,NA,100,added
FIN,EUSILC,Admin,2014,s_imp_r,100,NA,removed
FIN,EU SILC,Admin,2014,s_imp_r,NA,100,added
FIN,ES,Admin,2014,s_imp_r,NA,100,added
FIN,EUSILC,Admin,2014,s_imp_u,100,NA,removed
FIN,EU SILC,Admin,2014,s_imp_u,NA,100,added
FIN,ES,Admin,2014,s_imp_u,NA,100,added
FIN,ES,Admin,2014,s_lat_n,NA,0,added
FIN,ES,Admin,2014,s_sep_n,NA,15,added
FIN,EUSILC,Admin,2014,s_sep_r,0.9000000000000057,NA,removed
FIN,EUSILC,Admin,2014,s_sep_u,0.29999999999999716,NA,removed
FIN,ES,Admin,2014,s_sew_n,NA,85,added
FIN,ES,Admin,2014,s_treat_wtp_n,NA,100,added
FIN,EUSILC,Admin,2015,s_imp_r,100,NA,removed
FIN,EU SILC,Admin,2015,s_imp_r,NA,100,added
FIN,EUSILC,Admin,2015,s_imp_u,100,NA,removed
FIN,EU SILC,Admin,2015,s_imp_u,NA,100,added
FIN,EUSILC,Admin,2015,s_sep_r,0.7999999999999972,NA,removed
FIN,EUSILC,Admin,2015,s_sep_u,0.29999999999999716,NA,removed
FJI,HIES,Survey,2014,s_imp_r,93.60951243348899,95.97589723762418,changed
FJI,HIES,Survey,2014,s_imp_u,98.7281522289636,99.34332291022342,changed
FJI,HIES,Survey,2014,s_shared_r,NA,2.7459657909257653,added
FJI,HIES,Survey,2014,s_shared_u,NA,4.324046658399175,added
FJI,CEN,Census,2017,s_imp_r,NA,96.72809010373469,added
FJI,CEN,Census,2017,s_imp_u,NA,99.61090925815203,added
FJI,CEN,Census,2017,s_lat_r,NA,27.243878691716844,added
FJI,CEN,Census,2017,s_lat_u,NA,5.362645449110062,added
FJI,CEN,Census,2017,s_od_r,NA,0,added
FJI,CEN,Census,2017,s_od_u,NA,0,added
FJI,CEN,Census,2017,s_sep_r,NA,68.07063094250718,added
FJI,CEN,Census,2017,s_sep_u,NA,58.85204433610818,added
FJI,CEN,Census,2017,s_sew_r,NA,1.413580469510656,added
FJI,CEN,Census,2017,s_sew_u,NA,35.396219472933815,added
FJI,CEN,Census,2017,s_shared_r,NA,1.340855711995626,added
FJI,CEN,Census,2017,s_shared_u,NA,0.5318952461862372,added
FRA,EUSILC,Admin,2012,s_imp_r,100,NA,removed
FRA,EU SILC,Admin,2012,s_imp_r,NA,100,added
FRA,EUSILC,Admin,2012,s_imp_u,100.00000000000001,NA,removed
FRA,EU SILC,Admin,2012,s_imp_u,NA,100,added
FRA,EUSILC,Admin,2012,s_lat_n,0.7000000000000028,NA,removed
FRA,EUSILC,Admin,2012,s_lat_r,0.7000000000000028,NA,removed
FRA,EUSILC,Admin,2012,s_lat_u,0.7000000000000028,NA,removed
FRA,EUSILC,Admin,2012,s_shared_r,1.1077542799597182,NA,removed
FRA,EU SILC,Admin,2012,s_shared_r,NA,1.1077542799597182,added
FRA,EUSILC,Admin,2012,s_shared_u,1.4098690835850956,NA,removed
FRA,EU SILC,Admin,2012,s_shared_u,NA,1.4098690835850956,added
FRA,EUSILC,Admin,2013,s_imp_r,100,NA,removed
FRA,EU SILC,Admin,2013,s_imp_r,NA,100,added
FRA,EUSILC,Admin,2013,s_imp_u,100,NA,removed
FRA,EU SILC,Admin,2013,s_imp_u,NA,100,added
FRA,EUSILC,Admin,2013,s_lat_r,0.7000000000000028,NA,removed
FRA,EUSILC,Admin,2013,s_lat_u,0.5,NA,removed
FRA,EUSILC,Admin,2014,s_imp_r,100,NA,removed
FRA,EU SILC,Admin,2014,s_imp_r,NA,100,added
FRA,EUSILC,Admin,2014,s_imp_u,100,NA,removed
FRA,EU SILC,Admin,2014,s_imp_u,NA,100,added
FRA,EUSILC,Admin,2014,s_lat_n,0.5,NA,removed
FRA,EUSILC,Admin,2014,s_lat_r,0.5,NA,removed
FRA,EUSILC,Admin,2014,s_lat_u,0.4000000000000057,NA,removed
FRA,EUSILC,Admin,2015,s_imp_r,100,NA,removed
FRA,EU SILC,Admin,2015,s_imp_r,NA,100,added
FRA,EUSILC,Admin,2015,s_imp_u,100,NA,removed
FRA,EU SILC,Admin,2015,s_imp_u,NA,100,added
FRA,SIS,Admin,2015,s_lat_con_n,NA,60.8,added
FRA,EUSILC,Admin,2015,s_lat_n,0.5,NA,removed
FRA,ES,Admin,2015,s_lat_n,NA,0,added
FRA,SIS,Admin,2015,s_lat_nemp_n,NA,100,added
FRA,EUSILC,Admin,2015,s_lat_r,0.5,NA,removed
FRA,EUSILC,Admin,2015,s_lat_u,0.4000000000000057,NA,removed
FRA,SIS,Admin,2015,s_sep_con_n,NA,60.8,added
FRA,ES,Admin,2015,s_sep_n,NA,18,added
FRA,SIS,Admin,2015,s_sep_nemp_n,NA,100,added
FRA,ES,Admin,2015,s_sew_n,NA,82,added
FRA,ES,Admin,2015,s_treat_wtp_n,NA,97.5609756097561,added
FRA,SIS,Admin,2016,s_lat_con_n,NA,59.9,added
FRA,ES,Admin,2016,s_lat_n,NA,0,added
FRA,SIS,Admin,2016,s_lat_nemp_n,NA,100,added
FRA,SIS,Admin,2016,s_sep_con_n,NA,59.9,added
FRA,ES,Admin,2016,s_sep_n,NA,18,added
FRA,SIS,Admin,2016,s_sep_nemp_n,NA,100,added
FRA,ES,Admin,2016,s_sew_n,NA,82,added
FRA,ES,Admin,2016,s_treat_wtp_n,NA,97.5609756097561,added
FRA,SIS,Admin,2017,s_lat_con_n,NA,58.4,added
FRA,ES,Admin,2017,s_lat_n,NA,0,added
FRA,SIS,Admin,2017,s_lat_nemp_n,NA,100,added
FRA,SIS,Admin,2017,s_sep_con_n,NA,58.4,added
FRA,ES,Admin,2017,s_sep_n,NA,18,added
FRA,SIS,Admin,2017,s_sep_nemp_n,NA,100,added
FRA,ES,Admin,2017,s_sew_n,NA,82,added
FRA,ES,Admin,2017,s_treat_wtp_n,NA,97.5609756097561,added
FRO,CEN,Census,2011,s_lat_ebo_n,NA,0,added
FRO,CEN,Census,2011,s_lat_edl_n,NA,0,added
FRO,CEN,Census,2011,s_sep_con_n,NA,93.6,added
FRO,CEN,Census,2011,s_sep_ebo_n,NA,0,added
FRO,CEN,Census,2011,s_sep_edl_n,6.4,0,changed
FRO,CEN,Census,2011,s_sep_ero_n,93.6,100,changed
GAB,EGEP,Survey,2017,s_imp_r,NA,58.400000000000006,added
GAB,EGEP,Survey,2017,s_imp_u,NA,82.60000000000001,added
GAB,EGEP,Survey,2017,s_od_r,NA,2.5,added
GAB,EGEP,Survey,2017,s_od_u,NA,0.8,added
GBR,ES,Admin,2008,s_sew_n,96.9,97,changed
GBR,ES,Admin,2008,s_treat_wtp_n,100,99.89690721649484,changed
GBR,EUSILC,Admin,2013,s_imp_r,99.8,NA,removed
GBR,EU SILC,Admin,2013,s_imp_r,NA,99.8,added
GBR,EUSILC,Admin,2013,s_imp_u,99.89999999999999,NA,removed
GBR,EU SILC,Admin,2013,s_imp_u,NA,99.9,added
GBR,EUSILC,Admin,2013,s_lat_r,15.719207510222887,NA,removed
GBR,EU SILC,Admin,2013,s_lat_r,NA,15.719207510222889,added
GBR,EUSILC,Admin,2013,s_lat_u,0.09999999999999432,NA,removed
GBR,EU SILC,Admin,2013,s_lat_u,NA,0.09999999999999432,added
GBR,EUSILC,Admin,2013,s_sew_r,84.08079248977711,NA,removed
GBR,EU SILC,Admin,2013,s_sew_r,NA,84.08079248977711,added
GBR,EUSILC,Admin,2013,s_sew_u,99.8,NA,removed
GBR,EU SILC,Admin,2013,s_sew_u,NA,99.8,added
GBR,EUSILC,Admin,2014,s_imp_r,99.8,NA,removed
GBR,EU SILC,Admin,2014,s_imp_r,NA,99.8,added
GBR,EUSILC,Admin,2014,s_imp_u,99.8,NA,removed
GBR,EU SILC,Admin,2014,s_imp_u,NA,99.8,added
GBR,EUSILC,Admin,2014,s_lat_n,2.9723711340206194,NA,removed
GBR,EU SILC,Admin,2014,s_lat_n,NA,2.9723711340206194,added
GBR,EUSILC,Admin,2014,s_lat_r,15.863113751528928,NA,removed
GBR,EU SILC,Admin,2014,s_lat_r,NA,15.863113751528928,added
GBR,EUSILC,Admin,2014,s_lat_u,0.20000000000000284,NA,removed
GBR,EU SILC,Admin,2014,s_lat_u,NA,0.20000000000000284,added
GBR,EUSILC,Admin,2014,s_sew_r,83.93688624847107,NA,removed
GBR,EU SILC,Admin,2014,s_sew_r,NA,83.93688624847107,added
GBR,EUSILC,Admin,2014,s_sew_u,99.6,NA,removed
GBR,EU SILC,Admin,2014,s_sew_u,NA,99.6,added
GBR,EUSILC,Admin,2015,s_imp_r,99.64999999999999,NA,removed
GBR,EU SILC,Admin,2015,s_imp_r,NA,99.65,added
GBR,EUSILC,Admin,2015,s_imp_u,99.8,NA,removed
GBR,EU SILC,Admin,2015,s_imp_u,NA,99.8,added
GBR,EUSILC,Admin,2015,s_lat_n,2.9723711340206194,NA,removed
GBR,EU SILC,Admin,2015,s_lat_n,NA,0.20000000000000284,added
GBR,EUSILC,Admin,2015,s_lat_r,16.2831674369001,NA,removed
GBR,EU SILC,Admin,2015,s_lat_r,NA,0.3499999999999943,added
GBR,EUSILC,Admin,2015,s_lat_u,0.20000000000000284,NA,removed
GBR,EU SILC,Admin,2015,s_lat_u,NA,0.20000000000000284,added
GBR,EUSILC,Admin,2015,s_sew_r,83.36683256309989,NA,removed
GBR,EU SILC,Admin,2015,s_sew_r,NA,99.3,added
GBR,EUSILC,Admin,2015,s_sew_u,99.6,NA,removed
GBR,EU SILC,Admin,2015,s_sew_u,NA,99.6,added
GEO,MICS,Survey,2000,s_imp_r,95.52028100183261,85.6569521072966,changed
GEO,MICS,Survey,2000,s_imp_u,99.34170714781402,98.58048037818486,changed
GEO,MICS,Survey,2000,s_lat_r,84.77986720872917,NA,removed
GEO,MICS,Survey,2000,s_lat_u,9.685460083464562,NA,removed
GEO,MICS,Survey,2000,s_sew_r,10.740413793103448,NA,removed
GEO,MICS,Survey,2000,s_sew_u,89.65624706434946,NA,removed
GEO,IBNET,Other,2001,s_treat_wtp_u,0,NA,removed
GEO,LCEE,Survey,2002,s_imp_r,94.75876603543067,84.97832225765546,changed
GEO,LCEE,Survey,2002,s_imp_u,98.78160999306037,97.488343008099,changed
GEO,LCEE,Survey,2002,s_lat_r,76.88228327680997,77.77832225765546,changed
GEO,LCEE,Survey,2002,s_lat_u,-0.45058822206409843,81.38834300809899,changed
GEO,LCEE,Survey,2002,s_sew_r,17.87648275862069,7.2,changed
GEO,LCEE,Survey,2002,s_sew_u,99.23219821512447,16.1,changed
GEO,IBNET,Other,2002,s_treat_wtp_u,0,NA,removed
GEO,IBNET,Other,2003,s_treat_wtp_u,0,NA,removed
GEO,IBNET,Other,2004,s_treat_wtp_u,0,NA,removed
GEO,RHS,Survey,2005,s_imp_r,94.85074373683561,83.3069665866541,changed
GEO,RHS,Survey,2005,s_imp_u,98.47331041119293,96.60305120094546,changed
GEO,IHS,Survey,2009,s_imp_r,87.7578474339183,77.32156242689496,changed
GEO,IHS,Survey,2009,s_imp_u,96.83157534968528,95.70369029532672,changed
GEO,IHS,Survey,2009,s_lat_r,81.95385144985907,71.51756644283573,changed
GEO,IHS,Survey,2009,s_lat_u,12.165787065799137,11.03790201144058,changed
GEO,IHS,Survey,2009,s_shared_r,0.7764567818110771,0.8812570990353698,changed
GEO,IHS,Survey,2009,s_shared_u,5.696787510356846,5.7639251669191,changed
GEO,RHS,Survey,2010,s_imp_r,96.97786378732275,70.99999999999999,changed
GEO,IHS,Survey,2010,s_imp_r,87.68541862801766,77.37464464844248,changed
GEO,RHS,Survey,2010,s_imp_u,99.36961307475046,96.3,changed
GEO,IHS,Survey,2010,s_imp_u,96.65072411314425,95.46800529885464,changed
GEO,RHS,Survey,2010,s_lat_r,90.57786378732274,64.59999999999998,changed
GEO,IHS,Survey,2010,s_lat_r,80.9682409484322,70.65746696885702,changed
GEO,RHS,Survey,2010,s_lat_u,16.469613074750455,13.400000000000006,changed
GEO,IHS,Survey,2010,s_lat_u,12.757244364360318,11.574525550070703,changed
GEO,IHS,Survey,2010,s_shared_r,0.46506270905658864,0.5270359368652405,changed
GEO,IHS,Survey,2010,s_shared_u,4.503887571514324,4.55968461631064,changed
GEO,IHS,Survey,2011,s_imp_r,89.43072761236948,79.10062378580488,changed
GEO,IHS,Survey,2011,s_imp_u,96.02760315824077,94.95812158407166,changed
GEO,IHS,Survey,2011,s_lat_r,81.1200339866305,70.78993016006591,changed
GEO,IHS,Survey,2011,s_lat_u,11.5358254388224,10.466343864653297,changed
GEO,IHS,Survey,2011,s_shared_r,0.6861594313326818,0.7757680567518295,changed
GEO,IHS,Survey,2011,s_shared_u,2.324245533353902,2.350422733684956,changed
GEO,IHS,Survey,2012,s_imp_r,88.24804171195031,78.09599528987339,changed
GEO,IHS,Survey,2012,s_imp_u,97.51812296842611,96.38078985123744,changed
GEO,IHS,Survey,2012,s_lat_r,79.72178834010866,69.56974191803174,changed
GEO,IHS,Survey,2012,s_lat_u,12.267697380268729,11.130364263080068,changed
GEO,IHS,Survey,2012,s_shared_r,0.8263706140696716,0.933794212485138,changed
GEO,IHS,Survey,2012,s_shared_u,3.473613416290632,3.514603488905267,changed
GEO,IHS,Survey,2013,s_imp_r,87.5686543843228,77.32622860617612,changed
GEO,IHS,Survey,2013,s_imp_u,97.15247817211294,96.1481114291106,changed
GEO,IHS,Survey,2013,s_lat_r,80.43151755088535,70.18909177273866,changed
GEO,IHS,Survey,2013,s_lat_u,10.833472687769515,9.829105944767164,changed
GEO,IHS,Survey,2013,s_shared_r,0.5546823109456592,0.6281540488374258,changed
GEO,IHS,Survey,2013,s_shared_u,2.469941567319162,2.495742668666883,changed
GEO,IHS,Survey,2014,s_imp_r,88.25538395347064,77.72997371328177,changed
GEO,IHS,Survey,2014,s_imp_u,96.89725609375027,95.99456194513895,changed
GEO,IHS,Survey,2014,s_lat_r,82.65373230922287,72.128322069034,changed
GEO,IHS,Survey,2014,s_lat_u,9.736794325902082,8.834100177290765,changed
GEO,IHS,Survey,2014,s_shared_r,0.09126899131162551,0.10362771896675846,changed
GEO,IHS,Survey,2014,s_shared_u,1.7465263178065213,1.7629499469739802,changed
GEO,WW,Admin,2014,s_treat_wtp_u,11,NA,removed
GEO,IHS,Survey,2015,s_imp_r,86.3140650307246,76.11951636861343,changed
GEO,IHS,Survey,2015,s_imp_u,97.17956459835136,96.36707221394452,changed
GEO,IHS,Survey,2015,s_lat_r,80.05554908578682,69.86100042367565,changed
GEO,IHS,Survey,2015,s_lat_u,8.763844598418387,7.951352214011536,changed
GEO,IHS,Survey,2015,s_shared_r,0.09836609915348747,0.11154009226802816,changed
GEO,IHS,Survey,2015,s_shared_u,1.8391150087351833,1.8546209995712255,changed
GEO,SWSE,Admin,2015,s_treat_wtp_n,NA,7.878787878787879,added
GEO,WW,Admin,2015,s_treat_wtp_u,8.7,NA,removed
GEO,IHS,Survey,2016,s_imp_r,85.2640244302585,75.0947267321913,changed
GEO,IHS,Survey,2016,s_imp_u,97.54181921644502,96.88812489281398,changed
GEO,IHS,Survey,2016,s_lat_r,79.85725881728294,69.68796111921574,changed
GEO,IHS,Survey,2016,s_lat_u,7.050989741095279,6.397295417464235,changed
GEO,IHS,Survey,2016,s_shared_r,0.16431145510773504,0.18656244628787705,changed
GEO,IHS,Survey,2016,s_shared_u,1.6266790905635462,1.6376541289291568,changed
GEO,SWSE,Admin,2016,s_treat_wtp_n,NA,11.904761904761909,added
GEO,IHS,Survey,2017,s_imp_r,81.90928786423814,72.38716512290176,changed
GEO,IHS,Survey,2017,s_imp_u,97.17748486472446,96.24787470274548,changed
GEO,IHS,Survey,2017,s_lat_r,74.77513618166185,65.25301344032547,changed
GEO,IHS,Survey,2017,s_lat_u,10.027120442048272,9.097510280069288,changed
GEO,IHS,Survey,2017,s_shared_r,0.5164066025911398,0.5843369745840283,changed
GEO,IHS,Survey,2017,s_shared_u,1.9299123870021888,1.948552447078603,changed
GEO,SWSE,Admin,2017,s_treat_wtp_n,NA,12.781954887218047,added
GEO,MICS,Survey,2018,s_imp_r,NA,86.20865000000002,added
GEO,HIES,Survey,2018,s_imp_r,NA,71.33296168142844,added
GEO,MICS,Survey,2018,s_imp_u,NA,98.59696,added
GEO,HIES,Survey,2018,s_imp_u,NA,96.36775644297684,added
GEO,MICS,Survey,2018,s_lat_ebo_r,NA,14.703600000000002,added
GEO,MICS,Survey,2018,s_lat_ebo_u,NA,10.54591,added
GEO,MICS,Survey,2018,s_lat_edl_r,NA,27.931670000000004,added
GEO,MICS,Survey,2018,s_lat_edl_u,NA,30.645169999999993,added
GEO,MICS,Survey,2018,s_lat_ero_r,NA,3.934769999999999,added
GEO,MICS,Survey,2018,s_lat_ero_u,NA,10.297769999999998,added
GEO,MICS,Survey,2018,s_lat_nemp_r,NA,53.42998,added
GEO,MICS,Survey,2018,s_lat_nemp_u,NA,48.51116,added
GEO,MICS,Survey,2018,s_lat_r,NA,65.40351000000001,added
GEO,HIES,Survey,2018,s_lat_r,NA,63.64581168142844,added
GEO,MICS,Survey,2018,s_lat_u,NA,7.759399999999999,added
GEO,HIES,Survey,2018,s_lat_u,NA,8.700016442976818,added
GEO,MICS,Survey,2018,s_od_r,NA,0.11066,added
GEO,MICS,Survey,2018,s_od_u,NA,0.01137,added
GEO,MICS,Survey,2018,s_sep_ebo_r,NA,5.841919999999999,added
GEO,MICS,Survey,2018,s_sep_ebo_u,NA,5.36913,added
GEO,MICS,Survey,2018,s_sep_edl_r,NA,9.278339999999998,added
GEO,MICS,Survey,2018,s_sep_edl_u,NA,16.77851,added
GEO,MICS,Survey,2018,s_sep_ero_r,NA,28.52233,added
GEO,MICS,Survey,2018,s_sep_ero_u,NA,38.92617,added
GEO,MICS,Survey,2018,s_sep_nemp_r,NA,56.35739,added
GEO,MICS,Survey,2018,s_sep_nemp_u,NA,38.92617,added
GEO,MICS,Survey,2018,s_sep_r,NA,4.99287,added
GEO,MICS,Survey,2018,s_sep_u,NA,1.80433,added
GEO,MICS,Survey,2018,s_sew_r,NA,15.81227,added
GEO,HIES,Survey,2018,s_sew_r,NA,7.68715,added
GEO,MICS,Survey,2018,s_sew_u,NA,89.03323,added
GEO,HIES,Survey,2018,s_sew_u,NA,87.66774000000001,added
GEO,MICS,Survey,2018,s_shared_r,NA,1.13566,added
GEO,HIES,Survey,2018,s_shared_r,NA,0.4078899756040152,added
GEO,MICS,Survey,2018,s_shared_u,NA,2.08289,added
GEO,HIES,Survey,2018,s_shared_u,NA,2.3717476512514284,added
GEO,SWSE,Admin,2018,s_treat_wtp_n,NA,14.179104477611942,added
GEO,SWSE,Admin,2019,s_treat_wtp_n,NA,98.52941176470588,added
GHA,PMA,Survey,2017,s_imp_r,NA,54.33005,added
GHA,GLSS,Survey,2017,s_imp_r,NA,52.04378,added
GHA,PMA,Survey,2017,s_imp_u,NA,82.74422999999999,added
GHA,GLSS,Survey,2017,s_imp_u,NA,85.10861499999999,added
GHA,WV,Survey,2017,s_lat_con_r,NA,94.4898,added
GHA,PMA,Survey,2017,s_lat_r,NA,52.7564,added
GHA,PMA,Survey,2017,s_lat_u,NA,51.73176999999999,added
GHA,PMA,Survey,2017,s_od_r,NA,30.70775,added
GHA,GLSS,Survey,2017,s_od_r,NA,34.28859,added
GHA,PMA,Survey,2017,s_od_u,NA,7.29838,added
GHA,GLSS,Survey,2017,s_od_u,NA,7.11293,added
GHA,WV,Survey,2017,s_sep_con_r,NA,94.4898,added
GHA,PMA,Survey,2017,s_sep_r,NA,0.74424,added
GHA,PMA,Survey,2017,s_sep_u,NA,19.10099,added
GHA,PMA,Survey,2017,s_sew_r,NA,0.82941,added
GHA,PMA,Survey,2017,s_sew_u,NA,11.91147,added
GHA,PMA,Survey,2017,s_shared_r,NA,72.52532,added
GHA,MHS,Survey,2017,s_shared_r,NA,70.28958,added
GHA,GLSS,Survey,2017,s_shared_r,NA,60.08229000000001,added
GHA,PMA,Survey,2017,s_shared_u,NA,66.38066,added
GHA,MHS,Survey,2017,s_shared_u,NA,70.28319,added
GHA,GLSS,Survey,2017,s_shared_u,NA,55.77835,added
GHA,MICS,Survey,2018,s_imp_r,NA,52.15261,added
GHA,MICS,Survey,2018,s_imp_u,NA,81.14067000000001,added
GHA,MICS,Survey,2018,s_lat_ebo_r,NA,0.89017,added
GHA,MICS,Survey,2018,s_lat_ebo_u,NA,1.69719,added
GHA,MICS,Survey,2018,s_lat_edl_r,NA,1.72722,added
GHA,MICS,Survey,2018,s_lat_edl_u,NA,8.44962,added
GHA,MICS,Survey,2018,s_lat_ero_r,NA,6.50728,added
GHA,MICS,Survey,2018,s_lat_ero_u,NA,35.43991,added
GHA,MICS,Survey,2018,s_lat_nemp_r,NA,90.87533,added
GHA,MICS,Survey,2018,s_lat_nemp_u,NA,54.41328,added
GHA,MICS,Survey,2018,s_lat_r,NA,48.38108,added
GHA,MICS,Survey,2018,s_lat_u,NA,48.41437000000001,added
GHA,MICS,Survey,2018,s_od_r,NA,30.57317,added
GHA,MICS,Survey,2018,s_od_u,NA,11.40002,added
GHA,MICS,Survey,2018,s_sep_ebo_r,NA,0.92895,added
GHA,MICS,Survey,2018,s_sep_ebo_u,NA,0.4374,added
GHA,MICS,Survey,2018,s_sep_edl_r,NA,2.23046,added
GHA,MICS,Survey,2018,s_sep_edl_u,NA,13.21194,added
GHA,MICS,Survey,2018,s_sep_ero_r,NA,14.3165,added
GHA,MICS,Survey,2018,s_sep_ero_u,NA,44.60322,added
GHA,MICS,Survey,2018,s_sep_nemp_r,NA,82.52409,added
GHA,MICS,Survey,2018,s_sep_nemp_u,NA,41.74744,added
GHA,MICS,Survey,2018,s_sep_r,NA,3.59501,added
GHA,MICS,Survey,2018,s_sep_u,NA,28.90468,added
GHA,MICS,Survey,2018,s_sew_r,NA,0.17652,added
GHA,MICS,Survey,2018,s_sew_u,NA,3.82162,added
GHA,MICS,Survey,2018,s_shared_r,NA,66.79363,added
GHA,MICS,Survey,2018,s_shared_u,NA,69.47084,added
GHA,MIS,Survey,2019,s_imp_r,NA,55.29692,added
GHA,MIS,Survey,2019,s_imp_u,NA,87.33823000000001,added
GHA,MIS,Survey,2019,s_lat_r,NA,49.52646,added
GHA,MIS,Survey,2019,s_lat_u,NA,47.133860000000006,added
GHA,MIS,Survey,2019,s_od_r,NA,33.45651,added
GHA,MIS,Survey,2019,s_od_u,NA,5.82425,added
GHA,MIS,Survey,2019,s_sep_r,NA,5.33418,added
GHA,MIS,Survey,2019,s_sep_u,NA,37.33355,added
GHA,MIS,Survey,2019,s_sew_r,NA,0.43628,added
GHA,MIS,Survey,2019,s_sew_u,NA,2.87082,added
GHA,MIS,Survey,2019,s_shared_r,NA,68.83963,added
GHA,MIS,Survey,2019,s_shared_u,NA,73.51958,added
GIN,DHS,Survey,2018,s_imp_r,NA,33.930699999999995,added
GIN,DHS,Survey,2018,s_imp_u,NA,86.44611,added
GIN,DHS,Survey,2018,s_lat_r,NA,30.927819999999993,added
GIN,DHS,Survey,2018,s_lat_u,NA,60.52675000000001,added
GIN,DHS,Survey,2018,s_od_r,NA,19.60173,added
GIN,DHS,Survey,2018,s_od_u,NA,0.95488,added
GIN,DHS,Survey,2018,s_sep_r,NA,2.71677,added
GIN,DHS,Survey,2018,s_sep_u,NA,21.26379,added
GIN,DHS,Survey,2018,s_sew_r,NA,0.28611,added
GIN,DHS,Survey,2018,s_sew_u,NA,4.65557,added
GIN,DHS,Survey,2018,s_shared_n,NA,47.82767,added
GIN,DHS,Survey,2018,s_shared_r,NA,47.11516,added
GIN,DHS,Survey,2018,s_shared_u,NA,48.35174,added
GLP,CEN,Census,2016,s_imp_n,NA,98.89115617610284,added
GLP,CEN,Census,2016,s_lat_n,NA,13.099056533842386,added
GLP,CEN,Census,2016,s_sep_n,NA,47.02605040295919,added
GLP,CEN,Census,2016,s_sew_n,NA,38.76604923930124,added
GLP,CEN,Census,2017,s_imp_n,NA,98.92973278716204,added
GLP,CEN,Census,2017,s_lat_n,NA,12.756881934456333,added
GLP,CEN,Census,2017,s_sep_n,NA,47.23478764425823,added
GLP,CEN,Census,2017,s_sew_n,NA,38.938063208447495,added
GMB,MICS,Survey,2000,s_lat_r,70.9242926137855,NA,removed
GMB,MICS,Survey,2000,s_lat_u,87.56605531345434,NA,removed
GMB,MICS,Survey,2000,s_sew_r,0.08372093023255812,NA,removed
GMB,MICS,Survey,2000,s_sew_u,3.8101036269430058,NA,removed
GMB,CEN,Census,2003,s_lat_r,72.99714918138409,NA,removed
GMB,CEN,Census,2003,s_lat_u,82.88021560517451,NA,removed
GMB,IHS,Survey,2004,s_imp_u,NA,82.05434833644037,added
GMB,IHS,Survey,2004,s_lat_r,78.230906540523,NA,removed
GMB,IHS,Survey,2004,s_lat_u,76.52902933694587,NA,removed
GMB,IHS,Survey,2004,s_od_u,NA,0.28998154473106247,added
GMB,IHS,Survey,2016,s_imp_r,NA,39.37188999999999,added
GMB,IHS,Survey,2016,s_imp_u,NA,75.01905,added
GMB,IHS,Survey,2016,s_lat_r,NA,38.04402,added
GMB,IHS,Survey,2016,s_lat_u,NA,43.39962999999999,added
GMB,IHS,Survey,2016,s_sep_r,NA,0.85914,added
GMB,IHS,Survey,2016,s_sep_u,NA,25.95857,added
GMB,IHS,Survey,2016,s_sew_r,NA,0.46873,added
GMB,IHS,Survey,2016,s_sew_u,NA,5.66085,added
GMB,IHS,Survey,2016,s_shared_r,NA,22.68694,added
GMB,IHS,Survey,2016,s_shared_u,NA,27.12268,added
GMB,MIS,Survey,2017,s_imp_r,NA,48.4,added
GMB,MIS,Survey,2017,s_imp_u,NA,84.5,added
GMB,MIS,Survey,2017,s_lat_r,NA,46.1,added
GMB,MIS,Survey,2017,s_lat_u,NA,44.6,added
GMB,MIS,Survey,2017,s_od_r,NA,0.6,added
GMB,MIS,Survey,2017,s_od_u,NA,0.2,added
GMB,MIS,Survey,2017,s_sep_r,NA,2.2,added
GMB,MIS,Survey,2017,s_sep_u,NA,35.1,added
GMB,MIS,Survey,2017,s_sew_r,NA,0.1,added
GMB,MIS,Survey,2017,s_sew_u,NA,4.8,added
GMB,MIS,Survey,2017,s_shared_r,NA,23.602484472049692,added
GMB,MIS,Survey,2017,s_shared_u,NA,24.881516587677723,added
GMB,MICS,Survey,2018,s_imp_r,NA,36.57007,added
GMB,MICS,Survey,2018,s_imp_u,NA,73.88833,added
GMB,MICS,Survey,2018,s_lat_ebo_r,NA,0.3319,added
GMB,MICS,Survey,2018,s_lat_ebo_u,NA,0.54131,added
GMB,MICS,Survey,2018,s_lat_edl_r,NA,0.96498,added
GMB,MICS,Survey,2018,s_lat_edl_u,NA,0.88504,added
GMB,MICS,Survey,2018,s_lat_ero_r,NA,1.47161,added
GMB,MICS,Survey,2018,s_lat_ero_u,NA,16.99776,added
GMB,MICS,Survey,2018,s_lat_nemp_r,NA,97.23152,added
GMB,MICS,Survey,2018,s_lat_nemp_u,NA,81.57589,added
GMB,MICS,Survey,2018,s_lat_r,NA,34.32526,added
GMB,MICS,Survey,2018,s_lat_u,NA,35.21809,added
GMB,MICS,Survey,2018,s_od_r,NA,1.96712,added
GMB,MICS,Survey,2018,s_od_u,NA,0.575,added
GMB,MICS,Survey,2018,s_sep_ebo_r,NA,0,added
GMB,MICS,Survey,2018,s_sep_ebo_u,NA,2.1034,added
GMB,MICS,Survey,2018,s_sep_edl_r,NA,0.14973,added
GMB,MICS,Survey,2018,s_sep_edl_u,NA,1.91191,added
GMB,MICS,Survey,2018,s_sep_ero_r,NA,3.28383,added
GMB,MICS,Survey,2018,s_sep_ero_u,NA,53.28549,added
GMB,MICS,Survey,2018,s_sep_nemp_r,NA,96.56643,added
GMB,MICS,Survey,2018,s_sep_nemp_u,NA,42.69921,added
GMB,MICS,Survey,2018,s_sep_r,NA,2.24481,added
GMB,MICS,Survey,2018,s_sep_u,NA,36.70794,added
GMB,MICS,Survey,2018,s_sew_r,NA,0,added
GMB,MICS,Survey,2018,s_sew_u,NA,1.9623,added
GMB,MICS,Survey,2018,s_shared_r,NA,21.51258,added
GMB,MICS,Survey,2018,s_shared_u,NA,24.3853,added
GNB,MICS,Survey,2000,s_imp_r,6.483276676282843,0.8999999999999999,changed
GNB,MICS,Survey,2000,s_imp_u,51.41445988247547,22.6,changed
GNB,MICS,Survey,2000,s_lat_r,6.2547052477114145,NA,removed
GNB,MICS,Survey,2000,s_lat_u,41.23769220570779,NA,removed
GNB,MICS,Survey,2000,s_sew_r,0.22857142857142862,NA,removed
GNB,MICS,Survey,2000,s_sew_u,10.176767676767678,NA,removed
GNB,QUIBB,Survey,2002,s_imp_r,7.510343586975799,NA,removed
GNB,QUIBB,Survey,2002,s_imp_u,48.661371647853,NA,removed
GNB,QUIBB,Survey,2002,s_lat_r,6.282604785033,6.62064,changed
GNB,QUIBB,Survey,2002,s_lat_u,32.29217794833001,30.80951,changed
GNB,QUIBB,Survey,2002,s_od_r,47.96995862565,44.07206,changed
GNB,QUIBB,Survey,2002,s_od_u,2.231047253581,2.50927,changed
GNB,QUIBB,Survey,2002,s_sep_r,0.7348443964742,0.71652,changed
GNB,QUIBB,Survey,2002,s_sep_u,12.79728704654,14.22649,changed
GNB,QUIBB,Survey,2002,s_sew_r,0.4928944054686,0.53693,changed
GNB,QUIBB,Survey,2002,s_sew_u,3.571906652983,3.62208,changed
GNB,MICS,Survey,2006,s_imp_r,8.33039451682231,2.1287671232876715,changed
GNB,MICS,Survey,2006,s_imp_u,55.925976165632164,32.1083879423329,changed
GNB,MICS,Survey,2006,s_lat_r,7.630394516822309,1.4287671232876715,changed
GNB,MICS,Survey,2006,s_lat_u,36.12597616563217,12.308387942332896,changed
GNB,CEN,Census,2009,s_imp_r,8.08170645373485,3.6704777172894008,changed
GNB,CEN,Census,2009,s_imp_u,52.21293734556311,45.23066452333073,changed
GNB,CEN,Census,2009,s_lat_r,6.247080863960022,1.8358521275145736,changed
GNB,CEN,Census,2009,s_lat_u,26.772523488378997,19.790250666146616,changed
GNB,MICS,Survey,2010,s_imp_r,12.553316109730272,7.151384718709457,changed
GNB,MICS,Survey,2010,s_imp_u,59.78818620756316,53.32663088511577,changed
GNB,MICS,Survey,2010,s_lat_r,11.585510189847229,NA,removed
GNB,MICS,Survey,2010,s_lat_u,47.527735152559785,NA,removed
GNB,MICS,Survey,2010,s_sew_r,0.9678059198830432,NA,removed
GNB,MICS,Survey,2010,s_sew_u,12.260451055003376,NA,removed
GNB,MICS,Survey,2014,s_imp_r,12.835112691975212,4.52961,changed
GNB,MICS,Survey,2014,s_imp_u,68.0737685199625,49.30455,changed
GNB,MICS,Survey,2014,s_lat_r,10.841942691975213,2.53644,changed
GNB,MICS,Survey,2014,s_lat_u,38.415178519962495,19.64596,changed
GNB,MICS,Survey,2019,s_imp_r,NA,7.12799,added
GNB,MICS,Survey,2019,s_imp_u,NA,56.79700999999999,added
GNB,MICS,Survey,2019,s_lat_ebo_r,NA,2.44459,added
GNB,MICS,Survey,2019,s_lat_ebo_u,NA,11.36477,added
GNB,MICS,Survey,2019,s_lat_edl_r,NA,1.2377,added
GNB,MICS,Survey,2019,s_lat_edl_u,NA,3.62682,added
GNB,MICS,Survey,2019,s_lat_ero_r,NA,0,added
GNB,MICS,Survey,2019,s_lat_ero_u,NA,4.86708,added
GNB,MICS,Survey,2019,s_lat_nemp_r,NA,96.3177,added
GNB,MICS,Survey,2019,s_lat_nemp_u,NA,80.14133,added
GNB,MICS,Survey,2019,s_lat_r,NA,4.3665899999999995,added
GNB,MICS,Survey,2019,s_lat_u,NA,22.414629999999995,added
GNB,MICS,Survey,2019,s_od_r,NA,16.17595,added
GNB,MICS,Survey,2019,s_od_u,NA,0.47829,added
GNB,MICS,Survey,2019,s_sep_ebo_r,NA,3.67396,added
GNB,MICS,Survey,2019,s_sep_ebo_u,NA,16.14965,added
GNB,MICS,Survey,2019,s_sep_edl_r,NA,1.48012,added
GNB,MICS,Survey,2019,s_sep_edl_u,NA,2.80868,added
GNB,MICS,Survey,2019,s_sep_ero_r,NA,0,added
GNB,MICS,Survey,2019,s_sep_ero_u,NA,9.33819,added
GNB,MICS,Survey,2019,s_sep_nemp_r,NA,94.84591,added
GNB,MICS,Survey,2019,s_sep_nemp_u,NA,71.70347,added
GNB,MICS,Survey,2019,s_sep_r,NA,2.73193,added
GNB,MICS,Survey,2019,s_sep_u,NA,31.5489,added
GNB,MICS,Survey,2019,s_sew_r,NA,0.02947,added
GNB,MICS,Survey,2019,s_sew_u,NA,2.83348,added
GNB,MICS,Survey,2019,s_shared_r,NA,28.86861,added
GNB,MICS,Survey,2019,s_shared_u,NA,45.09765,added
GRC,HBS,Survey,2008,s_imp_r,100,NA,removed
GRC,HSB,Survey,2008,s_imp_r,NA,100,added
GRC,HBS,Survey,2008,s_imp_u,100,NA,removed
GRC,HSB,Survey,2008,s_imp_u,NA,100,added
GRC,HSB,Survey,2008,s_od_r,NA,0,added
GRC,HSB,Survey,2008,s_od_u,NA,0,added
GRC,HBS,Survey,2008,s_sew_r,23.110950117131935,NA,removed
GRC,HSB,Survey,2008,s_sew_r,NA,23.110950117131935,added
GRC,HBS,Survey,2008,s_sew_u,83.61555612723595,NA,removed
GRC,HSB,Survey,2008,s_sew_u,NA,83.61555612723595,added
GRC,HBS,Survey,2009,s_imp_r,100,NA,removed
GRC,HSB,Survey,2009,s_imp_r,NA,100,added
GRC,HBS,Survey,2009,s_imp_u,100,NA,removed
GRC,HSB,Survey,2009,s_imp_u,NA,100,added
GRC,HSB,Survey,2009,s_od_r,NA,0,added
GRC,HSB,Survey,2009,s_od_u,NA,0,added
GRC,HBS,Survey,2009,s_sew_r,27.022806013492445,NA,removed
GRC,HSB,Survey,2009,s_sew_r,NA,27.022806013492445,added
GRC,HBS,Survey,2009,s_sew_u,85.03739528678273,NA,removed
GRC,HSB,Survey,2009,s_sew_u,NA,85.03739528678273,added
GRC,HBS,Survey,2010,s_imp_r,100,NA,removed
GRC,HSB,Survey,2010,s_imp_r,NA,100,added
GRC,HBS,Survey,2010,s_imp_u,100,NA,removed
GRC,HSB,Survey,2010,s_imp_u,NA,100,added
GRC,HSB,Survey,2010,s_od_r,NA,0,added
GRC,HSB,Survey,2010,s_od_u,NA,0,added
GRC,HBS,Survey,2010,s_sew_r,25.63275818664188,NA,removed
GRC,HSB,Survey,2010,s_sew_r,NA,25.63275818664188,added
GRC,HBS,Survey,2010,s_sew_u,86.67019212916293,NA,removed
GRC,HSB,Survey,2010,s_sew_u,NA,86.67019212916293,added
GRC,ES,Admin,2010,s_treat_wtp_n,99.99999999999999,NA,removed
GRC,CEN,Census,2011,s_imp_n,99.6,NA,removed
GRC,HBS,Survey,2011,s_imp_r,100,NA,removed
GRC,HSB,Survey,2011,s_imp_r,NA,100,added
GRC,HBS,Survey,2011,s_imp_u,100,NA,removed
GRC,HSB,Survey,2011,s_imp_u,NA,100,added
GRC,HSB,Survey,2011,s_od_r,NA,0,added
GRC,HSB,Survey,2011,s_od_u,NA,0,added
GRC,HBS,Survey,2011,s_sew_r,27.59372405369242,NA,removed
GRC,HSB,Survey,2011,s_sew_r,NA,27.59372405369242,added
GRC,HBS,Survey,2011,s_sew_u,87.54208455082025,NA,removed
GRC,HSB,Survey,2011,s_sew_u,NA,87.54208455082025,added
GRC,HBS,Survey,2012,s_imp_r,100,NA,removed
GRC,EUSILC,Admin,2012,s_imp_r,99.51010410287813,NA,removed
GRC,HSB,Survey,2012,s_imp_r,NA,100,added
GRC,EU SILC,Admin,2012,s_imp_r,NA,99.51010410287812,added
GRC,HBS,Survey,2012,s_imp_u,100,NA,removed
GRC,EUSILC,Admin,2012,s_imp_u,99.78363493312352,NA,removed
GRC,HSB,Survey,2012,s_imp_u,NA,100,added
GRC,EU SILC,Admin,2012,s_imp_u,NA,99.78363493312352,added
GRC,HSB,Survey,2012,s_od_r,NA,0,added
GRC,HSB,Survey,2012,s_od_u,NA,0,added
GRC,HBS,Survey,2012,s_sew_r,25.384866024982166,NA,removed
GRC,HSB,Survey,2012,s_sew_r,NA,25.384866024982166,added
GRC,HBS,Survey,2012,s_sew_u,88.19377089488056,NA,removed
GRC,HSB,Survey,2012,s_sew_u,NA,88.19377089488056,added
GRC,EUSILC,Admin,2012,s_shared_r,1.855287569573284,NA,removed
GRC,EU SILC,Admin,2012,s_shared_r,NA,1.855287569573284,added
GRC,EUSILC,Admin,2012,s_shared_u,0.7902015013828527,NA,removed
GRC,EU SILC,Admin,2012,s_shared_u,NA,0.7902015013828527,added
GRC,HBS,Survey,2013,s_imp_r,100,NA,removed
GRC,HSB,Survey,2013,s_imp_r,NA,100,added
GRC,HBS,Survey,2013,s_imp_u,100,NA,removed
GRC,HSB,Survey,2013,s_imp_u,NA,100,added
GRC,HSB,Survey,2013,s_od_r,NA,0,added
GRC,HSB,Survey,2013,s_od_u,NA,0,added
GRC,HBS,Survey,2013,s_sew_r,29.92787638299718,NA,removed
GRC,HSB,Survey,2013,s_sew_r,NA,29.92787638299718,added
GRC,HBS,Survey,2013,s_sew_u,88.934563882888,NA,removed
GRC,HSB,Survey,2013,s_sew_u,NA,88.934563882888,added
GRC,HBS,Survey,2014,s_imp_r,100,NA,removed
GRC,EUSILC,Admin,2014,s_imp_r,99.60000000000001,NA,removed
GRC,HSB,Survey,2014,s_imp_r,NA,100,added
GRC,EU SILC,Admin,2014,s_imp_r,NA,99.6,added
GRC,HBS,Survey,2014,s_imp_u,100,NA,removed
GRC,EUSILC,Admin,2014,s_imp_u,99.95,NA,removed
GRC,HSB,Survey,2014,s_imp_u,NA,100,added
GRC,EU SILC,Admin,2014,s_imp_u,NA,99.95,added
GRC,HSB,Survey,2014,s_od_r,NA,0,added
GRC,HSB,Survey,2014,s_od_u,NA,0,added
GRC,HBS,Survey,2014,s_sew_r,35.25741525294283,NA,removed
GRC,HSB,Survey,2014,s_sew_r,NA,35.25741525294283,added
GRC,HBS,Survey,2014,s_sew_u,89.90136546666567,NA,removed
GRC,HSB,Survey,2014,s_sew_u,NA,89.90136546666567,added
GRC,HBS,Survey,2015,s_imp_r,100,NA,removed
GRC,EUSILC,Admin,2015,s_imp_r,99.35000000000001,NA,removed
GRC,HSB,Survey,2015,s_imp_r,NA,100,added
GRC,EU SILC,Admin,2015,s_imp_r,NA,99.35,added
GRC,HBS,Survey,2015,s_imp_u,100,NA,removed
GRC,EUSILC,Admin,2015,s_imp_u,100,NA,removed
GRC,HSB,Survey,2015,s_imp_u,NA,100,added
GRC,EU SILC,Admin,2015,s_imp_u,NA,100,added
GRC,HSB,Survey,2015,s_od_r,NA,0,added
GRC,HSB,Survey,2015,s_od_u,NA,0,added
GRC,HBS,Survey,2015,s_sew_r,32.82465986622359,NA,removed
GRC,HSB,Survey,2015,s_sew_r,NA,32.82465986622359,added
GRC,HBS,Survey,2015,s_sew_u,88.24626673618188,NA,removed
GRC,HSB,Survey,2015,s_sew_u,NA,88.24626673618188,added
GRC,ES,Admin,2015,s_treat_wtp_n,NA,100,added
GRC,HBS,Survey,2016,s_imp_r,100,NA,removed
GRC,HSB,Survey,2016,s_imp_r,NA,100,added
GRC,HBS,Survey,2016,s_imp_u,100,NA,removed
GRC,HSB,Survey,2016,s_imp_u,NA,100,added
GRC,HSB,Survey,2016,s_od_r,NA,0,added
GRC,HSB,Survey,2016,s_od_u,NA,0,added
GRC,HBS,Survey,2016,s_sew_r,38.4607576069079,NA,removed
GRC,HSB,Survey,2016,s_sew_r,NA,38.4607576069079,added
GRC,HBS,Survey,2016,s_sew_u,88.07452792406856,NA,removed
GRC,HSB,Survey,2016,s_sew_u,NA,88.07452792406856,added
GRC,ES,Admin,2016,s_treat_wtp_n,NA,100,added
GRC,HBS,Survey,2017,s_imp_r,NA,100,added
GRC,HBS,Survey,2017,s_imp_u,NA,100,added
GRC,HBS,Survey,2017,s_od_r,NA,0,added
GRC,HBS,Survey,2017,s_od_u,NA,0,added
GRC,HBS,Survey,2017,s_sew_r,NA,39.56340259581987,added
GRC,HBS,Survey,2017,s_sew_u,NA,88.99232035773524,added
GRC,HBS,Survey,2018,s_imp_r,NA,100,added
GRC,HBS,Survey,2018,s_imp_u,NA,100,added
GRC,HBS,Survey,2018,s_od_r,NA,0,added
GRC,HBS,Survey,2018,s_od_u,NA,0,added
GRC,HBS,Survey,2018,s_sew_r,NA,38.404332400225655,added
GRC,HBS,Survey,2018,s_sew_u,NA,89.06814319702634,added
GRL,ES,Admin,2009,s_treat_wtp_n,99.66555183946488,NA,removed
GRL,EUSILC,Admin,2012,s_imp_r,100,NA,removed
GRL,EU SILC,Admin,2012,s_imp_r,NA,100,added
GRL,EUSILC,Admin,2012,s_imp_u,100.00000000000001,NA,removed
GRL,EU SILC,Admin,2012,s_imp_u,NA,100,added
GRL,EUSILC,Admin,2012,s_lat_n,0.7000000000000028,NA,removed
GRL,EUSILC,Admin,2012,s_lat_r,0.5999999999999943,NA,removed
GRL,EUSILC,Admin,2012,s_lat_u,0.7000000000000028,NA,removed
GRL,EUSILC,Admin,2012,s_shared_r,0.4024144869215292,NA,removed
GRL,EU SILC,Admin,2012,s_shared_r,NA,0.4024144869215292,added
GRL,EUSILC,Admin,2012,s_shared_u,0.4028197381671702,NA,removed
GRL,EU SILC,Admin,2012,s_shared_u,NA,0.4028197381671702,added
GRL,EUSILC,Admin,2013,s_imp_r,100,NA,removed
GRL,EU SILC,Admin,2013,s_imp_r,NA,100,added
GRL,EUSILC,Admin,2013,s_imp_u,100,NA,removed
GRL,EU SILC,Admin,2013,s_imp_u,NA,100,added
GRL,EUSILC,Admin,2013,s_lat_r,0.09999999999999432,NA,removed
GRL,EUSILC,Admin,2013,s_lat_u,0.7999999999999972,NA,removed
GRL,ES,Admin,2014,s_imp_n,100,NA,removed
GRL,EUSILC,Admin,2014,s_imp_r,100,NA,removed
GRL,EU SILC,Admin,2014,s_imp_r,NA,100,added
GRL,EUSILC,Admin,2014,s_imp_u,100,NA,removed
GRL,EU SILC,Admin,2014,s_imp_u,NA,100,added
GRL,EUSILC,Admin,2014,s_lat_n,0.5,NA,removed
GRL,EUSILC,Admin,2014,s_lat_r,0.09999999999999432,NA,removed
GRL,EUSILC,Admin,2014,s_lat_u,0.7000000000000028,NA,removed
GRL,EUSILC,Admin,2015,s_imp_r,100,NA,removed
GRL,EU SILC,Admin,2015,s_imp_r,NA,100,added
GRL,EUSILC,Admin,2015,s_imp_u,100,NA,removed
GRL,EU SILC,Admin,2015,s_imp_u,NA,100,added
GRL,ES,Admin,2015,s_lat_n,NA,0,added
GRL,EUSILC,Admin,2015,s_lat_r,0.09999999999999432,NA,removed
GRL,EUSILC,Admin,2015,s_lat_u,0.9000000000000057,NA,removed
GRL,ES,Admin,2015,s_sep_n,NA,9,added
GRL,ES,Admin,2015,s_sew_n,NA,91,added
GRL,ES,Admin,2015,s_treat_wtp_n,NA,99.78021978021978,added
GRL,ES,Admin,2016,s_lat_n,NA,0,added
GRL,ES,Admin,2016,s_sep_n,NA,8.3,added
GRL,ES,Admin,2016,s_sew_n,NA,91.7,added
GRL,ES,Admin,2016,s_treat_wtp_n,NA,99.78189749182114,added
GRL,ES,Admin,2017,s_lat_n,NA,0,added
GRL,ES,Admin,2017,s_sep_n,NA,8.091908091908092,added
GRL,ES,Admin,2017,s_sew_n,NA,91.9080919080919,added
GRL,ES,Admin,2017,s_treat_wtp_n,NA,99.7823721436344,added
GTM,ENEI,Survey,2004,s_imp_r,NA,51.601755,added
GTM,ENEI,Survey,2004,s_imp_u,NA,87.27471500000001,added
GTM,ENEI,Survey,2004,s_lat_r,NA,37.316725,added
GTM,ENEI,Survey,2004,s_lat_u,NA,16.853305000000006,added
GTM,ENEI,Survey,2004,s_od_r,NA,15.48013,added
GTM,ENEI,Survey,2004,s_od_u,NA,2.19056,added
GTM,ENEI,Survey,2004,s_sep_r,NA,6.94535,added
GTM,ENEI,Survey,2004,s_sep_u,NA,7.14194,added
GTM,ENEI,Survey,2004,s_sew_r,NA,7.33968,added
GTM,ENEI,Survey,2004,s_sew_u,NA,63.27947,added
GTM,ENSMI-RHS,Survey,2009,s_imp_r,58.99929262766408,NA,removed
GTM,ENSMI,Survey,2009,s_imp_r,NA,58.99929262766408,added
GTM,ENSMI-RHS,Survey,2009,s_imp_u,94.02884034779356,NA,removed
GTM,ENSMI,Survey,2009,s_imp_u,NA,94.02884034779356,added
GTM,ENSMI-RHS,Survey,2009,s_lat_r,34.89175626803426,NA,removed
GTM,ENSMI,Survey,2009,s_lat_r,NA,34.89175626803426,added
GTM,ENSMI-RHS,Survey,2009,s_lat_u,14.043697611934462,NA,removed
GTM,ENSMI,Survey,2009,s_lat_u,NA,14.043697611934462,added
GTM,ENSMI-RHS,Survey,2009,s_od_r,17.699427060379,NA,removed
GTM,ENSMI,Survey,2009,s_od_r,NA,17.699427060379,added
GTM,ENSMI-RHS,Survey,2009,s_od_u,2.39838692560756,NA,removed
GTM,ENSMI,Survey,2009,s_od_u,NA,2.39838692560756,added
GTM,ENSMI-RHS,Survey,2009,s_sep_r,13.3186425738211,NA,removed
GTM,ENSMI,Survey,2009,s_sep_r,NA,13.3186425738211,added
GTM,ENSMI-RHS,Survey,2009,s_sep_u,7.8637376631646,NA,removed
GTM,ENSMI,Survey,2009,s_sep_u,NA,7.8637376631646,added
GTM,ENSMI-RHS,Survey,2009,s_sew_r,10.788893785808725,NA,removed
GTM,ENSMI,Survey,2009,s_sew_r,NA,10.788893785808725,added
GTM,ENSMI-RHS,Survey,2009,s_sew_u,72.1214050726945,NA,removed
GTM,ENSMI,Survey,2009,s_sew_u,NA,72.1214050726945,added
GTM,ENEI,Survey,2010,s_imp_r,NA,56.79676,added
GTM,ENEI,Survey,2010,s_imp_u,NA,89.33428,added
GTM,ENEI,Survey,2010,s_lat_r,NA,41.29187,added
GTM,ENEI,Survey,2010,s_lat_u,NA,14.377750000000006,added
GTM,ENEI,Survey,2010,s_od_r,NA,9.92805,added
GTM,ENEI,Survey,2010,s_od_u,NA,3.24444,added
GTM,ENEI,Survey,2010,s_sep_r,NA,7.02382,added
GTM,ENEI,Survey,2010,s_sep_u,NA,6.76264,added
GTM,ENEI,Survey,2010,s_sew_r,NA,8.48107,added
GTM,ENEI,Survey,2010,s_sew_u,NA,68.19389,added
GTM,ENEI,Survey,2011,s_imp_r,NA,58.52233,added
GTM,ENEI,Survey,2011,s_imp_u,NA,90.82404,added
GTM,ENEI,Survey,2011,s_lat_r,NA,38.85936,added
GTM,ENEI,Survey,2011,s_lat_u,NA,14.006599999999992,added
GTM,ENEI,Survey,2011,s_od_r,NA,9.33075,added
GTM,ENEI,Survey,2011,s_od_u,NA,1.72208,added
GTM,ENEI,Survey,2011,s_sep_r,NA,7.35767,added
GTM,ENEI,Survey,2011,s_sep_u,NA,7.24938,added
GTM,ENEI,Survey,2011,s_sew_r,NA,12.3053,added
GTM,ENEI,Survey,2011,s_sew_u,NA,69.56806,added
GTM,ENEI,Survey,2012,s_imp_r,NA,59.11196,added
GTM,ENEI,Survey,2012,s_imp_u,NA,91.124575,added
GTM,ENEI,Survey,2012,s_lat_r,NA,37.17359,added
GTM,ENEI,Survey,2012,s_lat_u,NA,13.125175,added
GTM,ENEI,Survey,2012,s_od_r,NA,11.24756,added
GTM,ENEI,Survey,2012,s_od_u,NA,1.94031,added
GTM,ENEI,Survey,2012,s_sep_r,NA,7.64732,added
GTM,ENEI,Survey,2012,s_sep_u,NA,6.53142,added
GTM,ENEI,Survey,2012,s_sew_r,NA,14.29105,added
GTM,ENEI,Survey,2012,s_sew_u,NA,71.46798,added
GTM,ENEI,Survey,2013,s_imp_r,NA,62.669555,added
GTM,ENEI,Survey,2013,s_imp_u,NA,90.413395,added
GTM,ENEI,Survey,2013,s_lat_r,NA,38.677265000000006,added
GTM,ENEI,Survey,2013,s_lat_u,NA,14.958354999999996,added
GTM,ENEI,Survey,2013,s_od_r,NA,8.05603,added
GTM,ENEI,Survey,2013,s_od_u,NA,2.03787,added
GTM,ENEI,Survey,2013,s_sep_r,NA,8.6453,added
GTM,ENEI,Survey,2013,s_sep_u,NA,6.22196,added
GTM,ENEI,Survey,2013,s_sew_r,NA,15.34699,added
GTM,ENEI,Survey,2013,s_sew_u,NA,69.23308,added
GTM,ENEI,Survey,2014,s_imp_r,NA,60.37472,added
GTM,ENEI,Survey,2014,s_imp_u,NA,93.880675,added
GTM,ENEI,Survey,2014,s_lat_r,NA,40.68271,added
GTM,ENEI,Survey,2014,s_lat_u,NA,11.575305,added
GTM,ENEI,Survey,2014,s_od_r,NA,6.72219,added
GTM,ENEI,Survey,2014,s_od_u,NA,0.34597,added
GTM,ENEI,Survey,2014,s_sep_r,NA,8.34816,added
GTM,ENEI,Survey,2014,s_sep_u,NA,5.00102,added
GTM,ENEI,Survey,2014,s_sew_r,NA,11.34385,added
GTM,ENEI,Survey,2014,s_sew_u,NA,77.30435,added
GTM,ENEI,Survey,2015,s_imp_r,NA,56.63745,added
GTM,ENEI,Survey,2015,s_imp_u,NA,82.832745,added
GTM,ENEI,Survey,2015,s_lat_r,NA,40.39779,added
GTM,ENEI,Survey,2015,s_lat_u,NA,25.590625000000003,added
GTM,ENEI,Survey,2015,s_od_r,NA,7.56198,added
GTM,ENEI,Survey,2015,s_od_u,NA,1.29271,added
GTM,ENEI,Survey,2015,s_sep_r,NA,7.75362,added
GTM,ENEI,Survey,2015,s_sep_u,NA,5.12883,added
GTM,ENEI,Survey,2015,s_sew_r,NA,8.48604,added
GTM,ENEI,Survey,2015,s_sew_u,NA,52.11329,added
GTM,ENEI,Survey,2016,s_imp_r,NA,63.49618,added
GTM,ENEI,Survey,2016,s_imp_u,NA,90.600205,added
GTM,ENEI,Survey,2016,s_lat_r,NA,37.526880000000006,added
GTM,ENEI,Survey,2016,s_lat_u,NA,12.366434999999996,added
GTM,ENEI,Survey,2016,s_od_r,NA,5.1503,added
GTM,ENEI,Survey,2016,s_od_u,NA,1.50044,added
GTM,ENEI,Survey,2016,s_sep_r,NA,8.4663,added
GTM,ENEI,Survey,2016,s_sep_u,NA,5.3601,added
GTM,ENEI,Survey,2016,s_sew_r,NA,17.503,added
GTM,ENEI,Survey,2016,s_sew_u,NA,72.87367,added
GTM,ENEI,Survey,2017,s_imp_r,NA,61.931785000000005,added
GTM,ENEI,Survey,2017,s_imp_u,NA,90.04566499999999,added
GTM,ENEI,Survey,2017,s_lat_r,NA,41.389695,added
GTM,ENEI,Survey,2017,s_lat_u,NA,12.687704999999994,added
GTM,ENEI,Survey,2017,s_od_r,NA,5.66627,added
GTM,ENEI,Survey,2017,s_od_u,NA,1.62621,added
GTM,ENEI,Survey,2017,s_sep_r,NA,8.54208,added
GTM,ENEI,Survey,2017,s_sep_u,NA,6.6158,added
GTM,ENEI,Survey,2017,s_sew_r,NA,12.00001,added
GTM,ENEI,Survey,2017,s_sew_u,NA,70.74216,added
GTM,ENEI,Survey,2018,s_imp_r,NA,64.46551,added
GTM,CEN,Census,2018,s_imp_r,NA,62.621514999999995,added
GTM,ENEI,Survey,2018,s_imp_u,NA,93.345235,added
GTM,CEN,Census,2018,s_imp_u,NA,88.47880000000002,added
GTM,ENEI,Survey,2018,s_lat_r,NA,37.70388,added
GTM,CEN,Census,2018,s_lat_r,NA,38.59838499999999,added
GTM,ENEI,Survey,2018,s_lat_u,NA,11.660215000000008,added
GTM,CEN,Census,2018,s_lat_u,NA,14.692880000000017,added
GTM,ENEI,Survey,2018,s_od_r,NA,5.86737,added
GTM,CEN,Census,2018,s_od_r,NA,8.14392,added
GTM,ENEI,Survey,2018,s_od_u,NA,0.89575,added
GTM,CEN,Census,2018,s_od_u,NA,2.26602,added
GTM,ENEI,Survey,2018,s_sep_r,NA,11.94443,added
GTM,CEN,Census,2018,s_sep_r,NA,10.83188,added
GTM,ENEI,Survey,2018,s_sep_u,NA,6.5803,added
GTM,CEN,Census,2018,s_sep_u,NA,9.07239,added
GTM,ENEI,Survey,2018,s_sew_r,NA,14.8172,added
GTM,CEN,Census,2018,s_sew_r,NA,13.19125,added
GTM,ENEI,Survey,2018,s_sew_u,NA,75.10472,added
GTM,CEN,Census,2018,s_sew_u,NA,64.71353,added
GTM,CEN,Census,2018,s_shared_r,NA,9.7883451079074,added
GTM,CEN,Census,2018,s_shared_u,NA,9.653962305094552,added
GTM,ENEI,Survey,2019,s_imp_r,NA,73.00795,added
GTM,ENEI,Survey,2019,s_imp_u,NA,88.49961499999999,added
GTM,ENEI,Survey,2019,s_lat_r,NA,31.489939999999997,added
GTM,ENEI,Survey,2019,s_lat_u,NA,14.599594999999994,added
GTM,ENEI,Survey,2019,s_od_r,NA,2.64868,added
GTM,ENEI,Survey,2019,s_od_u,NA,1.29713,added
GTM,ENEI,Survey,2019,s_sep_r,NA,13.04961,added
GTM,ENEI,Survey,2019,s_sep_u,NA,7.51585,added
GTM,ENEI,Survey,2019,s_sew_r,NA,28.4684,added
GTM,ENEI,Survey,2019,s_sew_u,NA,66.38417,added
GUF,CEN,Census,2006,s_imp_n,90.69999999999999,NA,removed
GUF,CEN,Census,2006,s_lat_n,12.899999999999991,NA,removed
GUF,CEN,Census,2006,s_sep_n,40.3,NA,removed
GUF,CEN,Census,2006,s_sew_n,37.5,NA,removed
GUF,CEN,Census,2016,s_imp_n,NA,93.00888891244416,added
GUF,CEN,Census,2016,s_lat_n,NA,10.57764898232486,added
GUF,CEN,Census,2016,s_sep_n,NA,38.613496906777875,added
GUF,CEN,Census,2016,s_sew_n,NA,43.81774302334141,added
GUF,CEN,Census,2017,s_imp_n,NA,93.8585289949626,added
GUF,CEN,Census,2017,s_lat_n,NA,9.520561424546628,added
GUF,CEN,Census,2017,s_sep_n,NA,39.18087396364916,added
GUF,CEN,Census,2017,s_sew_n,NA,45.15709360676682,added
HKG,DSD,Admin,2015,s_treat_wtp_n,NA,76.95351137487637,added
HKG,DSD,Admin,2015,s_treat_wtp_u,NA,76.95351137487637,added
HKG,DSD,Admin,2016,s_treat_wtp_n,NA,85.79940417080437,added
HKG,DSD,Admin,2016,s_treat_wtp_u,NA,85.79940417080437,added
HKG,DSD,Admin,2017,s_treat_wtp_n,95.07389162561577,95.56389162561575,changed
HKG,DSD,Admin,2017,s_treat_wtp_u,95.07389162561577,95.56389162561575,changed
HKG,DSD,Admin,2018,s_imp_n,NA,96.75,added
HKG,DSD,Admin,2018,s_imp_u,NA,96.75,added
HKG,DSD,Admin,2018,s_lat_n,NA,3.25,added
HKG,DSD,Admin,2018,s_lat_u,NA,3.25,added
HKG,DSD,Admin,2018,s_sew_n,NA,93.5,added
HKG,DSD,Admin,2018,s_sew_u,NA,93.5,added
HKG,DSD,Admin,2018,s_treat_wtp_n,NA,93.74379344587884,added
HKG,DSD,Admin,2018,s_treat_wtp_u,NA,93.74379344587884,added
HKG,DSD,Admin,2019,s_treat_wtp_n,NA,92.1,added
HKG,DSD,Admin,2019,s_treat_wtp_u,NA,92.1,added
HND,CEN,Census,2013,s_lat_r,21.543423394481337,21.010579564006697,changed
HND,CEN,Census,2013,s_lat_u,7.618889294815759,7.376306446019711,changed
HND,CEN,Census,2013,s_sep_r,43.894332115811885,44.427175946286525,changed
HND,CEN,Census,2013,s_sep_u,27.033569176068717,27.276152024864754,changed
HND,WV,Survey,2017,s_lat_con_r,NA,93.3274,added
HND,WV,Survey,2017,s_lat_ebo_r,NA,3.07018,added
HND,WV,Survey,2017,s_lat_edl_r,NA,0,added
HND,WV,Survey,2017,s_lat_ero_r,NA,1.75439,added
HND,WV,Survey,2017,s_lat_nemp_r,NA,95.17544,added
HND,WV,Survey,2017,s_sep_con_r,NA,93.3274,added
HND,WV,Survey,2017,s_sep_ebo_r,NA,3.07018,added
HND,WV,Survey,2017,s_sep_edl_r,NA,0,added
HND,WV,Survey,2017,s_sep_ero_r,NA,1.75439,added
HND,WV,Survey,2017,s_sep_nemp_r,NA,95.17544,added
HND,EPHPM,Survey,2018,s_imp_r,NA,82.48198318430545,added
HND,EPHPM,Survey,2018,s_imp_u,NA,95.1749328128831,added
HND,EPHPM,Survey,2018,s_lat_r,NA,48.817229414120355,added
HND,EPHPM,Survey,2018,s_lat_u,NA,9.516909228161635,added
HND,EPHPM,Survey,2018,s_od_r,NA,12.925397037234651,added
HND,EPHPM,Survey,2018,s_od_u,NA,1.173903221305577,added
HND,EPHPM,Survey,2018,s_sep_r,NA,30.385026024288923,added
HND,EPHPM,Survey,2018,s_sep_u,NA,21.94184399861749,added
HND,EPHPM,Survey,2018,s_sew_r,NA,3.279727745896168,added
HND,EPHPM,Survey,2018,s_sew_u,NA,63.71617958610397,added
HND,EPHPM,Survey,2019,s_imp_r,NA,85.95479082321206,added
HND,EPHPM,Survey,2019,s_imp_u,NA,96.04704587738954,added
HND,EPHPM,Survey,2019,s_lat_r,NA,50.799595141700735,added
HND,EPHPM,Survey,2019,s_lat_u,NA,10.9889479821216,added
HND,EPHPM,Survey,2019,s_od_r,NA,10.050607287449264,added
HND,EPHPM,Survey,2019,s_od_u,NA,0.6085232081550132,added
HND,EPHPM,Survey,2019,s_sep_r,NA,30.92105263157886,added
HND,EPHPM,Survey,2019,s_sep_u,NA,19.567599514632477,added
HND,EPHPM,Survey,2019,s_sew_r,NA,4.234143049932473,added
HND,EPHPM,Survey,2019,s_sew_u,NA,65.49049838063546,added
HRV,WHS,Survey,2003,s_od_r,0.59,NA,removed
HRV,WHS,Survey,2003,s_od_u,0.32,NA,removed
HRV,ES,Admin,2011,s_treat_wtp_n,69.62264150943396,96.88644688644688,changed
HRV,EUSILC,Admin,2012,s_imp_r,97.95,NA,removed
HRV,EU SILC,Survey,2012,s_imp_r,NA,97.95,added
HRV,EUSILC,Admin,2012,s_imp_u,99,NA,removed
HRV,EU SILC,Survey,2012,s_imp_u,NA,99,added
HRV,EUSILC,Admin,2012,s_shared_r,3.64963503649635,NA,removed
HRV,EU SILC,Survey,2012,s_shared_r,NA,3.64963503649635,added
HRV,EUSILC,Admin,2012,s_shared_u,1.6326530612244898,NA,removed
HRV,EU SILC,Survey,2012,s_shared_u,NA,1.6326530612244898,added
HRV,ES,Admin,2012,s_treat_wtp_n,69.75425330812854,96.88644688644688,changed
HRV,EUSILC,Admin,2013,s_imp_r,98.45,NA,removed
HRV,EU SILC,Survey,2013,s_imp_r,NA,98.45,added
HRV,EUSILC,Admin,2013,s_imp_u,99.5,NA,removed
HRV,EU SILC,Survey,2013,s_imp_u,NA,99.5,added
HRV,ES,Admin,2013,s_treat_wtp_n,69.75425330812854,96.88644688644688,changed
HRV,EUSILC,Admin,2014,s_imp_r,98.35000000000001,NA,removed
HRV,EU SILC,Survey,2014,s_imp_r,NA,98.35,added
HRV,EUSILC,Admin,2014,s_imp_u,99.5,NA,removed
HRV,EU SILC,Survey,2014,s_imp_u,NA,99.5,added
HRV,ES,Admin,2014,s_treat_wtp_n,69.75425330812854,96.88644688644688,changed
HRV,EUSILC,Admin,2015,s_imp_r,98.60000000000001,NA,removed
HRV,EU SILC,Survey,2015,s_imp_r,NA,98.6,added
HRV,EUSILC,Admin,2015,s_imp_u,99.55,NA,removed
HRV,EU SILC,Survey,2015,s_imp_u,NA,99.55,added
HRV,ES,Admin,2015,s_treat_wtp_n,69.75425330812854,96.88644688644688,changed
HRV,ES,Admin,2016,s_treat_wtp_n,NA,96.88644688644688,added
HRV,ES,Admin,2017,s_treat_wtp_n,NA,96.88644688644688,added
HRV,CC,Other,2019,s_treat_wtp_n,NA,74.00000000000001,added
HUN,ESD,Admin,2000,s_lat_r,0,NA,removed
HUN,ESD,Admin,2000,s_lat_u,0,NA,removed
HUN,ES,Admin,2000,s_sew_n,51,NA,removed
HUN,ESD,Admin,2001,s_lat_r,0,NA,removed
HUN,ESD,Admin,2001,s_lat_u,0,NA,removed
HUN,ES,Admin,2001,s_sew_n,54,NA,removed
HUN,ES,Admin,2002,s_sew_n,62,NA,removed
HUN,ES,Admin,2005,s_sew_n,60.6,NA,removed
HUN,ES,Admin,2006,s_sew_n,63.4,NA,removed
HUN,ES,Admin,2007,s_sew_n,66.5,NA,removed
HUN,ES,Admin,2008,s_sew_n,67.7,NA,removed
HUN,ES,Admin,2009,s_sew_n,68.8,NA,removed
HUN,ES,Admin,2010,s_sew_n,71.8,NA,removed
HUN,ES,Admin,2011,s_sew_n,72.5,NA,removed
HUN,ES,Admin,2011,s_treat_wtp_n,98.06896551724137,97.3901098901099,changed
HUN,EUSILC,Admin,2012,s_imp_r,99.99999999999999,NA,removed
HUN,EU SILC,Admin,2012,s_imp_r,NA,100,added
HUN,EUSILC,Admin,2012,s_imp_u,100,NA,removed
HUN,EU SILC,Admin,2012,s_imp_u,NA,100,added
HUN,EUSILC,Admin,2012,s_lat_r,9.099999999999994,NA,removed
HUN,EUSILC,Admin,2012,s_lat_u,2,NA,removed
HUN,ES,Admin,2012,s_sew_n,72.9,NA,removed
HUN,EUSILC,Admin,2012,s_shared_r,1.4301430143014304,NA,removed
HUN,EU SILC,Admin,2012,s_shared_r,NA,1.4301430143014304,added
HUN,EUSILC,Admin,2012,s_shared_u,2.2448979591836737,NA,removed
HUN,EU SILC,Admin,2012,s_shared_u,NA,2.2448979591836737,added
HUN,EUSILC,Admin,2013,s_imp_r,100,NA,removed
HUN,EU SILC,Admin,2013,s_imp_r,NA,100,added
HUN,EUSILC,Admin,2013,s_imp_u,100,NA,removed
HUN,EU SILC,Admin,2013,s_imp_u,NA,100,added
HUN,EUSILC,Admin,2013,s_lat_r,9.799999999999997,NA,removed
HUN,EUSILC,Admin,2013,s_lat_u,2.4000000000000057,NA,removed
HUN,ES,Admin,2013,s_sew_n,72.7,NA,removed
HUN,ES,Admin,2013,s_treat_wtp_n,99.8624484181568,99.83516483516485,changed
HUN,EUSILC,Admin,2014,s_imp_r,100,NA,removed
HUN,EU SILC,Admin,2014,s_imp_r,NA,100,added
HUN,EUSILC,Admin,2014,s_imp_u,100,NA,removed
HUN,EU SILC,Admin,2014,s_imp_u,NA,100,added
HUN,EUSILC,Admin,2014,s_lat_r,9.099999999999994,NA,removed
HUN,EUSILC,Admin,2014,s_lat_u,3,NA,removed
HUN,ES,Admin,2014,s_sew_n,73.8,NA,removed
HUN,ES,Admin,2014,s_treat_wtp_n,99.86449864498645,99.86413043478262,changed
HUN,EUSILC,Admin,2015,s_imp_r,100,NA,removed
HUN,EU SILC,Admin,2015,s_imp_r,NA,100,added
HUN,EUSILC,Admin,2015,s_imp_u,100,NA,removed
HUN,EU SILC,Admin,2015,s_imp_u,NA,100,added
HUN,EUSILC,Admin,2015,s_lat_r,7.5,NA,removed
HUN,EUSILC,Admin,2015,s_lat_u,1.5,NA,removed
HUN,ES,Admin,2015,s_sew_n,76.89999999999999,NA,removed
HUN,ES,Admin,2015,s_treat_wtp_n,99.8699609882965,99.84332158245202,changed
HUN,CC,Admin,2016,s_sep_n,17.6,NA,removed
HUN,CC,Admin,2016,s_sep_r,NA,41.5,added
HUN,CC,Admin,2016,s_sep_u,NA,10.9,added
HUN,ES,Admin,2016,s_treat_wtp_n,NA,99.91045157988997,added
HUN,CC,Admin,2016,s_treat_wtp_n,NA,99.9,added
HUN,CC,Admin,2016,s_treat_wtp_r,99.5,NA,removed
HUN,CC,Admin,2016,s_treat_wtp_u,100,NA,removed
HUN,ES,Admin,2017,s_treat_wtp_n,NA,99.91169420966318,added
HUN,CC,Admin,2017,s_treat_wtp_n,NA,99.90559585049232,added
HUN,CC,Admin,2018,s_treat_wtp_n,NA,99.9020500970241,added
IDN,DHS,Survey,2012,s_shared_r,NA,14.768058265007507,added
IDN,DHS,Survey,2012,s_shared_u,NA,9.514669274186891,added
IDN,SUS,Survey,2016,s_imp_r,75.3046723316062,76.85300035721676,changed
IDN,SUS,Survey,2016,s_imp_u,94.27100192307694,94.71391132273692,changed
IDN,SUS,Survey,2017,s_imp_r,77.0497409326425,78.48696129873127,changed
IDN,DHS,Survey,2017,s_imp_r,NA,86.01686,added
IDN,SUS,Survey,2017,s_imp_u,89.34153846153845,95.09937134031384,changed
IDN,DHS,Survey,2017,s_imp_u,NA,95.12373,added
IDN,DHS,Survey,2017,s_lat_r,NA,22.737979999999993,added
IDN,DHS,Survey,2017,s_lat_u,NA,13.71553,added
IDN,DHS,Survey,2017,s_od_r,NA,13.90618,added
IDN,DHS,Survey,2017,s_od_u,NA,4.85485,added
IDN,DHS,Survey,2017,s_sep_r,NA,63.27888,added
IDN,DHS,Survey,2017,s_sep_u,NA,81.4082,added
IDN,SUS,Survey,2017,s_shared_r,15.28882492972711,4.038887412056354,changed
IDN,DHS,Survey,2017,s_shared_r,NA,8.39,added
IDN,SUS,Survey,2017,s_shared_u,13.118198098911698,2.008425474407239,changed
IDN,DHS,Survey,2017,s_shared_u,NA,5.36,added
IDN,SUS,Survey,2018,s_imp_r,78.61461139896373,80.20407222722426,changed
IDN,SUS,Survey,2018,s_imp_u,90.24974358974359,95.66589188236443,changed
IDN,SUS,Survey,2018,s_shared_n,13.300095972608899,NA,removed
IDN,SUS,Survey,2018,s_shared_r,14.28487631009015,3.952417766293896,changed
IDN,SUS,Survey,2018,s_shared_u,12.565132651843602,1.9965318489359103,changed
IDN,SUS,Survey,2019,s_imp_r,NA,83.5193152928891,added
IDN,SUS,Survey,2019,s_imp_u,NA,96.25214040584687,added
IDN,SUS,Survey,2019,s_od_r,NA,13.08,added
IDN,SUS,Survey,2019,s_od_u,NA,3.3,added
IDN,SUS,Survey,2019,s_shared_r,NA,3.795529200500877,added
IDN,SUS,Survey,2019,s_shared_u,NA,1.9843714559972283,added
IND,NSS,Survey,2018,s_imp_r,NA,69.4462,added
IND,NSS,Survey,2018,s_imp_u,NA,95.238,added
IND,NSS,Survey,2018,s_lat_ebo_r,NA,0.4484000000000004,added
IND,NSS,Survey,2018,s_lat_ebo_u,NA,0.9702000000000004,added
IND,NSS,Survey,2018,s_lat_edl_r,NA,5.280500000000005,added
IND,NSS,Survey,2018,s_lat_edl_u,NA,13.490400000000005,added
IND,NSS,Survey,2018,s_lat_ero_r,NA,0.16520000000000012,added
IND,NSS,Survey,2018,s_lat_ero_u,NA,0.9240000000000004,added
IND,NSS,Survey,2018,s_lat_nemp_r,NA,94.1,added
IND,NSS,Survey,2018,s_lat_nemp_u,NA,84.6,added
IND,NSS,Survey,2018,s_lat_r,NA,32.01370000000001,added
IND,NSS,Survey,2018,s_lat_u,NA,10.581999999999994,added
IND,NSS,Survey,2018,s_od_r,NA,29.9121,added
IND,NSS,Survey,2018,s_od_u,NA,3.8961999999999968,added
IND,NSS,Survey,2018,s_sep_ebo_r,NA,0.4484000000000004,added
IND,NSS,Survey,2018,s_sep_ebo_u,NA,0.9702000000000004,added
IND,NSS,Survey,2018,s_sep_edl_r,NA,5.280500000000005,added
IND,NSS,Survey,2018,s_sep_edl_u,NA,13.490400000000005,added
IND,NSS,Survey,2018,s_sep_ero_r,NA,0.16520000000000012,added
IND,NSS,Survey,2018,s_sep_ero_u,NA,0.9240000000000004,added
IND,NSS,Survey,2018,s_sep_nemp_r,NA,94.1,added
IND,NSS,Survey,2018,s_sep_nemp_u,NA,84.6,added
IND,NSS,Survey,2018,s_sep_r,NA,36.2917,added
IND,NSS,Survey,2018,s_sep_u,NA,47.0418,added
IND,NSS,Survey,2018,s_sew_r,NA,1.1408,added
IND,NSS,Survey,2018,s_sew_u,NA,37.6142,added
IND,NSS,Survey,2018,s_shared_r,NA,5.3475,added
IND,NSS,Survey,2018,s_shared_u,NA,17.6046,added
IND,NARSS,Survey,2020,s_imp_r,NA,93.61848,added
IND,NARSS,Survey,2020,s_lat_r,NA,71.53595000000001,added
IND,NARSS,Survey,2020,s_od_r,NA,0.77474,added
IND,NARSS,Survey,2020,s_sep_r,NA,21.07642,added
IND,NARSS,Survey,2020,s_sew_r,NA,1.00611,added
IND,NARSS,Survey,2020,s_shared_r,NA,14.124850136426058,added
IRL,EPAWW,Admin,2001,s_treat_wtp_n,29,NA,removed
IRL,EPA,Admin,2001,s_treat_wtp_n,NA,29,added
IRL,EPAWW,Admin,2003,s_treat_wtp_n,67,NA,removed
IRL,EPA,Admin,2003,s_treat_wtp_n,NA,67,added
IRL,EPAWW,Admin,2005,s_treat_wtp_n,82,NA,removed
IRL,EPA,Admin,2005,s_treat_wtp_n,NA,82,added
IRL,EPAWW,Admin,2007,s_treat_wtp_n,90,NA,removed
IRL,EPA,Admin,2007,s_treat_wtp_n,NA,90,added
IRL,EPAWW,Admin,2011,s_treat_wtp_n,92.69999999999999,NA,removed
IRL,EPA,Admin,2011,s_treat_wtp_n,NA,92.7,added
IRL,EUSILC,Admin,2012,s_imp_r,98.89999999999999,NA,removed
IRL,EU SILC,Admin,2012,s_imp_r,NA,98.9,added
IRL,EUSILC,Admin,2012,s_imp_u,98.55000000000001,NA,removed
IRL,EU SILC,Admin,2012,s_imp_u,NA,98.55,added
IRL,EUSILC,Admin,2012,s_lat_r,1.0999999999999943,NA,removed
IRL,EU SILC,Admin,2012,s_lat_r,NA,1.0999999999999943,added
IRL,EUSILC,Admin,2012,s_lat_u,1.4500000000000028,NA,removed
IRL,EU SILC,Admin,2012,s_lat_u,NA,1.4500000000000028,added
IRL,EUSILC,Admin,2012,s_shared_r,4.703476482617586,NA,removed
IRL,EU SILC,Admin,2012,s_shared_r,NA,4.703476482617586,added
IRL,EUSILC,Admin,2012,s_shared_u,8.444902162718845,NA,removed
IRL,EU SILC,Admin,2012,s_shared_u,NA,8.444902162718845,added
IRL,EPAWW,Admin,2012,s_treat_wtp_n,93.89999999999999,NA,removed
IRL,EPA,Admin,2012,s_treat_wtp_n,NA,93.9,added
IRL,EUSILC,Admin,2013,s_imp_r,99.05,NA,removed
IRL,EU SILC,Admin,2013,s_imp_r,NA,99.05,added
IRL,EUSILC,Admin,2013,s_imp_u,98.89999999999999,NA,removed
IRL,EU SILC,Admin,2013,s_imp_u,NA,98.9,added
IRL,EUSILC,Admin,2013,s_lat_r,0.9500000000000028,NA,removed
IRL,EU SILC,Admin,2013,s_lat_r,NA,0.9500000000000028,added
IRL,EUSILC,Admin,2013,s_lat_u,1.0999999999999943,NA,removed
IRL,EU SILC,Admin,2013,s_lat_u,NA,1.0999999999999943,added
IRL,EPAWW,Admin,2013,s_treat_wtp_n,93.8,NA,removed
IRL,EPA,Admin,2013,s_treat_wtp_n,NA,93.8,added
IRL,EUSILC,Admin,2014,s_imp_r,99.81,NA,removed
IRL,EU SILC,Admin,2014,s_imp_r,NA,99.9,added
IRL,EUSILC,Admin,2014,s_imp_u,99.905,NA,removed
IRL,EU SILC,Admin,2014,s_imp_u,NA,99.95,added
IRL,EUSILC,Admin,2014,s_lat_r,0.010000000000005116,NA,removed
IRL,EU SILC,Admin,2014,s_lat_r,NA,0.09999999999999432,added
IRL,EUSILC,Admin,2014,s_lat_u,0.0049999999999954525,NA,removed
IRL,EU SILC,Admin,2014,s_lat_u,NA,0.04999999999999716,added
IRL,NIPWW,Admin,2014,s_sep_con_n,74.85567671584349,72.74569,changed
IRL,NIPWW,Admin,2014,s_sep_con_r,74.85567671584349,72.74569,changed
IRL,EPAWW,Admin,2014,s_treat_wtp_n,94.3,NA,removed
IRL,EPA,Admin,2014,s_treat_wtp_n,NA,94.3,added
IRL,EPAWW,Admin,2015,s_treat_wtp_n,94.8,82,changed
IRL,NIPWW,Admin,2017,s_sep_con_n,NA,74.11032028469751,added
IRL,NIPWW,Admin,2017,s_sep_con_r,NA,74.11032028469751,added
IRL,NIPWW,Admin,2017,s_sep_nemp_n,NA,100,added
IRL,NIPWW,Admin,2017,s_sep_nemp_r,NA,100,added
IRL,EPAWW,Admin,2017,s_treat_wtp_n,NA,97,added
IRL,NIPWW,Admin,2018,s_sep_con_n,NA,73.29591018444266,added
IRL,NIPWW,Admin,2018,s_sep_con_r,NA,73.29591018444266,added
IRL,NIPWW,Admin,2018,s_sep_nemp_n,NA,100,added
IRL,NIPWW,Admin,2018,s_sep_nemp_r,NA,100,added
IRL,EPAWW,Admin,2018,s_treat_wtp_n,NA,97,added
IRL,NIPWW,Admin,2019,s_sep_con_n,NA,74.3103448275862,added
IRL,NIPWW,Admin,2019,s_sep_con_r,NA,74.3103448275862,added
IRL,NIPWW,Admin,2019,s_sep_nemp_n,NA,100,added
IRL,NIPWW,Admin,2019,s_sep_nemp_r,NA,100,added
IRN,HIES,Survey,2000,s_imp_r,NA,69.37,added
IRN,HIES,Survey,2000,s_imp_u,NA,92.41,added
IRN,HIES,Survey,2001,s_imp_r,NA,70.98,added
IRN,HIES,Survey,2001,s_imp_u,NA,92.745,added
IRN,HIES,Survey,2002,s_imp_r,NA,72.925,added
IRN,HIES,Survey,2002,s_imp_u,NA,94.075,added
IRN,HIES,Survey,2003,s_imp_r,NA,75.23,added
IRN,HIES,Survey,2003,s_imp_u,NA,94.04,added
IRN,HIES,Survey,2004,s_imp_r,NA,77.57,added
IRN,HIES,Survey,2004,s_imp_u,NA,95.095,added
IRN,HIES,Survey,2005,s_imp_r,NA,80.16499999999999,added
IRN,HIES,Survey,2005,s_imp_u,NA,96.32,added
IRN,CEN,Census,2006,s_imp_r,95.95056685784967,96.5977517637682,changed
IRN,HIES,Survey,2006,s_imp_r,NA,81.875,added
IRN,CEN,Census,2006,s_imp_u,98.98067389508667,99.1,changed
IRN,HIES,Survey,2006,s_imp_u,NA,97.29,added
IRN,CEN,Census,2006,s_lat_n,74.33723945627388,NA,removed
IRN,CEN,Census,2006,s_lat_r,84.95326433754401,90.1,changed
IRN,CEN,Census,2006,s_lat_u,62.52115886535155,68.1,changed
IRN,CEN,Census,2006,s_od_r,1.4988066613588233,0.99,changed
IRN,CEN,Census,2006,s_od_u,0.2183060263252294,0.033,changed
IRN,CEN,Census,2006,s_sep_n,0.4157717006060649,NA,removed
IRN,CEN,Census,2006,s_sep_u,0.4358286454890179,0.6,changed
IRN,CEN,Census,2006,s_sew_r,10.599550756537461,6.1,changed
IRN,CEN,Census,2006,s_sew_u,36.0236863842461,30.4,changed
IRN,HIES,Survey,2007,s_imp_r,NA,83.22,added
IRN,HIES,Survey,2007,s_imp_u,NA,97.49,added
IRN,HIES,Survey,2008,s_imp_r,NA,84.905,added
IRN,HIES,Survey,2008,s_imp_u,NA,98.08,added
IRN,HIES,Survey,2008,s_sew_r,NA,1.85,added
IRN,HIES,Survey,2008,s_sew_u,NA,21.19,added
IRN,HIES,Survey,2009,s_imp_r,NA,86.32,added
IRN,HIES,Survey,2009,s_imp_u,NA,98.675,added
IRN,HIES,Survey,2009,s_sew_r,NA,1.58,added
IRN,HIES,Survey,2009,s_sew_u,NA,22.46,added
IRN,HIES,Survey,2010,s_imp_r,NA,88.38,added
IRN,HIES,Survey,2010,s_imp_u,NA,98.67,added
IRN,MICS,Survey,2010,s_lat_n,73.82,NA,removed
IRN,MICS,Survey,2010,s_sep_n,1.67,NA,removed
IRN,HIES,Survey,2010,s_sew_r,NA,2.16,added
IRN,HIES,Survey,2010,s_sew_u,NA,24.93,added
IRN,CEN,Census,2011,s_imp_r,95.89999999999999,96.044,changed
IRN,HIES,Survey,2011,s_imp_r,NA,89.555,added
IRN,HIES,Survey,2011,s_imp_u,NA,98.895,added
IRN,CEN,Census,2011,s_lat_n,67.3,NA,removed
IRN,CEN,Census,2011,s_sep_n,0.5,NA,removed
IRN,CEN,Census,2011,s_sep_r,0.5,0.544,changed
IRN,CEN,Census,2011,s_sew_r,5.3,5.4,changed
IRN,HIES,Survey,2011,s_sew_r,NA,1.65,added
IRN,HIES,Survey,2011,s_sew_u,NA,25.49,added
IRN,HIES,Survey,2012,s_imp_r,NA,89.555,added
IRN,HIES,Survey,2012,s_imp_u,NA,98.895,added
IRN,HIES,Survey,2012,s_sew_r,NA,1.47,added
IRN,HIES,Survey,2012,s_sew_u,NA,30.35,added
IRN,HIES,Survey,2013,s_imp_r,NA,92.255,added
IRN,HIES,Survey,2013,s_imp_u,NA,99.205,added
IRN,HIES,Survey,2013,s_sew_r,NA,0.94,added
IRN,HIES,Survey,2013,s_sew_u,NA,32.82,added
IRN,HIES,Survey,2014,s_imp_r,NA,93.405,added
IRN,HIES,Survey,2014,s_imp_u,NA,99.325,added
IRN,HIES,Survey,2014,s_sew_r,NA,0.84,added
IRN,HIES,Survey,2014,s_sew_u,NA,35.21,added
IRN,HIES,Survey,2015,s_imp_r,NA,94.38,added
IRN,HIES,Survey,2015,s_imp_u,NA,99.34,added
IRN,HIES,Survey,2015,s_sew_r,NA,0.56,added
IRN,HIES,Survey,2015,s_sew_u,NA,39.19,added
IRN,HIES,Survey,2016,s_imp_r,NA,95.48,added
IRN,HIES,Survey,2016,s_imp_u,NA,99.545,added
IRN,HIES,Survey,2016,s_sew_r,NA,0.81,added
IRN,HIES,Survey,2016,s_sew_u,NA,41.37,added
IRN,HIES,Survey,2017,s_imp_r,NA,96.045,added
IRN,HIES,Survey,2017,s_imp_u,NA,99.585,added
IRN,HIES,Survey,2017,s_sew_r,NA,1.29,added
IRN,HIES,Survey,2017,s_sew_u,NA,41.82,added
IRN,HIES,Survey,2018,s_imp_r,NA,96.505,added
IRN,HIES,Survey,2018,s_imp_u,NA,99.595,added
IRN,NWW,Other,2018,s_sew_r,NA,0.5,added
IRN,HIES,Survey,2018,s_sew_r,NA,0.94,added
IRN,NWW,Other,2018,s_sew_u,NA,52.4,added
IRN,HIES,Survey,2018,s_sew_u,NA,43.54,added
IRN,HIES,Survey,2019,s_imp_r,NA,96.505,added
IRN,HIES,Survey,2019,s_imp_u,NA,99.595,added
IRN,HIES,Survey,2019,s_sew_r,NA,1.03,added
IRN,HIES,Survey,2019,s_sew_u,NA,42.74,added
IRN,HIES,Survey,2020,s_imp_r,NA,96.505,added
IRN,HIES,Survey,2020,s_imp_u,NA,99.595,added
IRN,HIES,Survey,2020,s_sew_r,NA,0.92,added
IRN,HIES,Survey,2020,s_sew_u,NA,45.38,added
IRQ,IWMS,Survey,2017,s_imp_r,NA,98.67082,added
IRQ,IWMS,Survey,2017,s_imp_u,NA,99.82331,added
IRQ,IWMS,Survey,2017,s_lat_r,NA,6.528649999999999,added
IRQ,IWMS,Survey,2017,s_lat_u,NA,1.380279999999999,added
IRQ,IWMS,Survey,2017,s_sep_r,NA,82.75373,added
IRQ,IWMS,Survey,2017,s_sep_u,NA,51.50633,added
IRQ,IWMS,Survey,2017,s_sew_r,NA,9.38844,added
IRQ,IWMS,Survey,2017,s_sew_u,NA,46.936699999999995,added
IRQ,MICS,Survey,2018,s_imp_r,89.2,96.4,changed
IRQ,MICS,Survey,2018,s_imp_u,97.39999999999999,99.8,changed
IRQ,MICS,Survey,2018,s_lat_ebo_r,4.2735042735042725,22.35966,changed
IRQ,MICS,Survey,2018,s_lat_ebo_u,1.9689119170984455,9.99333,changed
IRQ,MICS,Survey,2018,s_lat_edl_r,23.931623931623935,2.605,changed
IRQ,MICS,Survey,2018,s_lat_edl_u,45.38860103626943,16.79474,changed
IRQ,MICS,Survey,2018,s_lat_ero_r,4.761904761904762,6.18595,changed
IRQ,MICS,Survey,2018,s_lat_ero_u,7.461139896373058,27.04814,changed
IRQ,MICS,Survey,2018,s_lat_nemp_r,67.03296703296702,68.84938,changed
IRQ,MICS,Survey,2018,s_lat_nemp_u,45.18134715025907,46.16379,changed
IRQ,MICS,Survey,2018,s_lat_r,16.200000000000003,23.40000000000001,changed
IRQ,MICS,Survey,2018,s_lat_u,2.299999999999997,4.700000000000003,changed
IRQ,MICS,Survey,2018,s_sep_ebo_r,22.22222222222222,4.32068,changed
IRQ,MICS,Survey,2018,s_sep_ebo_u,11.42857142857143,2.02157,changed
IRQ,MICS,Survey,2018,s_sep_edl_r,10,3.18431,changed
IRQ,MICS,Survey,2018,s_sep_edl_u,40,6.72347,changed
IRQ,MICS,Survey,2018,s_sep_ero_r,0.5555555555555556,22.85586,changed
IRQ,MICS,Survey,2018,s_sep_ero_u,5.714285714285715,38.72184,changed
IRQ,MICS,Survey,2018,s_sep_nemp_r,67.22222222222221,69.63915,changed
IRQ,MICS,Survey,2018,s_sep_nemp_u,42.85714285714286,52.53312,changed
ISL,EUSILC,Admin,2012,s_imp_r,100,NA,removed
ISL,EU SILC,Admin,2012,s_imp_r,NA,100,added
ISL,EUSILC,Admin,2012,s_imp_u,100.1,NA,removed
ISL,EU SILC,Admin,2012,s_imp_u,NA,100.1,added
ISL,EUSILC,Admin,2012,s_shared_r,0,NA,removed
ISL,EU SILC,Admin,2012,s_shared_r,NA,0,added
ISL,EUSILC,Admin,2012,s_shared_u,1.2987012987012987,NA,removed
ISL,EU SILC,Admin,2012,s_shared_u,NA,1.2987012987012987,added
ISL,EUSILC,Admin,2013,s_imp_r,100,NA,removed
ISL,EU SILC,Admin,2013,s_imp_r,NA,100,added
ISL,EUSILC,Admin,2013,s_imp_u,100,NA,removed
ISL,EU SILC,Admin,2013,s_imp_u,NA,100,added
ISL,EUSILC,Admin,2014,s_imp_r,100,NA,removed
ISL,EU SILC,Admin,2014,s_imp_r,NA,100,added
ISL,EUSILC,Admin,2014,s_imp_u,100,NA,removed
ISL,EU SILC,Admin,2014,s_imp_u,NA,100,added
ISL,EUSILC,Admin,2015,s_imp_r,100,NA,removed
ISL,EU SILC,Admin,2015,s_imp_r,NA,100,added
ISL,EUSILC,Admin,2015,s_imp_u,100,NA,removed
ISL,EU SILC,Admin,2015,s_imp_u,NA,100,added
ISL,MHCC,Admin,2017,s_imp_n,100,NA,removed
ISR,OECD,Admin,2000,s_lat_n,0,NA,removed
ISR,OECD,Admin,2000,s_sep_n,4.8,NA,removed
ISR,OECD,Admin,2000,s_sew_n,94.3,NA,removed
ISR,OECD,Admin,2001,s_lat_n,0,NA,removed
ISR,OECD,Admin,2001,s_sep_n,4.1,NA,removed
ISR,OECD,Admin,2001,s_sew_n,95,NA,removed
ISR,OECD,Admin,2002,s_lat_n,0,NA,removed
ISR,OECD,Admin,2002,s_sep_n,3.7,NA,removed
ISR,OECD,Admin,2002,s_sew_n,95.39999999999999,NA,removed
ISR,OECD,Admin,2003,s_lat_n,0,NA,removed
ISR,OECD,Admin,2003,s_sep_n,3.1,NA,removed
ISR,OECD,Admin,2003,s_sew_n,96,NA,removed
ISR,OECD,Admin,2004,s_lat_n,0,NA,removed
ISR,OECD,Admin,2004,s_sep_n,2.6,NA,removed
ISR,OECD,Admin,2004,s_sew_n,96.5,NA,removed
ISR,OECD,Admin,2005,s_lat_n,0,NA,removed
ISR,OECD,Admin,2005,s_sep_n,2.1,NA,removed
ISR,OECD,Admin,2005,s_sew_n,97,NA,removed
ISR,OECD,Admin,2006,s_lat_n,0,NA,removed
ISR,OECD,Admin,2006,s_sep_n,1.8,NA,removed
ISR,OECD,Admin,2006,s_sew_n,97.3,NA,removed
ISR,OECD,Admin,2007,s_lat_n,0,NA,removed
ISR,OECD,Admin,2007,s_sep_n,1.5,NA,removed
ISR,OECD,Admin,2007,s_sew_n,97.6,NA,removed
ISR,OECD,Admin,2008,s_lat_n,0,NA,removed
ISR,OECD,Admin,2008,s_sep_n,1.4,NA,removed
ISR,OECD,Admin,2008,s_sew_n,97.7,NA,removed
ISR,OECD,Admin,2009,s_lat_n,0,NA,removed
ISR,OECD,Admin,2009,s_sep_n,1.3,NA,removed
ISR,OECD,Admin,2009,s_sew_n,98.00000000000001,NA,removed
ISR,OECD,Admin,2010,s_lat_n,0,NA,removed
ISR,OECD,Admin,2010,s_sep_n,1.2,NA,removed
ISR,OECD,Admin,2010,s_sew_n,98.1,NA,removed
ISR,OECD,Admin,2011,s_lat_n,0,NA,removed
ISR,OECD,Admin,2011,s_sep_n,1.2,NA,removed
ISR,OECD,Admin,2011,s_sew_n,98.2,NA,removed
ISR,OECD,Admin,2012,s_lat_n,0,NA,removed
ISR,OECD,Admin,2012,s_sep_n,1.1,NA,removed
ISR,OECD,Admin,2012,s_sew_n,98.5,NA,removed
ISR,OECD,Admin,2013,s_lat_n,0,NA,removed
ISR,OECD,Admin,2013,s_sep_n,1.1,NA,removed
ISR,OECD,Admin,2013,s_sew_n,98.8,NA,removed
ISR,OECD,Admin,2014,s_lat_n,0,NA,removed
ISR,OECD,Admin,2014,s_sep_n,1,NA,removed
ISR,OECD,Admin,2014,s_sew_n,98.9,NA,removed
ISR,OECD,Admin,2015,s_lat_n,0,NA,removed
ISR,OECD,Admin,2015,s_sep_n,0.9,NA,removed
ISR,OECD,Admin,2015,s_sew_n,99,NA,removed
ISR,OECD,Admin,2016,s_lat_n,0,NA,removed
ISR,OECD,Admin,2016,s_sep_n,0.9,NA,removed
ISR,OECD,Admin,2016,s_sew_n,99,NA,removed
ISR,OECD,Admin,2016,s_treat_wtp_n,91.31313131313132,88.7878787878788,changed
ISR,OECD,Admin,2017,s_lat_n,0,NA,removed
ISR,OECD,Admin,2017,s_sep_n,0.9,NA,removed
ISR,OECD,Admin,2017,s_sew_n,99,NA,removed
ISR,PWH,Admin,2018,s_imp_r,NA,99.45,added
ISR,PWH,Admin,2018,s_imp_u,NA,100,added
ISR,OECD,Admin,2018,s_treat_wtp_n,NA,91.6161616161616,added
ITA,EUSILC,Admin,2012,s_imp_r,99.75,NA,removed
ITA,AHSILC,Survey,2012,s_imp_r,96.45,100,changed
ITA,EU SILC,Admin,2012,s_imp_r,NA,100,added
ITA,EUSILC,Admin,2012,s_imp_u,99.6,NA,removed
ITA,AHSILC,Survey,2012,s_imp_u,96.9905075848905,100,changed
ITA,EU SILC,Admin,2012,s_imp_u,NA,99.9,added
ITA,EUSILC,Admin,2012,s_lat_r,5.332983791621359,NA,removed
ITA,AHSILC,Survey,2012,s_lat_r,3.549999999999997,0,changed
ITA,EU SILC,Admin,2012,s_lat_r,NA,0,added
ITA,EUSILC,Admin,2012,s_lat_u,0.29999999999999716,NA,removed
ITA,AHSILC,Survey,2012,s_lat_u,3.0094924151095057,0,changed
ITA,EU SILC,Admin,2012,s_lat_u,NA,0,added
ITA,EU SILC,Admin,2012,s_sep_r,NA,5.582983791621355,added
ITA,AHSILC,Survey,2012,s_sep_r,NA,7.099999999999994,added
ITA,EU SILC,Admin,2012,s_sep_u,NA,0.6,added
ITA,AHSILC,Survey,2012,s_sep_u,NA,6.018984830219011,added
ITA,EU SILC,Admin,2012,s_sew_r,NA,94.41701620837864,added
ITA,EU SILC,Admin,2012,s_sew_u,NA,99.3,added
ITA,EU SILC,Admin,2012,s_shared_n,NA,0.1006036217303823,added
ITA,EUSILC,Admin,2012,s_shared_r,0.10050251256281408,NA,removed
ITA,EU SILC,Admin,2012,s_shared_r,NA,0.10050251256281408,added
ITA,EUSILC,Admin,2012,s_shared_u,0.10070493454179255,NA,removed
ITA,EU SILC,Admin,2012,s_shared_u,NA,0.10070493454179257,added
ITA,EUSILC,Admin,2013,s_imp_r,98.5,NA,removed
ITA,EU SILC,Admin,2013,s_imp_r,NA,100,added
ITA,EUSILC,Admin,2013,s_imp_u,98.8,NA,removed
ITA,EU SILC,Admin,2013,s_imp_u,NA,100,added
ITA,EUSILC,Admin,2013,s_lat_r,5.073573339567261,NA,removed
ITA,EU SILC,Admin,2013,s_lat_r,NA,0,added
ITA,EUSILC,Admin,2013,s_lat_u,0,NA,removed
ITA,EU SILC,Admin,2013,s_lat_u,NA,0,added
ITA,EU SILC,Admin,2013,s_sep_r,NA,6.573573339567262,added
ITA,EU SILC,Admin,2013,s_sep_u,NA,1.2000000000000028,added
ITA,EU SILC,Admin,2013,s_sew_r,NA,93.42642666043274,added
ITA,EU SILC,Admin,2013,s_sew_u,NA,98.8,added
ITA,EUSILC,Admin,2014,s_imp_r,99.39999999999999,NA,removed
ITA,EU SILC,Admin,2014,s_imp_r,NA,100,added
ITA,EUSILC,Admin,2014,s_imp_u,99.60000000000001,NA,removed
ITA,EU SILC,Admin,2014,s_imp_u,NA,100,added
ITA,EUSILC,Admin,2014,s_lat_r,5.7052741296643745,NA,removed
ITA,EU SILC,Admin,2014,s_lat_r,NA,1.4210854715202004e-14,added
ITA,EUSILC,Admin,2014,s_lat_u,0.4000000000000057,NA,removed
ITA,EU SILC,Admin,2014,s_lat_u,NA,0,added
ITA,EU SILC,Admin,2014,s_sep_r,NA,6.305274129664373,added
ITA,EU SILC,Admin,2014,s_sep_u,NA,0.8,added
ITA,EU SILC,Admin,2014,s_sew_r,NA,93.69472587033562,added
ITA,EU SILC,Admin,2014,s_sew_u,NA,99.2,added
ITA,EUSILC,Admin,2015,s_imp_r,99.60000000000001,NA,removed
ITA,EU SILC,Admin,2015,s_imp_r,NA,100,added
ITA,EUSILC,Admin,2015,s_imp_u,99.64999999999999,NA,removed
ITA,EU SILC,Admin,2015,s_imp_u,NA,100,added
ITA,EUSILC,Admin,2015,s_lat_r,5.548570679255192,NA,removed
ITA,EU SILC,Admin,2015,s_lat_r,NA,0.7999999999999972,added
ITA,EUSILC,Admin,2015,s_lat_u,0.3499999999999943,NA,removed
ITA,EU SILC,Admin,2015,s_lat_u,NA,0.7000000000000028,added
ITA,EU SILC,Admin,2015,s_sep_r,NA,5.14857067925518,added
ITA,EU SILC,Admin,2015,s_sep_u,NA,0,added
ITA,EU SILC,Admin,2015,s_sew_r,NA,94.05142932074482,added
ITA,EU SILC,Admin,2015,s_sew_u,NA,99.3,added
JAM,SLC,Survey,2001,s_lat_r,91.47958801498127,NA,removed
JAM,SLC,Survey,2001,s_lat_u,67.34261475493012,NA,removed
JAM,SLC,Survey,2002,s_lat_r,92.05692883895131,NA,removed
JAM,SLC,Survey,2002,s_lat_u,66.1605515233602,NA,removed
JAM,SLC,Survey,2009,s_lat_r,93.5605100546448,NA,removed
JAM,SLC,Survey,2009,s_lat_u,62.533512409638554,NA,removed
JAM,SLC,Survey,2010,s_lat_r,92.93651442622951,NA,removed
JAM,SLC,Survey,2010,s_lat_u,67.3164508433735,NA,removed
JAM,SLC,Survey,2012,s_lat_r,93.33383475409836,NA,removed
JAM,SLC,Survey,2012,s_lat_u,63.71764710843373,NA,removed
JAM,SLC,Survey,2013,s_lat_r,89.97114633879781,NA,removed
JAM,SLC,Survey,2013,s_lat_u,67.89046457831327,NA,removed
JAM,SLC,Survey,2014,s_lat_r,96.31889491803278,NA,removed
JAM,SLC,Survey,2014,s_lat_u,59.85672843373494,NA,removed
JAM,SLC,Survey,2015,s_imp_r,NA,98.18462049180329,added
JAM,SLC,Survey,2015,s_imp_u,NA,99.10380060240963,added
JAM,SLC,Survey,2015,s_od_r,NA,0.57946,added
JAM,SLC,Survey,2015,s_od_u,NA,0.63137,added
JAM,SLC,Survey,2015,s_sew_r,NA,1.98512,added
JAM,SLC,Survey,2015,s_sew_u,NA,33.32363,added
JAM,SLC,Survey,2015,s_shared_r,NA,9.89729,added
JAM,SLC,Survey,2015,s_shared_u,NA,18.56649,added
JAM,SLC,Survey,2016,s_imp_r,NA,98.32942786885246,added
JAM,NWHS,Survey,2016,s_imp_r,NA,98.30498896174863,added
JAM,SLC,Survey,2016,s_imp_u,NA,98.59932385542167,added
JAM,NWHS,Survey,2016,s_imp_u,NA,98.08872975903614,added
JAM,SLC,Survey,2016,s_od_r,NA,1.09923,added
JAM,NWHS,Survey,2016,s_od_r,NA,1.47951,added
JAM,SLC,Survey,2016,s_od_u,NA,1.11731,added
JAM,NWHS,Survey,2016,s_od_u,NA,1.58068,added
JAM,SLC,Survey,2016,s_sew_r,NA,5.42614,added
JAM,SLC,Survey,2016,s_sew_u,NA,37.00617,added
JAM,SLC,Survey,2016,s_shared_r,NA,13.08839,added
JAM,NWHS,Survey,2016,s_shared_r,NA,7.675133348003464,added
JAM,SLC,Survey,2016,s_shared_u,NA,15.82533,added
JAM,NWHS,Survey,2016,s_shared_u,NA,20.933285297312807,added
JAM,SLC,Survey,2017,s_imp_r,NA,98.95233666666668,added
JAM,SLC,Survey,2017,s_imp_u,NA,98.50140746987952,added
JAM,SLC,Survey,2017,s_od_r,NA,0.24248,added
JAM,SLC,Survey,2017,s_od_u,NA,0.11006,added
JAM,SLC,Survey,2017,s_sew_r,NA,5.43603,added
JAM,SLC,Survey,2017,s_shared_r,NA,7.19934,added
JAM,SLC,Survey,2017,s_shared_u,NA,11.19981,added
JOR,JLMPS,Survey,2010,s_imp_r,99.80124,NA,removed
JOR,JLMS,Survey,2010,s_imp_r,NA,99.80124,added
JOR,JLMPS,Survey,2010,s_imp_u,99.98924,NA,removed
JOR,JLMS,Survey,2010,s_imp_u,NA,99.98924,added
JOR,JLMPS,Survey,2010,s_lat_r,0,NA,removed
JOR,JLMS,Survey,2010,s_lat_r,NA,0,added
JOR,JLMPS,Survey,2010,s_lat_u,0,NA,removed
JOR,JLMS,Survey,2010,s_lat_u,NA,0,added
JOR,JLMPS,Survey,2010,s_od_r,0.19876,NA,removed
JOR,JLMS,Survey,2010,s_od_r,NA,0.19876,added
JOR,JLMPS,Survey,2010,s_od_u,0.01076,NA,removed
JOR,JLMS,Survey,2010,s_od_u,NA,0.01076,added
JOR,JLMPS,Survey,2010,s_sep_r,93.77263,NA,removed
JOR,JLMS,Survey,2010,s_sep_r,NA,93.77263,added
JOR,JLMPS,Survey,2010,s_sep_u,29.76496,NA,removed
JOR,JLMS,Survey,2010,s_sep_u,NA,29.76496,added
JOR,JLMPS,Survey,2010,s_sew_r,6.02861,NA,removed
JOR,JLMS,Survey,2010,s_sew_r,NA,6.02861,added
JOR,JLMPS,Survey,2010,s_sew_u,70.22428,NA,removed
JOR,JLMS,Survey,2010,s_sew_u,NA,70.22428,added
JOR,MDG+,Admin,2012,s_treat_wtp_u,100,NA,removed
JOR,MDG,Admin,2012,s_treat_wtp_u,NA,100,added
JOR,MDG+,Admin,2013,s_treat_wtp_u,100,NA,removed
JOR,MDG,Admin,2013,s_treat_wtp_u,NA,100,added
JOR,CEN,Census,2015,s_imp_r,91.89012912859653,NA,removed
JOR,MOH,Admin,2015,s_imp_r,NA,91.89012912859651,added
JOR,CEN,Census,2015,s_imp_u,95.42423409257307,NA,removed
JOR,MOH,Admin,2015,s_imp_u,NA,95.42423409257307,added
JOR,CEN,Census,2015,s_lat_r,0,NA,removed
JOR,MOH,Admin,2015,s_lat_r,NA,0,added
JOR,CEN,Census,2015,s_lat_u,0,NA,removed
JOR,MOH,Admin,2015,s_lat_u,NA,0,added
JOR,CEN,Census,2015,s_sep_r,86.38571518476775,NA,removed
JOR,MOH,Admin,2015,s_sep_r,NA,86.38571518476775,added
JOR,CEN,Census,2015,s_sep_u,28.9548070596013,NA,removed
JOR,MOH,Admin,2015,s_sep_u,NA,28.9548070596013,added
JOR,CEN,Census,2015,s_sew_r,5.504413943828775,NA,removed
JOR,MOH,Admin,2015,s_sew_r,NA,5.504413943828775,added
JOR,CEN,Census,2015,s_sew_u,66.46942703297178,NA,removed
JOR,MOH,Admin,2015,s_sew_u,NA,66.46942703297178,added
JOR,JLMPS,Survey,2016,s_imp_r,97.83138000000001,NA,removed
JOR,JLMS,Survey,2016,s_imp_r,NA,97.83138,added
JOR,JLMPS,Survey,2016,s_imp_u,99.73671999999999,NA,removed
JOR,JLMS,Survey,2016,s_imp_u,NA,99.73672,added
JOR,JLMPS,Survey,2016,s_lat_r,0,NA,removed
JOR,JLMS,Survey,2016,s_lat_r,NA,0,added
JOR,JLMPS,Survey,2016,s_lat_u,0,NA,removed
JOR,JLMS,Survey,2016,s_lat_u,NA,0,added
JOR,JLMPS,Survey,2016,s_od_r,1.90941,NA,removed
JOR,JLMS,Survey,2016,s_od_r,NA,1.90941,added
JOR,JLMPS,Survey,2016,s_od_u,0.22419,NA,removed
JOR,JLMS,Survey,2016,s_od_u,NA,0.22419,added
JOR,JLMPS,Survey,2016,s_sep_r,75.14306,NA,removed
JOR,JLMS,Survey,2016,s_sep_r,NA,75.14306,added
JOR,JLMPS,Survey,2016,s_sep_u,28.95585,NA,removed
JOR,JLMS,Survey,2016,s_sep_u,NA,28.95585,added
JOR,JLMPS,Survey,2016,s_sew_r,22.68832,NA,removed
JOR,JLMS,Survey,2016,s_sew_r,NA,22.68832,added
JOR,JLMPS,Survey,2016,s_sew_u,70.78087,NA,removed
JOR,JLMS,Survey,2016,s_sew_u,NA,70.78087,added
JOR,DHS,Survey,2018,s_imp_r,NA,99.77657,added
JOR,DHS,Survey,2018,s_imp_u,NA,99.93616,added
JOR,DHS,Survey,2018,s_lat_r,NA,8.014039999999994,added
JOR,DHS,Survey,2018,s_lat_u,NA,4.1338599999999985,added
JOR,DHS,Survey,2018,s_od_r,NA,0.00539,added
JOR,DHS,Survey,2018,s_od_u,NA,0.00308,added
JOR,DHS,Survey,2018,s_sep_r,NA,64.02507,added
JOR,DHS,Survey,2018,s_sep_u,NA,22.66374,added
JOR,DHS,Survey,2018,s_sew_r,NA,27.73746,added
JOR,DHS,Survey,2018,s_sew_u,NA,73.13856,added
JOR,DHS,Survey,2018,s_shared_r,NA,3.05,added
JOR,DHS,Survey,2018,s_shared_u,NA,1.75603,added
JPN,SDGW,Survey,2015,s_lat_nemp_n,NA,0,added
JPN,SDGW,Survey,2015,s_sep_nemp_n,NA,0,added
JPN,SDGW,Survey,2016,s_lat_nemp_n,NA,0,added
JPN,SDGW,Survey,2016,s_sep_nemp_n,NA,0,added
JPN,SDGW,Survey,2017,s_imp_n,99.96925860914645,100,changed
JPN,SDGW,Survey,2017,s_lat_ebo_n,0.9660867164831046,0.6637911058193632,changed
JPN,SDGW,Survey,2017,s_lat_edl_n,NA,0.1919967366095137,added
JPN,SDGW,Survey,2017,s_lat_ero_n,99.0339132835169,99.14421215757112,changed
JPN,OECD,Admin,2017,s_lat_n,NA,0,added
JPN,SDGW,Survey,2017,s_lat_nemp_n,NA,0,added
JPN,SDGW,Survey,2017,s_sep_ebo_n,NA,0.1108860582379221,added
JPN,SDGW,Survey,2017,s_sep_edl_n,NA,0.29077734236864367,added
JPN,SDGW,Survey,2017,s_sep_ero_n,NA,99.59833659939343,added
JPN,SDGW,Survey,2017,s_sep_nemp_n,NA,0,added
JPN,SDGW,Survey,2017,s_sew_n,74.5,74.53074139085355,changed
JPN,OECD,Admin,2017,s_sew_n,NA,78.8,added
JPN,OECD,Admin,2017,s_treat_fstp_n,NA,100,added
JPN,OECD,Admin,2017,s_treat_wtp_n,NA,100,added
JPN,SDGW,Survey,2018,s_imp_n,NA,100,added
JPN,SDGW,Survey,2018,s_lat_ebo_n,NA,0.9189334352072877,added
JPN,SDGW,Survey,2018,s_lat_edl_n,NA,0.21032273276402091,added
JPN,SDGW,Survey,2018,s_lat_ero_n,NA,98.87074383202868,added
JPN,SDGW,Survey,2018,s_lat_n,NA,5.164246668492552,added
JPN,SDGW,Survey,2018,s_lat_nemp_n,NA,0,added
JPN,STIR,Admin,2018,s_sep_con_n,NA,95,added
JPN,SDGW,Survey,2018,s_sep_ebo_n,NA,0.1297957850050456,added
JPN,SDGW,Survey,2018,s_sep_edl_n,NA,0.32738844416633583,added
JPN,SDGW,Survey,2018,s_sep_ero_n,NA,99.54281577082862,added
JPN,SDGW,Survey,2018,s_sep_n,NA,19.6523434336209,added
JPN,SDGW,Survey,2018,s_sep_nemp_n,NA,0,added
JPN,SDGW,Survey,2018,s_sew_n,NA,75.18340989788655,added
JPN,SDGW,Survey,2019,s_imp_n,NA,100,added
JPN,SDGW,Survey,2019,s_lat_ebo_n,NA,1.0515826384425788,added
JPN,SDGW,Survey,2019,s_lat_edl_n,NA,0.29002848919690594,added
JPN,SDGW,Survey,2019,s_lat_ero_n,NA,98.65838887236052,added
JPN,SDGW,Survey,2019,s_lat_n,NA,4.837755339114366,added
JPN,SDGW,Survey,2019,s_lat_nemp_n,NA,0,added
JPN,STIR,Admin,2019,s_sep_con_n,NA,94.9,added
JPN,SDGW,Survey,2019,s_sep_ebo_n,NA,0.1366082820619521,added
JPN,SDGW,Survey,2019,s_sep_edl_n,NA,0.3918176722047783,added
JPN,SDGW,Survey,2019,s_sep_ero_n,NA,99.47157404573326,added
JPN,SDGW,Survey,2019,s_sep_n,NA,19.34819994731567,added
JPN,SDGW,Survey,2019,s_sep_nemp_n,NA,0,added
JPN,SDGW,Survey,2019,s_sew_n,NA,75.81404471356996,added
KAZ,WHS,Survey,2003,s_od_r,NA,0.04,added
KAZ,SC,Admin,2015,s_treat_wtp_n,97.75,96.7,changed
KAZ,SC,Admin,2016,s_treat_wtp_n,98.21,97.1,changed
KAZ,SC,Admin,2017,s_treat_wtp_n,NA,99.1,added
KAZ,SC,Admin,2018,s_treat_wtp_n,NA,99.1,added
KEN,KAIS,Survey,2012,s_imp_r,49.5,NA,removed
KEN,AIS,Survey,2012,s_imp_r,NA,49.5,added
KEN,KAIS,Survey,2012,s_imp_u,73.75,NA,removed
KEN,AIS,Survey,2012,s_imp_u,NA,73.75,added
KEN,KAIS,Survey,2012,s_lat_r,49.27173913043478,NA,removed
KEN,AIS,Survey,2012,s_lat_r,NA,49.27173913043478,added
KEN,KAIS,Survey,2012,s_lat_u,55.75452805603062,NA,removed
KEN,AIS,Survey,2012,s_lat_u,NA,55.75452805603062,added
KEN,KAIS,Survey,2012,s_od_r,12.7,NA,removed
KEN,AIS,Survey,2012,s_od_r,NA,12.7,added
KEN,KAIS,Survey,2012,s_od_u,1.7,NA,removed
KEN,AIS,Survey,2012,s_od_u,NA,1.7,added
KEN,KAIS,Survey,2012,s_sew_r,0.22826086956521738,NA,removed
KEN,AIS,Survey,2012,s_sew_r,NA,0.22826086956521735,added
KEN,KAIS,Survey,2012,s_sew_u,17.99547194396938,NA,removed
KEN,AIS,Survey,2012,s_sew_u,NA,17.99547194396938,added
KEN,WV,Survey,2017,s_lat_con_r,NA,95.9799,added
KEN,WV,Survey,2017,s_lat_ebo_r,NA,0.10395,added
KEN,WV,Survey,2017,s_lat_edl_r,NA,0.15593,added
KEN,WV,Survey,2017,s_lat_ero_r,NA,2.59875,added
KEN,WV,Survey,2017,s_lat_nemp_r,NA,97.14137,added
KEN,WV,Survey,2017,s_sep_con_r,NA,95.9799,added
KEN,WV,Survey,2017,s_sep_ebo_r,NA,0.10395,added
KEN,WV,Survey,2017,s_sep_edl_r,NA,0.15593,added
KEN,WV,Survey,2017,s_sep_ero_r,NA,2.59875,added
KEN,WV,Survey,2017,s_sep_nemp_r,NA,97.14137,added
KEN,PMA,Survey,2018,s_imp_r,NA,43.787090000000006,added
KEN,PMA,Survey,2018,s_imp_u,NA,85.60531999999999,added
KEN,PMA,Survey,2018,s_lat_r,NA,43.25609000000001,added
KEN,PMA,Survey,2018,s_lat_u,NA,48.16018999999999,added
KEN,PMA,Survey,2018,s_od_r,NA,10.13995,added
KEN,PMA,Survey,2018,s_od_u,NA,0.67491,added
KEN,PMA,Survey,2018,s_sep_r,NA,0.45626,added
KEN,PMA,Survey,2018,s_sep_u,NA,12.61084,added
KEN,PMA,Survey,2018,s_sew_r,NA,0.07474,added
KEN,PMA,Survey,2018,s_sew_u,NA,24.83429,added
KEN,PMA,Survey,2018,s_shared_r,NA,30.9367,added
KEN,PMA,Survey,2018,s_shared_u,NA,58.88643,added
KEN,CEN,Census,2019,s_imp_r,NA,75.39999999999999,added
KEN,CEN,Census,2019,s_imp_u,NA,93.5,added
KEN,CEN,Census,2019,s_lat_r,NA,73.39999999999999,added
KEN,CEN,Census,2019,s_lat_u,NA,47.8,added
KEN,CEN,Census,2019,s_od_r,NA,11.5,added
KEN,CEN,Census,2019,s_od_u,NA,0.8,added
KEN,CEN,Census,2019,s_sep_r,NA,1.7,added
KEN,CEN,Census,2019,s_sep_u,NA,21.1,added
KEN,CEN,Census,2019,s_sew_r,NA,0.3,added
KEN,CEN,Census,2019,s_sew_u,NA,24.6,added
KGZ,WW,Admin,2014,s_treat_wtp_n,96.7,97.6,changed
KGZ,WW,Admin,2015,s_treat_wtp_n,97.9,97.6,changed
KGZ,WW,Admin,2016,s_treat_wtp_n,99.7,97.9,changed
KGZ,WW,Admin,2017,s_treat_wtp_n,NA,97.9,added
KGZ,MICS,Survey,2018,s_imp_r,NA,99.83634,added
KGZ,MICS,Survey,2018,s_imp_u,NA,99.95573,added
KGZ,MICS,Survey,2018,s_lat_ebo_r,NA,21.89934,added
KGZ,MICS,Survey,2018,s_lat_ebo_u,NA,12.56039,added
KGZ,MICS,Survey,2018,s_lat_edl_r,NA,0.42319,added
KGZ,MICS,Survey,2018,s_lat_edl_u,NA,0.37437,added
KGZ,MICS,Survey,2018,s_lat_ero_r,NA,2.33858,added
KGZ,MICS,Survey,2018,s_lat_ero_u,NA,14.07767,added
KGZ,MICS,Survey,2018,s_lat_nemp_r,NA,75.3389,added
KGZ,MICS,Survey,2018,s_lat_nemp_u,NA,72.98756,added
KGZ,MICS,Survey,2018,s_lat_r,NA,98.29594,added
KGZ,MICS,Survey,2018,s_lat_u,NA,49.9886,added
KGZ,MICS,Survey,2018,s_od_r,NA,0,added
KGZ,MICS,Survey,2018,s_od_u,NA,0,added
KGZ,MICS,Survey,2018,s_sep_ebo_r,NA,16.8446,added
KGZ,MICS,Survey,2018,s_sep_ebo_u,NA,4.73811,added
KGZ,MICS,Survey,2018,s_sep_edl_r,NA,0,added
KGZ,MICS,Survey,2018,s_sep_edl_u,NA,0.98636,added
KGZ,MICS,Survey,2018,s_sep_ero_r,NA,32.66572,added
KGZ,MICS,Survey,2018,s_sep_ero_u,NA,59.39773,added
KGZ,MICS,Survey,2018,s_sep_nemp_r,NA,50.48968,added
KGZ,MICS,Survey,2018,s_sep_nemp_u,NA,34.87779,added
KGZ,MICS,Survey,2018,s_sep_r,NA,0.49965,added
KGZ,MICS,Survey,2018,s_sep_u,NA,2.3113,added
KGZ,MICS,Survey,2018,s_sew_r,NA,1.04075,added
KGZ,MICS,Survey,2018,s_sew_u,NA,47.65583,added
KGZ,MICS,Survey,2018,s_shared_r,NA,0.72359,added
KGZ,MICS,Survey,2018,s_shared_u,NA,3.3478800000000004,added
KHM,IPS,Survey,2013,s_imp_r,34.8,35.453396940286225,changed
KHM,IPS,Survey,2013,s_imp_u,85.6,85.86135877611449,changed
KHM,IPS,Survey,2013,s_lat_r,0,0.6533969402862283,changed
KHM,IPS,Survey,2013,s_lat_u,0,0.2613587761144913,changed
KHM,SES,Survey,2014,s_imp_r,47.949999999999996,48.197982683760245,changed
KHM,SES,Survey,2014,s_imp_u,89.3859574468085,89.52012846563335,changed
KHM,SES,Survey,2014,s_lat_r,1.8499999999999943,2.097982683760243,changed
KHM,SES,Survey,2014,s_lat_u,0.4859574468084986,0.6201284656333428,changed
KHM,SES,Survey,2014,s_shared_r,4.195804195804196,4.175117744191416,changed
KHM,SES,Survey,2014,s_shared_u,0.7512509036272662,0.7501333896597109,changed
KHM,SES,Survey,2016,s_imp_r,69,69.35426097680035,changed
KHM,SES,Survey,2016,s_imp_u,94.14999999999999,94.3284727703236,changed
KHM,SES,Survey,2016,s_lat_r,2.0999999999999943,2.4542609768003416,changed
KHM,SES,Survey,2016,s_lat_u,0.5499999999999972,0.7284727703235916,changed
KHM,SES,Survey,2017,s_imp_r,NA,72.3743652853069,added
KHM,SES,Survey,2017,s_imp_u,NA,94.8189818468824,added
KHM,SES,Survey,2017,s_lat_r,NA,2.274365285306885,added
KHM,SES,Survey,2017,s_lat_u,NA,1.1189818468824058,added
KHM,SES,Survey,2017,s_od_r,NA,25.8,added
KHM,SES,Survey,2017,s_od_u,NA,4.1,added
KHM,SES,Survey,2017,s_sep_r,NA,68.4,added
KHM,SES,Survey,2017,s_sep_u,NA,43,added
KHM,SES,Survey,2017,s_sew_r,NA,1.7,added
KHM,SES,Survey,2017,s_sew_u,NA,50.7,added
KHM,CEN,Census,2019,s_imp_r,NA,64.43466455684822,added
KHM,CEN,Census,2019,s_imp_u,NA,81.91713818807816,added
KHM,CEN,Census,2019,s_od_r,NA,21.69223023393811,added
KHM,CEN,Census,2019,s_od_u,NA,9.583131664936646,added
KHM,CEN,Census,2019,s_sew_r,NA,19.420863826803085,added
KHM,CEN,Census,2019,s_sew_u,NA,44.82036520860729,added
KHM,CEN,Census,2019,s_shared_r,NA,14.138647459608949,added
KHM,CEN,Census,2019,s_shared_u,NA,12.470986060444558,added
KHM,SES,Survey,2020,s_imp_r,NA,71.61137000000001,added
KHM,SES,Survey,2020,s_imp_u,NA,88.81174,added
KHM,SES,Survey,2020,s_od_r,NA,23.31754,added
KHM,SES,Survey,2020,s_od_u,NA,8.51802,added
KHM,SES,Survey,2020,s_sew_r,NA,4.56556,added
KHM,SES,Survey,2020,s_sew_u,NA,30.52069,added
KHM,SES,Survey,2020,s_shared_r,NA,11.30438,added
KHM,SES,Survey,2020,s_shared_u,NA,7.2578,added
KIR,CEN,Census,2000,s_imp_n,32.800000000000004,NA,removed
KIR,CEN,Census,2000,s_imp_r,NA,24.005159625927117,added
KIR,CEN,Census,2000,s_imp_u,NA,55.823697000167584,added
KIR,CEN,Census,2000,s_od_n,51.1,NA,removed
KIR,CEN,Census,2000,s_od_r,NA,54.96936472105772,added
KIR,CEN,Census,2000,s_od_u,NA,41.15971174794704,added
KIR,HIES,Survey,2005,s_imp_n,46.92094861660079,NA,removed
KIR,CEN,Census,2005,s_imp_n,26.98636289400621,NA,removed
KIR,HIES,Survey,2005,s_lat_n,11.782608695652172,NA,removed
KIR,CEN,Census,2005,s_lat_n,9.490854156459253,NA,removed
KIR,HIES,Survey,2005,s_od_n,21.24110671936759,NA,removed
KIR,CEN,Census,2005,s_od_n,61.068920463824924,NA,removed
KIR,HIES,Survey,2005,s_sep_n,27.992094861660078,NA,removed
KIR,HIES,Survey,2005,s_sew_n,7.146245059288538,NA,removed
KIR,CEN,Census,2005,s_sew_n,17.495508737546956,NA,removed
KIR,HIES,Survey,2006,s_imp_r,NA,32.518192247721494,added
KIR,HIES,Survey,2006,s_imp_u,NA,74.64335459154832,added
KIR,HIES,Survey,2006,s_lat_r,NA,12.217162247721491,added
KIR,HIES,Survey,2006,s_lat_u,NA,8.94365459154831,added
KIR,HIES,Survey,2006,s_od_u,NA,13.86101,added
KIR,HIES,Survey,2006,s_sep_r,NA,18.08551,added
KIR,HIES,Survey,2006,s_sep_u,NA,49.54551,added
KIR,HIES,Survey,2006,s_sew_r,NA,2.21552,added
KIR,HIES,Survey,2006,s_sew_u,NA,16.15419,added
KIR,DHS,Survey,2009,s_imp_n,38,NA,removed
KIR,DHS,Survey,2009,s_imp_r,NA,25.399999999999995,added
KIR,DHS,Survey,2009,s_imp_u,NA,52.7,added
KIR,DHS,Survey,2009,s_lat_n,9.3,NA,removed
KIR,DHS,Survey,2009,s_lat_r,NA,6.4999999999999964,added
KIR,DHS,Survey,2009,s_lat_u,NA,12.499999999999991,added
KIR,DHS,Survey,2009,s_od_n,35.1,NA,removed
KIR,DHS,Survey,2009,s_od_r,NA,49.4,added
KIR,DHS,Survey,2009,s_od_u,NA,18.4,added
KIR,DHS,Survey,2009,s_sep_n,16.7,NA,removed
KIR,DHS,Survey,2009,s_sep_r,NA,9.3,added
KIR,DHS,Survey,2009,s_sep_u,NA,25.4,added
KIR,DHS,Survey,2009,s_sew_n,12,NA,removed
KIR,DHS,Survey,2009,s_sew_r,NA,9.6,added
KIR,DHS,Survey,2009,s_sew_u,NA,14.8,added
KIR,DHS,Survey,2009,s_shared_n,17.894736842105264,NA,removed
KIR,DHS,Survey,2009,s_shared_r,NA,11.41732283464567,added
KIR,DHS,Survey,2009,s_shared_u,NA,21.631878557874764,added
KIR,CEN,Census,2010,s_imp_n,48.725300754223,NA,removed
KIR,CEN,Census,2010,s_imp_r,NA,39.66143269138581,added
KIR,CEN,Census,2010,s_imp_u,NA,70.22304201898157,added
KIR,CEN,Census,2010,s_lat_n,0,NA,removed
KIR,CEN,Census,2010,s_lat_r,NA,2.8762538522339938,added
KIR,CEN,Census,2010,s_lat_u,NA,4.868828745305279,added
KIR,CEN,Census,2010,s_od_n,39.95512061335164,NA,removed
KIR,CEN,Census,2010,s_od_r,NA,52.62368815592203,added
KIR,CEN,Census,2010,s_od_u,NA,22.311707680835152,added
KIR,CEN,Census,2010,s_sew_n,11.9553699432774,NA,removed
KIR,CEN,Census,2010,s_sew_r,NA,1.52066823730992,added
KIR,CEN,Census,2010,s_sew_u,NA,26.4876957494407,added
KIR,CEN,Census,2015,s_imp_n,62,NA,removed
KIR,CEN,Census,2015,s_od_n,31.6,NA,removed
KIR,CEN,Census,2015,s_shared_n,20.8,NA,removed
KIR,KHS,Survey,2016,s_imp_u,NA,73.65766616559779,added
KIR,KHS,Survey,2016,s_od_u,NA,20.672097759674138,added
KIR,MICS,Survey,2019,s_imp_r,NA,44.78894,added
KIR,MICS,Survey,2019,s_imp_u,NA,74.17937,added
KIR,MICS,Survey,2019,s_lat_ebo_r,NA,5.4409,added
KIR,MICS,Survey,2019,s_lat_ebo_u,NA,10.39755,added
KIR,MICS,Survey,2019,s_lat_edl_r,NA,6.49198,added
KIR,MICS,Survey,2019,s_lat_edl_u,NA,8.10398,added
KIR,MICS,Survey,2019,s_lat_ero_r,NA,1.24604,added
KIR,MICS,Survey,2019,s_lat_ero_u,NA,5.35168,added
KIR,MICS,Survey,2019,s_lat_nemp_r,NA,86.82108,added
KIR,MICS,Survey,2019,s_lat_nemp_u,NA,76.14679,added
KIR,MICS,Survey,2019,s_lat_r,NA,23.12524,added
KIR,MICS,Survey,2019,s_lat_u,NA,10.360500000000007,added
KIR,MICS,Survey,2019,s_od_r,NA,47.12317,added
KIR,MICS,Survey,2019,s_od_u,NA,22.15709,added
KIR,MICS,Survey,2019,s_sep_ebo_r,NA,8.66808,added
KIR,MICS,Survey,2019,s_sep_ebo_u,NA,4.44158,added
KIR,MICS,Survey,2019,s_sep_edl_r,NA,5.1373,added
KIR,MICS,Survey,2019,s_sep_edl_u,NA,4.11973,added
KIR,MICS,Survey,2019,s_sep_ero_r,NA,6.38012,added
KIR,MICS,Survey,2019,s_sep_ero_u,NA,13.22819,added
KIR,MICS,Survey,2019,s_sep_nemp_r,NA,79.81451,added
KIR,MICS,Survey,2019,s_sep_nemp_u,NA,78.21049,added
KIR,MICS,Survey,2019,s_sep_r,NA,21.54063,added
KIR,MICS,Survey,2019,s_sep_u,NA,45.53048,added
KIR,MICS,Survey,2019,s_sew_r,NA,0.12307,added
KIR,MICS,Survey,2019,s_sew_u,NA,18.28839,added
KIR,MICS,Survey,2019,s_shared_r,NA,13.63415,added
KIR,MICS,Survey,2019,s_shared_u,NA,31.746249999999996,added
KNA,SLC,Survey,2007,s_imp_n,91.5,95,changed
KNA,SLC,Survey,2007,s_lat_n,1,4.5,changed
KNA,CEN,Census,2011,s_imp_n,NA,93.36819094883612,added
KNA,CEN,Census,2011,s_od_n,NA,2.097365000590807,added
KOR,OECD,Admin,2000,s_sep_n,29,29.5,changed
KOR,OECD,Admin,2000,s_sew_n,71,70.5,changed
KOR,OECD,Admin,2000,s_treat_fstp_n,NA,97.58865241667166,added
KOR,OECD,Admin,2000,s_treat_wtp_n,97.1830985915493,97.58865241667166,changed
KOR,OECD,Admin,2001,s_sep_n,27,26.8,changed
KOR,OECD,Admin,2001,s_sew_n,73,73.2,changed
KOR,OECD,Admin,2001,s_treat_fstp_n,NA,97.5409836419314,added
KOR,OECD,Admin,2001,s_treat_wtp_n,98.63013698630137,97.5409836419314,changed
KOR,OECD,Admin,2002,s_sep_n,24,24.2,changed
KOR,OECD,Admin,2002,s_sew_n,76,75.8,changed
KOR,OECD,Admin,2002,s_treat_fstp_n,NA,97.88918201924912,added
KOR,OECD,Admin,2002,s_treat_wtp_n,97.36842105263158,97.88918201924912,changed
KOR,OECD,Admin,2003,s_sep_n,21,21.2,changed
KOR,OECD,Admin,2003,s_sew_n,79,78.8,changed
KOR,OECD,Admin,2003,s_treat_fstp_n,NA,98.8578679979508,added
KOR,OECD,Admin,2003,s_treat_wtp_n,98.73417721518987,98.8578679979508,changed
KOR,SK,Admin,2004,s_lat_nemp_n,100,NA,removed
KOR,OECD,Admin,2004,s_sep_n,19,18.6,changed
KOR,OECD,Admin,2004,s_sew_n,81,81.4,changed
KOR,OECD,Admin,2004,s_treat_fstp_n,NA,98.64864862292116,added
KOR,OECD,Admin,2004,s_treat_wtp_n,98.76543209876543,98.64864862292116,changed
KOR,SK,Admin,2005,s_lat_nemp_n,100,NA,removed
KOR,OECD,Admin,2005,s_sep_n,16,16.5,changed
KOR,OECD,Admin,2005,s_sew_n,84,83.5,changed
KOR,OECD,Admin,2005,s_treat_fstp_n,NA,98.56287421960982,added
KOR,OECD,Admin,2005,s_treat_wtp_n,98.80952380952381,98.56287421960982,changed
KOR,OECD,Admin,2006,s_sep_n,14,14.5,changed
KOR,OECD,Admin,2006,s_sew_n,86,85.5,changed
KOR,OECD,Admin,2006,s_treat_fstp_n,NA,99.41520021672837,added
KOR,OECD,Admin,2006,s_treat_wtp_n,98.83720930232558,99.41520021672837,changed
KOR,OECD,Admin,2007,s_sep_n,13,12.9,changed
KOR,OECD,Admin,2007,s_sew_n,87,87.1,changed
KOR,OECD,Admin,2007,s_treat_fstp_n,NA,99.31113617453391,added
KOR,OECD,Admin,2007,s_treat_wtp_n,98.85057471264368,99.31113617453391,changed
KOR,OECD,Admin,2008,s_sep_n,11,11.4,changed
KOR,OECD,Admin,2008,s_sew_n,89,88.6,changed
KOR,OECD,Admin,2008,s_treat_fstp_n,NA,99.32280080761362,added
KOR,OECD,Admin,2008,s_treat_wtp_n,100,99.32280080761362,changed
KOR,OECD,Admin,2009,s_sep_n,11,10.6,changed
KOR,OECD,Admin,2009,s_sew_n,89,89.4,changed
KOR,OECD,Admin,2009,s_treat_fstp_n,NA,99.32885651165824,added
KOR,SK,Admin,2009,s_treat_wtp_n,100.02507106279506,99.91318619583444,changed
KOR,OECD,Admin,2009,s_treat_wtp_n,100,99.32885651165824,changed
KOR,ESY,Admin,2010,s_sep_n,10,9.9,changed
KOR,ESY,Admin,2010,s_sew_n,90,90.1,changed
KOR,ESY,Admin,2010,s_treat_fstp_n,NA,99.44506103388711,added
KOR,ESY,Admin,2010,s_treat_wtp_n,100,99.44506103388711,changed
KOR,OECD,Admin,2011,s_sep_n,9,9.1,changed
KOR,OECD,Admin,2011,s_sew_n,91,90.9,changed
KOR,OECD,Admin,2011,s_treat_fstp_n,NA,99.33993148652748,added
KOR,OECD,Admin,2011,s_treat_wtp_n,98.9010989010989,99.33993148652748,changed
KOR,OECD,Admin,2012,s_sep_n,8,8.4,changed
KOR,OECD,Admin,2012,s_sew_n,92,91.6,changed
KOR,SK,Admin,2012,s_sew_r,62.1,NA,removed
KOR,SK,Admin,2012,s_sew_u,94.6,NA,removed
KOR,OECD,Admin,2012,s_treat_fstp_n,NA,99.34498190309252,added
KOR,SK,Admin,2012,s_treat_wtp_n,99.96937295506108,NA,removed
KOR,OECD,Admin,2012,s_treat_wtp_n,98.91304347826086,99.34498190309252,changed
KOR,OECD,Admin,2013,s_sep_n,8,7.9,changed
KOR,OECD,Admin,2013,s_sew_n,92,92.1,changed
KOR,OECD,Admin,2013,s_treat_fstp_n,NA,99.98914213152618,added
KOR,OECD,Admin,2013,s_treat_wtp_n,100,99.98914213152618,changed
KOR,OECD,Admin,2014,s_imp_n,NA,100,added
KOR,OECD,Admin,2014,s_lat_n,NA,0,added
KOR,OECD,Admin,2014,s_sep_n,NA,7.5,added
KOR,OECD,Admin,2014,s_sew_n,NA,92.5,added
KOR,OECD,Admin,2014,s_treat_fstp_n,NA,99.24357156503991,added
KOR,OECD,Admin,2014,s_treat_wtp_n,NA,99.24357156503991,added
KOR,OECD,Admin,2015,s_imp_n,NA,100,added
KOR,SK,Admin,2015,s_lat_ebo_n,NA,0,added
KOR,SK,Admin,2015,s_lat_edl_n,NA,0,added
KOR,OECD,Admin,2015,s_lat_n,NA,0,added
KOR,SK,Admin,2015,s_sep_ebo_n,NA,0,added
KOR,SK,Admin,2015,s_sep_edl_n,NA,0,added
KOR,SK,Admin,2015,s_sep_ero_n,NA,70.89714309733645,added
KOR,OECD,Admin,2015,s_sep_n,NA,7.1,added
KOR,SK,Admin,2015,s_sep_nemp_n,NA,29.102856902663547,added
KOR,OECD,Admin,2015,s_sew_n,NA,92.9,added
KOR,OECD,Admin,2015,s_treat_fstp_n,NA,99.98923535847882,added
KOR,SK,Admin,2015,s_treat_wtp_n,99.99314052807591,99.99,changed
KOR,OECD,Admin,2015,s_treat_wtp_n,100,99.98923535847882,changed
KOR,SK,Admin,2016,s_imp_n,NA,99.999998108135,added
KOR,OECD,Admin,2016,s_imp_n,NA,100,added
KOR,SK,Admin,2016,s_lat_ebo_n,NA,0,added
KOR,SK,Admin,2016,s_lat_edl_n,NA,0,added
KOR,SK,Admin,2016,s_lat_ero_n,NA,77.00913879213995,added
KOR,SK,Admin,2016,s_lat_n,NA,2.969005916126733,added
KOR,OECD,Admin,2016,s_lat_n,NA,0,added
KOR,SK,Admin,2016,s_lat_nemp_n,NA,22.99086120786005,added
KOR,SK,Admin,2016,s_sep_ebo_n,NA,0,added
KOR,SK,Admin,2016,s_sep_edl_n,NA,0,added
KOR,SK,Admin,2016,s_sep_ero_n,NA,77.00913879213995,added
KOR,SK,Admin,2016,s_sep_n,NA,3.809118842305749,added
KOR,OECD,Admin,2016,s_sep_n,NA,6.8,added
KOR,SK,Admin,2016,s_sep_nemp_n,NA,22.99086120786005,added
KOR,SK,Admin,2016,s_sew_n,NA,93.2218733497025,added
KOR,OECD,Admin,2016,s_sew_n,NA,93.2,added
KOR,SK,Admin,2016,s_treat_fstp_n,NA,99.99873364080564,added
KOR,OECD,Admin,2016,s_treat_fstp_n,NA,100,added
KOR,SK,Admin,2016,s_treat_wtp_n,NA,99.99873364080564,added
KOR,OECD,Admin,2016,s_treat_wtp_n,NA,100,added
KOR,SK,Admin,2017,s_imp_n,NA,99.63663228663889,added
KOR,OECD,Admin,2017,s_imp_n,NA,100,added
KOR,SK,Admin,2017,s_lat_ebo_n,NA,0,added
KOR,SK,Admin,2017,s_lat_edl_n,NA,0,added
KOR,SK,Admin,2017,s_lat_ero_n,NA,82.04775502584278,added
KOR,SK,Admin,2017,s_lat_n,NA,2.802218816129922,added
KOR,OECD,Admin,2017,s_lat_n,NA,0,added
KOR,SK,Admin,2017,s_lat_nemp_n,NA,17.952244974157225,added
KOR,SK,Admin,2017,s_sep_ebo_n,NA,0,added
KOR,SK,Admin,2017,s_sep_edl_n,NA,0,added
KOR,SK,Admin,2017,s_sep_ero_n,NA,82.04775502584278,added
KOR,SK,Admin,2017,s_sep_n,NA,3.62613608831344,added
KOR,OECD,Admin,2017,s_sep_n,NA,6.4,added
KOR,SK,Admin,2017,s_sep_nemp_n,NA,17.952244974157225,added
KOR,SK,Admin,2017,s_sew_n,NA,93.20827738219552,added
KOR,OECD,Admin,2017,s_sew_n,NA,93.6,added
KOR,SK,Admin,2017,s_treat_fstp_n,NA,99.60862537899077,added
KOR,OECD,Admin,2017,s_treat_fstp_n,NA,100,added
KOR,SK,Admin,2017,s_treat_wtp_n,NA,99.60862537899077,added
KOR,OECD,Admin,2017,s_treat_wtp_n,NA,100,added
KOR,SK,Admin,2018,s_imp_n,NA,99.82324240802969,added
KOR,OECD,Admin,2018,s_imp_n,NA,100,added
KOR,SK,Admin,2018,s_lat_ebo_n,NA,0,added
KOR,SK,Admin,2018,s_lat_edl_n,NA,0,added
KOR,SK,Admin,2018,s_lat_ero_n,NA,78.81868069495027,added
KOR,SK,Admin,2018,s_lat_n,NA,2.821688783976171,added
KOR,OECD,Admin,2018,s_lat_n,NA,0,added
KOR,SK,Admin,2018,s_lat_nemp_n,NA,21.18131930504973,added
KOR,SK,Admin,2018,s_sep_ebo_n,NA,0,added
KOR,SK,Admin,2018,s_sep_edl_n,NA,0,added
KOR,SK,Admin,2018,s_sep_ero_n,NA,78.81868069495027,added
KOR,SK,Admin,2018,s_sep_n,NA,3.452446394977002,added
KOR,OECD,Admin,2018,s_sep_n,NA,6.1,added
KOR,SK,Admin,2018,s_sep_nemp_n,NA,21.18131930504973,added
KOR,SK,Admin,2018,s_sew_n,NA,93.5491072290765,added
KOR,OECD,Admin,2018,s_sew_n,NA,93.9,added
KOR,SK,Admin,2018,s_treat_fstp_n,NA,99.62648714344006,added
KOR,OECD,Admin,2018,s_treat_fstp_n,NA,100,added
KOR,SK,Admin,2018,s_treat_wtp_n,NA,99.62648714344006,added
KOR,OECD,Admin,2018,s_treat_wtp_n,NA,100,added
KWT,ASBE,Admin,2017,s_imp_n,NA,100,added
KWT,ASBE,Admin,2017,s_lat_n,NA,0,added
KWT,ASBE,Admin,2017,s_sew_n,NA,100,added
KWT,ASBE,Admin,2018,s_imp_n,NA,100,added
KWT,ASBE,Admin,2018,s_lat_n,NA,0,added
KWT,ASBE,Admin,2018,s_sew_n,NA,100,added
LAO,LSIS,Survey,2017,s_imp_r,65,64.85169,changed
LAO,LSIS,Survey,2017,s_imp_u,94.10000000000001,94.11378,changed
LAO,LSIS,Survey,2017,s_lat_ebo_r,0.10964912280701758,0.09997,changed
LAO,LSIS,Survey,2017,s_lat_ebo_u,0.1319261213720317,0.15489,changed
LAO,LSIS,Survey,2017,s_lat_edl_r,4.276315789473686,1.02178,changed
LAO,LSIS,Survey,2017,s_lat_edl_u,16.248348745046236,5.5181,changed
LAO,LSIS,Survey,2017,s_lat_ero_r,0.10964912280701758,4.01731,changed
LAO,LSIS,Survey,2017,s_lat_ero_u,0.2,10.98799,changed
LAO,LSIS,Survey,2017,s_lat_nemp_r,95.5043859649123,94.86095,changed
LAO,LSIS,Survey,2017,s_lat_nemp_u,83.37730870712403,83.33901,changed
LAO,LSIS,Survey,2017,s_lat_r,58.6,58.43344,changed
LAO,LSIS,Survey,2017,s_lat_u,70.5,70.49989000000001,changed
LAO,LSIS,Survey,2017,s_od_r,32.6,32.64498,changed
LAO,LSIS,Survey,2017,s_od_u,4.2,4.23472,changed
LAO,LSIS,Survey,2017,s_sep_ebo_r,NA,0.13577,added
LAO,LSIS,Survey,2017,s_sep_ebo_u,NA,0.14543,added
LAO,LSIS,Survey,2017,s_sep_edl_r,6.896551724137931,1.1656,changed
LAO,LSIS,Survey,2017,s_sep_edl_u,27.800829875518673,4.10274,changed
LAO,LSIS,Survey,2017,s_sep_ero_r,NA,6.9312,added
LAO,LSIS,Survey,2017,s_sep_ero_u,NA,23.78698,added
LAO,LSIS,Survey,2017,s_sep_nemp_r,93.10344827586208,91.76743,changed
LAO,LSIS,Survey,2017,s_sep_nemp_u,72.19917012448134,71.96485,changed
LAO,LSIS,Survey,2017,s_sep_r,5.5,5.49382,changed
LAO,LSIS,Survey,2017,s_sep_u,22.3,22.32964,changed
LAO,LSIS,Survey,2017,s_sew_r,0.9,0.92443,changed
LAO,LSIS,Survey,2017,s_sew_u,1.3,1.28425,changed
LAO,LSIS,Survey,2017,s_shared_r,4.175654853620955,NA,removed
LAO,LSIS,Survey,2017,s_shared_u,3.08182784272051,NA,removed
LBN,LFHLCS,Survey,2019,s_imp_n,NA,97.90854,added
LBN,LFHLCS,Survey,2019,s_lat_n,NA,0,added
LBN,LFHLCS,Survey,2019,s_od_n,NA,0.21409,added
LBN,LFHLCS,Survey,2019,s_sep_n,NA,25.60833,added
LBN,LFHLCS,Survey,2019,s_sew_n,NA,72.30021,added
LBN,LFHLCS,Survey,2019,s_shared_n,NA,0.1,added
LBR,HIES,Survey,2017,s_imp_r,NA,26.471939999999996,added
LBR,HIES,Survey,2017,s_imp_u,NA,70.684,added
LBR,HIES,Survey,2017,s_od_r,NA,62.034,added
LBR,HIES,Survey,2017,s_od_u,NA,18.31024,added
LBY,GWCC,Other,2011,s_imp_n,NA,98.8,added
LBY,MDG+,Other,2012,s_treat_wtp_n,15.536783904162188,NA,removed
LBY,MDG,Other,2012,s_treat_wtp_n,NA,15.536783904162188,added
LBY,PAPFAM,Survey,2014,s_od_n,NA,0.1,added
LBY,FNAS,Survey,2016,s_imp_n,NA,98.6,added
LBY,FNAS,Survey,2016,s_od_n,NA,1.4,added
LBY,FNAS,Survey,2016,s_shared_n,NA,7.199999999999999,added
LCA,CEN,Census,2001,s_lat_n,34.62761904761905,NA,removed
LCA,CEN,Census,2001,s_sep_n,47.2,NA,removed
LCA,CEN,Census,2010,s_lat_n,22.659999999999997,NA,removed
LCA,CEN,Census,2010,s_sep_n,62.8,NA,removed
LCA,MICS,Survey,2012,s_lat_n,21.10000000000001,NA,removed
LCA,MICS,Survey,2012,s_sep_n,71.5,NA,removed
LCA,SLC,Survey,2016,s_imp_r,NA,88.78059071729957,added
LCA,SLC,Survey,2016,s_imp_u,NA,95.14736842105263,added
LCA,SLC,Survey,2016,s_od_r,NA,11,added
LCA,SLC,Survey,2016,s_od_u,NA,3,added
LIE,WW,Admin,2006,s_treat_wtp_n,100,NA,removed
LIE,WWT,Admin,2006,s_treat_wtp_n,NA,100,added
LKA,DHS,Survey,2000,s_imp_r,87.72296119935066,88.3279714447592,changed
LKA,DHS,Survey,2000,s_imp_u,96.93829089943456,94.47196022191402,changed
LKA,DHS,Survey,2000,s_lat_r,NA,80.6294254196307,added
LKA,DHS,Survey,2000,s_lat_u,NA,68.98242841766739,added
LKA,DHS,Survey,2000,s_od_r,NA,6.37425,added
LKA,DHS,Survey,2000,s_od_u,NA,3.56656,added
LKA,DHS,Survey,2000,s_sew_r,NA,7.698546025128497,added
LKA,DHS,Survey,2000,s_sew_u,NA,25.489531804246624,added
LKA,DHS,Survey,2000,s_shared_r,NA,11.15683,added
LKA,DHS,Survey,2000,s_shared_u,NA,18.27718,added
LKA,DHS,Survey,2007,s_imp_r,96.88509670079637,96.33614,changed
LKA,DHS,Survey,2007,s_imp_u,97.78236744759555,98.75982,changed
LKA,DHS,Survey,2007,s_lat_r,91.88509670079637,90.92312,changed
LKA,DHS,Survey,2007,s_lat_u,77.48236744759555,71.9008,changed
LKA,DHS,Survey,2007,s_od_r,2.1,2.67376,changed
LKA,DHS,Survey,2007,s_od_u,0.3,0.23173,changed
LKA,DHS,Survey,2007,s_sep_r,4.5,4.78684,changed
LKA,DHS,Survey,2007,s_sep_u,10.6,12.76143,changed
LKA,DHS,Survey,2007,s_sew_r,0.5,0.62618,changed
LKA,DHS,Survey,2007,s_sew_u,9.7,14.09759,changed
LKA,DHS,Survey,2007,s_shared_r,NA,11.48333,added
LKA,DHS,Survey,2007,s_shared_u,NA,19.42945,added
LKA,HIES,Survey,2013,s_imp_r,94.05165929203541,89.35165929203541,changed
LKA,HIES,Survey,2013,s_imp_u,96.35000000000001,92.7,changed
LKA,HIES,Survey,2013,s_shared_r,0.4476693585427966,5.422551859679826,changed
LKA,HIES,Survey,2013,s_shared_u,2.912621359223301,6.5905552672548,changed
LKA,DHS,Survey,2016,s_imp_r,98.18687210952882,98.20712,changed
LKA,DHS,Survey,2016,s_imp_u,97.69999999999999,98.02009,changed
LKA,DHS,Survey,2016,s_lat_n,92.1,NA,removed
LKA,DHS,Survey,2016,s_lat_r,94.36116122533083,94.36541,changed
LKA,DHS,Survey,2016,s_lat_u,80.29999999999998,80.51858,changed
LKA,DHS,Survey,2016,s_od_r,1.1771326525939834,1.1376,changed
LKA,DHS,Survey,2016,s_od_u,0.4,0.38916,changed
LKA,DHS,Survey,2016,s_sep_n,2.3000000000000003,NA,removed
LKA,DHS,Survey,2016,s_sep_r,1.7079857136315766,1.74772,changed
LKA,DHS,Survey,2016,s_sep_u,5.1,5.20682,changed
LKA,DHS,Survey,2016,s_sew_n,3.8,NA,removed
LKA,DHS,Survey,2016,s_sew_r,2.117725170566418,2.09399,changed
LKA,DHS,Survey,2016,s_sew_u,12.3,12.29469,changed
LKA,DHS,Survey,2016,s_shared_r,NA,7.17878,added
LKA,DHS,Survey,2016,s_shared_u,NA,6.372890000000001,added
LSO,CEN,Census,2016,s_imp_r,NA,45.36128839226368,added
LSO,CEN,Census,2016,s_imp_u,NA,76.080952784125,added
LSO,CEN,Census,2016,s_lat_r,NA,45.06128839226368,added
LSO,CEN,Census,2016,s_lat_u,NA,68.96825910756868,added
LSO,CEN,Census,2016,s_od_r,NA,33.5,added
LSO,CEN,Census,2016,s_od_u,NA,4.790794802564968,added
LSO,CEN,Census,2016,s_sep_r,NA,0.1,added
LSO,CEN,Census,2016,s_sep_u,NA,2.115019329303838,added
LSO,CEN,Census,2016,s_sew_r,NA,0.2,added
LSO,CEN,Census,2016,s_sew_u,NA,4.997674347252478,added
LSO,MICS,Survey,2018,s_imp_r,NA,64.75365000000001,added
LSO,MICS,Survey,2018,s_imp_u,NA,87.29451,added
LSO,MICS,Survey,2018,s_lat_ebo_r,NA,0.50676,added
LSO,MICS,Survey,2018,s_lat_ebo_u,NA,0.27574,added
LSO,MICS,Survey,2018,s_lat_edl_r,NA,0.00938,added
LSO,MICS,Survey,2018,s_lat_edl_u,NA,2.09792,added
LSO,MICS,Survey,2018,s_lat_ero_r,NA,0.56048,added
LSO,MICS,Survey,2018,s_lat_ero_u,NA,11.02704,added
LSO,MICS,Survey,2018,s_lat_nemp_r,NA,98.92338,added
LSO,MICS,Survey,2018,s_lat_nemp_u,NA,86.59931,added
LSO,MICS,Survey,2018,s_lat_r,NA,64.25139,added
LSO,MICS,Survey,2018,s_lat_u,NA,80.69145,added
LSO,MICS,Survey,2018,s_od_r,NA,27.95962,added
LSO,MICS,Survey,2018,s_od_u,NA,3.80436,added
LSO,MICS,Survey,2018,s_sep_ebo_r,NA,7.24471,added
LSO,MICS,Survey,2018,s_sep_ebo_u,NA,8.48573,added
LSO,MICS,Survey,2018,s_sep_edl_r,NA,0,added
LSO,MICS,Survey,2018,s_sep_edl_u,NA,0,added
LSO,MICS,Survey,2018,s_sep_ero_r,NA,44.44544,added
LSO,MICS,Survey,2018,s_sep_ero_u,NA,46.31155,added
LSO,MICS,Survey,2018,s_sep_nemp_r,NA,48.30985,added
LSO,MICS,Survey,2018,s_sep_nemp_u,NA,45.20271,added
LSO,MICS,Survey,2018,s_sep_r,NA,0.37452,added
LSO,MICS,Survey,2018,s_sep_u,NA,3.34262,added
LSO,MICS,Survey,2018,s_sew_r,NA,0.12774,added
LSO,MICS,Survey,2018,s_sew_u,NA,3.26044,added
LSO,MICS,Survey,2018,s_shared_r,NA,15.450799999999996,added
LSO,MICS,Survey,2018,s_shared_u,NA,47.45358,added
LTU,EUSILC,Admin,2012,s_imp_r,82.3,NA,removed
LTU,EU SILC,Admin,2012,s_imp_r,NA,82.3,added
LTU,EUSILC,Admin,2012,s_imp_u,98.55000000000001,NA,removed
LTU,EU SILC,Admin,2012,s_imp_u,NA,98.55,added
LTU,EUSILC,Admin,2012,s_lat_r,17.700000000000003,NA,removed
LTU,EUSILC,Admin,2012,s_lat_u,1.4500000000000028,NA,removed
LTU,EUSILC,Admin,2012,s_shared_r,1.2383900928792573,NA,removed
LTU,EU SILC,Admin,2012,s_shared_r,NA,1.2383900928792573,added
LTU,EUSILC,Admin,2012,s_shared_u,2.265705458290422,NA,removed
LTU,EU SILC,Admin,2012,s_shared_u,NA,2.265705458290422,added
LTU,MOE,Admin,2012,s_treat_fstp_n,97.2,NA,removed
LTU,MOE,Admin,2012,s_treat_wtp_n,97.2,NA,removed
LTU,SILC,Admin,2013,s_imp_r,79.35,NA,removed
LTU,EU SILC,Admin,2013,s_imp_r,NA,79.35,added
LTU,SILC,Admin,2013,s_imp_u,97.8,NA,removed
LTU,EU SILC,Admin,2013,s_imp_u,NA,97.8,added
LTU,SILC,Admin,2013,s_lat_r,20.64999999999999,NA,removed
LTU,SILC,Admin,2013,s_lat_u,2.200000000000003,NA,removed
LTU,SILC,Admin,2013,s_shared_r,4.258943781942079,NA,removed
LTU,EU SILC,Admin,2013,s_shared_r,NA,4.258943781942079,added
LTU,SILC,Admin,2013,s_shared_u,1.6736401673640169,NA,removed
LTU,EU SILC,Admin,2013,s_shared_u,NA,1.6736401673640169,added
LTU,SILC,Admin,2014,s_imp_r,87.85000000000001,NA,removed
LTU,EU SILC,Admin,2014,s_imp_r,NA,87.85000000000001,added
LTU,SILC,Admin,2014,s_imp_u,99.14999999999999,NA,removed
LTU,EU SILC,Admin,2014,s_imp_u,NA,99.15,added
LTU,SILC,Admin,2014,s_lat_r,12.150000000000006,NA,removed
LTU,SILC,Admin,2014,s_lat_u,0.8499999999999943,NA,removed
LTU,SILC,Admin,2015,s_imp_r,90.75,NA,removed
LTU,EU SILC,Admin,2015,s_imp_r,NA,90.75,added
LTU,SILC,Admin,2015,s_imp_u,99.39999999999999,NA,removed
LTU,EU SILC,Admin,2015,s_imp_u,NA,99.4,added
LTU,SILC,Admin,2015,s_lat_r,9.25,NA,removed
LTU,SILC,Admin,2015,s_lat_u,0.5999999999999943,NA,removed
LTU,MOE,Admin,2015,s_treat_fstp_n,99.78999999999999,NA,removed
LTU,MOE,Admin,2015,s_treat_wtp_n,99.78999999999999,NA,removed
LTU,ES,Admin,2016,s_sep_ero_n,NA,100,added
LTU,MOE,Admin,2016,s_treat_fstp_n,NA,99.8,added
LTU,ES,Admin,2016,s_treat_fstp_n,NA,99.85197859800648,added
LTU,MOE,Admin,2016,s_treat_wtp_n,NA,99.8,added
LTU,ES,Admin,2016,s_treat_wtp_n,NA,99.85197859800648,added
LTU,ES,Admin,2017,s_sep_ero_n,NA,100,added
LTU,ES,Admin,2017,s_treat_fstp_n,NA,99.8646453708717,added
LTU,ES,Admin,2017,s_treat_wtp_n,NA,99.8646453708717,added
LTU,ES,Admin,2018,s_sep_ero_n,NA,89.35135135135135,added
LTU,ES,Admin,2018,s_sep_nemp_n,NA,10.648648648648653,added
LTU,ES,Admin,2018,s_treat_fstp_n,NA,99.90905376372432,added
LTU,ES,Admin,2018,s_treat_wtp_n,NA,99.90905376372432,added
LUX,EUSILC,Admin,2012,s_imp_r,99.55,NA,removed
LUX,EU SILC,Admin,2012,s_imp_r,NA,99.55,added
LUX,EUSILC,Admin,2012,s_imp_u,100,NA,removed
LUX,EU SILC,Admin,2012,s_imp_u,NA,100,added
LUX,EUSILC,Admin,2012,s_lat_r,0,NA,removed
LUX,EU SILC,Admin,2012,s_lat_r,NA,0,added
LUX,EUSILC,Admin,2012,s_lat_u,0,NA,removed
LUX,EU SILC,Admin,2012,s_lat_u,NA,0,added
LUX,EUSILC,Admin,2012,s_sep_r,19.618223997417896,NA,removed
LUX,EU SILC,Admin,2012,s_sep_r,NA,19.618223997417896,added
LUX,EUSILC,Admin,2012,s_sep_u,0,NA,removed
LUX,EU SILC,Admin,2012,s_sep_u,NA,0,added
LUX,EUSILC,Admin,2012,s_sew_r,79.9317760025821,NA,removed
LUX,EU SILC,Admin,2012,s_sew_r,NA,79.9317760025821,added
LUX,EUSILC,Admin,2012,s_sew_u,100,NA,removed
LUX,EU SILC,Admin,2012,s_sew_u,NA,100,added
LUX,EUSILC,Admin,2012,s_shared_r,1.1111111111111112,NA,removed
LUX,EU SILC,Admin,2012,s_shared_r,NA,1.1111111111111112,added
LUX,EUSILC,Admin,2012,s_shared_u,2.5,NA,removed
LUX,EU SILC,Admin,2012,s_shared_u,NA,2.5,added
LUX,EUSILC,Admin,2013,s_imp_r,99.95,NA,removed
LUX,EU SILC,Admin,2013,s_imp_r,NA,99.95,added
LUX,EUSILC,Admin,2013,s_imp_u,100,NA,removed
LUX,EU SILC,Admin,2013,s_imp_u,NA,100,added
LUX,EUSILC,Admin,2013,s_lat_r,0,NA,removed
LUX,EU SILC,Admin,2013,s_lat_r,NA,0,added
LUX,EUSILC,Admin,2013,s_lat_u,0,NA,removed
LUX,EU SILC,Admin,2013,s_lat_u,NA,0,added
LUX,EUSILC,Admin,2013,s_sep_r,17.80193492339283,NA,removed
LUX,EU SILC,Admin,2013,s_sep_r,NA,17.80193492339283,added
LUX,EUSILC,Admin,2013,s_sep_u,0,NA,removed
LUX,EU SILC,Admin,2013,s_sep_u,NA,0,added
LUX,EUSILC,Admin,2013,s_sew_r,82.14806507660717,NA,removed
LUX,EU SILC,Admin,2013,s_sew_r,NA,82.14806507660717,added
LUX,EUSILC,Admin,2013,s_sew_u,100,NA,removed
LUX,EU SILC,Admin,2013,s_sew_u,NA,100,added
LUX,EUSILC,Admin,2014,s_imp_r,99.95,NA,removed
LUX,EU SILC,Admin,2014,s_imp_r,NA,99.95,added
LUX,EUSILC,Admin,2014,s_imp_u,99.95,NA,removed
LUX,EU SILC,Admin,2014,s_imp_u,NA,99.95,added
LUX,EUSILC,Admin,2014,s_lat_r,0,NA,removed
LUX,EU SILC,Admin,2014,s_lat_r,NA,0,added
LUX,EUSILC,Admin,2014,s_lat_u,0,NA,removed
LUX,EU SILC,Admin,2014,s_lat_u,NA,0,added
LUX,EUSILC,Admin,2014,s_sep_r,18.32922011913717,NA,removed
LUX,EU SILC,Admin,2014,s_sep_r,NA,18.32922011913717,added
LUX,EUSILC,Admin,2014,s_sep_u,0.05,NA,removed
LUX,EU SILC,Admin,2014,s_sep_u,NA,0.05,added
LUX,EUSILC,Admin,2014,s_sew_r,81.62077988086284,NA,removed
LUX,EU SILC,Admin,2014,s_sew_r,NA,81.62077988086284,added
LUX,EUSILC,Admin,2014,s_sew_u,99.9,NA,removed
LUX,EU SILC,Admin,2014,s_sew_u,NA,99.9,added
LUX,EUSILC,Admin,2015,s_imp_r,100,NA,removed
LUX,EU SILC,Admin,2015,s_imp_r,NA,100,added
LUX,EUSILC,Admin,2015,s_imp_u,100,NA,removed
LUX,EU SILC,Admin,2015,s_imp_u,NA,100,added
LUX,EUSILC,Admin,2015,s_lat_r,0,NA,removed
LUX,EU SILC,Admin,2015,s_lat_r,NA,0,added
LUX,EUSILC,Admin,2015,s_lat_u,0,NA,removed
LUX,EU SILC,Admin,2015,s_lat_u,NA,0,added
LUX,EUSILC,Admin,2015,s_sep_r,20.35296565323974,NA,removed
LUX,EU SILC,Admin,2015,s_sep_r,NA,20.35296565323974,added
LUX,EUSILC,Admin,2015,s_sep_u,0,NA,removed
LUX,EU SILC,Admin,2015,s_sep_u,NA,0,added
LUX,EUSILC,Admin,2015,s_sew_r,79.64703434676026,NA,removed
LUX,EU SILC,Admin,2015,s_sew_r,NA,79.64703434676026,added
LUX,EUSILC,Admin,2015,s_sew_u,100,NA,removed
LUX,EU SILC,Admin,2015,s_sew_u,NA,100,added
LUX,ES,Admin,2016,s_treat_wtp_n,NA,100,added
LUX,ES,Admin,2017,s_treat_wtp_n,NA,100,added
LVA,WHS,Survey,2003,s_lat_r,15.500000000000007,NA,removed
LVA,WHS,Survey,2003,s_lat_u,8.199999999999989,NA,removed
LVA,WHS,Survey,2003,s_sep_r,4.619999999999999,NA,removed
LVA,WHS,Survey,2003,s_sep_u,3.92,NA,removed
LVA,WHS,Survey,2003,s_sew_r,54.41,NA,removed
LVA,WHS,Survey,2003,s_sew_u,82.69,NA,removed
LVA,ILCS,Survey,2007,s_imp_u,99.51870170015457,NA,removed
LVA,ES,Admin,2007,s_lat_n,0,NA,removed
LVA,ILCS,Survey,2007,s_lat_u,0.7187017001545684,NA,removed
LVA,ES,Admin,2007,s_sew_n,NA,64.1,added
LVA,ILCS,Survey,2007,s_sew_u,98.8,NA,removed
LVA,ILCS,Survey,2008,s_imp_r,77.98884141744156,NA,removed
LVA,ILCS,Survey,2008,s_imp_u,97.27264296754251,NA,removed
LVA,ES,Admin,2008,s_lat_n,0,NA,removed
LVA,ILCS,Survey,2008,s_lat_r,12.388841417441569,NA,removed
LVA,ILCS,Survey,2008,s_lat_u,4.072642967542507,NA,removed
LVA,ES,Admin,2008,s_sew_n,NA,61.3,added
LVA,ILCS,Survey,2008,s_sew_r,65.6,NA,removed
LVA,ILCS,Survey,2008,s_sew_u,93.2,NA,removed
LVA,ILCS,Survey,2009,s_imp_r,77.22101030409651,NA,removed
LVA,ILCS,Survey,2009,s_imp_u,97.43307573415765,NA,removed
LVA,ES,Admin,2009,s_lat_n,0,NA,removed
LVA,ILCS,Survey,2009,s_lat_r,12.821010304096504,NA,removed
LVA,ILCS,Survey,2009,s_lat_u,3.83307573415766,NA,removed
LVA,ES,Admin,2009,s_sep_con_n,NA,7.237256135934548,added
LVA,ES,Admin,2009,s_sep_ero_n,49,NA,removed
LVA,ES,Admin,2009,s_sep_n,33.5,31.78,changed
LVA,ES,Admin,2009,s_sep_nemp_n,51,NA,removed
LVA,ES,Admin,2009,s_sew_n,NA,66.5,added
LVA,ILCS,Survey,2009,s_sew_r,64.4,NA,removed
LVA,ILCS,Survey,2009,s_sew_u,93.6,NA,removed
LVA,ES,Admin,2010,s_lat_n,0,NA,removed
LVA,ILCS,Survey,2010,s_lat_r,11.956672530786634,NA,removed
LVA,ILCS,Survey,2010,s_lat_u,3.3539412673879383,NA,removed
LVA,ES,Admin,2010,s_sep_con_n,NA,6.796416434970654,added
LVA,ES,Admin,2010,s_sep_ero_n,49,NA,removed
LVA,ES,Admin,2010,s_sep_n,35.7,32.37,changed
LVA,ES,Admin,2010,s_sep_nemp_n,51,NA,removed
LVA,ES,Admin,2010,s_sew_n,NA,64.3,added
LVA,ILCS,Survey,2010,s_sew_r,66.8,NA,removed
LVA,ILCS,Survey,2010,s_sew_u,94.4,NA,removed
LVA,ILCS,Survey,2011,s_imp_r,80.29233475747675,NA,removed
LVA,ILCS,Survey,2011,s_imp_u,97.47318392581144,NA,removed
LVA,ES,Admin,2011,s_lat_n,0,NA,removed
LVA,ILCS,Survey,2011,s_lat_r,11.092334757476749,NA,removed
LVA,ILCS,Survey,2011,s_lat_u,3.7731839258114377,NA,removed
LVA,ES,Admin,2011,s_sep_con_n,NA,22.545238801542567,added
LVA,ES,Admin,2011,s_sep_ero_n,40.5,NA,removed
LVA,ES,Admin,2011,s_sep_n,32.2,33.71,changed
LVA,ES,Admin,2011,s_sep_nemp_n,59.5,NA,removed
LVA,ES,Admin,2011,s_sew_n,NA,67.8,added
LVA,ILCS,Survey,2011,s_sew_r,69.2,NA,removed
LVA,ILCS,Survey,2011,s_sew_u,93.7,NA,removed
LVA,ES,Admin,2011,s_treat_wtp_n,93.5103244837758,94.24778761061948,changed
LVA,ILCS,Survey,2012,s_imp_r,81.70002513194271,NA,removed
LVA,EU SILC,Admin,2012,s_imp_r,NA,80.86820809248555,added
LVA,ILCS,Survey,2012,s_imp_u,97.5935085007728,NA,removed
LVA,EU SILC,Admin,2012,s_imp_u,NA,97.79404945904172,added
LVA,ES,Admin,2012,s_lat_n,0,NA,removed
LVA,ILCS,Survey,2012,s_lat_r,10.300025131942704,NA,removed
LVA,EU SILC,Admin,2012,s_lat_r,10.768208092485551,NA,removed
LVA,ILCS,Survey,2012,s_lat_u,3.593508500772799,NA,removed
LVA,EU SILC,Admin,2012,s_lat_u,3.29404945904173,NA,removed
LVA,ES,Admin,2012,s_sep_con_n,NA,49.65461194636327,added
LVA,ES,Admin,2012,s_sep_ero_n,45.7,NA,removed
LVA,ES,Admin,2012,s_sep_n,29.2,24.61,changed
LVA,ES,Admin,2012,s_sep_nemp_n,54.3,NA,removed
LVA,ES,Admin,2012,s_sew_n,NA,75.10000000000001,added
LVA,ILCS,Survey,2012,s_sew_r,71.4,NA,removed
LVA,ILCS,Survey,2012,s_sew_u,94,NA,removed
LVA,ES,Admin,2012,s_treat_wtp_n,93.36158192090394,92.06391478029292,changed
LVA,EU SILC,Admin,2013,s_imp_r,NA,82.7877858758482,added
LVA,EU SILC,Admin,2013,s_imp_u,NA,97.553400309119,added
LVA,ES,Admin,2013,s_lat_n,0,NA,removed
LVA,ILCS,Survey,2013,s_lat_r,9.615757728072381,NA,removed
LVA,EUSILC,Admin,2013,s_lat_r,9.687785875848206,NA,removed
LVA,ILCS,Survey,2013,s_lat_u,3.4138330757341606,NA,removed
LVA,EUSILC,Admin,2013,s_lat_u,3.6534003091190073,NA,removed
LVA,ES,Admin,2013,s_sep_con_n,NA,51.72558922558922,added
LVA,ES,Admin,2013,s_sep_ero_n,46.2,NA,removed
LVA,ES,Admin,2013,s_sep_n,28.9,23.76,changed
LVA,ES,Admin,2013,s_sep_nemp_n,53.8,NA,removed
LVA,ES,Admin,2013,s_sew_n,NA,76.25000000000001,added
LVA,ILCS,Survey,2013,s_sew_r,73.3,NA,removed
LVA,ILCS,Survey,2013,s_sew_u,94.3,NA,removed
LVA,ES,Admin,2013,s_treat_wtp_n,94.3820224719101,93.27213114754096,changed
LVA,ILCS,Survey,2014,s_imp_r,82.65981402362402,NA,removed
LVA,EU SILC,Admin,2014,s_imp_r,NA,83.23568735863282,added
LVA,ILCS,Survey,2014,s_imp_u,98.03469860896445,NA,removed
LVA,EU SILC,Admin,2014,s_imp_u,NA,97.91437403400307,added
LVA,ILCS,Survey,2014,s_lat_r,9.759814023624017,NA,removed
LVA,EUSILC,Admin,2014,s_lat_r,9.43568735863282,NA,removed
LVA,ILCS,Survey,2014,s_lat_u,2.934698608964453,NA,removed
LVA,EUSILC,Admin,2014,s_lat_u,3.1143740340030917,NA,removed
LVA,ES,Admin,2014,s_sep_con_n,NA,49.71145919208574,added
LVA,ES,Admin,2014,s_sep_n,NA,24.26,added
LVA,ES,Admin,2014,s_sew_n,NA,75.75,added
LVA,ILCS,Survey,2014,s_sew_r,72.9,NA,removed
LVA,ILCS,Survey,2014,s_sew_u,95.1,NA,removed
LVA,ES,Admin,2014,s_treat_wtp_n,NA,96.4224422442244,added
LVA,ILCS,Survey,2015,s_imp_r,83.23568735863282,NA,removed
LVA,EU SILC,Admin,2015,s_imp_r,NA,83.8755466197537,added
LVA,ILCS,Survey,2015,s_imp_u,98.43578052550231,NA,removed
LVA,EU SILC,Admin,2015,s_imp_u,NA,98.15502318392582,added
LVA,ILCS,Survey,2015,s_lat_r,9.43568735863282,NA,removed
LVA,EUSILC,Admin,2015,s_lat_r,9.075546619753709,NA,removed
LVA,ILCS,Survey,2015,s_lat_u,2.335780525502315,NA,removed
LVA,EUSILC,Admin,2015,s_lat_u,2.7550231839258146,NA,removed
LVA,ES,Admin,2015,s_sep_con_n,NA,65.99208095028597,added
LVA,ES,Admin,2015,s_sep_n,NA,22.73,added
LVA,ES,Admin,2015,s_sew_n,NA,77.26,added
LVA,ILCS,Survey,2015,s_sew_r,73.8,NA,removed
LVA,ILCS,Survey,2015,s_sew_u,96.1,NA,removed
LVA,ES,Admin,2015,s_treat_wtp_n,NA,97.450168263008,added
LVA,ILCS,Survey,2016,s_imp_r,83.61960291530536,NA,removed
LVA,ILCS,Survey,2016,s_imp_u,98.63632148377125,NA,removed
LVA,ILCS,Survey,2016,s_lat_r,9.219602915305359,NA,removed
LVA,ILCS,Survey,2016,s_lat_u,2.0363214837712604,NA,removed
LVA,ES,Admin,2016,s_sep_con_n,NA,69.75199291408326,added
LVA,ES,Admin,2016,s_sep_n,NA,22.58,added
LVA,ES,Admin,2016,s_sew_n,NA,77.41,added
LVA,ILCS,Survey,2016,s_sew_r,74.4,NA,removed
LVA,ILCS,Survey,2016,s_sew_u,96.6,NA,removed
LVA,ES,Admin,2016,s_treat_wtp_n,NA,98.01059294664772,added
LVA,ES,Admin,2017,s_sep_con_n,NA,79.19647771051183,added
LVA,ES,Admin,2017,s_sep_n,NA,18.17,added
LVA,ES,Admin,2017,s_sew_n,NA,81.83,added
LVA,ES,Admin,2017,s_treat_wtp_n,NA,98.44800195527311,added
LVA,ES,Admin,2018,s_sep_con_n,NA,98.70324189526184,added
LVA,ES,Admin,2018,s_sep_n,NA,20.05,added
LVA,ES,Admin,2018,s_sew_n,NA,79.94999999999999,added
LVA,ES,Admin,2018,s_treat_wtp_n,NA,98.68667917448408,added
LVA,CC,Admin,2019,s_sep_n,NA,17.8,added
LVA,CC,Admin,2019,s_sew_n,NA,82.2,added
LVA,CC,Admin,2019,s_treat_wtp_n,NA,98.54014598540148,added
MAC,CEN,Census,1991,s_imp_n,NA,99.3,added
MAC,CEN,Census,1991,s_imp_u,NA,99.3,added
MAC,CEN,Census,1991,s_lat_n,NA,6.400000000000006,added
MAC,CEN,Census,1991,s_lat_u,NA,6.400000000000006,added
MAC,CEN,Census,1991,s_od_n,NA,0.7,added
MAC,CEN,Census,1991,s_od_u,NA,0.7,added
MAC,CEN,Census,1991,s_sew_n,NA,92.9,added
MAC,CEN,Census,1991,s_sew_u,NA,92.9,added
MAC,BCEN,Census,1996,s_imp_n,NA,99.85500114241523,added
MAC,BCEN,Census,1996,s_imp_u,NA,99.85500114241523,added
MAC,BCEN,Census,1996,s_lat_n,NA,1.3093836230381155,added
MAC,BCEN,Census,1996,s_lat_u,NA,1.3093836230381155,added
MAC,BCEN,Census,1996,s_od_n,NA,0.14499885758475842,added
MAC,BCEN,Census,1996,s_od_u,NA,0.14499885758475842,added
MAC,BCEN,Census,1996,s_sew_n,NA,98.54561751937712,added
MAC,BCEN,Census,1996,s_sew_u,NA,98.54561751937712,added
MAC,ES,Admin,2011,s_treat_wtp_n,NA,64.5,added
MAC,ES,Admin,2011,s_treat_wtp_u,NA,64.5,added
MAC,ES,Admin,2012,s_treat_wtp_n,NA,54.9,added
MAC,ES,Admin,2012,s_treat_wtp_u,NA,54.9,added
MAC,ES,Admin,2013,s_treat_wtp_n,NA,58.3,added
MAC,ES,Admin,2013,s_treat_wtp_u,NA,58.3,added
MAC,ES,Admin,2014,s_treat_wtp_n,NA,50.3,added
MAC,ES,Admin,2014,s_treat_wtp_u,NA,50.3,added
MAC,ES,Admin,2015,s_treat_wtp_n,NA,65.2,added
MAC,ES,Admin,2015,s_treat_wtp_u,NA,65.2,added
MAC,YS,Admin,2017,s_treat_wtp_n,NA,62.69250397050617,added
MAC,YS,Admin,2017,s_treat_wtp_u,NA,62.69250397050617,added
MAC,YS,Admin,2018,s_treat_wtp_n,NA,63.38052338052338,added
MAC,YS,Admin,2018,s_treat_wtp_u,NA,63.38052338052338,added
MAC,ES,Admin,2019,s_treat_wtp_n,NA,69.10190702138834,added
MAC,ES,Admin,2019,s_treat_wtp_u,NA,69.10190702138834,added
MAR,ONDH,Survey,2012,s_od_r,NA,14.4,added
MAR,ONDH,Survey,2012,s_od_u,NA,0.9,added
MAR,CEN,Census,2014,s_imp_r,73.1,73.90844,changed
MAR,CEN,Census,2014,s_imp_u,98.8,99.15552,changed
MAR,CEN,Census,2014,s_lat_r,20.999999999999993,21.85794,changed
MAR,CEN,Census,2014,s_lat_u,1,1.4514999999999958,changed
MAR,CEN,Census,2014,s_od_r,NA,25.31847,added
MAR,CEN,Census,2014,s_od_u,NA,0.59411,added
MAR,CEN,Census,2014,s_sep_r,49.2,49.49037,changed
MAR,CEN,Census,2014,s_sep_u,9.6,10.14022,changed
MAR,CEN,Census,2014,s_sew_r,2.9,2.56013,changed
MAR,CEN,Census,2014,s_sew_u,88.2,87.5638,changed
MAR,CEN,Census,2014,s_shared_r,NA,2.3243644507791235,added
MAR,CEN,Census,2014,s_shared_u,NA,6.1002154357582,added
MAR,ENPSF,Survey,2018,s_imp_r,NA,58.670505,added
MAR,ENPSF,Survey,2018,s_imp_u,NA,96.80397,added
MAR,ENPSF,Survey,2018,s_lat_r,NA,31.707195,added
MAR,ENPSF,Survey,2018,s_lat_u,NA,4.180909999999997,added
MAR,ENPSF,Survey,2018,s_od_r,NA,9.82723,added
MAR,ENPSF,Survey,2018,s_od_u,NA,0.19177,added
MAR,ENPSF,Survey,2018,s_sep_r,NA,19.81533,added
MAR,ENPSF,Survey,2018,s_sep_u,NA,3.10795,added
MAR,ENPSF,Survey,2018,s_sew_r,NA,7.1479799999999996,added
MAR,ENPSF,Survey,2018,s_sew_u,NA,89.51511,added
MAR,ENPSF,Survey,2018,s_shared_r,NA,3.2818900000000006,added
MAR,ENPSF,Survey,2018,s_shared_u,NA,3.20623,added
MDA,MICS,Survey,2000,s_lat_r,63.05270121278941,NA,removed
MDA,HBS,Survey,2000,s_lat_r,64.20951972517808,NA,removed
MDA,MICS,Survey,2000,s_lat_u,27.123999999999995,NA,removed
MDA,HBS,Survey,2000,s_lat_u,17.562784798928035,NA,removed
MDA,DHS,Survey,2005,s_lat_r,74.5,NA,removed
MDA,DHS,Survey,2005,s_lat_u,22,NA,removed
MDA,CEN,Census,2014,s_sep_n,13.259850797565859,NA,removed
MDA,HBS,Survey,2017,s_imp_r,NA,82.25303197353914,added
MDA,HBS,Survey,2017,s_imp_u,NA,98.5648,added
MDA,HBS,Survey,2017,s_sew_r,NA,3.6,added
MDA,HBS,Survey,2017,s_sew_u,NA,74.4,added
MDA,HBS,Survey,2018,s_imp_r,NA,83.15600882028666,added
MDA,HBS,Survey,2018,s_imp_u,NA,98.8776,added
MDA,HBS,Survey,2018,s_sew_r,NA,3.7,added
MDA,HBS,Survey,2018,s_sew_u,NA,76.4,added
MDA,HBS,Survey,2019,s_imp_r,NA,84.64939360529218,added
MDA,HBS,Survey,2019,s_imp_u,NA,99.0432,added
MDA,HBS,Survey,2019,s_sew_r,NA,2.8,added
MDA,HBS,Survey,2019,s_sew_u,NA,78,added
MDG,EP,Survey,2001,s_lat_r,8.548615920922677,NA,removed
MDG,EM,Survey,2001,s_lat_r,7.814454279843016,NA,removed
MDG,EP,Survey,2001,s_lat_u,22.729675464264023,NA,removed
MDG,EM,Survey,2001,s_lat_u,20.292228537698264,NA,removed
MDG,ENSOMD,Admin,2013,s_imp_r,15.7,NA,removed
MDG,ENSOMD,Survey,2013,s_imp_r,NA,18.6453,added
MDG,ENSOMD,Admin,2013,s_imp_u,43.6,NA,removed
MDG,ENSOMD,Survey,2013,s_imp_u,NA,43.74457,added
MDG,ENSOMD,Admin,2013,s_lat_r,14.6,NA,removed
MDG,ENSOMD,Survey,2013,s_lat_r,NA,17.454240000000002,added
MDG,ENSOMD,Admin,2013,s_lat_u,31.6,NA,removed
MDG,ENSOMD,Survey,2013,s_lat_u,NA,31.706219999999995,added
MDG,ENSOMD,Admin,2013,s_od_r,56.4,NA,removed
MDG,ENSOMD,Survey,2013,s_od_r,NA,56.01838,added
MDG,ENSOMD,Admin,2013,s_sep_r,1,NA,removed
MDG,ENSOMD,Survey,2013,s_sep_r,NA,1.05722,added
MDG,ENSOMD,Admin,2013,s_sep_u,11.1,NA,removed
MDG,ENSOMD,Survey,2013,s_sep_u,NA,11.17555,added
MDG,ENSOMD,Admin,2013,s_sew_r,0.1,NA,removed
MDG,ENSOMD,Survey,2013,s_sew_r,NA,0.13384,added
MDG,ENSOMD,Admin,2013,s_sew_u,0.9,NA,removed
MDG,ENSOMD,Survey,2013,s_sew_u,NA,0.8628,added
MDG,MIS,Survey,2016,s_imp_r,23.635569781274405,24.12731392849396,changed
MDG,MIS,Survey,2016,s_imp_u,44.25980670981081,44.29065312373992,changed
MDG,MIS,Survey,2016,s_lat_r,22.104709781274405,22.59645392849396,changed
MDG,MIS,Survey,2016,s_lat_u,29.319636709810812,29.350483123739924,changed
MDG,MICS,Survey,2018,s_imp_r,NA,25.129725,added
MDG,MICS,Survey,2018,s_imp_u,NA,53.38838,added
MDG,MICS,Survey,2018,s_lat_ebo_r,NA,1.8593,added
MDG,MICS,Survey,2018,s_lat_ebo_u,NA,10.07769,added
MDG,MICS,Survey,2018,s_lat_edl_r,NA,0.74226,added
MDG,MICS,Survey,2018,s_lat_edl_u,NA,3.6139,added
MDG,MICS,Survey,2018,s_lat_ero_r,NA,0.39763,added
MDG,MICS,Survey,2018,s_lat_ero_u,NA,4.09687,added
MDG,MICS,Survey,2018,s_lat_nemp_r,NA,97.00082,added
MDG,MICS,Survey,2018,s_lat_nemp_u,NA,82.21155,added
MDG,MICS,Survey,2018,s_lat_r,NA,23.859115,added
MDG,MICS,Survey,2018,s_lat_u,NA,41.04497,added
MDG,MICS,Survey,2018,s_od_r,NA,45.18211,added
MDG,MICS,Survey,2018,s_od_u,NA,21.66918,added
MDG,MICS,Survey,2018,s_sep_ebo_r,NA,7.84173,added
MDG,MICS,Survey,2018,s_sep_ebo_u,NA,8.65589,added
MDG,MICS,Survey,2018,s_sep_edl_r,NA,1.93622,added
MDG,MICS,Survey,2018,s_sep_edl_u,NA,2.89835,added
MDG,MICS,Survey,2018,s_sep_ero_r,NA,8.90007,added
MDG,MICS,Survey,2018,s_sep_ero_u,NA,7.64985,added
MDG,MICS,Survey,2018,s_sep_nemp_r,NA,81.32198,added
MDG,MICS,Survey,2018,s_sep_nemp_u,NA,80.79591,added
MDG,MICS,Survey,2018,s_sep_r,NA,1.24729,added
MDG,MICS,Survey,2018,s_sep_u,NA,10.89272,added
MDG,MICS,Survey,2018,s_sew_r,NA,0.02332,added
MDG,MICS,Survey,2018,s_sew_u,NA,1.45069,added
MDG,MICS,Survey,2018,s_shared_r,NA,60.72698,added
MDG,MICS,Survey,2018,s_shared_u,NA,66.82971,added
MDV,CEN,Census,2014,s_imp_r,99.96,88.75999999999999,changed
MDV,CEN,Census,2014,s_lat_r,11.36,0.1599999999999966,changed
MDV,HIES,Survey,2016,s_imp_r,NA,91.3347192787286,added
MDV,HIES,Survey,2016,s_imp_u,NA,100,added
MDV,HIES,Survey,2016,s_lat_r,NA,0.277479278728606,added
MDV,HIES,Survey,2016,s_lat_u,NA,0,added
MDV,HIES,Survey,2016,s_sep_r,NA,60.54522,added
MDV,HIES,Survey,2016,s_sep_u,NA,0,added
MDV,HIES,Survey,2016,s_sew_r,NA,30.51202,added
MDV,HIES,Survey,2016,s_sew_u,NA,100,added
MDV,HIES,Survey,2019,s_imp_r,NA,90.74309133050976,added
MDV,HIES,Survey,2019,s_lat_r,NA,0.10833579681292348,added
MDV,HIES,Survey,2019,s_sep_r,NA,42.50830632077448,added
MDV,HIES,Survey,2019,s_sew_r,NA,48.12644921292237,added
MEX,ENDD,Survey,2006,s_imp_r,NA,60.85536491441132,added
MEX,ENDD,Survey,2006,s_imp_u,NA,94.41022992771843,added
MEX,ENDD,Survey,2006,s_lat_r,NA,0.5372349144113215,added
MEX,ENDD,Survey,2006,s_lat_u,NA,0.19804992771842933,added
MEX,ENDD,Survey,2006,s_od_r,NA,15.09161,added
MEX,ENDD,Survey,2006,s_od_u,NA,1.70166,added
MEX,ENDD,Survey,2006,s_sep_r,NA,35.85657,added
MEX,ENDD,Survey,2006,s_sep_u,NA,9.083239999999998,added
MEX,ENDD,Survey,2006,s_sew_r,NA,24.46156,added
MEX,ENDD,Survey,2006,s_sew_u,NA,85.12894000000001,added
MEX,ENDD,Survey,2006,s_shared_r,NA,4.538183080823739,added
MEX,ENDD,Survey,2006,s_shared_u,NA,3.166218115752225,added
MEX,ENDD,Survey,2009,s_imp_r,NA,80.04303080114398,added
MEX,ENDD,Survey,2009,s_imp_u,NA,97.12675280313164,added
MEX,ENDD,Survey,2009,s_lat_r,NA,12.103520801143986,added
MEX,ENDD,Survey,2009,s_lat_u,NA,1.5506128031316422,added
MEX,ENDD,Survey,2009,s_od_r,NA,12.06347,added
MEX,ENDD,Survey,2009,s_od_u,NA,1.36154,added
MEX,ENDD,Survey,2009,s_sep_r,NA,40.3644,added
MEX,ENDD,Survey,2009,s_sep_u,NA,9.24935,added
MEX,ENDD,Survey,2009,s_sew_r,NA,27.57511,added
MEX,ENDD,Survey,2009,s_sew_u,NA,86.32679000000002,added
MEX,ENDD,Survey,2009,s_shared_r,NA,6.961728635062903,added
MEX,ENDD,Survey,2009,s_shared_u,NA,5.155221966248689,added
MEX,ENSANUT,Survey,2012,s_imp_r,NA,89.35121500000001,added
MEX,ENSANUT,Survey,2012,s_imp_u,NA,98.17577,added
MEX,ENSANUT,Survey,2012,s_lat_r,NA,3.1070250000000073,added
MEX,ENSANUT,Survey,2012,s_lat_u,NA,0.20127999999999704,added
MEX,ENSANUT,Survey,2012,s_od_r,NA,5.7096800000000005,added
MEX,ENSANUT,Survey,2012,s_od_u,NA,1.1569,added
MEX,ENSANUT,Survey,2012,s_sep_r,NA,34.05274,added
MEX,ENSANUT,Survey,2012,s_sep_u,NA,5.935849999999999,added
MEX,ENSANUT,Survey,2012,s_sew_r,NA,52.19145,added
MEX,ENSANUT,Survey,2012,s_sew_u,NA,92.03864,added
MEX,ENSANUT,Survey,2012,s_shared_r,NA,8.887400132163844,added
MEX,ENSANUT,Survey,2012,s_shared_u,NA,8.347614691486505,added
MEX,ENSANUT,Survey,2016,s_imp_r,NA,90.3655879023374,added
MEX,ENSANUT,Survey,2016,s_imp_u,NA,98.51268846373888,added
MEX,ENSANUT,Survey,2016,s_lat_r,NA,4.585127902337405,added
MEX,ENSANUT,Survey,2016,s_lat_u,NA,0.4593884637388612,added
MEX,ENSANUT,Survey,2016,s_od_r,NA,5.47063,added
MEX,ENSANUT,Survey,2016,s_od_u,NA,0.7914399999999999,added
MEX,ENSANUT,Survey,2016,s_sep_r,NA,47.75836,added
MEX,ENSANUT,Survey,2016,s_sep_u,NA,11.73667,added
MEX,ENSANUT,Survey,2016,s_sew_r,NA,38.0221,added
MEX,ENSANUT,Survey,2016,s_sew_u,NA,86.31663,added
MEX,ENSANUT,Survey,2016,s_shared_r,NA,13.61095150622536,added
MEX,ENSANUT,Survey,2016,s_shared_u,NA,8.174980355828868,added
MEX,ENH,Survey,2017,s_imp_r,NA,87.1284186371019,added
MEX,ENH,Survey,2017,s_imp_u,NA,97.87550427286628,added
MEX,ENH,Survey,2017,s_lat_r,NA,8.0694486371019,added
MEX,ENH,Survey,2017,s_lat_u,NA,0.5171442728662612,added
MEX,ENH,Survey,2017,s_od_r,NA,7.40289,added
MEX,ENH,Survey,2017,s_od_u,NA,1.1501,added
MEX,ENH,Survey,2017,s_sep_r,NA,45.53992,added
MEX,ENH,Survey,2017,s_sep_u,NA,9.3662,added
MEX,ENH,Survey,2017,s_sew_r,NA,33.51905,added
MEX,ENH,Survey,2017,s_sew_u,NA,87.99216,added
MEX,ENH,Survey,2017,s_shared_r,NA,6.44733,added
MEX,ENH,Survey,2017,s_shared_u,NA,4.22319,added
MEX,ENIGH,Survey,2018,s_imp_r,NA,88.30936273638868,added
MEX,ENDD,Survey,2018,s_imp_r,NA,87.58690116693735,added
MEX,ENIGH,Survey,2018,s_imp_u,NA,98.45818670610086,added
MEX,ENDD,Survey,2018,s_imp_u,NA,97.94491091847216,added
MEX,ENIGH,Survey,2018,s_lat_r,NA,8.118982736388674,added
MEX,ENDD,Survey,2018,s_lat_r,NA,9.32546116693736,added
MEX,ENIGH,Survey,2018,s_lat_u,NA,0.3360767061008545,added
MEX,ENDD,Survey,2018,s_lat_u,NA,0.5896309184721531,added
MEX,ENIGH,Survey,2018,s_od_r,NA,5.43308,added
MEX,ENDD,Survey,2018,s_od_r,NA,6.16205,added
MEX,ENIGH,Survey,2018,s_od_u,NA,0.8029,added
MEX,ENDD,Survey,2018,s_od_u,NA,1.06104,added
MEX,ENIGH,Survey,2018,s_sep_r,NA,47.52502,added
MEX,ENDD,Survey,2018,s_sep_r,NA,43.96685000000001,added
MEX,ENIGH,Survey,2018,s_sep_u,NA,8.9586,added
MEX,ENDD,Survey,2018,s_sep_u,NA,8.60903,added
MEX,ENIGH,Survey,2018,s_sew_r,NA,32.66536,added
MEX,ENDD,Survey,2018,s_sew_r,NA,34.29458999999999,added
MEX,ENIGH,Survey,2018,s_sew_u,NA,89.16351,added
MEX,ENDD,Survey,2018,s_sew_u,NA,88.74625,added
MEX,ENDD,Survey,2018,s_shared_r,NA,10.033942533579896,added
MEX,ENDD,Survey,2018,s_shared_u,NA,7.061126592087796,added
MEX,CNA,Admin,2018,s_treat_wtp_n,NA,61.924284126972616,added
MEX,ENSANUT,Survey,2019,s_imp_r,NA,89.1962407146388,added
MEX,ENSANUT,Survey,2019,s_imp_u,NA,97.405609865872,added
MEX,ENSANUT,Survey,2019,s_lat_r,NA,6.668880714638803,added
MEX,ENSANUT,Survey,2019,s_lat_u,NA,0.5281498658720238,added
MEX,ENSANUT,Survey,2019,s_od_r,NA,5.30938,added
MEX,ENSANUT,Survey,2019,s_od_u,NA,1.82297,added
MEX,ENSANUT,Survey,2019,s_sep_r,NA,49.82438,added
MEX,ENSANUT,Survey,2019,s_sep_u,NA,9.002329999999999,added
MEX,ENSANUT,Survey,2019,s_sew_r,NA,32.702980000000004,added
MEX,ENSANUT,Survey,2019,s_sew_u,NA,87.87512999999998,added
MEX,ENSANUT,Survey,2019,s_shared_r,NA,8.572953878035047,added
MEX,ENSANUT,Survey,2019,s_shared_u,NA,5.346260755324864,added
MHL,ICNS,Survey,2017,s_shared_r,10.566615620214396,10.1,changed
MHL,ICNS,Survey,2017,s_shared_u,5.38860103626943,5.4,changed
MKD,SILC,Survey,2017,s_imp_r,NA,98.02,added
MKD,SILC,Survey,2017,s_imp_u,NA,99.61428571428571,added
MKD,MICS,Survey,2019,s_imp_r,NA,92.4137,added
MKD,MICS,Survey,2019,s_imp_u,NA,99.83537,added
MKD,MICS,Survey,2019,s_lat_ebo_r,NA,16.8804,added
MKD,MICS,Survey,2019,s_lat_ebo_u,NA,0,added
MKD,MICS,Survey,2019,s_lat_edl_r,NA,15.81092,added
MKD,MICS,Survey,2019,s_lat_edl_u,NA,0,added
MKD,MICS,Survey,2019,s_lat_ero_r,NA,42.84496,added
MKD,MICS,Survey,2019,s_lat_ero_u,NA,32.10162,added
MKD,MICS,Survey,2019,s_lat_nemp_r,NA,24.46372,added
MKD,MICS,Survey,2019,s_lat_nemp_u,NA,67.89838,added
MKD,MICS,Survey,2019,s_lat_r,NA,8.623840000000001,added
MKD,MICS,Survey,2019,s_lat_u,NA,0.3798900000000032,added
MKD,MICS,Survey,2019,s_od_r,NA,0.11029,added
MKD,MICS,Survey,2019,s_od_u,NA,0,added
MKD,MICS,Survey,2019,s_sep_ebo_r,NA,4.05983,added
MKD,MICS,Survey,2019,s_sep_ebo_u,NA,0,added
MKD,MICS,Survey,2019,s_sep_edl_r,NA,9.20457,added
MKD,MICS,Survey,2019,s_sep_edl_u,NA,0,added
MKD,MICS,Survey,2019,s_sep_ero_r,NA,50.52622,added
MKD,MICS,Survey,2019,s_sep_ero_u,NA,61.83137,added
MKD,MICS,Survey,2019,s_sep_nemp_r,NA,36.20938,added
MKD,MICS,Survey,2019,s_sep_nemp_u,NA,38.16863,added
MKD,MICS,Survey,2019,s_sep_r,NA,30.89904,added
MKD,MICS,Survey,2019,s_sep_u,NA,0.69847,added
MKD,MICS,Survey,2019,s_sew_r,NA,52.89082,added
MKD,MICS,Survey,2019,s_sew_u,NA,98.75701,added
MKD,MICS,Survey,2019,s_shared_r,NA,2.47175,added
MKD,MICS,Survey,2019,s_shared_u,NA,1.42983,added
MLI,EMOP,Survey,2016,s_imp_r,30.591379310344827,31.36354679802956,changed
MLI,EMOP,Survey,2016,s_imp_u,77.90996264009964,79.17521793275219,changed
MLI,EMOP,Survey,2017,s_imp_r,33.29958589251325,46.18436841869771,changed
MLI,ECAI,Survey,2017,s_imp_r,NA,49.67726,added
MLI,EMOP,Survey,2017,s_imp_u,80.15762611391847,83.03446112257203,changed
MLI,ECAI,Survey,2017,s_imp_u,NA,81.73827,added
MLI,WV,Survey,2017,s_lat_con_r,NA,93.35361,added
MLI,WV,Survey,2017,s_lat_ebo_r,NA,0.6237,added
MLI,WV,Survey,2017,s_lat_edl_r,NA,7.69231,added
MLI,WV,Survey,2017,s_lat_ero_r,NA,19.47332,added
MLI,WV,Survey,2017,s_lat_nemp_r,NA,72.21067,added
MLI,ECAI,Survey,2017,s_od_r,NA,9.46062,added
MLI,ECAI,Survey,2017,s_od_u,NA,0.31821,added
MLI,WV,Survey,2017,s_sep_con_r,NA,93.35361,added
MLI,WV,Survey,2017,s_sep_ebo_r,NA,0.6237,added
MLI,WV,Survey,2017,s_sep_edl_r,NA,7.69231,added
MLI,WV,Survey,2017,s_sep_ero_r,NA,19.47332,added
MLI,WV,Survey,2017,s_sep_nemp_r,NA,72.21067,added
MLI,ECAI,Survey,2017,s_shared_r,NA,18.12414,added
MLI,ECAI,Survey,2017,s_shared_u,NA,29.15645,added
MLI,EMOP,Survey,2018,s_imp_r,32.80217127010529,47.55001071294443,changed
MLI,DHS,Survey,2018,s_imp_r,NA,47.11504,added
MLI,EMOP,Survey,2018,s_imp_u,81.83110276639344,83.40847856927262,changed
MLI,DHS,Survey,2018,s_imp_u,NA,85.06293999999998,added
MLI,DHS,Survey,2018,s_lat_r,NA,46.20549,added
MLI,DHS,Survey,2018,s_lat_u,NA,73.92268999999999,added
MLI,DHS,Survey,2018,s_od_r,NA,11.10636,added
MLI,DHS,Survey,2018,s_od_u,NA,0.77954,added
MLI,DHS,Survey,2018,s_sep_r,NA,0.18379,added
MLI,DHS,Survey,2018,s_sep_u,NA,5.97625,added
MLI,DHS,Survey,2018,s_sew_r,NA,0.72576,added
MLI,DHS,Survey,2018,s_sew_u,NA,5.164,added
MLI,DHS,Survey,2018,s_shared_r,NA,37.38914,added
MLI,DHS,Survey,2018,s_shared_u,NA,47.73283,added
MLT,ES,Admin,2000,s_imp_r,100,NA,removed
MLT,ES,Admin,2000,s_imp_u,100,NA,removed
MLT,ES,Admin,2000,s_lat_r,0,NA,removed
MLT,ES,Admin,2000,s_lat_u,0,NA,removed
MLT,ES,Admin,2000,s_sew_r,100,NA,removed
MLT,ES,Admin,2000,s_sew_u,100,NA,removed
MLT,ES,Admin,2001,s_imp_r,100,NA,removed
MLT,ES,Admin,2001,s_imp_u,100,NA,removed
MLT,ES,Admin,2001,s_lat_r,0,NA,removed
MLT,ES,Admin,2001,s_lat_u,0,NA,removed
MLT,ES,Admin,2001,s_sew_r,100,NA,removed
MLT,ES,Admin,2001,s_sew_u,100,NA,removed
MLT,ES,Admin,2002,s_imp_r,100,NA,removed
MLT,ES,Admin,2002,s_imp_u,100,NA,removed
MLT,ES,Admin,2002,s_lat_r,0,NA,removed
MLT,ES,Admin,2002,s_lat_u,0,NA,removed
MLT,ES,Admin,2002,s_sew_r,100,NA,removed
MLT,ES,Admin,2002,s_sew_u,100,NA,removed
MLT,ES,Admin,2003,s_imp_r,100,NA,removed
MLT,ES,Admin,2003,s_imp_u,100,NA,removed
MLT,ES,Admin,2003,s_lat_r,0,NA,removed
MLT,ES,Admin,2003,s_lat_u,0,NA,removed
MLT,ES,Admin,2003,s_sew_r,100,NA,removed
MLT,ES,Admin,2003,s_sew_u,100,NA,removed
MLT,ES,Admin,2004,s_imp_r,100,NA,removed
MLT,ES,Admin,2004,s_imp_u,100,NA,removed
MLT,ES,Admin,2004,s_lat_r,0,NA,removed
MLT,ES,Admin,2004,s_lat_u,0,NA,removed
MLT,ES,Admin,2004,s_sew_r,100,NA,removed
MLT,ES,Admin,2004,s_sew_u,100,NA,removed
MLT,ES,Admin,2011,s_treat_fstp_n,93.2,NA,removed
MLT,ES,Admin,2011,s_treat_wtp_n,93.2,93.70558375634518,changed
MLT,ES,Admin,2012,s_sep_n,1.5,1.61,changed
MLT,ES,Admin,2012,s_sew_n,98.5,98.39,changed
MLT,ES,Admin,2012,s_treat_fstp_n,93.1,NA,removed
MLT,ES,Admin,2012,s_treat_wtp_n,93.1,93.40380119930887,changed
MLT,EUSILC,Admin,2013,s_imp_r,100,NA,removed
MLT,EU SILC,Admin,2013,s_imp_r,NA,100,added
MLT,EUSILC,Admin,2013,s_imp_u,99.89999999999999,NA,removed
MLT,EU SILC,Admin,2013,s_imp_u,NA,99.9,added
MLT,EUSILC,Admin,2013,s_lat_r,0,NA,removed
MLT,EU SILC,Admin,2013,s_lat_r,NA,0,added
MLT,EUSILC,Admin,2013,s_lat_u,0.09999999999999432,NA,removed
MLT,EU SILC,Admin,2013,s_lat_u,NA,0.09999999999999432,added
MLT,ES,Admin,2013,s_sep_n,1.5,1.61,changed
MLT,ES,Admin,2013,s_sew_n,98.5,98.39,changed
MLT,ES,Admin,2013,s_treat_fstp_n,92.9,NA,removed
MLT,ES,Admin,2013,s_treat_wtp_n,92.9,93.2229221702906,changed
MLT,EUSILC,Admin,2014,s_imp_r,100,NA,removed
MLT,EU SILC,Admin,2014,s_imp_r,NA,100,added
MLT,EUSILC,Admin,2014,s_imp_u,99.95,NA,removed
MLT,EU SILC,Admin,2014,s_imp_u,NA,99.95,added
MLT,EUSILC,Admin,2014,s_lat_r,0,NA,removed
MLT,EU SILC,Admin,2014,s_lat_r,NA,0,added
MLT,EUSILC,Admin,2014,s_lat_u,0.04999999999999716,NA,removed
MLT,EU SILC,Admin,2014,s_lat_u,NA,0.04999999999999716,added
MLT,ES,Admin,2014,s_sep_n,1.5,1.52,changed
MLT,ES,Admin,2014,s_sew_n,98.5,98.47,changed
MLT,ES,Admin,2014,s_treat_fstp_n,92.9,NA,removed
MLT,ES,Admin,2014,s_treat_wtp_n,92.9,92.97247892759216,changed
MLT,EUSILC,Admin,2015,s_imp_r,100,NA,removed
MLT,EU SILC,Admin,2015,s_imp_r,NA,100,added
MLT,EUSILC,Admin,2015,s_imp_u,100,NA,removed
MLT,EU SILC,Admin,2015,s_imp_u,NA,100,added
MLT,EUSILC,Admin,2015,s_lat_r,0,NA,removed
MLT,EU SILC,Admin,2015,s_lat_r,NA,0,added
MLT,EUSILC,Admin,2015,s_lat_u,0,NA,removed
MLT,EU SILC,Admin,2015,s_lat_u,NA,0,added
MLT,ES,Admin,2015,s_sep_ero_n,100,NA,removed
MLT,ES,Admin,2015,s_sep_n,1.5,NA,removed
MLT,ES,Admin,2015,s_sew_n,98.5,NA,removed
MMR,MICS,Survey,2000,s_imp_r,64.9,56.5,changed
MMR,MICS,Survey,2000,s_imp_u,88.75,83.6,changed
MMR,MICS,Survey,2000,s_lat_r,64.72631578947369,56.32631578947368,changed
MMR,MICS,Survey,2000,s_lat_u,81.81075044669446,76.66075044669445,changed
MMR,FRHS,Survey,2001,s_lat_n,0.7000000000000028,NA,removed
MMR,MICS,Survey,2003,s_imp_r,77.44999999999999,70.69999999999999,changed
MMR,MICS,Survey,2003,s_imp_u,94.89999999999999,92.6,changed
MMR,MICS,Survey,2003,s_lat_r,76.88157894736841,70.13157894736841,changed
MMR,MICS,Survey,2003,s_lat_u,84.25497319833232,81.95497319833234,changed
MMR,IHLC,Survey,2004,s_lat_n,76.1,NA,removed
MMR,IHLC,Survey,2004,s_lat_u,89.76724240619417,NA,removed
MMR,IHLCA,Survey,2010,s_lat_u,95.74735376044568,NA,removed
MMR,DHS,Survey,2016,s_imp_r,51.1,52.064406000000005,changed
MMR,DHS,Survey,2016,s_imp_u,76.89999999999999,78.678678,changed
MMR,DHS,Survey,2016,s_lat_r,48.5,49.420576,changed
MMR,DHS,Survey,2016,s_lat_u,58.19999999999999,59.947888000000006,changed
MMR,DHS,Survey,2016,s_od_r,14.2,14.206392,changed
MMR,DHS,Survey,2016,s_od_u,1.1,1.091958,changed
MMR,DHS,Survey,2016,s_sep_r,2.5,2.501683,changed
MMR,DHS,Survey,2016,s_sep_u,17.9,17.91903,changed
MMR,DHS,Survey,2016,s_sew_r,0.1,0.142147,changed
MMR,DHS,Survey,2016,s_sew_u,0.7999999999999999,0.81176,changed
MMR,DHS,Survey,2016,s_shared_r,NA,15.97378,added
MMR,DHS,Survey,2016,s_shared_u,NA,14.301707,added
MMR,MLCS,Survey,2017,s_imp_r,NA,86.00000000000001,added
MMR,MLCS,Survey,2017,s_imp_u,NA,96.5,added
MMR,MLCS,Survey,2017,s_lat_r,NA,75.10000000000002,added
MMR,MLCS,Survey,2017,s_lat_u,NA,49.19999999999999,added
MMR,MLCS,Survey,2017,s_od_r,NA,8.7,added
MMR,MLCS,Survey,2017,s_od_u,NA,0.5,added
MMR,MLCS,Survey,2017,s_sep_r,NA,10.2,added
MMR,MLCS,Survey,2017,s_sep_u,NA,46.3,added
MMR,MLCS,Survey,2017,s_sew_r,NA,0.7,added
MMR,MLCS,Survey,2017,s_sew_u,NA,1,added
MMR,ICEN,Survey,2019,s_imp_r,NA,89.19999999999999,added
MMR,ICEN,Survey,2019,s_imp_u,NA,97.9,added
MMR,ICEN,Survey,2019,s_lat_ebo_r,NA,26.45631067961165,added
MMR,ICEN,Survey,2019,s_lat_ebo_u,NA,14.587332053742802,added
MMR,ICEN,Survey,2019,s_lat_edl_r,NA,1.4563106796116505,added
MMR,ICEN,Survey,2019,s_lat_edl_u,NA,1.151631477927063,added
MMR,ICEN,Survey,2019,s_lat_ero_r,NA,0.6067961165048543,added
MMR,ICEN,Survey,2019,s_lat_ero_u,NA,6.525911708253358,added
MMR,ICEN,Survey,2019,s_lat_nemp_r,NA,71.48058252427184,added
MMR,ICEN,Survey,2019,s_lat_nemp_u,NA,77.73512476007677,added
MMR,ICEN,Survey,2019,s_lat_r,NA,73.1,added
MMR,ICEN,Survey,2019,s_lat_u,NA,46,added
MMR,ICEN,Survey,2019,s_od_r,NA,6.6,added
MMR,ICEN,Survey,2019,s_od_u,NA,0.6,added
MMR,ICEN,Survey,2019,s_sep_ebo_r,NA,10.734463276836156,added
MMR,ICEN,Survey,2019,s_sep_ebo_u,NA,4.123711340206185,added
MMR,ICEN,Survey,2019,s_sep_edl_r,NA,0.5649717514124295,added
MMR,ICEN,Survey,2019,s_sep_edl_u,NA,0.8247422680412372,added
MMR,ICEN,Survey,2019,s_sep_ero_r,NA,2.259887005649718,added
MMR,ICEN,Survey,2019,s_sep_ero_u,NA,21.030927835051543,added
MMR,ICEN,Survey,2019,s_sep_nemp_r,NA,86.4406779661017,added
MMR,ICEN,Survey,2019,s_sep_nemp_u,NA,74.02061855670102,added
MMR,ICEN,Survey,2019,s_sep_r,NA,15.8,added
MMR,ICEN,Survey,2019,s_sep_u,NA,43.6,added
MMR,ICEN,Survey,2019,s_sew_r,NA,0.3,added
MMR,ICEN,Survey,2019,s_sew_u,NA,8.3,added
MMR,ICEN,Survey,2019,s_shared_r,NA,10.5,added
MMR,ICEN,Survey,2019,s_shared_u,NA,15.4,added
MNE,WW,Admin,2017,s_treat_wtp_n,NA,56.63907528040358,added
MNE,MICS,Survey,2018,s_imp_r,NA,92.75525,added
MNE,MICS,Survey,2018,s_imp_u,NA,99.21179,added
MNE,MICS,Survey,2018,s_lat_ebo_r,NA,13.61603,added
MNE,MICS,Survey,2018,s_lat_ebo_u,NA,0,added
MNE,MICS,Survey,2018,s_lat_edl_r,NA,8.58871,added
MNE,MICS,Survey,2018,s_lat_edl_u,NA,0,added
MNE,MICS,Survey,2018,s_lat_ero_r,NA,1.07828,added
MNE,MICS,Survey,2018,s_lat_ero_u,NA,2.48889,added
MNE,MICS,Survey,2018,s_lat_nemp_r,NA,76.71698,added
MNE,MICS,Survey,2018,s_lat_nemp_u,NA,97.51111,added
MNE,MICS,Survey,2018,s_lat_r,NA,3.212079999999986,added
MNE,MICS,Survey,2018,s_lat_u,NA,1.7446800000000025,added
MNE,MICS,Survey,2018,s_od_r,NA,0.15369,added
MNE,MICS,Survey,2018,s_od_u,NA,0.04782,added
MNE,MICS,Survey,2018,s_sep_ebo_r,NA,2.67836,added
MNE,MICS,Survey,2018,s_sep_ebo_u,NA,0.94267,added
MNE,MICS,Survey,2018,s_sep_edl_r,NA,2.8734,added
MNE,MICS,Survey,2018,s_sep_edl_u,NA,2.18793,added
MNE,MICS,Survey,2018,s_sep_ero_r,NA,22.27469,added
MNE,MICS,Survey,2018,s_sep_ero_u,NA,26.77663,added
MNE,MICS,Survey,2018,s_sep_nemp_r,NA,72.17355,added
MNE,MICS,Survey,2018,s_sep_nemp_u,NA,70.09277,added
MNE,MICS,Survey,2018,s_sep_r,NA,68.53422,added
MNE,MICS,Survey,2018,s_sep_u,NA,37.75659,added
MNE,MICS,Survey,2018,s_sew_r,NA,21.00895,added
MNE,MICS,Survey,2018,s_sew_u,NA,59.71052,added
MNE,MICS,Survey,2018,s_shared_r,NA,0.97951,added
MNE,MICS,Survey,2018,s_shared_u,NA,1.13052,added
MNG,MICS,Survey,2018,s_imp_r,NA,68.42283,added
MNG,MICS,Survey,2018,s_imp_u,NA,98.57308,added
MNG,MICS,Survey,2018,s_lat_ebo_r,NA,2.71366,added
MNG,MICS,Survey,2018,s_lat_ebo_u,NA,1.61551,added
MNG,MICS,Survey,2018,s_lat_edl_r,NA,0.16446,added
MNG,MICS,Survey,2018,s_lat_edl_u,NA,0.6574,added
MNG,MICS,Survey,2018,s_lat_ero_r,NA,0.49173,added
MNG,MICS,Survey,2018,s_lat_ero_u,NA,5.93484,added
MNG,MICS,Survey,2018,s_lat_nemp_r,NA,96.63015,added
MNG,MICS,Survey,2018,s_lat_nemp_u,NA,91.79225,added
MNG,MICS,Survey,2018,s_lat_r,NA,63.61357,added
MNG,MICS,Survey,2018,s_lat_u,NA,57.18532999999999,added
MNG,MICS,Survey,2018,s_od_r,NA,23.34223,added
MNG,MICS,Survey,2018,s_od_u,NA,0.20974,added
MNG,MICS,Survey,2018,s_sep_ebo_r,NA,0,added
MNG,MICS,Survey,2018,s_sep_ebo_u,NA,0,added
MNG,MICS,Survey,2018,s_sep_edl_r,NA,0,added
MNG,MICS,Survey,2018,s_sep_edl_u,NA,6.13564,added
MNG,MICS,Survey,2018,s_sep_ero_r,NA,12.05692,added
MNG,MICS,Survey,2018,s_sep_ero_u,NA,61.11614,added
MNG,MICS,Survey,2018,s_sep_nemp_r,NA,87.94308,added
MNG,MICS,Survey,2018,s_sep_nemp_u,NA,32.74822,added
MNG,MICS,Survey,2018,s_sep_r,NA,0.08492,added
MNG,MICS,Survey,2018,s_sep_u,NA,0.58918,added
MNG,MICS,Survey,2018,s_sew_r,NA,4.72434,added
MNG,MICS,Survey,2018,s_sew_u,NA,40.79857,added
MNG,MICS,Survey,2018,s_shared_r,NA,27.42225,added
MNG,MICS,Survey,2018,s_shared_u,NA,20.68052,added
MOZ,DHS,Survey,2003,s_lat_r,5.6151155608367995,NA,removed
MOZ,DHS,Survey,2003,s_lat_u,37.54203350437814,NA,removed
MOZ,DHS,Survey,2003,s_sew_r,0.06666666666666667,NA,removed
MOZ,DHS,Survey,2003,s_sew_u,2.8749999999999996,NA,removed
MOZ,CEN,Census,2007,s_lat_r,5.495547986422832,5.500851583235164,changed
MOZ,CEN,Census,2007,s_lat_u,32.07116167665517,34.24186176697577,changed
MOZ,CEN,Census,2007,s_sew_r,0.005303596812333052,NA,removed
MOZ,CEN,Census,2007,s_sew_u,2.1707000903205924,NA,removed
MOZ,MICS,Survey,2008,s_lat_r,5.793077839659028,NA,removed
MOZ,MICS,Survey,2008,s_lat_u,44.51463442734128,NA,removed
MOZ,MICS,Survey,2008,s_sew_r,0.006922160340972535,NA,removed
MOZ,MICS,Survey,2008,s_sew_u,2.585365572658717,NA,removed
MOZ,IOF,Survey,2009,s_lat_r,5.194808379744271,5.2,changed
MOZ,IOF,Survey,2009,s_lat_u,26.01350870216118,28.399999999999995,changed
MOZ,IOF,Survey,2009,s_sew_r,0.005191620255729401,NA,removed
MOZ,IOF,Survey,2009,s_sew_u,2.3864912978388158,NA,removed
MOZ,DHS,Survey,2011,s_lat_r,14.426423644987322,NA,removed
MOZ,DHS,Survey,2011,s_lat_u,53.648209700353696,NA,removed
MOZ,DHS,Survey,2011,s_sew_r,0.008224178487748441,NA,removed
MOZ,DHS,Survey,2011,s_sew_u,3.3655058853716264,NA,removed
MOZ,IOF,Survey,2015,s_lat_r,12.487886219403297,12.5,changed
MOZ,IOF,Survey,2015,s_lat_u,35.60105784853259,39,changed
MOZ,IOF,Survey,2015,s_sew_r,0.012113780596701935,NA,removed
MOZ,IOF,Survey,2015,s_sew_u,3.398942151467404,NA,removed
MOZ,CEN,Census,2017,s_imp_r,NA,25.32918206485283,added
MOZ,CEN,Census,2017,s_imp_u,NA,74.64239207848927,added
MOZ,WV,Survey,2017,s_lat_con_r,NA,93.44262,added
MOZ,WV,Survey,2017,s_lat_ebo_r,NA,0,added
MOZ,WV,Survey,2017,s_lat_edl_r,NA,0,added
MOZ,WV,Survey,2017,s_lat_ero_r,NA,0.14706,added
MOZ,WV,Survey,2017,s_lat_nemp_r,NA,99.85294,added
MOZ,CEN,Census,2017,s_od_r,NA,29.912662328065498,added
MOZ,CEN,Census,2017,s_od_u,NA,5.7906906739805075,added
MOZ,WV,Survey,2017,s_sep_con_r,NA,93.44262,added
MOZ,WV,Survey,2017,s_sep_ebo_r,NA,0,added
MOZ,WV,Survey,2017,s_sep_edl_r,NA,0,added
MOZ,WV,Survey,2017,s_sep_ero_r,NA,0.14706,added
MOZ,WV,Survey,2017,s_sep_nemp_r,NA,99.85294,added
MOZ,MIS,Survey,2018,s_imp_r,NA,23.319179999999996,added
MOZ,MIS,Survey,2018,s_imp_u,NA,69.47109,added
MOZ,MIS,Survey,2018,s_lat_r,NA,21.995219999999996,added
MOZ,MIS,Survey,2018,s_lat_u,NA,42.424980000000005,added
MOZ,MIS,Survey,2018,s_od_r,NA,37.44504,added
MOZ,MIS,Survey,2018,s_od_u,NA,9.10959,added
MOZ,MIS,Survey,2018,s_sep_r,NA,1.30012,added
MOZ,MIS,Survey,2018,s_sep_u,NA,24.14156,added
MOZ,MIS,Survey,2018,s_sew_r,NA,0.02384,added
MOZ,MIS,Survey,2018,s_sew_u,NA,2.90455,added
MOZ,MIS,Survey,2018,s_shared_r,NA,6.89585,added
MOZ,MIS,Survey,2018,s_shared_u,NA,14.382419999999998,added
MSR,CEN,Census,2011,s_imp_n,NA,95.80299785867236,added
MSR,CEN,Census,2011,s_lat_n,NA,0,added
MSR,CEN,Census,2011,s_od_n,NA,1.7130620985010707,added
MSR,CEN,Census,2011,s_sep_n,NA,77.30192719486081,added
MSR,CEN,Census,2011,s_sew_n,NA,18.501070663811564,added
MSR,CLFS,Survey,2018,s_imp_n,NA,97.8876404494382,added
MSR,CLFS,Survey,2018,s_lat_n,NA,0,added
MSR,CLFS,Survey,2018,s_od_n,NA,0.8089887640449439,added
MSR,CLFS,Survey,2018,s_sep_n,NA,78.96629213483146,added
MSR,CLFS,Survey,2018,s_sew_n,NA,18.921348314606742,added
MTQ,CEN,Census,2016,s_imp_n,NA,98.85899301556016,added
MTQ,CEN,Census,2016,s_lat_n,NA,1.8758485208502265,added
MTQ,CEN,Census,2016,s_sep_n,NA,51.59602372955383,added
MTQ,CEN,Census,2016,s_sew_n,NA,45.38712076515612,added
MTQ,CEN,Census,2017,s_imp_n,NA,98.86492669027967,added
MTQ,CEN,Census,2017,s_lat_n,NA,1.8116268585220896,added
MTQ,CEN,Census,2017,s_sep_n,NA,51.68198150767043,added
MTQ,CEN,Census,2017,s_sew_n,NA,45.37131832408714,added
MUS,DES,Admin,2018,s_treat_wtp_n,NA,69.80698529411765,added
MUS,DES,Admin,2018,s_treat_wtp_u,NA,69.80698529411765,added
MWI,WHS,Survey,2003,s_lat_r,75.19999999999999,NA,removed
MWI,WHS,Survey,2003,s_lat_u,85.47,NA,removed
MWI,PHIA,Survey,2016,s_imp_r,NA,33.30593150802139,added
MWI,PHIA,Survey,2016,s_imp_u,NA,57.90102819362456,added
MWI,PHIA,Survey,2016,s_od_r,NA,4.3060600000000004,added
MWI,PHIA,Survey,2016,s_od_u,NA,0.37003,added
MWI,PHIA,Survey,2016,s_shared_r,NA,33.14007,added
MWI,PHIA,Survey,2016,s_shared_u,NA,46.15562,added
MWI,WV,Survey,2017,s_lat_con_r,NA,96.39675,added
MWI,MIS,Survey,2017,s_lat_r,NA,31.825742192513367,added
MWI,MIS,Survey,2017,s_lat_u,NA,42.71479636363637,added
MWI,MIS,Survey,2017,s_od_r,NA,6.95062,added
MWI,MIS,Survey,2017,s_od_u,NA,1.25176,added
MWI,WV,Survey,2017,s_sep_con_r,NA,96.39675,added
MWI,IHS,Survey,2020,s_imp_r,NA,30.828149999999997,added
MWI,IHS,Survey,2020,s_imp_u,NA,66.86985,added
MWI,IHS,Survey,2020,s_lat_ebo_r,NA,1.11435,added
MWI,IHS,Survey,2020,s_lat_ebo_u,NA,4.28489,added
MWI,IHS,Survey,2020,s_lat_edl_r,NA,0.40963,added
MWI,IHS,Survey,2020,s_lat_edl_u,NA,1.81072,added
MWI,IHS,Survey,2020,s_lat_ero_r,NA,0.01778,added
MWI,IHS,Survey,2020,s_lat_ero_u,NA,1.86741,added
MWI,IHS,Survey,2020,s_lat_nemp_r,NA,98.45824,added
MWI,IHS,Survey,2020,s_lat_nemp_u,NA,92.03699,added
MWI,IHS,Survey,2020,s_lat_r,NA,30.531729999999996,added
MWI,IHS,Survey,2020,s_lat_u,NA,55.74952,added
MWI,IHS,Survey,2020,s_od_r,NA,9.07797,added
MWI,IHS,Survey,2020,s_od_u,NA,1.84507,added
MWI,IHS,Survey,2020,s_sep_ebo_r,NA,0,added
MWI,IHS,Survey,2020,s_sep_ebo_u,NA,1.53447,added
MWI,IHS,Survey,2020,s_sep_edl_r,NA,0,added
MWI,IHS,Survey,2020,s_sep_edl_u,NA,3.54882,added
MWI,IHS,Survey,2020,s_sep_ero_r,NA,23.08788,added
MWI,IHS,Survey,2020,s_sep_ero_u,NA,11.65971,added
MWI,IHS,Survey,2020,s_sep_nemp_r,NA,76.91212,added
MWI,IHS,Survey,2020,s_sep_nemp_u,NA,83.25701,added
MWI,IHS,Survey,2020,s_sep_r,NA,0.15597,added
MWI,IHS,Survey,2020,s_sep_u,NA,9.53244,added
MWI,IHS,Survey,2020,s_sew_r,NA,0.14045,added
MWI,IHS,Survey,2020,s_sew_u,NA,1.58789,added
MWI,IHS,Survey,2020,s_shared_r,NA,26.29778,added
MWI,IHS,Survey,2020,s_shared_u,NA,45.68912,added
MYS,REG,Admin,2017,s_lat_n,NA,0,added
MYS,REG,Admin,2017,s_sep_n,NA,21.897072404920532,added
MYS,REG,Admin,2017,s_sew_n,NA,78.10292759507948,added
MYS,REG,Admin,2017,s_treat_wtp_n,NA,97.7,added
MYS,REG,Admin,2018,s_lat_n,NA,0,added
MYS,REG,Admin,2018,s_sep_n,NA,22.335636238343294,added
MYS,REG,Admin,2018,s_sew_n,NA,77.6643637616567,added
MYS,REG,Admin,2018,s_treat_wtp_n,NA,95.4,added
MYT,CEN,Census,2017,s_imp_n,NA,96.52163352528687,added
MYT,CEN,Census,2017,s_lat_n,NA,14.51773562381571,added
MYT,CEN,Census,2017,s_sep_n,NA,35.306871034535845,added
MYT,CEN,Census,2017,s_sew_n,NA,46.69702686693533,added
NAM,FIS,Survey,2017,s_imp_r,NA,25.06344,added
NAM,FIS,Survey,2017,s_imp_u,NA,68.31468000000001,added
NAM,FIS,Survey,2017,s_lat_r,NA,15.71578,added
NAM,FIS,Survey,2017,s_lat_u,NA,9.717490000000012,added
NAM,FIS,Survey,2017,s_od_r,NA,66.19045,added
NAM,FIS,Survey,2017,s_od_u,NA,27.02056,added
NAM,FIS,Survey,2017,s_sep_r,NA,3.3839,added
NAM,FIS,Survey,2017,s_sep_u,NA,3.1734,added
NAM,FIS,Survey,2017,s_sew_r,NA,5.96376,added
NAM,FIS,Survey,2017,s_sew_u,NA,55.42379,added
NCL,CEN,Census,2019,s_imp_n,NA,100,added
NER,EDSN-MICS,Survey,2012,s_imp_r,8.579522007199735,NA,removed
NER,DHS-MICS,Survey,2012,s_imp_r,NA,8.579522007199735,added
NER,EDSN-MICS,Survey,2012,s_imp_u,77.9370952379752,NA,removed
NER,DHS-MICS,Survey,2012,s_imp_u,NA,77.9370952379752,added
NER,EDSN-MICS,Survey,2012,s_lat_r,7.983242794373613,NA,removed
NER,DHS-MICS,Survey,2012,s_lat_r,NA,7.983242794373613,added
NER,EDSN-MICS,Survey,2012,s_lat_u,63.89901287302032,NA,removed
NER,DHS-MICS,Survey,2012,s_lat_u,NA,63.89901287302032,added
NER,EDSN-MICS,Survey,2012,s_od_r,83.4519100711802,NA,removed
NER,DHS-MICS,Survey,2012,s_od_r,NA,83.4519100711802,added
NER,EDSN-MICS,Survey,2012,s_od_u,12.9833659694917,NA,removed
NER,DHS-MICS,Survey,2012,s_od_u,NA,12.9833659694917,added
NER,EDSN-MICS,Survey,2012,s_sep_r,0.509797051793362,NA,removed
NER,DHS-MICS,Survey,2012,s_sep_r,NA,0.509797051793362,added
NER,EDSN-MICS,Survey,2012,s_sep_u,11.2855109653815,NA,removed
NER,DHS-MICS,Survey,2012,s_sep_u,NA,11.2855109653815,added
NER,EDSN-MICS,Survey,2012,s_sew_r,0.08648216103276,NA,removed
NER,DHS-MICS,Survey,2012,s_sew_r,NA,0.08648216103276,added
NER,EDSN-MICS,Survey,2012,s_sew_u,2.75257139957338,NA,removed
NER,DHS-MICS,Survey,2012,s_sew_u,NA,2.75257139957338,added
NER,EDSN-MICS,Survey,2012,s_shared_r,39.66057437075022,NA,removed
NER,DHS-MICS,Survey,2012,s_shared_r,NA,39.66057437075022,added
NER,EDSN-MICS,Survey,2012,s_shared_u,48.120979742445584,NA,removed
NER,DHS-MICS,Survey,2012,s_shared_u,NA,48.120979742445584,added
NER,LSMS,Survey,2015,s_lat_nemp_r,20.30642,NA,removed
NER,LSMS,Survey,2015,s_lat_nemp_u,5.01066,NA,removed
NER,LSMS,Survey,2015,s_sep_nemp_r,16.75006,NA,removed
NER,LSMS,Survey,2015,s_sep_nemp_u,1.73063,NA,removed
NER,WV,Survey,2017,s_lat_con_r,NA,92.55499,added
NER,WV,Survey,2017,s_sep_con_r,NA,92.55499,added
NER,PROSEHA,Survey,2018,s_imp_r,NA,12.01111,added
NER,PROSEHA,Survey,2018,s_imp_u,NA,66.24391,added
NER,PROSEHA,Survey,2018,s_lat_nemp_r,NA,89.70909,added
NER,PROSEHA,Survey,2018,s_lat_nemp_u,NA,48.90154,added
NER,PROSEHA,Survey,2018,s_lat_r,NA,9.7216,added
NER,PROSEHA,Survey,2018,s_lat_u,NA,50.19922,added
NER,PROSEHA,Survey,2018,s_od_r,NA,82.14508,added
NER,PROSEHA,Survey,2018,s_od_u,NA,21.56814,added
NER,PROSEHA,Survey,2018,s_sep_nemp_r,NA,80.64507,added
NER,PROSEHA,Survey,2018,s_sep_nemp_u,NA,52.24852,added
NER,PROSEHA,Survey,2018,s_sep_r,NA,2.28951,added
NER,PROSEHA,Survey,2018,s_sep_u,NA,16.04469,added
NER,PROSEHA,Survey,2018,s_shared_r,NA,45.26097,added
NER,PROSEHA,Survey,2018,s_shared_u,NA,31.419820000000005,added
NER,PROSEHA,Survey,2019,s_imp_r,NA,9.36496,added
NER,PROSEHA,Survey,2019,s_imp_u,NA,87.99889999999999,added
NER,PROSEHA,Survey,2019,s_lat_nemp_r,NA,82.20386,added
NER,PROSEHA,Survey,2019,s_lat_nemp_u,NA,46.19143,added
NER,PROSEHA,Survey,2019,s_lat_r,NA,8.97469,added
NER,PROSEHA,Survey,2019,s_lat_u,NA,51.09709999999999,added
NER,PROSEHA,Survey,2019,s_od_r,NA,88.05647,added
NER,PROSEHA,Survey,2019,s_od_u,NA,10.65545,added
NER,PROSEHA,Survey,2019,s_sep_nemp_r,NA,100,added
NER,PROSEHA,Survey,2019,s_sep_nemp_u,NA,46.11938,added
NER,PROSEHA,Survey,2019,s_sep_r,NA,0.39027,added
NER,PROSEHA,Survey,2019,s_sep_u,NA,36.9018,added
NER,PROSEHA,Survey,2019,s_shared_u,NA,31.909729999999996,added
NGA,NLSS,Survey,2004,s_imp_r,50,NA,removed
NGA,LSS,Survey,2004,s_imp_r,NA,50,added
NGA,NLSS,Survey,2004,s_imp_u,72.4,NA,removed
NGA,LSS,Survey,2004,s_imp_u,NA,72.4,added
NGA,NLSS,Survey,2004,s_lat_r,47.5,NA,removed
NGA,LSS,Survey,2004,s_lat_r,NA,47.5,added
NGA,NLSS,Survey,2004,s_lat_u,47.300000000000004,NA,removed
NGA,LSS,Survey,2004,s_lat_u,NA,47.3,added
NGA,NLSS,Survey,2004,s_od_r,26.9,NA,removed
NGA,LSS,Survey,2004,s_od_r,NA,26.9,added
NGA,NLSS,Survey,2004,s_od_u,10.2,NA,removed
NGA,LSS,Survey,2004,s_od_u,NA,10.2,added
NGA,NLSS,Survey,2004,s_sep_r,1.3,NA,removed
NGA,LSS,Survey,2004,s_sep_r,NA,1.3,added
NGA,NLSS,Survey,2004,s_sep_u,14.5,NA,removed
NGA,LSS,Survey,2004,s_sep_u,NA,14.5,added
NGA,NLSS,Survey,2004,s_sew_r,1.2,NA,removed
NGA,LSS,Survey,2004,s_sew_r,NA,1.2,added
NGA,NLSS,Survey,2004,s_sew_u,10.6,NA,removed
NGA,LSS,Survey,2004,s_sew_u,NA,10.6,added
NGA,DHS,Survey,2018,s_imp_r,NA,37.86674,added
NGA,DHS,Survey,2018,s_imp_u,NA,73.74115,added
NGA,DHS,Survey,2018,s_lat_r,NA,31.5886,added
NGA,DHS,Survey,2018,s_lat_u,NA,43.619960000000006,added
NGA,DHS,Survey,2018,s_od_r,NA,29.9438,added
NGA,DHS,Survey,2018,s_od_u,NA,13.67543,added
NGA,DHS,Survey,2018,s_sep_r,NA,4.88645,added
NGA,DHS,Survey,2018,s_sep_u,NA,24.06965,added
NGA,DHS,Survey,2018,s_sew_r,NA,1.39169,added
NGA,DHS,Survey,2018,s_sew_u,NA,6.05154,added
NGA,DHS,Survey,2018,s_shared_r,NA,29.495490000000004,added
NGA,DHS,Survey,2018,s_shared_u,NA,40.16438,added
NGA,NORM,Survey,2019,s_imp_r,NA,51.32239,added
NGA,GHS,Survey,2019,s_imp_r,NA,50.40191000000001,added
NGA,NORM,Survey,2019,s_imp_u,NA,81.89813000000001,added
NGA,GHS,Survey,2019,s_imp_u,NA,83.28263000000001,added
NGA,NORM,Survey,2019,s_lat_con_r,NA,94.33947,added
NGA,NORM,Survey,2019,s_lat_con_u,NA,89.93879,added
NGA,NORM,Survey,2019,s_lat_ebo_r,NA,8.99922,added
NGA,GHS,Survey,2019,s_lat_ebo_r,NA,12.94697,added
NGA,NORM,Survey,2019,s_lat_ebo_u,NA,12.95759,added
NGA,GHS,Survey,2019,s_lat_ebo_u,NA,7.75302,added
NGA,NORM,Survey,2019,s_lat_edl_r,NA,9.03976,added
NGA,GHS,Survey,2019,s_lat_edl_r,NA,3.15437,added
NGA,NORM,Survey,2019,s_lat_edl_u,NA,5.55704,added
NGA,GHS,Survey,2019,s_lat_edl_u,NA,0,added
NGA,NORM,Survey,2019,s_lat_ero_r,NA,8.28106,added
NGA,GHS,Survey,2019,s_lat_ero_r,NA,16.00141,added
NGA,NORM,Survey,2019,s_lat_ero_u,NA,22.16571,added
NGA,GHS,Survey,2019,s_lat_ero_u,NA,24.423029999999997,added
NGA,NORM,Survey,2019,s_lat_nemp_r,NA,73.67996,added
NGA,GHS,Survey,2019,s_lat_nemp_r,NA,67.89725,added
NGA,NORM,Survey,2019,s_lat_nemp_u,NA,59.31966,added
NGA,GHS,Survey,2019,s_lat_nemp_u,NA,67.82396,added
NGA,NORM,Survey,2019,s_lat_r,NA,39.34761,added
NGA,GHS,Survey,2019,s_lat_r,NA,39.42250000000001,added
NGA,NORM,Survey,2019,s_lat_u,NA,43.47739000000001,added
NGA,GHS,Survey,2019,s_lat_u,NA,45.76821000000001,added
NGA,NORM,Survey,2019,s_od_r,NA,25.91978,added
NGA,GHS,Survey,2019,s_od_r,NA,31.49186,added
NGA,NORM,Survey,2019,s_od_u,NA,8.73875,added
NGA,GHS,Survey,2019,s_od_u,NA,7.31948,added
NGA,NORM,Survey,2019,s_sep_con_r,NA,96.07986,added
NGA,NORM,Survey,2019,s_sep_con_u,NA,91.83047,added
NGA,NORM,Survey,2019,s_sep_ebo_r,NA,3.14493,added
NGA,GHS,Survey,2019,s_sep_ebo_r,NA,4.95918,added
NGA,NORM,Survey,2019,s_sep_ebo_u,NA,6.77364,added
NGA,GHS,Survey,2019,s_sep_ebo_u,NA,1.58911,added
NGA,NORM,Survey,2019,s_sep_edl_r,NA,2.65927,added
NGA,GHS,Survey,2019,s_sep_edl_r,NA,0,added
NGA,NORM,Survey,2019,s_sep_edl_u,NA,4.68489,added
NGA,GHS,Survey,2019,s_sep_edl_u,NA,0.02337,added
NGA,NORM,Survey,2019,s_sep_ero_r,NA,7.02944,added
NGA,GHS,Survey,2019,s_sep_ero_r,NA,9.17556,added
NGA,NORM,Survey,2019,s_sep_ero_u,NA,22.27635,added
NGA,GHS,Survey,2019,s_sep_ero_u,NA,17.959229999999998,added
NGA,NORM,Survey,2019,s_sep_nemp_r,NA,87.16636,added
NGA,GHS,Survey,2019,s_sep_nemp_r,NA,85.86526,added
NGA,NORM,Survey,2019,s_sep_nemp_u,NA,66.26512,added
NGA,GHS,Survey,2019,s_sep_nemp_u,NA,80.42829,added
NGA,NORM,Survey,2019,s_sep_r,NA,9.40909,added
NGA,GHS,Survey,2019,s_sep_r,NA,6.97497,added
NGA,NORM,Survey,2019,s_sep_u,NA,33.76297,added
NGA,GHS,Survey,2019,s_sep_u,NA,28.22267,added
NGA,NORM,Survey,2019,s_sew_r,NA,2.56569,added
NGA,GHS,Survey,2019,s_sew_r,NA,4.00444,added
NGA,NORM,Survey,2019,s_sew_u,NA,4.65777,added
NGA,GHS,Survey,2019,s_sew_u,NA,9.29175,added
NGA,NORM,Survey,2019,s_shared_r,NA,18.78316,added
NGA,GHS,Survey,2019,s_shared_r,NA,16.58975,added
NGA,NORM,Survey,2019,s_shared_u,NA,30.74847,added
NGA,GHS,Survey,2019,s_shared_u,NA,40.69862,added
NIC,LSMS,Survey,2001,s_od_r,30.5,NA,removed
NIC,LSMS,Survey,2001,s_od_u,5.5,NA,removed
NIC,LSMS,Survey,2001,s_shared_r,NA,9.162999175945044,added
NIC,LSMS,Survey,2001,s_shared_u,NA,11.907891145266804,added
NIC,CEN,Census,2005,s_imp_r,NA,50.85085134288971,added
NIC,CEN,Census,2005,s_imp_u,NA,81.26776809689636,added
NIC,CEN,Census,2005,s_lat_r,NA,48.88728031621158,added
NIC,CEN,Census,2005,s_lat_u,NA,38.45859892094062,added
NIC,CEN,Census,2005,s_od_r,NA,30.3475252219639,added
NIC,CEN,Census,2005,s_od_u,NA,3.609051715419067,added
NIC,CEN,Census,2005,s_sep_r,NA,1.963571026678132,added
NIC,CEN,Census,2005,s_sep_u,NA,10.480144356488545,added
NIC,CEN,Census,2005,s_sew_r,NA,0,added
NIC,CEN,Census,2005,s_sew_u,NA,32.3290248194672,added
NIC,ENACAL,Admin,2019,s_treat_wtp_u,NA,87.03573229329798,added
NIU,CEN,Census,2006,s_lat_n,15,NA,removed
NIU,CEN,Census,2006,s_sep_n,78,NA,removed
NIU,CEN,Census,2006,s_sew_n,7,NA,removed
NIU,CEN,Census,2011,s_imp_n,97.69392033542977,98.74570230607966,changed
NIU,CEN,Census,2017,s_imp_n,NA,96.1,added
NIU,CEN,Census,2017,s_lat_n,NA,0,added
NIU,CEN,Census,2017,s_sep_n,NA,96.1,added
NLD,ES,Admin,2000,s_sep_n,2,NA,removed
NLD,ES,Admin,2000,s_sew_n,98,NA,removed
NLD,ES,Admin,2001,s_sep_n,2,NA,removed
NLD,ES,Admin,2001,s_sew_n,98,NA,removed
NLD,ES,Admin,2002,s_sep_n,2,NA,removed
NLD,ES,Admin,2002,s_sew_n,99,NA,removed
NLD,ES,Admin,2003,s_sep_n,1,NA,removed
NLD,ES,Admin,2003,s_sew_n,99,NA,removed
NLD,ES,Admin,2004,s_sep_n,1,NA,removed
NLD,ES,Admin,2004,s_sew_n,99,NA,removed
NLD,ES,Admin,2005,s_sep_n,1,NA,removed
NLD,ES,Admin,2005,s_sew_n,99,NA,removed
NLD,ES,Admin,2006,s_sep_n,0.9,NA,removed
NLD,ES,Admin,2006,s_sew_n,99.1,NA,removed
NLD,ES,Admin,2008,s_sep_n,0.7,NA,removed
NLD,ES,Admin,2008,s_sew_n,99.3,NA,removed
NLD,ES,Admin,2010,s_sep_n,0.7,NA,removed
NLD,ES,Admin,2010,s_sew_n,99.3,NA,removed
NLD,ES,Admin,2011,s_sep_n,0.6,NA,removed
NLD,ES,Admin,2011,s_sew_n,99.4,NA,removed
NLD,ES,Admin,2012,s_sep_n,0.5,NA,removed
NLD,DDW,Other,2012,s_sep_n,0.6,NA,removed
NLD,ES,Admin,2012,s_sew_n,99.5,NA,removed
NLD,EUSILC,Admin,2013,s_imp_r,100,NA,removed
NLD,EU SILC,Admin,2013,s_imp_r,NA,100,added
NLD,EUSILC,Admin,2013,s_imp_u,100,NA,removed
NLD,EU SILC,Admin,2013,s_imp_u,NA,100,added
NLD,ES,Admin,2013,s_sep_n,0.6,NA,removed
NLD,EUSILC,Admin,2013,s_sep_r,4.696379091720289,NA,removed
NLD,EU SILC,Admin,2013,s_sep_r,NA,4.696379091720289,added
NLD,EUSILC,Admin,2013,s_sep_u,0,NA,removed
NLD,EU SILC,Admin,2013,s_sep_u,NA,0,added
NLD,ES,Admin,2013,s_sew_n,99.4,NA,removed
NLD,EUSILC,Admin,2013,s_sew_r,95.30362090827971,NA,removed
NLD,EU SILC,Admin,2013,s_sew_r,NA,95.30362090827973,added
NLD,EUSILC,Admin,2013,s_sew_u,100,NA,removed
NLD,EU SILC,Admin,2013,s_sew_u,NA,100,added
NLD,EUSILC,Admin,2014,s_imp_r,100,NA,removed
NLD,EU SILC,Admin,2014,s_imp_r,NA,100,added
NLD,EUSILC,Admin,2014,s_imp_u,100,NA,removed
NLD,EU SILC,Admin,2014,s_imp_u,NA,100,added
NLD,EUSILC,Admin,2014,s_lat_r,0,NA,removed
NLD,EU SILC,Admin,2014,s_lat_r,NA,0,added
NLD,EUSILC,Admin,2014,s_lat_u,0,NA,removed
NLD,EU SILC,Admin,2014,s_lat_u,NA,0,added
NLD,ES,Admin,2014,s_sep_n,0.6,NA,removed
NLD,EUSILC,Admin,2014,s_sep_r,4.975371909050196,NA,removed
NLD,EU SILC,Admin,2014,s_sep_r,NA,4.975371909050196,added
NLD,EUSILC,Admin,2014,s_sep_u,0,NA,removed
NLD,EU SILC,Admin,2014,s_sep_u,NA,0,added
NLD,ES,Admin,2014,s_sew_n,99.4,NA,removed
NLD,EUSILC,Admin,2014,s_sew_r,95.0246280909498,NA,removed
NLD,EU SILC,Admin,2014,s_sew_r,NA,95.0246280909498,added
NLD,EUSILC,Admin,2014,s_sew_u,100,NA,removed
NLD,EU SILC,Admin,2014,s_sew_u,NA,100,added
NLD,EUSILC,Admin,2015,s_imp_r,100,NA,removed
NLD,ES,Admin,2015,s_imp_r,100,NA,removed
NLD,EU SILC,Admin,2015,s_imp_r,NA,100,added
NLD,EUSILC,Admin,2015,s_imp_u,100,NA,removed
NLD,ES,Admin,2015,s_imp_u,100,NA,removed
NLD,EU SILC,Admin,2015,s_imp_u,NA,100,added
NLD,ES,Admin,2015,s_sep_n,0.6,NA,removed
NLD,EUSILC,Admin,2015,s_sep_r,5.289605924358639,NA,removed
NLD,EU SILC,Admin,2015,s_sep_r,NA,5.289605924358639,added
NLD,EUSILC,Admin,2015,s_sep_u,0,NA,removed
NLD,EU SILC,Admin,2015,s_sep_u,NA,0,added
NLD,ES,Admin,2015,s_sew_n,99.4,NA,removed
NLD,EUSILC,Admin,2015,s_sew_r,94.71039407564136,NA,removed
NLD,EU SILC,Admin,2015,s_sew_r,NA,94.71039407564136,added
NLD,EUSILC,Admin,2015,s_sew_u,100,NA,removed
NLD,EU SILC,Admin,2015,s_sew_u,NA,100,added
NLD,ES,Admin,2015,s_treat_wtp_n,100,100.0201146535251,changed
NLD,PWH,Admin,2016,s_sep_edl_n,NA,20,added
NLD,PWH,Admin,2016,s_sep_ero_n,NA,40,added
NLD,PWH,Admin,2016,s_sep_nemp_n,NA,40,added
NLD,ES,Admin,2016,s_treat_wtp_n,NA,100,added
NLD,ES,Admin,2017,s_treat_wtp_n,NA,100,added
NOR,SN,Admin,2002,s_treat_wtp_n,74.3,74.2778514917621,changed
NOR,SN,Admin,2003,s_treat_wtp_n,73.3,73.2680592019318,changed
NOR,SN,Admin,2004,s_treat_wtp_n,73.4,73.38382382198901,changed
NOR,SN,Admin,2005,s_treat_wtp_n,73.8,73.84343787474346,changed
NOR,SN,Admin,2006,s_treat_wtp_n,74.1,74.14552082637483,changed
NOR,SN,Admin,2007,s_treat_wtp_n,74.3,74.31466765064181,changed
NOR,SN,Admin,2008,s_treat_wtp_n,74.5,74.52339743641156,changed
NOR,SN,Admin,2009,s_treat_wtp_n,73.6,73.56652916266293,changed
NOR,ES,Admin,2010,s_lat_n,0,1.9723865877711972,changed
NOR,ES,Admin,2010,s_sep_n,15.5,16.074950690335307,changed
NOR,ES,Admin,2010,s_sew_n,80.5,79.98027613412229,changed
NOR,SN,Admin,2010,s_treat_wtp_n,73,73.02886914353003,changed
NOR,ES,Admin,2010,s_treat_wtp_n,73.02916849136788,72.99630086313194,changed
NOR,ES,Admin,2011,s_lat_n,0,1.8280632411067188,changed
NOR,ES,Admin,2011,s_sep_n,15.3,16.007905138339922,changed
NOR,ES,Admin,2011,s_sew_n,81,80.33596837944663,changed
NOR,SN,Admin,2011,s_treat_wtp_n,75.5,75.537255909815,changed
NOR,ES,Admin,2011,s_treat_wtp_n,75.50046726673551,75.52275522755227,changed
NOR,ES,Admin,2012,s_lat_n,0,1.7292490118577035,changed
NOR,ES,Admin,2012,s_sep_n,15.3,15.810276679841898,changed
NOR,ES,Admin,2012,s_sew_n,81.2,80.73122529644269,changed
NOR,SN,Admin,2012,s_treat_wtp_n,76.6,76.63757131030258,changed
NOR,ES,Admin,2012,s_treat_wtp_n,76.63379329931739,76.6217870257038,changed
NOR,EUSILC,Admin,2013,s_imp_r,100,NA,removed
NOR,EU SILC,Admin,2013,s_imp_r,NA,100,added
NOR,EUSILC,Admin,2013,s_imp_u,100,NA,removed
NOR,EU SILC,Admin,2013,s_imp_u,NA,100,added
NOR,ES,Admin,2013,s_lat_n,0,1.6831683168316829,changed
NOR,ES,Admin,2013,s_sep_n,15,15.544554455445542,changed
NOR,ES,Admin,2013,s_sew_n,81.6,81.08910891089108,changed
NOR,SN,Admin,2013,s_treat_wtp_n,76.5,76.45419786799518,changed
NOR,ES,Admin,2013,s_treat_wtp_n,76.41004609014921,76.43467643467643,changed
NOR,EUSILC,Admin,2014,s_imp_r,100,NA,removed
NOR,EU SILC,Admin,2014,s_imp_r,NA,100,added
NOR,EUSILC,Admin,2014,s_imp_u,100,NA,removed
NOR,EU SILC,Admin,2014,s_imp_u,NA,100,added
NOR,SN,Admin,2014,s_treat_wtp_n,76.4,76.36939922064323,changed
NOR,ES,Admin,2014,s_treat_wtp_n,76.41520968333536,76.78200268981537,changed
NOR,EUSILC,Admin,2015,s_imp_r,100,NA,removed
NOR,EU SILC,Admin,2015,s_imp_r,NA,100,added
NOR,EUSILC,Admin,2015,s_imp_u,100,NA,removed
NOR,EU SILC,Admin,2015,s_imp_u,NA,100,added
NOR,ES,Admin,2015,s_lat_n,0,1.1846001974333689,changed
NOR,ES,Admin,2015,s_sep_n,14.91,14.906219151036526,changed
NOR,ES,Admin,2015,s_sew_n,82.72,82.72458045409674,changed
NOR,SN,Admin,2015,s_treat_wtp_n,78.4,78.43590649047349,changed
NOR,ES,Admin,2015,s_treat_wtp_n,79.4245647969052,79.3953460620525,changed
NOR,ES,Admin,2016,s_lat_n,NA,1.0837438423645267,added
NOR,ES,Admin,2016,s_sep_n,NA,14.876847290640391,added
NOR,ES,Admin,2016,s_sew_n,NA,82.95566502463055,added
NOR,SN,Admin,2016,s_treat_wtp_n,74.1,74.09827723885786,changed
NOR,ES,Admin,2016,s_treat_wtp_n,NA,74.10926365795724,added
NOR,ES,Admin,2017,s_lat_n,NA,0.9424603174603164,added
NOR,ES,Admin,2017,s_sep_n,NA,14.682539682539684,added
NOR,ES,Admin,2017,s_sew_n,NA,83.43253968253968,added
NOR,SN,Admin,2017,s_treat_wtp_n,74.6,74.64534339335876,changed
NOR,ES,Admin,2017,s_treat_wtp_n,NA,74.6730083234245,added
NOR,SN,Admin,2018,s_lat_n,NA,0.09974195861680356,added
NOR,SN,Admin,2018,s_sep_con_n,NA,96.4286387924089,added
NOR,SN,Admin,2018,s_sep_ero_n,NA,60.52078097563204,added
NOR,SN,Admin,2018,s_sep_n,NA,13.8932537173815,added
NOR,SN,Admin,2018,s_sep_nemp_n,NA,39.47921902436796,added
NOR,SN,Admin,2018,s_sew_n,NA,85.33800608960644,added
NOR,SN,Admin,2018,s_treat_fstp_n,NA,100,added
NOR,SN,Admin,2018,s_treat_wtp_n,NA,74.32899781054289,added
NOR,SN,Admin,2019,s_lat_n,NA,0.08908734432304755,added
NOR,SN,Admin,2019,s_sep_con_n,NA,96.70369324209813,added
NOR,SN,Admin,2019,s_sep_ero_n,NA,56.99196107770785,added
NOR,SN,Admin,2019,s_sep_n,NA,13.87877925074427,added
NOR,SN,Admin,2019,s_sep_nemp_n,NA,43.00803892229215,added
NOR,SN,Admin,2019,s_sew_n,NA,85.38976773485423,added
NOR,SN,Admin,2019,s_treat_fstp_n,NA,100,added
NOR,SN,Admin,2019,s_treat_wtp_n,NA,75.75798793454953,added
NPL,AHS,Survey,2014,s_imp_r,NA,65.64077253218883,added
NPL,AHS,Survey,2014,s_imp_u,NA,93.6,added
NPL,AHS,Survey,2014,s_lat_r,NA,0,added
NPL,AHS,Survey,2014,s_lat_u,NA,0,added
NPL,AHS,Survey,2014,s_od_r,NA,30.7,added
NPL,AHS,Survey,2014,s_od_u,NA,4.6,added
NPL,AHS,Survey,2017,s_imp_r,NA,79.52879780938987,added
NPL,AHS,Survey,2017,s_imp_u,NA,88.87502265962698,added
NPL,AHS,Survey,2017,s_lat_r,NA,28.128797809389862,added
NPL,AHS,Survey,2017,s_lat_u,NA,22.57502265962698,added
NPL,AHS,Survey,2017,s_od_r,NA,14.8,added
NPL,AHS,Survey,2017,s_od_u,NA,7.4,added
NPL,AHS,Survey,2017,s_sep_r,NA,50.2,added
NPL,AHS,Survey,2017,s_sep_u,NA,51.8,added
NPL,AHS,Survey,2017,s_sew_r,NA,1.2,added
NPL,AHS,Survey,2017,s_sew_u,NA,14.5,added
NPL,MICS,Survey,2019,s_imp_r,NA,91.98916,added
NPL,MICS,Survey,2019,s_imp_u,NA,94.6974,added
NPL,MICS,Survey,2019,s_lat_ebo_r,NA,5.36045,added
NPL,MICS,Survey,2019,s_lat_ebo_u,NA,11.74745,added
NPL,MICS,Survey,2019,s_lat_edl_r,NA,3.82751,added
NPL,MICS,Survey,2019,s_lat_edl_u,NA,5.25584,added
NPL,MICS,Survey,2019,s_lat_ero_r,NA,1.13841,added
NPL,MICS,Survey,2019,s_lat_ero_u,NA,3.54888,added
NPL,MICS,Survey,2019,s_lat_nemp_r,NA,89.22333,added
NPL,MICS,Survey,2019,s_lat_nemp_u,NA,78.66884,added
NPL,MICS,Survey,2019,s_od_r,NA,6.6544,added
NPL,MICS,Survey,2019,s_od_u,NA,4.17328,added
NPL,MICS,Survey,2019,s_sep_ebo_r,NA,3.78332,added
NPL,MICS,Survey,2019,s_sep_ebo_u,NA,5.61915,added
NPL,MICS,Survey,2019,s_sep_edl_r,NA,2.11831,added
NPL,MICS,Survey,2019,s_sep_edl_u,NA,3.23283,added
NPL,MICS,Survey,2019,s_sep_ero_r,NA,0.32095,added
NPL,MICS,Survey,2019,s_sep_ero_u,NA,5.41469,added
NPL,MICS,Survey,2019,s_sep_nemp_r,NA,93.65599,added
NPL,MICS,Survey,2019,s_sep_nemp_u,NA,85.47631,added
NPL,MICS,Survey,2019,s_shared_r,NA,9.58529,added
NPL,MICS,Survey,2019,s_shared_u,NA,19.32017,added
NZL,WWT,Admin,2017,s_lat_n,NA,0,added
NZL,WWT,Admin,2017,s_sep_n,NA,14.272717,added
NZL,WWT,Admin,2017,s_sew_n,NA,85.727283,added
NZL,WWT,Admin,2017,s_treat_wtp_n,NA,98.15688397731148,added
NZL,WWT,Admin,2018,s_lat_n,NA,0,added
NZL,WWT,Admin,2018,s_sep_n,NA,15.31386470464085,added
NZL,WWT,Admin,2018,s_sew_n,NA,84.68613529535915,added
NZL,WWT,Admin,2018,s_treat_wtp_n,NA,91.58519201777348,added
NZL,WWT,Admin,2019,s_lat_n,NA,0,added
NZL,WWT,Admin,2019,s_sep_n,NA,14.177195899798647,added
NZL,WWT,Admin,2019,s_sew_n,NA,85.82280410020135,added
OMN,HIES,Survey,2011,s_imp_r,NA,98.627,added
OMN,HIES,Survey,2011,s_imp_u,NA,99.999,added
OMN,HIES,Survey,2011,s_od_r,NA,1.374,added
OMN,HIES,Survey,2011,s_od_u,NA,0,added
OMN,MDG+,Admin,2012,s_treat_wtp_u,100,NA,removed
OMN,MDG,Admin,2012,s_treat_wtp_u,NA,100,added
OMN,MDG+,Admin,2013,s_treat_wtp_u,100,NA,removed
OMN,MDG,Admin,2013,s_treat_wtp_u,NA,100,added
OMN,MICS,Survey,2014,s_shared_r,NA,0.7014453829920976,added
OMN,MICS,Survey,2014,s_shared_u,NA,0.6763024611634366,added
OMN,CHS,Survey,2016,s_imp_r,NA,98,added
OMN,CHS,Survey,2016,s_imp_u,NA,99.9,added
OMN,CHS,Survey,2016,s_lat_r,NA,0,added
OMN,CHS,Survey,2016,s_lat_u,NA,0,added
OMN,CHS,Survey,2016,s_sep_r,NA,95.3,added
OMN,CHS,Survey,2016,s_sep_u,NA,63.5,added
OMN,CHS,Survey,2016,s_sew_r,NA,2.7,added
OMN,CHS,Survey,2016,s_sew_u,NA,36.4,added
OMN,ONNS,Survey,2017,s_shared_n,14.7,NA,removed
PAK,PSLM,Survey,2011,s_od_r,NA,24.1,added
PAK,PSLM,Survey,2011,s_od_u,NA,1.9,added
PAK,PLSM,Survey,2014,s_od_r,NA,25.66623,added
PAK,PLSM,Survey,2014,s_od_u,NA,0.94875,added
PAK,PSLM,Survey,2015,s_od_r,NA,20.6,added
PAK,PSLM,Survey,2015,s_od_u,NA,0.8,added
PAK,DHS,Survey,2018,s_imp_r,NA,72.87760999999999,added
PAK,DHS,Survey,2018,s_imp_u,NA,95.63953,added
PAK,DHS,Survey,2018,s_lat_r,NA,28.81056999999999,added
PAK,DHS,Survey,2018,s_lat_u,NA,7.470640000000003,added
PAK,DHS,Survey,2018,s_od_r,NA,18.60548,added
PAK,DHS,Survey,2018,s_od_u,NA,0.75224,added
PAK,DHS,Survey,2018,s_sep_r,NA,34.05648,added
PAK,DHS,Survey,2018,s_sep_u,NA,23.18842,added
PAK,DHS,Survey,2018,s_sew_r,NA,10.01056,added
PAK,DHS,Survey,2018,s_sew_u,NA,64.98047,added
PAK,DHS,Survey,2018,s_shared_r,NA,16.331573,added
PAK,DHS,Survey,2018,s_shared_u,NA,7.17221,added
PAK,PLSM,Survey,2019,s_imp_r,NA,61.807680000000005,added
PAK,NNS,Survey,2019,s_imp_r,NA,78.09382,added
PAK,PLSM,Survey,2019,s_imp_u,NA,81.50200000000001,added
PAK,NNS,Survey,2019,s_imp_u,NA,95.84975,added
PAK,PLSM,Survey,2019,s_lat_r,NA,26.534890000000004,added
PAK,NNS,Survey,2019,s_lat_r,NA,28.42671,added
PAK,PLSM,Survey,2019,s_lat_u,NA,7.757370000000009,added
PAK,NNS,Survey,2019,s_lat_u,NA,13.914540000000002,added
PAK,PLSM,Survey,2019,s_od_r,NA,18.05916,added
PAK,NNS,Survey,2019,s_od_r,NA,13.01712,added
PAK,PLSM,Survey,2019,s_od_u,NA,1.02869,added
PAK,NNS,Survey,2019,s_od_u,NA,1.37331,added
PAK,PLSM,Survey,2019,s_sep_r,NA,29.67239,added
PAK,PLSM,Survey,2019,s_sep_u,NA,14.23572,added
PAK,PLSM,Survey,2019,s_sew_r,NA,5.6004,added
PAK,PLSM,Survey,2019,s_sew_u,NA,59.50891,added
PAK,PLSM,Survey,2019,s_shared_r,NA,17.11585,added
PAK,PLSM,Survey,2019,s_shared_u,NA,8.1515,added
PAN,EPM,Survey,2014,s_imp_r,NA,57.50849,added
PAN,EPM,Survey,2014,s_imp_u,NA,91.444015,added
PAN,EPM,Survey,2014,s_lat_r,NA,25.64,added
PAN,EPM,Survey,2014,s_lat_u,NA,7.991505000000004,added
PAN,EPM,Survey,2014,s_od_r,NA,16.85151,added
PAN,EPM,Survey,2014,s_od_u,NA,0.56448,added
PAN,EPM,Survey,2014,s_sep_r,NA,29.14584,added
PAN,EPM,Survey,2014,s_sep_u,NA,36.58349,added
PAN,EPM,Survey,2014,s_sew_r,NA,2.72265,added
PAN,EPM,Survey,2014,s_sew_u,NA,46.86902,added
PAN,EPM,Survey,2014,s_shared_r,NA,6.453237347522539,added
PAN,EPM,Survey,2014,s_shared_u,NA,4.585565277290153,added
PAN,EPM,Survey,2015,s_imp_r,NA,59.880624999999995,added
PAN,EPM,Survey,2015,s_imp_u,NA,92.11372,added
PAN,EPM,Survey,2015,s_lat_r,NA,24.050014999999995,added
PAN,EPM,Survey,2015,s_lat_u,NA,7.111140000000006,added
PAN,EPM,Survey,2015,s_od_r,NA,16.06935,added
PAN,EPM,Survey,2015,s_od_u,NA,0.77515,added
PAN,EPM,Survey,2015,s_sep_r,NA,31.95501,added
PAN,EPM,Survey,2015,s_sep_u,NA,37.90471,added
PAN,EPM,Survey,2015,s_sew_r,NA,3.8756,added
PAN,EPM,Survey,2015,s_sew_u,NA,47.09787,added
PAN,EPM,Survey,2015,s_shared_r,NA,6.780632299679572,added
PAN,EPM,Survey,2015,s_shared_u,NA,4.55928873128658,added
PAN,EPM,Survey,2016,s_imp_r,NA,63.240509999999986,added
PAN,EPM,Survey,2016,s_imp_u,NA,93.071535,added
PAN,EPM,Survey,2016,s_lat_r,NA,26.278359999999992,added
PAN,EPM,Survey,2016,s_lat_u,NA,7.331765000000004,added
PAN,EPM,Survey,2016,s_od_r,NA,12.30712,added
PAN,EPM,Survey,2016,s_od_u,NA,0.25891999999999993,added
PAN,EPM,Survey,2016,s_sep_r,NA,34.49117,added
PAN,EPM,Survey,2016,s_sep_u,NA,38.6648,added
PAN,EPM,Survey,2016,s_sew_r,NA,2.47098,added
PAN,EPM,Survey,2016,s_sew_u,NA,47.07497,added
PAN,EPM,Survey,2016,s_shared_r,NA,6.744682406590102,added
PAN,EPM,Survey,2016,s_shared_u,NA,3.890213881576765,added
PAN,EPM,Survey,2017,s_imp_r,NA,64.291581183876,added
PAN,EPM,Survey,2017,s_imp_u,NA,93.59507565749,added
PAN,EPM,Survey,2017,s_lat_r,NA,24.777901183876004,added
PAN,EPM,Survey,2017,s_lat_u,NA,6.750125657490003,added
PAN,EPM,Survey,2017,s_od_r,NA,12.631803816124,added
PAN,EPM,Survey,2017,s_od_u,NA,0.22457434251000008,added
PAN,EPM,Survey,2017,s_sep_r,NA,37.0398,added
PAN,EPM,Survey,2017,s_sep_u,NA,39.64958,added
PAN,EPM,Survey,2017,s_sew_r,NA,2.47388,added
PAN,EPM,Survey,2017,s_sew_u,NA,47.19537,added
PAN,EPM,Survey,2017,s_shared_r,NA,5.435236474797966,added
PAN,EPM,Survey,2017,s_shared_u,NA,3.9986272551660687,added
PAN,EPM,Survey,2018,s_imp_r,NA,64.58732,added
PAN,EPM,Survey,2018,s_imp_u,NA,92.39481,added
PAN,EPM,Survey,2018,s_od_r,NA,12.92215,added
PAN,EPM,Survey,2018,s_od_u,NA,0.37074,added
PAN,EPM,Survey,2018,s_shared_r,NA,3.9939960351350696,added
PAN,EPM,Survey,2018,s_shared_u,NA,2.924444565663374,added
PAN,ENSPA,Survey,2019,s_imp_r,NA,71.18301209661308,added
PAN,ENSPA,Survey,2019,s_imp_u,NA,92.9,added
PAN,ENSPA,Survey,2019,s_lat_r,NA,16.5171707509677,added
PAN,ENSPA,Survey,2019,s_lat_u,NA,4,added
PAN,ENSPA,Survey,2019,s_od_r,NA,10.228195190967613,added
PAN,ENSPA,Survey,2019,s_od_u,NA,2.1,added
PAN,ENSPA,Survey,2019,s_sep_r,NA,47.688841362096966,added
PAN,ENSPA,Survey,2019,s_sep_u,NA,46.9,added
PAN,ENSPA,Survey,2019,s_sew_r,NA,6.976999983548417,added
PAN,ENSPA,Survey,2019,s_sew_u,NA,42,added
PAN,ENSPA,Survey,2019,s_shared_r,NA,5.435236474797966,added
PAN,ENSPA,Survey,2019,s_shared_u,NA,3.9986272551660687,added
PER,ENDES,Survey,2018,s_imp_r,NA,61.78425,added
PER,ENAPRES,Survey,2018,s_imp_r,NA,56.775185,added
PER,ENAHO,Survey,2018,s_imp_r,NA,60.094435,added
PER,ENDES,Survey,2018,s_imp_u,NA,94.84523,added
PER,ENAPRES,Survey,2018,s_imp_u,NA,93.48945,added
PER,ENAHO,Survey,2018,s_imp_u,NA,92.522505,added
PER,ENDES,Survey,2018,s_lat_r,NA,31.18379,added
PER,ENAPRES,Survey,2018,s_lat_r,NA,17.457415000000005,added
PER,ENAHO,Survey,2018,s_lat_r,NA,15.601734999999998,added
PER,ENDES,Survey,2018,s_lat_u,NA,6.11645,added
PER,ENAPRES,Survey,2018,s_lat_u,NA,2.1405500000000046,added
PER,ENAHO,Survey,2018,s_lat_u,NA,2.7700750000000056,added
PER,ENDES,Survey,2018,s_od_r,NA,16.8133,added
PER,ENAPRES,Survey,2018,s_od_r,NA,17.41944,added
PER,ENAHO,Survey,2018,s_od_r,NA,15.1832,added
PER,ENDES,Survey,2018,s_od_u,NA,1.7379,added
PER,ENAPRES,Survey,2018,s_od_u,NA,0.94386,added
PER,ENAHO,Survey,2018,s_od_u,NA,1.08493,added
PER,ENDES,Survey,2018,s_sep_r,NA,10.22628,added
PER,ENAPRES,Survey,2018,s_sep_r,NA,19.89545,added
PER,ENAHO,Survey,2018,s_sep_r,NA,24.72226,added
PER,ENDES,Survey,2018,s_sep_u,NA,1.14281,added
PER,ENAPRES,Survey,2018,s_sep_u,NA,1.14045,added
PER,ENAHO,Survey,2018,s_sep_u,NA,3.16263,added
PER,ENDES,Survey,2018,s_sew_r,NA,20.37418,added
PER,ENAPRES,Survey,2018,s_sew_r,NA,19.42232,added
PER,ENAHO,Survey,2018,s_sew_r,NA,19.77044,added
PER,ENDES,Survey,2018,s_sew_u,NA,87.58597,added
PER,ENAPRES,Survey,2018,s_sew_u,NA,90.20845,added
PER,ENAHO,Survey,2018,s_sew_u,NA,86.5898,added
PER,ENDES,Survey,2018,s_shared_r,NA,7.708592513945035,added
PER,ENDES,Survey,2018,s_shared_u,NA,5.245281318992301,added
PER,SUNASS,Admin,2018,s_treat_wtp_n,NA,79.2,added
PHL,APIS,Survey,2019,s_imp_r,NA,89.94024,added
PHL,APIS,Survey,2019,s_imp_u,NA,96.00057,added
PHL,APIS,Survey,2019,s_lat_ebo_r,NA,0.49649,added
PHL,APIS,Survey,2019,s_lat_ebo_u,NA,0.89205,added
PHL,APIS,Survey,2019,s_lat_edl_r,NA,0.12529,added
PHL,APIS,Survey,2019,s_lat_edl_u,NA,0.6228,added
PHL,APIS,Survey,2019,s_lat_ero_r,NA,0.28305,added
PHL,APIS,Survey,2019,s_lat_ero_u,NA,3.03725,added
PHL,APIS,Survey,2019,s_lat_nemp_r,NA,99.09517,added
PHL,APIS,Survey,2019,s_lat_nemp_u,NA,95.44789,added
PHL,APIS,Survey,2019,s_lat_r,NA,27.806130000000003,added
PHL,APIS,Survey,2019,s_lat_u,NA,11.370040000000005,added
PHL,APIS,Survey,2019,s_od_r,NA,5.53303,added
PHL,APIS,Survey,2019,s_od_u,NA,2.06327,added
PHL,APIS,Survey,2019,s_sep_con_r,NA,81.03905,added
PHL,APIS,Survey,2019,s_sep_con_u,NA,71.64235,added
PHL,APIS,Survey,2019,s_sep_ebo_r,NA,1.15878,added
PHL,APIS,Survey,2019,s_sep_ebo_u,NA,1.16962,added
PHL,APIS,Survey,2019,s_sep_edl_r,NA,1.13593,added
PHL,APIS,Survey,2019,s_sep_edl_u,NA,5.58527,added
PHL,APIS,Survey,2019,s_sep_ero_r,NA,1.59394,added
PHL,APIS,Survey,2019,s_sep_ero_u,NA,14.48756,added
PHL,APIS,Survey,2019,s_sep_nemp_r,NA,96.11136,added
PHL,APIS,Survey,2019,s_sep_nemp_u,NA,78.75755,added
PHL,APIS,Survey,2019,s_sep_r,NA,55.8142,added
PHL,APIS,Survey,2019,s_sep_u,NA,69.26006,added
PHL,APIS,Survey,2019,s_sew_r,NA,6.31991,added
PHL,APIS,Survey,2019,s_sew_u,NA,15.37047,added
PHL,APIS,Survey,2019,s_shared_r,NA,8.22412,added
PHL,APIS,Survey,2019,s_shared_u,NA,11.542,added
PHL,APIS,Survey,2020,s_imp_r,NA,91.32324,added
PHL,APIS,Survey,2020,s_imp_u,NA,96.77351,added
PHL,APIS,Survey,2020,s_lat_ebo_r,NA,0.62456,added
PHL,APIS,Survey,2020,s_lat_ebo_u,NA,1.05859,added
PHL,APIS,Survey,2020,s_lat_edl_r,NA,0.29096,added
PHL,APIS,Survey,2020,s_lat_edl_u,NA,0.34382,added
PHL,APIS,Survey,2020,s_lat_ero_r,NA,0.26803,added
PHL,APIS,Survey,2020,s_lat_ero_u,NA,1.56595,added
PHL,APIS,Survey,2020,s_lat_nemp_r,NA,98.81645,added
PHL,APIS,Survey,2020,s_lat_nemp_u,NA,97.03164,added
PHL,APIS,Survey,2020,s_lat_r,NA,22.327529999999996,added
PHL,APIS,Survey,2020,s_lat_u,NA,6.733899999999991,added
PHL,APIS,Survey,2020,s_od_r,NA,5.56056,added
PHL,APIS,Survey,2020,s_od_u,NA,1.62234,added
PHL,APIS,Survey,2020,s_sep_con_r,NA,91.75779,added
PHL,APIS,Survey,2020,s_sep_con_u,NA,86.14477,added
PHL,APIS,Survey,2020,s_sep_ebo_r,NA,0.98723,added
PHL,APIS,Survey,2020,s_sep_ebo_u,NA,0.50312,added
PHL,APIS,Survey,2020,s_sep_edl_r,NA,0.61103,added
PHL,APIS,Survey,2020,s_sep_edl_u,NA,3.91415,added
PHL,APIS,Survey,2020,s_sep_ero_r,NA,1.39374,added
PHL,APIS,Survey,2020,s_sep_ero_u,NA,18.15646,added
PHL,APIS,Survey,2020,s_sep_nemp_r,NA,97.008,added
PHL,APIS,Survey,2020,s_sep_nemp_u,NA,77.42628,added
PHL,APIS,Survey,2020,s_sep_r,NA,64.00297,added
PHL,APIS,Survey,2020,s_sep_u,NA,78.2491,added
PHL,APIS,Survey,2020,s_sew_r,NA,4.99274,added
PHL,APIS,Survey,2020,s_sew_u,NA,11.79051,added
PHL,APIS,Survey,2020,s_shared_r,NA,9.65937,added
PHL,APIS,Survey,2020,s_shared_u,NA,15.05744,added
PLW,CEN,Census,2000,s_imp_r,NA,71.21212121212122,added
PLW,CEN,Census,2000,s_imp_u,NA,94.28629524196828,added
PLW,CEN,Census,2000,s_lat_r,NA,46.40852974186308,added
PLW,CEN,Census,2000,s_lat_u,NA,16.693777958519718,added
PLW,CEN,Census,2000,s_sew_r,NA,24.803591470258137,added
PLW,CEN,Census,2000,s_sew_u,NA,77.59251728344856,added
PLW,CEN,Census,2005,s_imp_r,98.94982497082847,99.28270042194092,changed
PLW,CEN,Census,2005,s_imp_u,99.63247577681256,99.82964224872232,changed
PLW,CEN,Census,2005,s_lat_r,49.183197199533254,60.46413502109705,changed
PLW,CEN,Census,2005,s_lat_u,21.416638823922483,22.203293583191368,changed
PLW,CEN,Census,2005,s_sew_r,NA,38.81856540084388,added
PLW,CEN,Census,2005,s_sew_u,NA,77.62634866553095,added
PLW,CEN,Census,2015,s_imp_r,NA,88.27655310621242,added
PLW,CEN,Census,2015,s_imp_u,NA,97.65814266487214,added
PLW,CEN,Census,2015,s_lat_n,9.64089291491426,NA,removed
PLW,CEN,Census,2015,s_lat_r,NA,23.547094188376747,added
PLW,CEN,Census,2015,s_lat_u,NA,11.117092866756394,added
PLW,CEN,Census,2015,s_sew_r,NA,64.72945891783567,added
PLW,CEN,Census,2015,s_sew_u,NA,86.54104979811575,added
PNG,MIS,Survey,2017,s_shared_n,14.473684210526317,NA,removed
PNG,DHS,Survey,2018,s_imp_r,NA,26.03968,added
PNG,DHS,Survey,2018,s_imp_u,NA,62.50264000000001,added
PNG,DHS,Survey,2018,s_lat_r,NA,20.10373,added
PNG,DHS,Survey,2018,s_lat_u,NA,16.73086,added
PNG,DHS,Survey,2018,s_od_r,NA,18.23656,added
PNG,DHS,Survey,2018,s_od_u,NA,7.21948,added
PNG,DHS,Survey,2018,s_sep_r,NA,3.49954,added
PNG,DHS,Survey,2018,s_sep_u,NA,13.08136,added
PNG,DHS,Survey,2018,s_sew_r,NA,2.43641,added
PNG,DHS,Survey,2018,s_sew_u,NA,32.69042,added
PNG,DHS,Survey,2018,s_shared_r,NA,21.23313,added
PNG,DHS,Survey,2018,s_shared_u,NA,16.0084,added
POL,CEN,Census,2002,s_sep_r,NA,65.4,added
POL,CEN,Census,2002,s_sep_u,NA,11.3,added
POL,CEN,Census,2002,s_sew_r,NA,14.3,added
POL,CEN,Census,2002,s_sew_u,NA,84.4,added
POL,CEN,Census,2011,s_sep_r,NA,66.9,added
POL,CEN,Census,2011,s_sep_u,NA,11.3,added
POL,CEN,Census,2011,s_sew_r,NA,22.9,added
POL,CEN,Census,2011,s_sew_u,NA,86.3,added
POL,EU SILC,Admin,2012,s_sep_r,NA,71.36993318485523,added
POL,EU SILC,Admin,2012,s_sep_u,NA,11.444723360655743,added
POL,EU SILC,Admin,2012,s_sew_r,NA,24.43006681514476,added
POL,EU SILC,Admin,2012,s_sew_u,NA,87.40527663934427,added
POL,EU SILC,Admin,2012,s_shared_r,0.7633587786259541,NA,removed
POL,EU SILC,Admin,2012,s_shared_u,1.2282497441146365,NA,removed
POL,EUSILC,Admin,2013,s_imp_r,97.10000000000001,NA,removed
POL,EU SILC,Admin,2013,s_imp_r,NA,97.1,added
POL,EUSILC,Admin,2013,s_imp_u,99.3,NA,removed
POL,EU SILC,Admin,2013,s_imp_u,NA,99.3,added
POL,ES,Admin,2013,s_sep_n,22.4,24.9,changed
POL,ES,Admin,2013,s_sew_n,71.4,70.3,changed
POL,ES,Admin,2013,s_treat_fstp_n,100,99.85775248933145,changed
POL,ES,Admin,2013,s_treat_wtp_n,100,99.85775248933145,changed
POL,EUSILC,Admin,2014,s_imp_r,97.39999999999999,NA,removed
POL,EU SILC,Admin,2014,s_imp_r,NA,97.4,added
POL,EUSILC,Admin,2014,s_imp_u,99.3,NA,removed
POL,EU SILC,Admin,2014,s_imp_u,NA,99.3,added
POL,ES,Admin,2014,s_lat_n,NA,0,added
POL,ES,Admin,2014,s_sep_ero_n,NA,100,added
POL,ES,Admin,2014,s_sep_n,NA,22.4,added
POL,ES,Admin,2014,s_sew_n,NA,71.4,added
POL,ES,Admin,2014,s_treat_fstp_n,NA,88.09523809523809,added
POL,ES,Admin,2014,s_treat_wtp_n,NA,88.09523809523809,added
POL,EUSILC,Admin,2015,s_imp_r,97.89999999999999,NA,removed
POL,EU SILC,Admin,2015,s_imp_r,NA,97.9,added
POL,EUSILC,Admin,2015,s_imp_u,99.2,NA,removed
POL,EU SILC,Admin,2015,s_imp_u,NA,99.2,added
POL,ES,Admin,2016,s_lat_n,NA,0,added
POL,ES,Admin,2016,s_sep_ero_n,NA,100,added
POL,ES,Admin,2016,s_sep_n,NA,21.29,added
POL,ES,Admin,2016,s_sew_n,NA,73.4,added
POL,ES,Admin,2016,s_treat_fstp_n,NA,100,added
POL,ES,Admin,2016,s_treat_wtp_n,NA,100,added
POL,ES,Admin,2017,s_lat_n,NA,0,added
POL,ES,Admin,2017,s_sep_ero_n,NA,100,added
POL,ES,Admin,2017,s_sep_n,NA,21.36,added
POL,EUSILC,Survey,2017,s_sep_r,NA,73.00890868596882,added
POL,EUSILC,Survey,2017,s_sep_u,NA,11.4968237704918,added
POL,ES,Admin,2017,s_sew_n,NA,73.5,added
POL,EUSILC,Survey,2017,s_sew_r,NA,24.991091314031177,added
POL,EUSILC,Survey,2017,s_sew_u,NA,87.8031762295082,added
POL,ES,Admin,2017,s_treat_fstp_n,NA,100,added
POL,ES,Admin,2017,s_treat_wtp_n,NA,100,added
POL,ES,Admin,2018,s_treat_wtp_n,NA,100,added
POL,ES,Admin,2019,s_treat_wtp_n,NA,100,added
PRI,ACS,Survey,2008,s_imp_n,NA,99.646055,added
PRI,ACS,Survey,2008,s_lat_n,NA,0.35394499999999596,added
PRI,ACS,Survey,2008,s_sew_n,NA,99.29211,added
PRI,ACS,Survey,2009,s_imp_n,NA,99.69852,added
PRI,ACS,Survey,2009,s_lat_n,NA,0.30147999999999797,added
PRI,ACS,Survey,2009,s_sew_n,NA,99.39704,added
PRI,AAA,Other,2010,s_imp_n,NA,99.79105,added
PRI,AAA,Other,2010,s_lat_n,NA,0.20895000000000152,added
PRI,AAA,Other,2010,s_sew_n,NA,99.5821,added
PRI,ACS,Survey,2011,s_imp_n,NA,99.711895,added
PRI,ACS,Survey,2011,s_lat_n,NA,0.2881050000000016,added
PRI,ACS,Survey,2011,s_sew_n,NA,99.42379,added
PRI,ACS,Survey,2012,s_imp_n,NA,99.83506,added
PRI,ACS,Survey,2012,s_lat_n,NA,0.16494000000000142,added
PRI,ACS,Survey,2012,s_sew_n,NA,99.67012,added
PRI,ACS,Survey,2013,s_imp_n,NA,99.756955,added
PRI,ACS,Survey,2013,s_lat_n,NA,0.24304500000000928,added
PRI,ACS,Survey,2013,s_sew_n,NA,99.51391,added
PRI,ACS,Survey,2014,s_imp_n,97.26556458926669,99.830885,changed
PRI,ACS,Survey,2014,s_lat_n,2.734435410733326,0.1691149999999908,changed
PRI,ACS,Survey,2014,s_sew_n,94.53112917853336,99.66177,changed
PRI,ACS,Survey,2015,s_imp_n,97.05,99.80853,changed
PRI,ACS,Survey,2015,s_lat_n,2.950000000000003,0.19146999999999537,changed
PRI,ACS,Survey,2015,s_sew_n,94.1,99.61706,changed
PRK,MICS,Survey,2017,s_lat_edl_r,98.43750000000001,97.78645833333334,changed
PRK,MICS,Survey,2017,s_lat_edl_u,86.4314789687924,83.98914518317504,changed
PRK,MICS,Survey,2017,s_lat_ero_r,0.9114583333333336,1.5625000000000004,changed
PRK,MICS,Survey,2017,s_lat_ero_u,8.141112618724561,10.58344640434193,changed
PRK,MICS,Survey,2017,s_sep_edl_u,90.0763358778626,88.93129770992367,changed
PRK,MICS,Survey,2017,s_sep_ero_u,7.251908396946565,8.396946564885495,changed
PRT,EUSILC,Admin,2013,s_imp_r,99.2,NA,removed
PRT,EU SILC,Admin,2013,s_imp_r,NA,99.2,added
PRT,EUSILC,Admin,2013,s_imp_u,99.7,NA,removed
PRT,EU SILC,Admin,2013,s_imp_u,NA,99.7,added
PRT,EUSILC,Admin,2013,s_lat_r,0.7999999999999972,NA,removed
PRT,EU SILC,Admin,2013,s_lat_r,NA,0.7999999999999972,added
PRT,EUSILC,Admin,2013,s_lat_u,0.29999999999999716,NA,removed
PRT,EU SILC,Admin,2013,s_lat_u,NA,0.29999999999999716,added
PRT,EUSILC,Admin,2014,s_imp_r,99.75,NA,removed
PRT,EU SILC,Admin,2014,s_imp_r,NA,99.75,added
PRT,EUSILC,Admin,2014,s_imp_u,99.64999999999999,NA,removed
PRT,EU SILC,Admin,2014,s_imp_u,NA,99.65,added
PRT,EUSILC,Admin,2014,s_lat_r,0.25,NA,removed
PRT,EU SILC,Admin,2014,s_lat_r,NA,0.25,added
PRT,EUSILC,Admin,2014,s_lat_u,0.3499999999999943,NA,removed
PRT,EU SILC,Admin,2014,s_lat_u,NA,0.3499999999999943,added
PRT,REA,Admin,2014,s_treat_wtp_n,89.4,NA,removed
PRT,ERSA,Admin,2014,s_treat_wtp_n,NA,89.4,added
PRT,EUSILC,Admin,2015,s_imp_r,99.2,NA,removed
PRT,EU SILC,Admin,2015,s_imp_r,NA,99.2,added
PRT,EUSILC,Admin,2015,s_imp_u,99.60000000000001,NA,removed
PRT,EU SILC,Admin,2015,s_imp_u,NA,99.6,added
PRT,EUSILC,Admin,2015,s_lat_r,0.7999999999999972,NA,removed
PRT,EU SILC,Admin,2015,s_lat_r,NA,0.7999999999999972,added
PRT,EUSILC,Admin,2015,s_lat_u,0.4000000000000057,NA,removed
PRT,EU SILC,Admin,2015,s_lat_u,NA,0.4000000000000057,added
PRT,ES,Admin,2017,s_treat_wtp_n,NA,92.25068119891009,added
PRY,EPH,Survey,2018,s_imp_r,NA,87.4015834549425,added
PRY,EPH,Survey,2018,s_imp_u,NA,97.450552934625,added
PRY,EPH,Survey,2018,s_lat_r,NA,55.7517262206145,added
PRY,EPH,Survey,2018,s_lat_u,NA,27.531009598498997,added
PRY,EPH,Survey,2018,s_od_r,NA,0.82419,added
PRY,EPH,Survey,2018,s_od_u,NA,0.40886,added
PRY,EPH,Survey,2018,s_sep_r,NA,31.372809609093,added
PRY,EPH,Survey,2018,s_sep_u,NA,54.949620636394,added
PRY,EPH,Survey,2018,s_sew_r,NA,0.277047625235,added
PRY,EPH,Survey,2018,s_sew_u,NA,14.969922699732,added
PSE,MICS,Survey,2013,s_imp_r,99.42999999999998,NA,removed
PSE,MICS,Survey,2013,s_imp_u,99.72600000000001,NA,removed
PSE,MICS,Survey,2013,s_lat_r,22.374999999999986,NA,removed
PSE,MICS,Survey,2013,s_lat_u,7.322000000000003,NA,removed
PSE,MICS,Survey,2013,s_od_r,0.045,NA,removed
PSE,MICS,Survey,2013,s_od_u,0,NA,removed
PSE,MICS,Survey,2013,s_sep_r,67.094,NA,removed
PSE,MICS,Survey,2013,s_sep_u,27.474,NA,removed
PSE,MICS,Survey,2013,s_sew_r,9.961,NA,removed
PSE,MICS,Survey,2013,s_sew_u,64.93,NA,removed
PSE,MICS,Survey,2013,s_shared_r,0.624,NA,removed
PSE,MICS,Survey,2013,s_shared_u,1.11,NA,removed
PSE,MICS,Survey,2014,s_imp_r,NA,99.42999999999998,added
PSE,MICS,Survey,2014,s_imp_u,NA,99.726,added
PSE,MICS,Survey,2014,s_lat_r,NA,22.374999999999982,added
PSE,MICS,Survey,2014,s_lat_u,NA,7.322000000000003,added
PSE,MICS,Survey,2014,s_od_r,NA,0.045,added
PSE,MICS,Survey,2014,s_od_u,NA,0,added
PSE,MICS,Survey,2014,s_sep_r,NA,67.094,added
PSE,MICS,Survey,2014,s_sep_u,NA,27.474,added
PSE,MICS,Survey,2014,s_sew_r,NA,9.961,added
PSE,MICS,Survey,2014,s_sew_u,NA,64.93,added
PSE,MICS,Survey,2014,s_shared_r,NA,0.624,added
PSE,MICS,Survey,2014,s_shared_u,NA,1.11,added
PSE,CEN,Census,2017,s_imp_r,99.2,NA,removed
PSE,CEN,Census,2017,s_imp_u,99.8,NA,removed
PSE,CEN,Census,2017,s_lat_r,1.0999999999999943,NA,removed
PSE,CEN,Census,2017,s_lat_u,-1.4210854715202004e-14,NA,removed
PSE,CEN,Census,2017,s_od_r,0,NA,removed
PSE,CEN,Census,2017,s_od_u,0,NA,removed
PSE,CEN,Census,2017,s_sep_r,90.2,NA,removed
PSE,CEN,Census,2017,s_sep_u,35.4,NA,removed
PSE,CEN,Census,2017,s_sew_r,7.9,NA,removed
PSE,CEN,Census,2017,s_sew_u,64.4,NA,removed
PSE,MICS,Survey,2020,s_imp_r,NA,96.94693,added
PSE,MICS,Survey,2020,s_imp_u,NA,99.09258,added
PSE,MICS,Survey,2020,s_lat_ebo_r,NA,1.17679,added
PSE,MICS,Survey,2020,s_lat_ebo_u,NA,1.32288,added
PSE,MICS,Survey,2020,s_lat_edl_r,NA,3.75422,added
PSE,MICS,Survey,2020,s_lat_edl_u,NA,3.17349,added
PSE,MICS,Survey,2020,s_lat_ero_r,NA,25.310669999999998,added
PSE,MICS,Survey,2020,s_lat_ero_u,NA,25.64569,added
PSE,MICS,Survey,2020,s_lat_nemp_r,NA,69.75833,added
PSE,MICS,Survey,2020,s_lat_nemp_u,NA,69.85794,added
PSE,MICS,Survey,2020,s_lat_r,NA,61.22467,added
PSE,MICS,Survey,2020,s_lat_u,NA,22.722520000000003,added
PSE,MICS,Survey,2020,s_od_r,NA,0.28367,added
PSE,MICS,Survey,2020,s_od_u,NA,0.00243,added
PSE,MICS,Survey,2020,s_sep_ebo_r,NA,2.33093,added
PSE,MICS,Survey,2020,s_sep_ebo_u,NA,1.4042,added
PSE,MICS,Survey,2020,s_sep_edl_r,NA,20.56963,added
PSE,MICS,Survey,2020,s_sep_edl_u,NA,16.21628,added
PSE,MICS,Survey,2020,s_sep_ero_r,NA,56.53607,added
PSE,MICS,Survey,2020,s_sep_ero_u,NA,56.04784,added
PSE,MICS,Survey,2020,s_sep_nemp_r,NA,20.56337,added
PSE,MICS,Survey,2020,s_sep_nemp_u,NA,26.33169,added
PSE,MICS,Survey,2020,s_sep_r,NA,25.6447,added
PSE,MICS,Survey,2020,s_sep_u,NA,9.46741,added
PSE,MICS,Survey,2020,s_sew_r,NA,10.07756,added
PSE,MICS,Survey,2020,s_sew_u,NA,66.90265,added
PSE,MICS,Survey,2020,s_shared_r,NA,0.87078,added
PSE,MICS,Survey,2020,s_shared_u,NA,1.29587,added
PYF,CEN,Census,2012,s_od_n,NA,0,added
PYF,CEN,Census,2017,s_imp_n,NA,97.37171138317272,added
PYF,CEN,Census,2017,s_lat_n,NA,0,added
PYF,CEN,Census,2017,s_od_n,NA,0,added
PYF,CEN,Census,2017,s_sep_n,NA,78.16618911174785,added
PYF,CEN,Census,2017,s_sew_n,NA,19.20552227142485,added
QAT,WS,Admin,2014,s_treat_wtp_u,NA,100,added
QAT,CEN,Census,2015,s_imp_n,100.0307673643126,100,changed
QAT,CEN,Census,2015,s_sep_n,12.3,8.599999999999994,changed
QAT,CEN,Census,2015,s_sew_n,87.7307673643126,91.4,changed
QAT,WS,Admin,2015,s_treat_wtp_u,NA,100,added
QAT,WS,Admin,2016,s_treat_wtp_u,NA,100,added
QAT,WS,Admin,2017,s_treat_wtp_u,NA,100,added
QAT,ES,Admin,2018,s_treat_wtp_u,NA,100,added
QAT,ES,Admin,2019,s_treat_wtp_u,NA,100,added
REU,CEN,Census,2016,s_imp_n,NA,99.35096191233352,added
REU,CEN,Census,2016,s_lat_n,NA,3.632562566767959,added
REU,CEN,Census,2016,s_sep_n,NA,47.02895729634559,added
REU,CEN,Census,2016,s_sew_n,NA,48.68944204921998,added
REU,CEN,Census,2017,s_imp_n,NA,99.30565410222523,added
REU,CEN,Census,2017,s_lat_n,NA,3.5597755255074617,added
REU,CEN,Census,2017,s_sep_n,NA,46.41773999680541,added
REU,CEN,Census,2017,s_sew_n,NA,49.32813857991237,added
ROU,EUSILC,Admin,2013,s_imp_r,69.05,NA,removed
ROU,EU SILC,Admin,2013,s_imp_r,NA,69.05,added
ROU,EUSILC,Admin,2013,s_imp_u,91.64999999999999,NA,removed
ROU,EU SILC,Admin,2013,s_imp_u,NA,91.65,added
ROU,EUSILC,Admin,2014,s_imp_r,70.5,NA,removed
ROU,EU SILC,Admin,2014,s_imp_r,NA,70.5,added
ROU,EUSILC,Admin,2014,s_imp_u,93.89999999999999,NA,removed
ROU,EU SILC,Admin,2014,s_imp_u,NA,93.9,added
ROU,EUSILC,Admin,2015,s_imp_r,70.5,NA,removed
ROU,EU SILC,Admin,2015,s_imp_r,NA,70.5,added
ROU,EUSILC,Admin,2015,s_imp_u,93.7,NA,removed
ROU,EU SILC,Admin,2015,s_imp_u,NA,93.7,added
ROU,ES,Admin,2016,s_lat_n,NA,0,added
ROU,ES,Admin,2016,s_sep_ero_n,NA,47.368421052631575,added
ROU,ES,Admin,2016,s_sep_n,NA,1.9,added
ROU,ES,Admin,2016,s_sep_nemp_n,NA,52.63157894736842,added
ROU,ES,Admin,2016,s_sew_n,NA,47.8,added
ROU,ES,Admin,2016,s_treat_wtp_n,NA,91.4225941422594,added
ROU,HLCS,Survey,2017,s_imp_r,NA,71.25,added
ROU,HLCS,Survey,2017,s_imp_u,NA,97.05,added
ROU,ES,Admin,2017,s_lat_n,NA,0,added
ROU,ES,Admin,2017,s_sep_ero_n,NA,47.368421052631575,added
ROU,ES,Admin,2017,s_sep_n,NA,1.9,added
ROU,ES,Admin,2017,s_sep_nemp_n,NA,52.63157894736842,added
ROU,ES,Admin,2017,s_sew_n,NA,49.6,added
ROU,ES,Admin,2017,s_treat_wtp_n,NA,93.5483870967742,added
ROU,HLCS,Survey,2018,s_imp_r,NA,73.45,added
ROU,HLCS,Survey,2018,s_imp_u,NA,97.25,added
RUS,RLMS,Survey,2017,s_imp_r,NA,61.90785340314137,added
RUS,RLMS,Survey,2017,s_imp_u,NA,95.15039682539684,added
RUS,RLMS,Survey,2017,s_lat_r,NA,39.307853403141365,added
RUS,RLMS,Survey,2017,s_lat_u,NA,5.25039682539682,added
RUS,RLMS,Survey,2017,s_sew_r,NA,22.6,added
RUS,RLMS,Survey,2017,s_sew_u,NA,89.9,added
RUS,RLMS,Survey,2018,s_imp_r,NA,61.315706806282726,added
RUS,RLMS,Survey,2018,s_imp_u,NA,95.10238095238095,added
RUS,RLMS,Survey,2018,s_lat_r,NA,39.815706806282726,added
RUS,RLMS,Survey,2018,s_lat_u,NA,5.3023809523809575,added
RUS,RLMS,Survey,2018,s_sew_r,NA,21.5,added
RUS,RLMS,Survey,2018,s_sew_u,NA,89.8,added
RUS,RLMS,Survey,2019,s_imp_r,NA,61.46492146596859,added
RUS,RLMS,Survey,2019,s_imp_u,NA,95.3904761904762,added
RUS,RLMS,Survey,2019,s_lat_r,NA,39.764921465968584,added
RUS,RLMS,Survey,2019,s_lat_u,NA,4.990476190476187,added
RUS,RLMS,Survey,2019,s_sew_r,NA,21.7,added
RUS,RLMS,Survey,2019,s_sew_u,NA,90.4,added
RWA,WV,Survey,2017,s_lat_con_r,NA,88.10222,added
RWA,WV,Survey,2017,s_lat_ebo_r,NA,0.74074,added
RWA,WV,Survey,2017,s_lat_edl_r,NA,15.27778,added
RWA,WV,Survey,2017,s_lat_ero_r,NA,0.64815,added
RWA,WV,Survey,2017,s_lat_nemp_r,NA,83.33333,added
RWA,LFS,Survey,2017,s_od_r,NA,2.66917,added
RWA,LFS,Survey,2017,s_od_u,NA,0.52104,added
RWA,WV,Survey,2017,s_sep_con_r,NA,88.10222,added
RWA,WV,Survey,2017,s_sep_ebo_r,NA,0.74074,added
RWA,WV,Survey,2017,s_sep_edl_r,NA,15.27778,added
RWA,WV,Survey,2017,s_sep_ero_r,NA,0.64815,added
RWA,WV,Survey,2017,s_sep_nemp_r,NA,83.33333,added
SAU,HS,Survey,2018,s_imp_n,NA,100,added
SAU,HS,Survey,2018,s_lat_n,NA,0.31600362897364676,added
SAU,HS,Survey,2018,s_sep_n,NA,43.29706401774611,added
SAU,HS,Survey,2018,s_sew_n,NA,56.38693235328025,added
SEN,PEPAM,Admin,2017,s_sep_u,72.5,NA,removed
SEN,DHS,Survey,2018,s_imp_r,NA,64.0087,added
SEN,DHS,Survey,2018,s_imp_u,NA,94.44353,added
SEN,DHS,Survey,2018,s_lat_r,NA,34.329890000000006,added
SEN,DHS,Survey,2018,s_lat_u,NA,11.804009999999993,added
SEN,DHS,Survey,2018,s_od_r,NA,17.52753,added
SEN,DHS,Survey,2018,s_od_u,NA,0.87152,added
SEN,DHS,Survey,2018,s_sep_r,NA,29.41042,added
SEN,DHS,Survey,2018,s_sep_u,NA,62.88742,added
SEN,DHS,Survey,2018,s_sew_r,NA,0.26839,added
SEN,DHS,Survey,2018,s_sew_u,NA,19.7521,added
SEN,DHS,Survey,2018,s_shared_r,NA,16.27106,added
SEN,DHS,Survey,2018,s_shared_u,NA,23.05673,added
SEN,DHS,Survey,2019,s_imp_r,NA,57.84808,added
SEN,DHS,Survey,2019,s_imp_u,NA,95.06318,added
SEN,DHS,Survey,2019,s_lat_r,NA,29.622400000000003,added
SEN,DHS,Survey,2019,s_lat_u,NA,19.71462000000001,added
SEN,DHS,Survey,2019,s_od_r,NA,20.29435,added
SEN,DHS,Survey,2019,s_od_u,NA,1.29794,added
SEN,DHS,Survey,2019,s_sep_r,NA,28.05449,added
SEN,DHS,Survey,2019,s_sep_u,NA,62.60075,added
SEN,DHS,Survey,2019,s_sew_r,NA,0.17119,added
SEN,DHS,Survey,2019,s_sew_u,NA,12.74781,added
SEN,DHS,Survey,2019,s_shared_r,NA,15.087139999999998,added
SEN,DHS,Survey,2019,s_shared_u,NA,23.35953,added
SGP,PUB,Admin,2009,s_lat_n,0,NA,removed
SLB,RWASH,Survey,2016,s_od_r,80.3,NA,removed
SLE,MICS,Survey,2017,s_lat_ebo_r,1.0716633143797432,0.83541,changed
SLE,MICS,Survey,2017,s_lat_ebo_u,7.042731048460082,5.96153,changed
SLE,MICS,Survey,2017,s_lat_edl_r,0,0.25877,changed
SLE,MICS,Survey,2017,s_lat_edl_u,0.6008866631884624,1.87656,changed
SLE,MICS,Survey,2017,s_lat_ero_r,0.1363526598035111,0.10871,changed
SLE,MICS,Survey,2017,s_lat_ero_u,12.357888543338733,11.52375,changed
SLE,MICS,Survey,2017,s_lat_nemp_r,98.79198402581675,98.79711,changed
SLE,MICS,Survey,2017,s_lat_nemp_u,79.99849374501272,80.63815,changed
SLE,MICS,Survey,2017,s_sep_ebo_r,0.47205827097411035,0.43219,changed
SLE,MICS,Survey,2017,s_sep_ebo_u,4.355600130822909,4.08311,changed
SLE,MICS,Survey,2017,s_sep_edl_r,0,0.43224,changed
SLE,MICS,Survey,2017,s_sep_edl_u,0.33183139324828215,0.71906,changed
SLE,MICS,Survey,2017,s_sep_ero_r,17.26486972668696,15.80678,changed
SLE,MICS,Survey,2017,s_sep_ero_u,26.304646987679558,24.65903,changed
SLE,MICS,Survey,2017,s_sep_nemp_r,82.26307200233893,83.32879,changed
SLE,MICS,Survey,2017,s_sep_nemp_u,69.00792148824925,70.5388,changed
SLE,IHS,Survey,2018,s_imp_r,NA,38.30289,added
SLE,IHS,Survey,2018,s_imp_u,NA,80.39455,added
SLE,IHS,Survey,2018,s_lat_r,NA,37.65378,added
SLE,IHS,Survey,2018,s_lat_u,NA,65.69179,added
SLE,IHS,Survey,2018,s_od_r,NA,26.51076,added
SLE,IHS,Survey,2018,s_od_u,NA,3.98649,added
SLE,IHS,Survey,2018,s_sep_r,NA,0.4109,added
SLE,IHS,Survey,2018,s_sep_u,NA,11.4379,added
SLE,IHS,Survey,2018,s_sew_r,NA,0.23821,added
SLE,IHS,Survey,2018,s_sew_u,NA,3.26486,added
SLE,IHS,Survey,2018,s_shared_r,NA,68.51577,added
SLE,IHS,Survey,2018,s_shared_u,NA,81.71977,added
SLE,DHS,Survey,2019,s_imp_r,NA,33.810880000000004,added
SLE,DHS,Survey,2019,s_imp_u,NA,84.20612999999999,added
SLE,DHS,Survey,2019,s_lat_r,NA,33.01641000000001,added
SLE,DHS,Survey,2019,s_lat_u,NA,69.92401999999998,added
SLE,DHS,Survey,2019,s_od_r,NA,27.99532,added
SLE,DHS,Survey,2019,s_od_u,NA,3.67309,added
SLE,DHS,Survey,2019,s_sep_r,NA,0.77214,added
SLE,DHS,Survey,2019,s_sep_u,NA,13.52977,added
SLE,DHS,Survey,2019,s_sew_r,NA,0.02233,added
SLE,DHS,Survey,2019,s_sew_u,NA,0.75234,added
SLE,DHS,Survey,2019,s_shared_r,NA,74.61533,added
SLE,DHS,Survey,2019,s_shared_u,NA,61.09743000000001,added
SLV,WWT,Admin,2007,s_treat_wtp_n,NA,4.499558533879695,added
SLV,WWT,Admin,2008,s_treat_wtp_n,NA,4.4993749289692015,added
SLV,WWT,Admin,2009,s_treat_wtp_n,NA,4.4997147746719905,added
SLV,EHPM,Survey,2010,s_imp_r,87.53635112876532,87.53304318766067,changed
SLV,EHPM,Survey,2010,s_imp_u,98.8062845497664,98.80223172043011,changed
SLV,EHPM,Survey,2010,s_lat_r,75.05956354304027,74.19377318766067,changed
SLV,EHPM,Survey,2010,s_lat_u,31.769039866954614,27.283211720430117,changed
SLV,EHPM,Survey,2010,s_od_r,10.449171707514388,10.44917,changed
SLV,EHPM,Survey,2010,s_sep_r,11.710823879828641,12.47899,changed
SLV,EHPM,Survey,2010,s_sep_u,11.219337089613234,12.44658,changed
SLV,EHPM,Survey,2010,s_sew_r,0.7659637058964129,0.8602799999999999,changed
SLV,EHPM,Survey,2010,s_sew_u,55.817907593198555,59.07244,changed
SLV,EHPM,Survey,2010,s_shared_r,14.42115809442469,24.214079962929297,changed
SLV,EHPM,Survey,2010,s_shared_u,9.526001859044776,14.06843018925596,changed
SLV,WWT,Admin,2010,s_treat_wtp_n,NA,4.500228728270814,added
SLV,EHPM,Survey,2011,s_imp_r,88.5583547595038,88.55835262210798,changed
SLV,EHPM,Survey,2011,s_imp_u,98.85304983533115,98.85304612903224,changed
SLV,EHPM,Survey,2011,s_lat_r,74.8983297267659,74.89833262210797,changed
SLV,EHPM,Survey,2011,s_od_r,9.435207894717802,9.43521,changed
SLV,EHPM,Survey,2011,s_od_u,0.6165863754704224,0.61659,changed
SLV,EHPM,Survey,2011,s_sep_u,13.25405840018389,13.25406,changed
SLV,EHPM,Survey,2011,s_sew_r,0.6290741504424139,0.62907,changed
SLV,EHPM,Survey,2011,s_sew_u,58.762095374207625,58.76208999999999,changed
SLV,EHPM,Survey,2011,s_shared_r,14.192041819859295,25.176958561004948,changed
SLV,EHPM,Survey,2011,s_shared_u,8.66384478671888,13.74078268859183,changed
SLV,WWT,Admin,2011,s_treat_wtp_n,NA,4.503933442752843,added
SLV,EHPM,Survey,2012,s_imp_r,88.78917984343681,88.79582606683806,changed
SLV,EHPM,Survey,2012,s_lat_r,74.2337926428853,73.29810606683806,changed
SLV,EHPM,Survey,2012,s_lat_u,30.00503480421858,25.52806161290323,changed
SLV,EHPM,Survey,2012,s_od_r,9.237303958177744,9.2373,changed
SLV,EHPM,Survey,2012,s_sep_r,13.721311828574711,14.60081,changed
SLV,EHPM,Survey,2012,s_sep_u,12.380751427061606,13.39627,changed
SLV,EHPM,Survey,2012,s_sew_r,0.8340753719767909,0.8969100000000001,changed
SLV,EHPM,Survey,2012,s_sew_u,56.55206604162893,60.01352,changed
SLV,EHPM,Survey,2012,s_shared_r,12.954841721509771,23.904839161071312,changed
SLV,EHPM,Survey,2012,s_shared_u,8.283120935987876,13.255115740783246,changed
SLV,EHPM,Survey,2013,s_imp_r,90.37555891955591,90.37983994858612,changed
SLV,EHPM,Survey,2013,s_imp_u,98.92196552877716,98.92197849462369,changed
SLV,EHPM,Survey,2013,s_lat_r,74.67112663670079,73.60962994858613,changed
SLV,EHPM,Survey,2013,s_lat_u,31.233458669955198,26.164838494623663,changed
SLV,EHPM,Survey,2013,s_od_r,7.6645410522134085,7.66026,changed
SLV,EHPM,Survey,2013,s_od_u,0.5648930200965765,0.56489,changed
SLV,EHPM,Survey,2013,s_sep_r,14.723932683548291,15.72943,changed
SLV,EHPM,Survey,2013,s_sep_u,12.111745640328987,13.16817,changed
SLV,EHPM,Survey,2013,s_sew_r,0.9804995993068351,1.04078,changed
SLV,EHPM,Survey,2013,s_sew_u,55.576761218492976,59.58897,changed
SLV,EHPM,Survey,2013,s_shared_r,14.37202815877514,25.002262392304015,changed
SLV,EHPM,Survey,2013,s_shared_u,9.497358106709658,14.203671827812284,changed
SLV,EHPM,Survey,2014,s_imp_r,91.59899821784168,91.59899562982004,changed
SLV,EHPM,Survey,2014,s_imp_u,99.06497275579494,99.06496623655914,changed
SLV,EHPM,Survey,2014,s_lat_r,74.60469318427913,74.60469562982006,changed
SLV,EHPM,Survey,2014,s_lat_u,25.405574769697253,25.40556623655914,changed
SLV,EHPM,Survey,2014,s_od_r,6.360637442352825,6.36064,changed
SLV,EHPM,Survey,2014,s_od_u,0.4276734081319955,0.42767,changed
SLV,EHPM,Survey,2014,s_sew_r,0.9884951830759383,0.98849,changed
SLV,EHPM,Survey,2014,s_sew_u,59.16774880590241,59.16775,changed
SLV,EHPM,Survey,2014,s_shared_r,14.693124853899894,26.35465979020748,changed
SLV,EHPM,Survey,2014,s_shared_u,8.368525849993137,13.203474666007631,changed
SLV,EHPM,Survey,2015,s_imp_r,91.80945325830885,91.24330619537275,changed
SLV,EHPM,Survey,2015,s_imp_u,99.0980189221572,99.14286623655914,changed
SLV,EHPM,Survey,2015,s_lat_r,73.70253716844657,73.68720619537275,changed
SLV,EHPM,Survey,2015,s_lat_u,24.328045401359248,25.10781623655913,changed
SLV,EHPM,Survey,2015,s_od_r,6.174495577612308,6.73814,changed
SLV,EHPM,Survey,2015,s_od_u,0.42663389214250214,0.36497,changed
SLV,EHPM,Survey,2015,s_sep_r,17.05237728172159,16.61193,changed
SLV,EHPM,Survey,2015,s_sep_u,15.536819688023964,16.0315,changed
SLV,EHPM,Survey,2015,s_sew_r,1.05453880814069,0.94417,changed
SLV,EHPM,Survey,2015,s_sew_u,59.233153832773986,58.00355,changed
SLV,EHPM,Survey,2015,s_shared_r,14.07117587798421,20.40698492241193,changed
SLV,EHPM,Survey,2015,s_shared_u,8.495070934577859,11.746453100472127,changed
SLV,EHPM,Survey,2016,s_imp_r,92.60200862067937,92.6020002570694,changed
SLV,EHPM,Survey,2016,s_imp_u,99.05559370175705,99.05561569892474,changed
SLV,EHPM,Survey,2016,s_lat_r,72.77451156492924,72.77451025706941,changed
SLV,EHPM,Survey,2016,s_lat_u,22.807468671515608,22.807475698924748,changed
SLV,EHPM,Survey,2016,s_od_r,5.4181915282779185,5.41819,changed
SLV,EHPM,Survey,2016,s_od_u,0.5021619885896268,0.50216,changed
SLV,EHPM,Survey,2016,s_sep_r,18.746884034370936,18.746879999999997,changed
SLV,EHPM,Survey,2016,s_sep_u,16.774744102367848,16.77475,changed
SLV,EHPM,Survey,2016,s_sew_r,1.0806130213791902,1.08061,changed
SLV,EHPM,Survey,2016,s_sew_u,59.47338092787359,59.473389999999995,changed
SLV,EHPM,Survey,2016,s_shared_r,13.256973510265155,23.528956400341283,changed
SLV,EHPM,Survey,2016,s_shared_u,7.150885282668683,11.838237358791584,changed
SLV,EHPM,Survey,2017,s_imp_r,92.94249519548626,92.94243920308485,changed
SLV,EHPM,Survey,2017,s_imp_u,99.20855047669978,99.20854666666666,changed
SLV,EHPM,Survey,2017,s_lat_r,71.31308911770233,71.31272920308483,changed
SLV,EHPM,Survey,2017,s_od_r,5.1158841130182084,5.11596,changed
SLV,EHPM,Survey,2017,s_od_u,0.31785610684902765,0.31786,changed
SLV,EHPM,Survey,2017,s_sep_r,20.431836502850125,20.43213,changed
SLV,EHPM,Survey,2017,s_sep_u,18.084028634382594,18.08403,changed
SLV,EHPM,Survey,2017,s_sew_r,1.1975695749338031,1.19758,changed
SLV,EHPM,Survey,2017,s_sew_u,56.94244467937091,56.942440000000005,changed
SLV,EHPM,Survey,2017,s_shared_r,13.205295332654751,21.623962804884975,changed
SLV,EHPM,Survey,2017,s_shared_u,7.276011566844325,11.428479877307357,changed
SLV,EHPM,Survey,2018,s_imp_r,NA,94.02145665809768,added
SLV,EHPM,Survey,2018,s_imp_u,NA,99.36726688172044,added
SLV,EHPM,Survey,2018,s_lat_r,NA,71.04310665809768,added
SLV,EHPM,Survey,2018,s_lat_u,NA,22.16963688172042,added
SLV,EHPM,Survey,2018,s_od_r,NA,4.05415,added
SLV,EHPM,Survey,2018,s_od_u,NA,0.19956,added
SLV,EHPM,Survey,2018,s_sep_r,NA,21.58191,added
SLV,EHPM,Survey,2018,s_sep_u,NA,18.66247,added
SLV,EHPM,Survey,2018,s_sew_r,NA,1.39644,added
SLV,EHPM,Survey,2018,s_sew_u,NA,58.535160000000005,added
SLV,EHPM,Survey,2018,s_shared_r,NA,18.503530031286022,added
SLV,EHPM,Survey,2018,s_shared_u,NA,8.829745923302866,added
SLV,EHPM,Survey,2019,s_imp_r,NA,94.54393668380462,added
SLV,EHPM,Survey,2019,s_imp_u,NA,99.26189268817204,added
SLV,EHPM,Survey,2019,s_lat_r,NA,68.92841668380461,added
SLV,EHPM,Survey,2019,s_lat_u,NA,20.574122688172025,added
SLV,EHPM,Survey,2019,s_od_r,NA,3.61423,added
SLV,EHPM,Survey,2019,s_od_u,NA,0.33335,added
SLV,EHPM,Survey,2019,s_sep_r,NA,24.45581,added
SLV,EHPM,Survey,2019,s_sep_u,NA,20.215359999999997,added
SLV,EHPM,Survey,2019,s_sew_r,NA,1.15971,added
SLV,EHPM,Survey,2019,s_sew_u,NA,58.472410000000004,added
SLV,EHPM,Survey,2019,s_shared_r,NA,19.255811892540976,added
SLV,EHPM,Survey,2019,s_shared_u,NA,9.993682777002862,added
SOM,KAP,Other,2015,s_lat_ebo_r,NA,5.629627799999998,added
SOM,KAP,Other,2015,s_lat_ebo_u,NA,8.065088781064997,added
SOM,KAP,Other,2015,s_lat_edl_r,NA,8.592589799999995,added
SOM,KAP,Other,2015,s_lat_edl_u,NA,13.556211443786998,added
SOM,KAP,Other,2015,s_lat_ero_r,NA,0.5925923999999998,added
SOM,KAP,Other,2015,s_lat_ero_u,NA,0.6863897751479997,added
SOM,KAP,Other,2015,s_lat_nemp_r,NA,85.18519,added
SOM,KAP,Other,2015,s_lat_nemp_u,NA,77.69231,added
SOM,KAP,Other,2015,s_sep_ebo_r,NA,5.629627799999998,added
SOM,KAP,Other,2015,s_sep_ebo_u,NA,8.065088781064997,added
SOM,KAP,Other,2015,s_sep_edl_r,NA,8.592589799999995,added
SOM,KAP,Other,2015,s_sep_edl_u,NA,13.556211443786998,added
SOM,KAP,Other,2015,s_sep_ero_r,NA,0.5925923999999998,added
SOM,KAP,Other,2015,s_sep_ero_u,NA,0.6863897751479997,added
SOM,KAP,Other,2015,s_sep_nemp_r,NA,85.18519,added
SOM,KAP,Other,2015,s_sep_nemp_u,NA,77.69231,added
SOM,SHDS,Survey,2019,s_imp_r,NA,36.29129075974224,added
SOM,SHDS,Survey,2019,s_imp_u,NA,74.3,added
SOM,MNS,Survey,2019,s_imp_u,NA,80.52479,added
SOM,SHDS,Survey,2019,s_lat_r,NA,31.38972259866693,added
SOM,SHDS,Survey,2019,s_lat_u,NA,60.5,added
SOM,MNS,Survey,2019,s_lat_u,NA,69.50438,added
SOM,SHDS,Survey,2019,s_od_r,NA,43.95389274552645,added
SOM,SHDS,Survey,2019,s_od_u,NA,3.1,added
SOM,MNS,Survey,2019,s_od_u,NA,1.69096,added
SOM,SHDS,Survey,2019,s_sep_r,NA,2.240716873634428,added
SOM,SHDS,Survey,2019,s_sep_u,NA,5.7,added
SOM,MNS,Survey,2019,s_sep_u,NA,5.65598,added
SOM,SHDS,Survey,2019,s_sew_r,NA,2.6608512874408827,added
SOM,SHDS,Survey,2019,s_sew_u,NA,8.1,added
SOM,MNS,Survey,2019,s_sew_u,NA,5.36443,added
SOM,SHDS,Survey,2019,s_shared_r,NA,32.76239854861482,added
SOM,SHDS,Survey,2019,s_shared_u,NA,32.113821138211385,added
SOM,MNS,Survey,2019,s_shared_u,NA,34.39537,added
SPM,CEN,Census,2006,s_imp_n,NA,99.92054032578469,added
SPM,CEN,Census,2007,s_imp_n,NA,99.92019154030328,added
SPM,CEN,Census,2008,s_imp_n,NA,99.91983967935872,added
SPM,CEN,Census,2009,s_imp_n,NA,99.98085024894677,added
SPM,CEN,Census,2010,s_imp_n,NA,99.9808429118774,added
SPM,CEN,Census,2012,s_imp_n,NA,99.98073859353916,added
SPM,CEN,Census,2013,s_imp_n,NA,99.98066889231735,added
SPM,CEN,Census,2014,s_imp_n,NA,99.94294953760152,added
SPM,CEN,Census,2015,s_imp_n,NA,99.94284361194651,added
SPM,CEN,Census,2016,s_imp_n,NA,99.94274809160304,added
SPM,CEN,Census,2017,s_imp_n,NA,99.94270582056416,added
SRB,WW,Admin,2007,s_treat_wtp_u,22.939068100358426,12.97517730496454,changed
SRB,WW,Admin,2008,s_treat_wtp_u,19.599999999999998,12.618564849817856,changed
SRB,WW,Admin,2009,s_treat_wtp_u,22.2,14.9996020622021,changed
SRB,WW,Admin,2010,s_treat_wtp_u,14.619883040935672,12.951105051402694,changed
SRB,WW,Admin,2011,s_treat_wtp_u,13.216374269005845,11.92586720117272,changed
SRB,WW,Admin,2012,s_treat_wtp_u,14.928909952606634,12.6,changed
SRB,EUSILC,Admin,2013,s_imp_r,95.10000000000001,NA,removed
SRB,EU SILC,Admin,2013,s_imp_r,NA,95.1,added
SRB,EUSILC,Admin,2013,s_imp_u,99.2,NA,removed
SRB,EU SILC,Admin,2013,s_imp_u,NA,99.2,added
SRB,EUSILC,Admin,2013,s_lat_n,2.4000000000000057,NA,removed
SRB,EU SILC,Admin,2013,s_lat_n,NA,2.4000000000000057,added
SRB,EUSILC,Admin,2013,s_lat_r,4.900000000000006,NA,removed
SRB,EU SILC,Admin,2013,s_lat_r,NA,4.900000000000006,added
SRB,EUSILC,Admin,2013,s_lat_u,0.7999999999999972,NA,removed
SRB,EU SILC,Admin,2013,s_lat_u,NA,0.7999999999999972,added
SRB,WW,Admin,2013,s_treat_wtp_u,15.726290516206484,13.1,changed
SRB,EUSILC,Admin,2014,s_imp_r,95.45,NA,removed
SRB,EU SILC,Admin,2014,s_imp_r,NA,95.45,added
SRB,EUSILC,Admin,2014,s_imp_u,99.5,NA,removed
SRB,EU SILC,Admin,2014,s_imp_u,NA,99.5,added
SRB,EUSILC,Admin,2014,s_lat_r,4.549999999999997,NA,removed
SRB,EU SILC,Admin,2014,s_lat_r,NA,4.549999999999997,added
SRB,EUSILC,Admin,2014,s_lat_u,0.5,NA,removed
SRB,EU SILC,Admin,2014,s_lat_u,NA,0.5,added
SRB,WW,Admin,2014,s_treat_wtp_u,22.20888355342137,13.566939553206106,changed
SRB,EUSILC,Admin,2015,s_imp_r,95.64999999999999,NA,removed
SRB,EU SILC,Admin,2015,s_imp_r,NA,95.65,added
SRB,EUSILC,Admin,2015,s_imp_u,99.45,NA,removed
SRB,EU SILC,Admin,2015,s_imp_u,NA,99.45,added
SRB,EUSILC,Admin,2015,s_lat_n,2.0999999999999943,NA,removed
SRB,EU SILC,Admin,2015,s_lat_n,NA,2.0999999999999943,added
SRB,EUSILC,Admin,2015,s_lat_r,4.349999999999994,NA,removed
SRB,EU SILC,Admin,2015,s_lat_r,NA,4.349999999999994,added
SRB,EUSILC,Admin,2015,s_lat_u,0.5499999999999972,NA,removed
SRB,EU SILC,Admin,2015,s_lat_u,NA,0.5499999999999972,added
SRB,WW,Admin,2015,s_sew_r,19.5,NA,removed
SRB,WW,Admin,2015,s_sew_u,83.3,NA,removed
SRB,WW,Admin,2015,s_treat_wtp_u,22.56902761104442,13.66743136339336,changed
SRB,WW,Admin,2016,s_sew_r,19.5,NA,removed
SRB,WW,Admin,2016,s_sew_u,83.3,NA,removed
SRB,WW,Admin,2016,s_treat_wtp_u,24.24969987995198,15.006567425569177,changed
SRB,WW,Admin,2017,s_treat_wtp_u,NA,14.965986394557822,added
SRB,WW,Admin,2018,s_treat_wtp_u,NA,15.017064846416382,added
SRB,MICS,Survey,2019,s_imp_r,NA,97.21565,added
SRB,MICS,Survey,2019,s_imp_u,NA,99.63663,added
SRB,MICS,Survey,2019,s_lat_ebo_r,NA,21.68911,added
SRB,MICS,Survey,2019,s_lat_ebo_u,NA,32.37406,added
SRB,MICS,Survey,2019,s_lat_edl_r,NA,37.02362,added
SRB,MICS,Survey,2019,s_lat_edl_u,NA,21.8557,added
SRB,MICS,Survey,2019,s_lat_ero_r,NA,10.96928,added
SRB,MICS,Survey,2019,s_lat_ero_u,NA,10.06418,added
SRB,MICS,Survey,2019,s_lat_n,NA,3.0651399999999995,added
SRB,MICS,Survey,2019,s_lat_nemp_r,NA,30.318,added
SRB,MICS,Survey,2019,s_lat_nemp_u,NA,35.70607,added
SRB,MICS,Survey,2019,s_lat_r,NA,6.591290000000001,added
SRB,MICS,Survey,2019,s_lat_u,NA,0.552109999999999,added
SRB,MICS,Survey,2019,s_od_r,NA,0.02548,added
SRB,MICS,Survey,2019,s_od_u,NA,0.09228,added
SRB,MICS,Survey,2019,s_sep_ebo_r,NA,19.82245,added
SRB,MICS,Survey,2019,s_sep_ebo_u,NA,10.52336,added
SRB,MICS,Survey,2019,s_sep_edl_r,NA,19.10768,added
SRB,MICS,Survey,2019,s_sep_edl_u,NA,5.0543,added
SRB,MICS,Survey,2019,s_sep_ero_r,NA,36.17657,added
SRB,MICS,Survey,2019,s_sep_ero_u,NA,49.75755,added
SRB,MICS,Survey,2019,s_sep_n,NA,37.32582,added
SRB,MICS,Survey,2019,s_sep_nemp_r,NA,24.8933,added
SRB,MICS,Survey,2019,s_sep_nemp_u,NA,34.664790000000004,added
SRB,MICS,Survey,2019,s_sep_r,NA,72.46125,added
SRB,MICS,Survey,2019,s_sep_u,NA,12.28519,added
SRB,MICS,Survey,2019,s_sew_r,NA,18.16311,added
SRB,MICS,Survey,2019,s_sew_u,NA,86.79933,added
SRB,MICS,Survey,2019,s_shared_r,NA,0,added
SRB,MICS,Survey,2019,s_shared_u,NA,0,added
SRB,WW,Admin,2019,s_treat_wtp_u,NA,13.8,added
SSD,CEN,Census,2008,s_lat_r,6.2231945348080675,NA,removed
SSD,CEN,Census,2008,s_lat_u,18.1499746568538,NA,removed
SSD,CEN,Census,2008,s_sew_r,9.433962264150945e-4,NA,removed
SSD,CEN,Census,2008,s_sew_u,0.008130081300813007,NA,removed
SSD,NBHS,Survey,2009,s_lat_u,30.282342923179854,NA,removed
SSD,NBHS,Survey,2009,s_sew_r,0,NA,removed
SSD,NBHS,Survey,2009,s_sew_u,0.02439024390243902,NA,removed
SSD,MIS,Survey,2013,s_lat_r,10.811190631099546,NA,removed
SSD,MIS,Survey,2013,s_lat_u,38.71419013442005,NA,removed
SSD,MIS,Survey,2013,s_sew_r,0.01320754716981132,NA,removed
SSD,MIS,Survey,2013,s_sew_u,0.06829268292682926,NA,removed
SSD,HFS,Survey,2017,s_imp_r,7.8494260139860135,12.154784444444443,changed
SSD,MIS,Survey,2017,s_imp_r,NA,14.9,added
SSD,HFS,Survey,2017,s_imp_u,52.103717714396986,56.089399584055464,changed
SSD,MIS,Survey,2017,s_imp_u,NA,48.3,added
SSD,MIS,Survey,2017,s_lat_r,NA,14.599999999999998,added
SSD,HFSU,Survey,2017,s_lat_u,32.496449999999996,53.388839999999995,changed
SSD,MIS,Survey,2017,s_lat_u,NA,44.00000000000001,added
SSD,MIS,Survey,2017,s_od_r,NA,73.6,added
SSD,MIS,Survey,2017,s_od_u,NA,28.7,added
SSD,MIS,Survey,2017,s_sep_r,NA,0,added
SSD,HFSU,Survey,2017,s_sep_u,20.89239,0.41498,changed
SSD,MIS,Survey,2017,s_sep_u,NA,2.4,added
SSD,MIS,Survey,2017,s_sew_r,NA,0.30000000000000004,added
SSD,HFSU,Survey,2017,s_sew_u,0.41498,NA,removed
SSD,MIS,Survey,2017,s_sew_u,NA,1.9,added
SSD,MIS,Survey,2017,s_shared_r,NA,39.86486486486486,added
SSD,MIS,Survey,2017,s_shared_u,NA,36.41975308641975,added
STP,MICS,Survey,2000,s_lat_r,15.26420118343195,NA,removed
STP,CVF,Survey,2000,s_lat_r,13.847928994082839,NA,removed
STP,MICS,Survey,2000,s_lat_u,25.69237288135593,NA,removed
STP,CVF,Survey,2000,s_lat_u,24.172457627118643,NA,removed
STP,MICS,Survey,2000,s_sew_r,4.5857988165680474,NA,removed
STP,CVF,Survey,2000,s_sew_r,3.8520710059171597,NA,removed
STP,MICS,Survey,2000,s_sew_u,6.257627118644069,NA,removed
STP,CVF,Survey,2000,s_sew_u,6.227542372881357,NA,removed
STP,DHS,Survey,2009,s_shared_r,NA,20.29529,added
STP,DHS,Survey,2009,s_shared_u,NA,13.45412,added
STP,CEN,Census,2012,s_lat_r,19.31600302113319,NA,removed
STP,CEN,Census,2012,s_lat_u,26.134484504145803,NA,removed
STP,CEN,Census,2012,s_sew_r,6.583996978866807,NA,removed
STP,CEN,Census,2012,s_sew_u,16.015515495854196,NA,removed
STP,MICS,Survey,2014,s_imp_r,37.49924,37.15096139300413,changed
STP,MICS,Survey,2014,s_imp_u,57.00483,56.16192061532486,changed
STP,MICS,Survey,2014,s_lat_r,25.11763,NA,removed
STP,MICS,Survey,2014,s_lat_u,31.17774,NA,removed
STP,MICS,Survey,2014,s_sep_r,2.81042,NA,removed
STP,MICS,Survey,2014,s_sep_u,4.41405,NA,removed
STP,MICS,Survey,2014,s_sew_r,9.57119,NA,removed
STP,MICS,Survey,2014,s_sew_u,21.41304,NA,removed
STP,MICS,Survey,2019,s_imp_r,NA,45.06125,added
STP,MICS,Survey,2019,s_imp_u,NA,52.63109,added
STP,MICS,Survey,2019,s_lat_ebo_r,NA,4.10947,added
STP,MICS,Survey,2019,s_lat_ebo_u,NA,4.70115,added
STP,MICS,Survey,2019,s_lat_edl_r,NA,2.59252,added
STP,MICS,Survey,2019,s_lat_edl_u,NA,6.41171,added
STP,MICS,Survey,2019,s_lat_ero_r,NA,0.11676,added
STP,MICS,Survey,2019,s_lat_ero_u,NA,1.46747,added
STP,MICS,Survey,2019,s_lat_nemp_r,NA,93.18125,added
STP,MICS,Survey,2019,s_lat_nemp_u,NA,87.41966,added
STP,MICS,Survey,2019,s_lat_r,NA,27.33876,added
STP,MICS,Survey,2019,s_lat_u,NA,26.03655,added
STP,MICS,Survey,2019,s_od_r,NA,51.10941,added
STP,MICS,Survey,2019,s_od_u,NA,42.6739,added
STP,MICS,Survey,2019,s_sep_ebo_r,NA,7.92561,added
STP,MICS,Survey,2019,s_sep_ebo_u,NA,3.31963,added
STP,MICS,Survey,2019,s_sep_edl_r,NA,2.25373,added
STP,MICS,Survey,2019,s_sep_edl_u,NA,6.00764,added
STP,MICS,Survey,2019,s_sep_ero_r,NA,0.9849,added
STP,MICS,Survey,2019,s_sep_ero_u,NA,8.62263,added
STP,MICS,Survey,2019,s_sep_nemp_r,NA,88.83576,added
STP,MICS,Survey,2019,s_sep_nemp_u,NA,82.0501,added
STP,MICS,Survey,2019,s_sep_r,NA,4.92145,added
STP,MICS,Survey,2019,s_sep_u,NA,8.24032,added
STP,MICS,Survey,2019,s_sew_r,NA,12.80104,added
STP,MICS,Survey,2019,s_sew_u,NA,18.35422,added
STP,MICS,Survey,2019,s_shared_r,NA,11.37586,added
STP,MICS,Survey,2019,s_shared_u,NA,10.69681,added
SUR,NWHS,Survey,2018,s_imp_r,NA,95.03112,added
SUR,MICS,Survey,2018,s_imp_r,NA,82.91244,added
SUR,NWHS,Survey,2018,s_imp_u,NA,98.23456,added
SUR,MICS,Survey,2018,s_imp_u,NA,98.72518,added
SUR,MICS,Survey,2018,s_lat_ebo_r,NA,5.01156,added
SUR,MICS,Survey,2018,s_lat_ebo_u,NA,9.5577,added
SUR,MICS,Survey,2018,s_lat_edl_r,NA,4.6676,added
SUR,MICS,Survey,2018,s_lat_edl_u,NA,2.70337,added
SUR,MICS,Survey,2018,s_lat_ero_r,NA,4.39028,added
SUR,MICS,Survey,2018,s_lat_ero_u,NA,21.85292,added
SUR,MICS,Survey,2018,s_lat_nemp_r,NA,85.93056,added
SUR,MICS,Survey,2018,s_lat_nemp_u,NA,65.886,added
SUR,NWHS,Survey,2018,s_lat_r,NA,8.539230000000003,added
SUR,MICS,Survey,2018,s_lat_r,NA,21.865160000000003,added
SUR,NWHS,Survey,2018,s_lat_u,NA,1.9818599999999975,added
SUR,MICS,Survey,2018,s_lat_u,NA,4.290359999999993,added
SUR,NWHS,Survey,2018,s_od_r,NA,2.11155,added
SUR,MICS,Survey,2018,s_od_r,NA,7.54611,added
SUR,NWHS,Survey,2018,s_od_u,NA,0,added
SUR,MICS,Survey,2018,s_od_u,NA,0.12236,added
SUR,MICS,Survey,2018,s_sep_ebo_r,NA,1.34497,added
SUR,MICS,Survey,2018,s_sep_ebo_u,NA,1.16127,added
SUR,MICS,Survey,2018,s_sep_edl_r,NA,5.46802,added
SUR,MICS,Survey,2018,s_sep_edl_u,NA,9.63178,added
SUR,MICS,Survey,2018,s_sep_ero_r,NA,22.66388,added
SUR,MICS,Survey,2018,s_sep_ero_u,NA,47.82151,added
SUR,MICS,Survey,2018,s_sep_nemp_r,NA,70.52313,added
SUR,MICS,Survey,2018,s_sep_nemp_u,NA,41.38544,added
SUR,NWHS,Survey,2018,s_sep_r,NA,86.49189,added
SUR,MICS,Survey,2018,s_sep_r,NA,59.28168,added
SUR,NWHS,Survey,2018,s_sep_u,NA,96.2527,added
SUR,MICS,Survey,2018,s_sep_u,NA,91.91255,added
SUR,MICS,Survey,2018,s_sew_r,NA,1.7656,added
SUR,MICS,Survey,2018,s_sew_u,NA,2.52227,added
SUR,MICS,Survey,2018,s_shared_r,NA,10.03664,added
SUR,MICS,Survey,2018,s_shared_u,NA,5.15657,added
SVK,WHS,Survey,2003,s_shared_r,NA,0.2815073058190207,added
SVK,WHS,Survey,2003,s_shared_u,NA,0.11156727176792512,added
SVK,EUSILC,Admin,2013,s_imp_r,100,NA,removed
SVK,EU SILC,Admin,2013,s_imp_r,NA,100,added
SVK,EUSILC,Admin,2013,s_imp_u,99.94621212121211,NA,removed
SVK,EU SILC,Admin,2013,s_imp_u,NA,99.94621212121211,added
SVK,EUSILC,Admin,2014,s_imp_r,100,NA,removed
SVK,EU SILC,Admin,2014,s_imp_r,NA,100,added
SVK,EUSILC,Admin,2014,s_imp_u,99.97310606060607,NA,removed
SVK,EU SILC,Admin,2014,s_imp_u,NA,99.97310606060609,added
SVK,EUSILC,Admin,2015,s_imp_r,100,NA,removed
SVK,EU SILC,Admin,2015,s_imp_r,NA,100,added
SVK,EUSILC,Admin,2015,s_imp_u,99.94621212121211,NA,removed
SVK,EU SILC,Admin,2015,s_imp_u,NA,99.94621212121211,added
SVK,ES,Admin,2016,s_treat_wtp_n,NA,96.65653495440728,added
SVK,ES,Admin,2017,s_treat_wtp_n,NA,96.72619047619048,added
SVN,ES,Admin,2000,s_imp_r,100,NA,removed
SVN,ES,Admin,2000,s_imp_u,100,NA,removed
SVN,ES,Admin,2000,s_lat_n,NA,8.049999999999997,added
SVN,ES,Admin,2000,s_sep_n,47,35.2,changed
SVN,ES,Admin,2000,s_sew_n,53,48.7,changed
SVN,ES,Admin,2000,s_treat_wtp_n,NA,19.64856230031949,added
SVN,ES,Admin,2001,s_imp_r,100,NA,removed
SVN,ES,Admin,2001,s_imp_u,100,NA,removed
SVN,ES,Admin,2001,s_lat_n,NA,7.549999999999997,added
SVN,ES,Admin,2001,s_sep_n,47,35.2,changed
SVN,ES,Admin,2001,s_sew_n,53,49.7,changed
SVN,ES,Admin,2001,s_treat_wtp_n,NA,24.76038338658147,added
SVN,ES,Admin,2002,s_imp_r,100,NA,removed
SVN,ES,Admin,2002,s_imp_u,100,NA,removed
SVN,ES,Admin,2002,s_lat_n,NA,7.849999999999994,added
SVN,ES,Admin,2002,s_sep_n,37,35.2,changed
SVN,ES,Admin,2002,s_sew_n,63,49.1,changed
SVN,ES,Admin,2002,s_treat_wtp_n,NA,29.346092503987236,added
SVN,ES,Admin,2003,s_imp_r,100,NA,removed
SVN,ES,Admin,2003,s_imp_u,100,NA,removed
SVN,ES,Admin,2003,s_lat_n,NA,7.850000000000008,added
SVN,ES,Admin,2003,s_sep_n,37,35.2,changed
SVN,ES,Admin,2003,s_sew_n,63,49.099999999999994,changed
SVN,ES,Admin,2003,s_treat_wtp_n,NA,31.789137380191697,added
SVN,ES,Admin,2004,s_imp_r,100,NA,removed
SVN,ES,Admin,2004,s_imp_u,100,NA,removed
SVN,ES,Admin,2004,s_lat_n,NA,7.950000000000003,added
SVN,ES,Admin,2004,s_sep_n,37,35.2,changed
SVN,ES,Admin,2004,s_sew_n,63,48.900000000000006,changed
SVN,ES,Admin,2004,s_treat_wtp_n,NA,46.879999999999995,added
SVN,ES,Admin,2005,s_imp_r,100,NA,removed
SVN,ES,Admin,2005,s_imp_u,100,NA,removed
SVN,ES,Admin,2005,s_lat_n,NA,7.500000000000014,added
SVN,ES,Admin,2005,s_sep_n,37,35.2,changed
SVN,ES,Admin,2005,s_sew_n,63,49.8,changed
SVN,ES,Admin,2005,s_treat_wtp_n,NA,51.27795527156549,added
SVN,ES,Admin,2006,s_imp_n,NA,98.9,added
SVN,ES,Admin,2006,s_lat_n,NA,1.09999999999998,added
SVN,ES,Admin,2006,s_sew_n,51.3,62.60000000000001,changed
SVN,ES,Admin,2006,s_treat_wtp_n,92.78752436647174,76.03833865814696,changed
SVN,ES,Admin,2007,s_imp_n,NA,98.9,added
SVN,ES,Admin,2007,s_lat_n,NA,1.09999999999998,added
SVN,ES,Admin,2007,s_sew_n,52.5,62.6,changed
SVN,ES,Admin,2007,s_treat_wtp_n,92.95238095238093,77.9552715654952,changed
SVN,ES,Admin,2008,s_imp_n,NA,98.85,added
SVN,ES,Admin,2008,s_lat_n,NA,1.1500000000000057,added
SVN,ES,Admin,2008,s_sew_n,52.4,62.49999999999999,changed
SVN,ES,Admin,2008,s_treat_wtp_n,97.51908396946564,81.76,changed
SVN,ES,Admin,2009,s_imp_n,NA,98.9,added
SVN,ES,Admin,2009,s_lat_n,NA,1.0999999999999943,added
SVN,ES,Admin,2009,s_sep_con_n,NA,0,added
SVN,ES,Admin,2009,s_sew_n,53.4,62.60000000000001,changed
SVN,ES,Admin,2009,s_treat_wtp_n,99.06367041198503,84.50479233226837,changed
SVN,ES,Admin,2010,s_imp_n,NA,98.9,added
SVN,ES,Admin,2010,s_lat_n,NA,1.0999999999999943,added
SVN,ES,Admin,2010,s_sep_con_n,NA,0.8522727272727272,added
SVN,ES,Admin,2010,s_sep_ero_n,49.6,NA,removed
SVN,ES,Admin,2010,s_sep_nemp_n,50.4,NA,removed
SVN,ES,Admin,2010,s_sew_n,53,62.6,changed
SVN,ES,Admin,2010,s_treat_wtp_n,99.05660377358491,81.94888178913737,changed
SVN,ES,Admin,2011,s_imp_n,NA,98.9,added
SVN,ES,Admin,2011,s_lat_n,NA,1.0999999999999943,added
SVN,ES,Admin,2011,s_sep_con_n,NA,1.1363636363636365,added
SVN,ES,Admin,2011,s_sep_ero_n,49.4,NA,removed
SVN,ES,Admin,2011,s_sep_nemp_n,50.6,NA,removed
SVN,ES,Admin,2011,s_sew_n,54.5,62.599999999999994,changed
SVN,ES,Admin,2011,s_treat_wtp_n,99.08256880733946,86.26198083067094,changed
SVN,ES,Admin,2012,s_imp_n,NA,98.9,added
SVN,EU SILC,Admin,2012,s_imp_r,100,NA,removed
SVN,EU SILC,Admin,2012,s_imp_u,100,NA,removed
SVN,ES,Admin,2012,s_lat_n,NA,1.1000000000000083,added
SVN,ES,Admin,2012,s_sep_con_n,NA,1.4204545454545454,added
SVN,ES,Admin,2012,s_sep_ero_n,49.3,NA,removed
SVN,ES,Admin,2012,s_sep_nemp_n,50.7,NA,removed
SVN,ES,Admin,2012,s_sew_n,54.7,62.599999999999994,changed
SVN,EU SILC,Admin,2012,s_shared_n,NA,0.8883248730964468,added
SVN,EU SILC,Admin,2012,s_shared_r,0.9174311926605503,NA,removed
SVN,EU SILC,Admin,2012,s_shared_u,0.8676789587852495,NA,removed
SVN,ES,Admin,2012,s_treat_wtp_n,99.08592321755027,84.98402555910543,changed
SVN,ES,Admin,2013,s_imp_n,NA,98.9,added
SVN,EUSILC,Admin,2013,s_imp_r,100,NA,removed
SVN,EUSILC,Admin,2013,s_imp_u,100,NA,removed
SVN,ES,Admin,2013,s_lat_n,NA,1.0999999999999943,added
SVN,ES,Admin,2013,s_sep_con_n,NA,1.7045454545454544,added
SVN,ES,Admin,2013,s_sep_ero_n,40,NA,removed
SVN,ES,Admin,2013,s_sep_nemp_n,60,NA,removed
SVN,ES,Admin,2013,s_sew_n,55.4,62.6,changed
SVN,ES,Admin,2013,s_treat_wtp_n,99.09747292418774,87.22044728434504,changed
SVN,ES,Admin,2014,s_imp_n,NA,98.9,added
SVN,EUSILC,Admin,2014,s_imp_r,100,NA,removed
SVN,EUSILC,Admin,2014,s_imp_u,100,NA,removed
SVN,ES,Admin,2014,s_lat_n,NA,1.0999999999999943,added
SVN,ES,Admin,2014,s_sep_con_n,NA,1.988636363636363,added
SVN,ES,Admin,2014,s_sep_ero_n,48.9,NA,removed
SVN,ES,Admin,2014,s_sep_n,36.548223350253814,35.2,changed
SVN,ES,Admin,2014,s_sep_nemp_n,51.1,NA,removed
SVN,ES,Admin,2014,s_sew_n,57.25888324873097,62.599999999999994,changed
SVN,ES,Admin,2014,s_treat_wtp_n,97.8014184397163,87.69968051118211,changed
SVN,ES,Admin,2015,s_imp_n,NA,98.9,added
SVN,EUSILC,Admin,2015,s_imp_r,100,NA,removed
SVN,EUSILC,Admin,2015,s_imp_u,100,NA,removed
SVN,ES,Admin,2015,s_lat_n,NA,1.09999999999998,added
SVN,ES,Admin,2015,s_sep_con_n,NA,2.5568181818181817,added
SVN,ES,Admin,2015,s_sep_ero_n,48.6,NA,removed
SVN,ES,Admin,2015,s_sep_n,36.63967611336032,35.2,changed
SVN,ES,Admin,2015,s_sep_nemp_n,51.4,NA,removed
SVN,ES,Admin,2015,s_sew_n,58.2995951417004,62.6,changed
SVN,ES,Admin,2015,s_treat_wtp_n,100,90.2555910543131,changed
SVN,ES,Admin,2016,s_imp_n,NA,98.55,added
SVN,ES,Admin,2016,s_lat_n,NA,1.4500000000000028,added
SVN,ES,Admin,2016,s_sep_con_n,NA,4,added
SVN,ES,Admin,2016,s_sep_n,NA,30,added
SVN,ES,Admin,2016,s_sew_n,NA,67.1,added
SVN,ES,Admin,2016,s_treat_wtp_n,NA,92.548435171386,added
SVN,ES,Admin,2017,s_lat_n,NA,0,added
SVN,ES,Admin,2017,s_sep_con_n,NA,4.713804713804714,added
SVN,ES,Admin,2017,s_sep_n,NA,29.7,added
SVN,ES,Admin,2017,s_sew_n,NA,70.8,added
SVN,ES,Admin,2017,s_treat_wtp_n,NA,93.22033898305084,added
SVN,ES,Admin,2018,s_lat_n,NA,0,added
SVN,ES,Admin,2018,s_sep_con_n,NA,4.682274247491638,added
SVN,ES,Admin,2018,s_sep_n,NA,29.9,added
SVN,ES,Admin,2018,s_sew_n,NA,71.5,added
SVN,ES,Admin,2018,s_treat_wtp_n,NA,94.4055944055944,added
SVN,CC,Admin,2019,s_imp_n,NA,99.3,added
SVN,CC,Admin,2019,s_lat_n,NA,0.7000000000000028,added
SVN,CC,Admin,2019,s_sep_n,NA,31,added
SVN,CC,Admin,2019,s_sew_n,NA,67.6,added
SVN,CC,Admin,2019,s_treat_wtp_n,NA,100,added
SWE,SS,Admin,2000,s_imp_r,100.00658182386007,NA,removed
SWE,ES,Admin,2000,s_imp_r,100,NA,removed
SWE,RETAR,Admin,2000,s_imp_r,NA,98.8357560333068,added
SWE,SS,Admin,2000,s_imp_u,100.07116377666635,NA,removed
SWE,ES,Admin,2000,s_imp_u,100,NA,removed
SWE,RETAR,Admin,2000,s_imp_u,NA,99.80599985199578,added
SWE,SS,Admin,2000,s_lat_r,2.0999999999999943,NA,removed
SWE,RETAR,Admin,2000,s_lat_r,NA,1.256844292259515,added
SWE,SS,Admin,2000,s_lat_u,2.700000000000003,NA,removed
SWE,RETAR,Admin,2000,s_lat_u,NA,0.6307247298362313,added
SWE,SS,Admin,2000,s_sep_r,24.335961898813242,NA,removed
SWE,RETAR,Admin,2000,s_sep_r,NA,25.51270836904746,added
SWE,SS,Admin,2000,s_sep_u,11.58786505707205,NA,removed
SWE,RETAR,Admin,2000,s_sep_u,NA,11.151009406241442,added
SWE,SS,Admin,2000,s_sew_r,73.57061992504684,NA,removed
SWE,RETAR,Admin,2000,s_sew_r,NA,72.06620337199982,added
SWE,SS,Admin,2000,s_sew_u,85.7832987195943,NA,removed
SWE,RETAR,Admin,2000,s_sew_u,NA,88.0242657159181,added
SWE,ES,Admin,2002,s_imp_r,100,NA,removed
SWE,ES,Admin,2002,s_imp_u,100,NA,removed
SWE,ES,Admin,2003,s_imp_r,100,NA,removed
SWE,ES,Admin,2003,s_imp_u,100,NA,removed
SWE,ES,Admin,2004,s_imp_r,100,NA,removed
SWE,ES,Admin,2004,s_imp_u,100,NA,removed
SWE,SS,Admin,2005,s_imp_r,100.05019445540408,NA,removed
SWE,RETAR,Admin,2005,s_imp_r,NA,99.31963028966685,added
SWE,SS,Admin,2005,s_imp_u,99.99253325349844,NA,removed
SWE,RETAR,Admin,2005,s_imp_u,NA,99.88398590803985,added
SWE,SS,Admin,2005,s_lat_r,1.5999999999999943,NA,removed
SWE,RETAR,Admin,2005,s_lat_r,NA,0.925484036608566,added
SWE,SS,Admin,2005,s_lat_u,2.4000000000000057,NA,removed
SWE,RETAR,Admin,2005,s_lat_u,NA,0.6696320252893457,added
SWE,SS,Admin,2005,s_sep_r,24.544861626661728,NA,removed
SWE,RETAR,Admin,2005,s_sep_r,NA,25.658773069139457,added
SWE,SS,Admin,2005,s_sep_u,11.419135584459324,NA,removed
SWE,RETAR,Admin,2005,s_sep_u,NA,10.98817274095728,added
SWE,SS,Admin,2005,s_sew_r,73.90533282874236,NA,removed
SWE,RETAR,Admin,2005,s_sew_r,NA,72.73537318391881,added
SWE,SS,Admin,2005,s_sew_u,86.1733976690391,NA,removed
SWE,RETAR,Admin,2005,s_sew_u,NA,88.2261811417932,added
SWE,ES,Admin,2009,s_imp_r,100,NA,removed
SWE,ES,Admin,2009,s_imp_u,100,NA,removed
SWE,ES,Admin,2009,s_sep_con_n,NA,57.14285714285714,added
SWE,ES,Admin,2009,s_sep_con_r,NA,57.1,added
SWE,ES,Admin,2009,s_sep_con_u,NA,57.1,added
SWE,SS,Admin,2010,s_imp_r,100.04939205173501,NA,removed
SWE,ES,Admin,2010,s_imp_r,100,NA,removed
SWE,RETAR,Admin,2010,s_imp_r,NA,99.06256839804595,added
SWE,SS,Admin,2010,s_imp_u,99.98766168079166,NA,removed
SWE,ES,Admin,2010,s_imp_u,100,NA,removed
SWE,RETAR,Admin,2010,s_imp_u,NA,99.51277308099807,added
SWE,SS,Admin,2010,s_lat_r,1.2000000000000028,NA,removed
SWE,RETAR,Admin,2010,s_lat_r,NA,0,added
SWE,SS,Admin,2010,s_lat_u,2.299999999999997,NA,removed
SWE,RETAR,Admin,2010,s_lat_u,NA,0.04930036688185169,added
SWE,ES,Admin,2010,s_sep_con_n,NA,57.14285714285714,added
SWE,ES,Admin,2010,s_sep_con_r,NA,57.14285714285714,added
SWE,ES,Admin,2010,s_sep_con_u,NA,57.14285714285714,added
SWE,SS,Admin,2010,s_sep_r,24.26235266164606,NA,removed
SWE,RETAR,Admin,2010,s_sep_r,NA,25.389199434343308,added
SWE,SS,Admin,2010,s_sep_u,10.846889654836527,NA,removed
SWE,RETAR,Admin,2010,s_sep_u,NA,10.45219023256426,added
SWE,SS,Admin,2010,s_sew_r,74.58703939008895,NA,removed
SWE,RETAR,Admin,2010,s_sew_r,NA,73.67336896370266,added
SWE,SS,Admin,2010,s_sew_u,86.84077202595513,NA,removed
SWE,RETAR,Admin,2010,s_sew_u,NA,89.01128248155196,added
SWE,ES,Admin,2011,s_imp_r,100,NA,removed
SWE,ES,Admin,2011,s_imp_u,100,NA,removed
SWE,ES,Admin,2011,s_sep_con_n,NA,57.14285714285714,added
SWE,ES,Admin,2011,s_sep_con_r,NA,57.14285714285714,added
SWE,ES,Admin,2011,s_sep_con_u,NA,57.14285714285714,added
SWE,ES,Admin,2012,s_imp_r,100,NA,removed
SWE,ES,Admin,2012,s_imp_u,100,NA,removed
SWE,ES,Admin,2012,s_sep_con_n,NA,61.53846153846154,added
SWE,ES,Admin,2012,s_sep_con_r,NA,61.5,added
SWE,ES,Admin,2012,s_sep_con_u,NA,61.5,added
SWE,SILC,Admin,2013,s_imp_r,100,NA,removed
SWE,EU SILC,Admin,2013,s_imp_r,NA,100,added
SWE,SILC,Admin,2013,s_imp_u,100,NA,removed
SWE,EU SILC,Admin,2013,s_imp_u,NA,100,added
SWE,SILC,Admin,2013,s_lat_r,0,NA,removed
SWE,EU SILC,Admin,2013,s_lat_r,NA,0,added
SWE,SILC,Admin,2013,s_lat_u,0,NA,removed
SWE,EU SILC,Admin,2013,s_lat_u,NA,0,added
SWE,ES,Admin,2013,s_sep_con_n,NA,61.53846153846154,added
SWE,ES,Admin,2013,s_sep_con_r,NA,61.5,added
SWE,ES,Admin,2013,s_sep_con_u,NA,61.5,added
SWE,SILC,Admin,2013,s_shared_r,0.3,NA,removed
SWE,EU SILC,Admin,2013,s_shared_r,NA,0.3,added
SWE,SILC,Admin,2013,s_shared_u,0.7,NA,removed
SWE,EU SILC,Admin,2013,s_shared_u,NA,0.7,added
SWE,SS,Admin,2014,s_imp_r,99.94976464555077,NA,removed
SWE,EUSILC,Admin,2014,s_imp_r,100,NA,removed
SWE,ES,Admin,2014,s_imp_r,100,NA,removed
SWE,RETAR,Admin,2014,s_imp_r,NA,100,added
SWE,EU SILC,Admin,2014,s_imp_r,NA,100,added
SWE,SS,Admin,2014,s_imp_u,100.01536217422039,NA,removed
SWE,EUSILC,Admin,2014,s_imp_u,100,NA,removed
SWE,ES,Admin,2014,s_imp_u,100,NA,removed
SWE,RETAR,Admin,2014,s_imp_u,NA,99.95800144190198,added
SWE,EU SILC,Admin,2014,s_imp_u,NA,100,added
SWE,SS,Admin,2014,s_lat_r,1,NA,removed
SWE,EUSILC,Admin,2014,s_lat_r,0,NA,removed
SWE,RETAR,Admin,2014,s_lat_r,NA,0.8309319395052626,added
SWE,EU SILC,Admin,2014,s_lat_r,NA,0,added
SWE,SS,Admin,2014,s_lat_u,2.1000000000000085,NA,removed
SWE,EUSILC,Admin,2014,s_lat_u,0,NA,removed
SWE,RETAR,Admin,2014,s_lat_u,NA,0.3950618832126622,added
SWE,EU SILC,Admin,2014,s_lat_u,NA,0,added
SWE,ES,Admin,2014,s_sep_con_n,NA,61.53846153846154,added
SWE,ES,Admin,2014,s_sep_con_r,NA,61.5,added
SWE,ES,Admin,2014,s_sep_con_u,NA,61.5,added
SWE,SS,Admin,2014,s_sep_r,23.635298581202495,NA,removed
SWE,RETAR,Admin,2014,s_sep_r,NA,24.80042417216621,added
SWE,SS,Admin,2014,s_sep_u,10.222890304589523,NA,removed
SWE,RETAR,Admin,2014,s_sep_u,NA,9.830506538887745,added
SWE,SS,Admin,2014,s_sew_r,75.31446606434828,NA,removed
SWE,RETAR,Admin,2014,s_sew_r,NA,74.36864388832852,added
SWE,SS,Admin,2014,s_sew_u,87.69247186963085,NA,removed
SWE,RETAR,Admin,2014,s_sew_u,NA,89.73243301980158,added
SWE,ES,Admin,2014,s_treat_wtp_n,NA,100,added
SWE,EUSILC,Admin,2015,s_imp_r,100,NA,removed
SWE,RETAR,Admin,2015,s_imp_r,NA,99.79521811688008,added
SWE,EU SILC,Admin,2015,s_imp_r,NA,100,added
SWE,EUSILC,Admin,2015,s_imp_u,100,NA,removed
SWE,RETAR,Admin,2015,s_imp_u,NA,99.95952502870344,added
SWE,EU SILC,Admin,2015,s_imp_u,NA,100,added
SWE,EUSILC,Admin,2015,s_lat_r,0,NA,removed
SWE,RETAR,Admin,2015,s_lat_r,NA,0.8758987476020366,added
SWE,EU SILC,Admin,2015,s_lat_r,NA,0,added
SWE,EUSILC,Admin,2015,s_lat_u,0,NA,removed
SWE,RETAR,Admin,2015,s_lat_u,NA,0.4125014174545356,added
SWE,EU SILC,Admin,2015,s_lat_u,NA,0,added
SWE,ES,Admin,2015,s_sep_con_n,NA,61.53846153846154,added
SWE,ES,Admin,2015,s_sep_con_r,NA,61.5,added
SWE,ES,Admin,2015,s_sep_con_u,NA,61.5,added
SWE,RETAR,Admin,2015,s_sep_r,NA,24.533743001076157,added
SWE,RETAR,Admin,2015,s_sep_u,NA,9.755475804051086,added
SWE,RETAR,Admin,2015,s_sew_r,NA,74.38557636820188,added
SWE,RETAR,Admin,2015,s_sew_u,NA,89.79154780719783,added
SWE,ES,Admin,2015,s_treat_wtp_n,NA,98.85057471264368,added
SWE,ES,Admin,2016,s_sep_con_n,NA,61.53846153846154,added
SWE,ES,Admin,2016,s_sep_con_r,NA,61.5,added
SWE,ES,Admin,2016,s_sep_con_u,NA,61.5,added
SWE,ES,Admin,2016,s_treat_wtp_n,NA,100,added
SWE,SMED,Survey,2017,s_lat_n,11.122487680513146,NA,removed
SWE,SMED,Survey,2017,s_lat_nemp_n,100,NA,removed
SWE,ES,Admin,2017,s_sep_con_n,NA,61.53846153846154,added
SWE,ES,Admin,2017,s_sep_con_r,NA,61.5,added
SWE,ES,Admin,2017,s_sep_con_u,NA,61.5,added
SWE,SMED,Survey,2017,s_sep_ero_n,5.52,NA,removed
SWE,SMED,Survey,2017,s_sep_n,1.87,NA,removed
SWE,SMED,Survey,2017,s_sep_nemp_n,94.48,NA,removed
SWE,SMED,Survey,2017,s_sew_n,87,NA,removed
SWE,ES,Admin,2017,s_treat_wtp_n,NA,100,added
SWZ,SHIMS,Survey,2017,s_imp_r,NA,78.984505,added
SWZ,SHIMS,Survey,2017,s_imp_u,NA,90.197835,added
SWZ,SHIMS,Survey,2017,s_lat_r,NA,72.935855,added
SWZ,SHIMS,Survey,2017,s_lat_u,NA,48.519075,added
SWZ,SHIMS,Survey,2017,s_od_r,NA,7.0745,added
SWZ,SHIMS,Survey,2017,s_od_u,NA,1.11286,added
SWZ,SHIMS,Survey,2017,s_sep_r,NA,2.59562,added
SWZ,SHIMS,Survey,2017,s_sep_u,NA,16.5954,added
SWZ,SHIMS,Survey,2017,s_sew_r,NA,3.45303,added
SWZ,SHIMS,Survey,2017,s_sew_u,NA,25.08336,added
SWZ,SHIMS,Survey,2017,s_shared_r,NA,15.49016,added
SWZ,SHIMS,Survey,2017,s_shared_u,NA,39.11558,added
SXM,CEN,Census,2001,s_imp_u,NA,98.4149315325455,added
SXM,CEN,Census,2001,s_lat_n,NA,84.24310635903208,added
SXM,CEN,Census,2001,s_lat_u,NA,84.24310635903208,added
SXM,CEN,Census,2001,s_od_u,NA,0.4689551678859501,added
SXM,CEN,Census,2001,s_sew_u,NA,14.171825173513412,added
SXM,CEN,Census,2011,s_imp_u,NA,98.72001072242328,added
SXM,CEN,Census,2011,s_lat_u,NA,46.20694276906581,added
SXM,CEN,Census,2011,s_od_u,NA,0.1876424071840236,added
SXM,CEN,Census,2011,s_sep_u,NA,42.54121431443506,added
SXM,CEN,Census,2011,s_sew_u,NA,9.971853638922395,added
SYR,PAPFAM,Survey,2001,s_imp_r,NA,95.10148514851484,added
SYR,PAPFAM,Survey,2001,s_imp_u,NA,99.29285714285714,added
SYR,PAPFAM,Survey,2001,s_lat_r,NA,40.80148514851486,added
SYR,PAPFAM,Survey,2001,s_lat_u,NA,1.992857142857147,added
SYR,PAPFAM,Survey,2001,s_od_r,NA,3.6,added
SYR,PAPFAM,Survey,2001,s_od_u,NA,0,added
SYR,PAPFAM,Survey,2001,s_sep_r,NA,8.8,added
SYR,PAPFAM,Survey,2001,s_sep_u,NA,1.6,added
SYR,PAPFAM,Survey,2001,s_sew_r,NA,45.5,added
SYR,PAPFAM,Survey,2001,s_sew_u,NA,95.7,added
SYR,PAPFAM,Survey,2002,s_imp_r,95.10148514851485,NA,removed
SYR,PAPFAM,Survey,2002,s_imp_u,99.29285714285714,NA,removed
SYR,PAPFAM,Survey,2002,s_lat_r,40.80148514851486,NA,removed
SYR,PAPFAM,Survey,2002,s_lat_u,1.9928571428571473,NA,removed
SYR,PAPFAM,Survey,2002,s_od_r,3.6,NA,removed
SYR,PAPFAM,Survey,2002,s_od_u,0,NA,removed
SYR,PAPFAM,Survey,2002,s_sep_r,8.8,NA,removed
SYR,PAPFAM,Survey,2002,s_sep_u,1.6,NA,removed
SYR,PAPFAM,Survey,2002,s_sew_r,45.5,NA,removed
SYR,PAPFAM,Survey,2002,s_sew_u,95.7,NA,removed
SYR,PAPFAM,Survey,2010,s_imp_r,94.489252814739,94.95736,changed
SYR,PAPFAM,Survey,2010,s_imp_u,99.20100100100099,97.90803,changed
SYR,PAPFAM,Survey,2010,s_lat_r,NA,42.21782000000001,added
SYR,PAPFAM,Survey,2010,s_lat_u,NA,3.325359999999989,added
SYR,PAPFAM,Survey,2010,s_od_r,2,1.90196,changed
SYR,PAPFAM,Survey,2010,s_od_u,0.3,0.01403,changed
SYR,PAPFAM,Survey,2010,s_sew_r,NA,52.73954,added
SYR,PAPFAM,Survey,2010,s_sew_u,NA,94.58267,added
SYR,PAPFAM,Survey,2010,s_shared_r,NA,13.656429745143194,added
SYR,PAPFAM,Survey,2010,s_shared_u,NA,8.11443859231116,added
SYR,HS,Survey,2018,s_imp_r,99.99,NA,removed
SYR,SDS,Survey,2018,s_imp_r,NA,99.99,added
SYR,HS,Survey,2018,s_imp_u,99.99,NA,removed
SYR,SDS,Survey,2018,s_imp_u,NA,99.99,added
SYR,HS,Survey,2018,s_shared_r,7.93,NA,removed
SYR,SDS,Survey,2018,s_shared_r,NA,7.93,added
SYR,HS,Survey,2018,s_shared_u,8.649999999999999,NA,removed
SYR,SDS,Survey,2018,s_shared_u,NA,8.649999999999999,added
TCD,MICS,Survey,2019,s_imp_r,NA,6.995620000000001,added
TCD,MICS,Survey,2019,s_imp_u,NA,55.007479999999994,added
TCD,MICS,Survey,2019,s_lat_ebo_r,NA,9.12122,added
TCD,MICS,Survey,2019,s_lat_ebo_u,NA,21.28143,added
TCD,MICS,Survey,2019,s_lat_edl_r,NA,3.14744,added
TCD,MICS,Survey,2019,s_lat_edl_u,NA,2.41972,added
TCD,MICS,Survey,2019,s_lat_ero_r,NA,1.04745,added
TCD,MICS,Survey,2019,s_lat_ero_u,NA,12.446,added
TCD,MICS,Survey,2019,s_lat_nemp_r,NA,86.6839,added
TCD,MICS,Survey,2019,s_lat_nemp_u,NA,63.85285,added
TCD,MICS,Survey,2019,s_lat_r,NA,6.5802000000000005,added
TCD,MICS,Survey,2019,s_lat_u,NA,51.496399999999994,added
TCD,MICS,Survey,2019,s_od_r,NA,77.04536,added
TCD,MICS,Survey,2019,s_od_u,NA,17.0603,added
TCD,MICS,Survey,2019,s_sep_ebo_r,NA,0,added
TCD,MICS,Survey,2019,s_sep_ebo_u,NA,22.44869,added
TCD,MICS,Survey,2019,s_sep_edl_r,NA,21.01542,added
TCD,MICS,Survey,2019,s_sep_edl_u,NA,1.34625,added
TCD,MICS,Survey,2019,s_sep_ero_r,NA,0,added
TCD,MICS,Survey,2019,s_sep_ero_u,NA,31.02314,added
TCD,MICS,Survey,2019,s_sep_nemp_r,NA,78.98458,added
TCD,MICS,Survey,2019,s_sep_nemp_u,NA,45.18192,added
TCD,MICS,Survey,2019,s_sep_r,NA,0.0882,added
TCD,MICS,Survey,2019,s_sep_u,NA,1.86029,added
TCD,MICS,Survey,2019,s_sew_r,NA,0.32722,added
TCD,MICS,Survey,2019,s_sew_u,NA,1.65079,added
TCD,MICS,Survey,2019,s_shared_r,NA,21.38492,added
TCD,MICS,Survey,2019,s_shared_u,NA,27.302100000000003,added
TGO,MICS,Survey,2017,s_imp_r,NA,20.82038,added
TGO,MICS,Survey,2017,s_imp_u,NA,79.52556,added
TGO,MICS,Survey,2017,s_lat_ebo_r,NA,1.98125,added
TGO,MICS,Survey,2017,s_lat_ebo_u,NA,4.95912,added
TGO,MICS,Survey,2017,s_lat_edl_r,NA,2.91034,added
TGO,MICS,Survey,2017,s_lat_edl_u,NA,1.42175,added
TGO,MICS,Survey,2017,s_lat_ero_r,NA,5.18391,added
TGO,MICS,Survey,2017,s_lat_ero_u,NA,40.24409,added
TGO,MICS,Survey,2017,s_lat_nemp_r,NA,89.9245,added
TGO,MICS,Survey,2017,s_lat_nemp_u,NA,53.37505,added
TGO,MICS,Survey,2017,s_lat_r,NA,18.21822,added
TGO,MICS,Survey,2017,s_lat_u,NA,33.5813,added
TGO,MICS,Survey,2017,s_od_r,NA,66.65837,added
TGO,MICS,Survey,2017,s_od_u,NA,14.02355,added
TGO,MICS,Survey,2017,s_sep_ebo_r,NA,3.39603,added
TGO,MICS,Survey,2017,s_sep_ebo_u,NA,2.62866,added
TGO,MICS,Survey,2017,s_sep_edl_r,NA,0,added
TGO,MICS,Survey,2017,s_sep_edl_u,NA,2.19961,added
TGO,MICS,Survey,2017,s_sep_ero_r,NA,9.83885,added
TGO,MICS,Survey,2017,s_sep_ero_u,NA,52.21244,added
TGO,MICS,Survey,2017,s_sep_nemp_r,NA,86.76512,added
TGO,MICS,Survey,2017,s_sep_nemp_u,NA,42.95929,added
TGO,MICS,Survey,2017,s_sep_r,NA,2.4631,added
TGO,MICS,Survey,2017,s_sep_u,NA,45.84771,added
TGO,MICS,Survey,2017,s_sew_r,NA,0.13906,added
TGO,MICS,Survey,2017,s_sew_u,NA,0.09655,added
TGO,MICS,Survey,2017,s_shared_r,NA,61.43305,added
TGO,MICS,Survey,2017,s_shared_u,NA,55.48868,added
THA,CEN,Census,2000,s_lat_r,95.19459994529744,NA,removed
THA,CEN,Census,2000,s_lat_u,96.35118653025246,NA,removed
THA,CEN,Census,2000,s_sew_r,0.20540005470256667,NA,removed
THA,CEN,Census,2000,s_sew_u,1.648813469747531,NA,removed
THA,MICS,Survey,2019,s_imp_r,NA,99.52657,added
THA,MICS,Survey,2019,s_imp_u,NA,99.74086,added
THA,MICS,Survey,2019,s_lat_ebo_r,NA,2.04683,added
THA,MICS,Survey,2019,s_lat_ebo_u,NA,0.32988,added
THA,MICS,Survey,2019,s_lat_edl_r,NA,53.30394,added
THA,MICS,Survey,2019,s_lat_edl_u,NA,50.17619,added
THA,MICS,Survey,2019,s_lat_ero_r,NA,0.53131,added
THA,MICS,Survey,2019,s_lat_ero_u,NA,0.2987,added
THA,MICS,Survey,2019,s_lat_nemp_r,NA,44.11791,added
THA,MICS,Survey,2019,s_lat_nemp_u,NA,49.19523,added
THA,MICS,Survey,2019,s_lat_r,NA,3.5283900000000017,added
THA,MICS,Survey,2019,s_lat_u,NA,0.9977799999999916,added
THA,MICS,Survey,2019,s_od_r,NA,0.19133,added
THA,MICS,Survey,2019,s_od_u,NA,0.0198,added
THA,MICS,Survey,2019,s_sep_ebo_r,NA,1.09773,added
THA,MICS,Survey,2019,s_sep_ebo_u,NA,0.4814,added
THA,MICS,Survey,2019,s_sep_edl_r,NA,59.02144,added
THA,MICS,Survey,2019,s_sep_edl_u,NA,43.76896,added
THA,MICS,Survey,2019,s_sep_ero_r,NA,3.79019,added
THA,MICS,Survey,2019,s_sep_ero_u,NA,7.01537,added
THA,MICS,Survey,2019,s_sep_nemp_r,NA,36.09063,added
THA,MICS,Survey,2019,s_sep_nemp_u,NA,48.73427,added
THA,MICS,Survey,2019,s_sep_r,NA,85.49715,added
THA,MICS,Survey,2019,s_sep_u,NA,75.85137,added
THA,MICS,Survey,2019,s_sew_r,NA,10.50103,added
THA,MICS,Survey,2019,s_sew_u,NA,22.89171,added
THA,MICS,Survey,2019,s_shared_r,NA,2.2623,added
THA,MICS,Survey,2019,s_shared_u,NA,2.95391,added
TJK,HWS,Survey,2016,s_imp_r,NA,97.32001129653362,added
TJK,HWS,Survey,2016,s_imp_u,NA,97.03777555305015,added
TJK,HWS,Survey,2016,s_lat_nemp_r,NA,62.22215,added
TJK,HWS,Survey,2016,s_lat_nemp_u,NA,52.76127,added
TJK,HWS,Survey,2016,s_lat_r,NA,87.34325164375427,added
TJK,HWS,Survey,2016,s_lat_u,NA,35.684477099537546,added
TJK,HWS,Survey,2016,s_od_r,NA,0.98952389002777,added
TJK,HWS,Survey,2016,s_od_u,NA,0.28277802813742997,added
TJK,HWS,Survey,2016,s_sep_r,NA,8.32471825286553,added
TJK,HWS,Survey,2016,s_sep_u,NA,1.62087782627167,added
TJK,HWS,Survey,2016,s_sew_r,NA,1.65204139991382,added
TJK,HWS,Survey,2016,s_sew_u,NA,59.732420627240934,added
TJK,HWS,Survey,2016,s_shared_r,NA,2.57023570504899,added
TJK,HWS,Survey,2016,s_shared_u,NA,4.87212512320472,added
TKL,CEN,Census,2006,s_shared_n,NA,5.128205128205128,added
TKL,CEN,Census,2011,s_shared_n,NA,3.638368246968026,added
TKM,MICS,Survey,2006,s_sep_n,0.8,NA,removed
TKM,MICS,Survey,2016,s_lat_n,76.73980586352147,NA,removed
TKM,MICS,Survey,2016,s_sep_n,1.1760741364785172,NA,removed
TKM,MICS,Survey,2019,s_imp_r,NA,99.39889,added
TKM,MICS,Survey,2019,s_imp_u,NA,99.43421,added
TKM,MICS,Survey,2019,s_lat_r,NA,98.49239,added
TKM,MICS,Survey,2019,s_lat_u,NA,43.52188,added
TKM,MICS,Survey,2019,s_od_r,NA,0,added
TKM,MICS,Survey,2019,s_od_u,NA,0.0488,added
TKM,MICS,Survey,2019,s_sep_r,NA,0.85948,added
TKM,MICS,Survey,2019,s_sep_u,NA,3.83629,added
TKM,MICS,Survey,2019,s_sew_r,NA,0.04702,added
TKM,MICS,Survey,2019,s_sew_u,NA,52.07604,added
TKM,MICS,Survey,2019,s_shared_r,NA,0.21725,added
TKM,MICS,Survey,2019,s_shared_u,NA,1.45853,added
TLS,FNS,Survey,2020,s_imp_r,NA,60.3,added
TLS,FNS,Survey,2020,s_imp_u,NA,78.7,added
TON,CEN,Census,2006,s_imp_r,88.15262533372888,87.95735309645079,changed
TON,CEN,Census,2006,s_imp_u,99.13273001508296,99.02122966639097,changed
TON,CEN,Census,2011,s_imp_r,90.94999999999999,90.80169491525425,changed
TON,CEN,Census,2011,s_imp_u,99.2,99.08709677419355,changed
TON,CEN,Census,2016,s_imp_r,NA,97.0341670967534,added
TON,CEN,Census,2016,s_imp_u,NA,99.80795175740649,added
TON,CEN,Census,2016,s_shared_r,NA,1.9473986777809715,added
TON,CEN,Census,2016,s_shared_u,NA,2.347762289068232,added
TON,MICS,Survey,2019,s_imp_r,NA,97.22596,added
TON,MICS,Survey,2019,s_imp_u,NA,99.47174,added
TON,MICS,Survey,2019,s_lat_ebo_r,NA,43.32923,added
TON,MICS,Survey,2019,s_lat_ebo_u,NA,29.11829,added
TON,MICS,Survey,2019,s_lat_edl_r,NA,5.98358,added
TON,MICS,Survey,2019,s_lat_edl_u,NA,0,added
TON,MICS,Survey,2019,s_lat_ero_r,NA,5.19347,added
TON,MICS,Survey,2019,s_lat_ero_u,NA,1.14584,added
TON,MICS,Survey,2019,s_lat_nemp_r,NA,45.49373,added
TON,MICS,Survey,2019,s_lat_nemp_u,NA,69.73587,added
TON,MICS,Survey,2019,s_lat_r,NA,9.947149999999992,added
TON,MICS,Survey,2019,s_lat_u,NA,2.078230000000005,added
TON,MICS,Survey,2019,s_od_r,NA,0.02667,added
TON,MICS,Survey,2019,s_od_u,NA,0.11031,added
TON,MICS,Survey,2019,s_sep_ebo_r,NA,5.87743,added
TON,MICS,Survey,2019,s_sep_ebo_u,NA,6.45594,added
TON,MICS,Survey,2019,s_sep_edl_r,NA,4.44568,added
TON,MICS,Survey,2019,s_sep_edl_u,NA,5.56594,added
TON,MICS,Survey,2019,s_sep_ero_r,NA,28.60901,added
TON,MICS,Survey,2019,s_sep_ero_u,NA,49.60788,added
TON,MICS,Survey,2019,s_sep_nemp_r,NA,61.06788,added
TON,MICS,Survey,2019,s_sep_nemp_u,NA,38.37024,added
TON,MICS,Survey,2019,s_sep_r,NA,83.94925,added
TON,MICS,Survey,2019,s_sep_u,NA,94.67427,added
TON,MICS,Survey,2019,s_sew_r,NA,3.32956,added
TON,MICS,Survey,2019,s_sew_u,NA,2.71924,added
TON,MICS,Survey,2019,s_shared_r,NA,6.82427,added
TON,MICS,Survey,2019,s_shared_u,NA,3.85385,added
TTO,NWHS,Survey,2016,s_imp_n,NA,99.5189843693378,added
TTO,NWHS,Survey,2016,s_od_n,NA,0.02296,added
TUN,ENCV,Survey,2005,s_sew_r,5.98239,NA,removed
TUN,EBCNV,Survey,2005,s_sew_r,NA,5.98239,added
TUN,ENCV,Survey,2005,s_sew_u,75.85844,NA,removed
TUN,EBCNV,Survey,2005,s_sew_u,NA,75.85844,added
TUN,ENCV,Survey,2005,s_shared_r,34.69867,NA,removed
TUN,EBCNV,Survey,2005,s_shared_r,NA,34.69867,added
TUN,ENCV,Survey,2005,s_shared_u,4.35775,NA,removed
TUN,EBCNV,Survey,2005,s_shared_u,NA,4.35775,added
TUN,ENBCNV,Survey,2010,s_sew_r,9.40372574270616,NA,removed
TUN,EBCNV,Survey,2010,s_sew_r,NA,9.40372574270616,added
TUN,ENBCNV,Survey,2010,s_sew_u,83.4769487666034,NA,removed
TUN,EBCNV,Survey,2010,s_sew_u,NA,83.4769487666034,added
TUN,MICS,Survey,2018,s_imp_r,NA,95.79129,added
TUN,MICS,Survey,2018,s_imp_u,NA,99.73385,added
TUN,MICS,Survey,2018,s_lat_ebo_r,NA,3.0155,added
TUN,MICS,Survey,2018,s_lat_ebo_u,NA,1.28472,added
TUN,MICS,Survey,2018,s_lat_edl_r,NA,15.57218,added
TUN,MICS,Survey,2018,s_lat_edl_u,NA,33.38959,added
TUN,MICS,Survey,2018,s_lat_ero_r,NA,4.44629,added
TUN,MICS,Survey,2018,s_lat_ero_u,NA,8.2982,added
TUN,MICS,Survey,2018,s_lat_nemp_r,NA,76.96603,added
TUN,MICS,Survey,2018,s_lat_nemp_u,NA,57.02748,added
TUN,MICS,Survey,2018,s_lat_r,NA,64.51984,added
TUN,MICS,Survey,2018,s_lat_u,NA,8.86305999999999,added
TUN,MICS,Survey,2018,s_od_r,NA,2.62345,added
TUN,MICS,Survey,2018,s_od_u,NA,0.06007,added
TUN,MICS,Survey,2018,s_sep_ebo_r,NA,4.81872,added
TUN,MICS,Survey,2018,s_sep_ebo_u,NA,2.45746,added
TUN,MICS,Survey,2018,s_sep_edl_r,NA,21.24656,added
TUN,MICS,Survey,2018,s_sep_edl_u,NA,28.18236,added
TUN,MICS,Survey,2018,s_sep_ero_r,NA,8.6801,added
TUN,MICS,Survey,2018,s_sep_ero_u,NA,10.38723,added
TUN,MICS,Survey,2018,s_sep_nemp_r,NA,65.25462,added
TUN,MICS,Survey,2018,s_sep_nemp_u,NA,58.97295,added
TUN,MICS,Survey,2018,s_sep_r,NA,21.17588,added
TUN,MICS,Survey,2018,s_sep_u,NA,8.12594,added
TUN,MICS,Survey,2018,s_sew_r,NA,10.09557,added
TUN,MICS,Survey,2018,s_sew_u,NA,82.74485,added
TUN,MICS,Survey,2018,s_shared_r,NA,3.70796,added
TUN,MICS,Survey,2018,s_shared_u,NA,1.20507,added
TUR,DHS,Survey,2003,s_lat_r,38.5,NA,removed
TUR,DHS,Survey,2003,s_lat_u,5,NA,removed
TUR,DHS,Survey,2003,s_sew_r,35.7,NA,removed
TUR,DHS,Survey,2003,s_sew_u,92.7,NA,removed
TUR,TSI,Admin,2004,s_imp_u,86,NA,removed
TUR,TSI,Admin,2004,s_lat_u,0,NA,removed
TUR,ES,Admin,2005,s_treat_wtp_n,NA,67.6959619952494,added
TUR,TSI,Admin,2010,s_lat_u,0,NA,removed
TUR,DHS,Survey,2013,s_lat_r,0,43.19999999999999,changed
TUR,DHS,Survey,2013,s_lat_u,0,3,changed
TUR,DHS,Survey,2013,s_sep_r,43.19999999999999,NA,removed
TUR,DHS,Survey,2013,s_sep_u,3,NA,removed
TUR,ES,Admin,2013,s_treat_wtp_n,NA,67.16441370638164,added
TUR,ES,Admin,2014,s_treat_wtp_n,67.39469578783152,70.96774193548387,changed
TUR,ES,Admin,2015,s_treat_wtp_n,NA,79.25456599779746,added
TUR,ES,Admin,2016,s_treat_wtp_n,NA,79.63224893917963,added
TUR,DHS,Survey,2018,s_imp_r,NA,95.9,added
TUR,DHS,Survey,2018,s_imp_u,NA,99.5,added
TUR,DHS,Survey,2018,s_lat_r,NA,38.7,added
TUR,DHS,Survey,2018,s_lat_u,NA,2.5,added
TUR,DHS,Survey,2018,s_od_r,NA,0.4,added
TUR,DHS,Survey,2018,s_od_u,NA,0.1,added
TUR,DHS,Survey,2018,s_sew_r,NA,57.2,added
TUR,DHS,Survey,2018,s_sew_u,NA,97,added
TUR,DHS,Survey,2018,s_shared_r,NA,1.7726798700000002,added
TUR,DHS,Survey,2018,s_shared_u,NA,0.30150754,added
TUV,CEN,Census,2012,s_imp_r,89.8,87.67281105990784,changed
TUV,CEN,Census,2012,s_imp_u,92.3,94.792899408284,changed
TUV,CEN,Census,2012,s_od_r,8.6,12.211981566820276,changed
TUV,CEN,Census,2012,s_od_u,4.6,4.615384615384616,changed
TZA,DS,Survey,2008,s_od_r,NA,17.1,added
TZA,DS,Survey,2008,s_od_u,NA,1.2,added
TZA,MIS,Survey,2017,s_imp_r,48.75767999999999,34.69547,changed
TZA,MIS,Survey,2017,s_imp_u,86.52739999999999,81.74284499999999,changed
TZA,THIS,Survey,2017,s_imp_u,NA,86.69343999999998,added
TZA,MIS,Survey,2017,s_lat_r,44.31510999999999,30.2529,changed
TZA,MIS,Survey,2017,s_lat_u,56.55142999999999,51.76687499999999,changed
TZA,THIS,Survey,2017,s_lat_u,NA,68.80002999999998,added
TZA,THIS,Survey,2017,s_od_r,NA,10.05774,added
TZA,THIS,Survey,2017,s_od_u,NA,0.67261,added
TZA,THIS,Survey,2017,s_sep_r,NA,2.28396,added
TZA,THIS,Survey,2017,s_sep_u,NA,15.20246,added
TZA,THIS,Survey,2017,s_sew_r,NA,0.45331,added
TZA,THIS,Survey,2017,s_sew_u,NA,2.69095,added
TZA,THIS,Survey,2017,s_shared_r,NA,20.21826961526197,added
TZA,THIS,Survey,2017,s_shared_u,NA,43.981669348984184,added
TZA,WUP,Admin,2017,s_treat_wtp_n,NA,55,added
TZA,WUP,Admin,2018,s_treat_wtp_n,NA,72,added
TZA,WUP,Admin,2019,s_treat_wtp_n,NA,66,added
UGA,DHS,Survey,2005,s_imp_r,28.65143031468117,NA,removed
UGA,AIS,Survey,2005,s_imp_r,NA,28.65143031468117,added
UGA,DHS,Survey,2005,s_imp_u,78.93932981753345,NA,removed
UGA,AIS,Survey,2005,s_imp_u,NA,78.93932981753345,added
UGA,DHS,Survey,2005,s_lat_r,28.570461024647383,NA,removed
UGA,AIS,Survey,2005,s_lat_r,NA,28.570461024647383,added
UGA,DHS,Survey,2005,s_lat_u,75.72201467073964,NA,removed
UGA,AIS,Survey,2005,s_lat_u,NA,75.72201467073964,added
UGA,DHS,Survey,2005,s_od_r,14.4,NA,removed
UGA,AIS,Survey,2005,s_od_r,NA,14.4,added
UGA,DHS,Survey,2005,s_od_u,1,NA,removed
UGA,AIS,Survey,2005,s_od_u,NA,1,added
UGA,DHS,Survey,2005,s_sew_r,0.08096929003378742,NA,removed
UGA,AIS,Survey,2005,s_sew_r,NA,0.08096929003378742,added
UGA,DHS,Survey,2005,s_sew_u,3.2173151467938137,NA,removed
UGA,AIS,Survey,2005,s_sew_u,NA,3.2173151467938137,added
UGA,LSMS,Survey,2010,s_imp_r,26.225663084772837,NA,removed
UGA,NPS,Survey,2010,s_imp_r,NA,26.225663084772837,added
UGA,LSMS,Survey,2010,s_imp_u,69.13328410527059,NA,removed
UGA,NPS,Survey,2010,s_imp_u,NA,69.13328410527059,added
UGA,LSMS,Survey,2010,s_lat_r,25.537424119485642,NA,removed
UGA,NPS,Survey,2010,s_lat_r,NA,25.53742411948564,added
UGA,LSMS,Survey,2010,s_lat_u,67.75443475664467,NA,removed
UGA,NPS,Survey,2010,s_lat_u,NA,67.75443475664467,added
UGA,LSMS,Survey,2010,s_od_r,9.1,NA,removed
UGA,NPS,Survey,2010,s_od_r,NA,9.1,added
UGA,LSMS,Survey,2010,s_od_u,2.6,NA,removed
UGA,NPS,Survey,2010,s_od_u,NA,2.6,added
UGA,LSMS,Survey,2010,s_sew_r,0.6882389652871932,NA,removed
UGA,NPS,Survey,2010,s_sew_r,NA,0.6882389652871932,added
UGA,LSMS,Survey,2010,s_sew_u,1.37884934862592,NA,removed
UGA,NPS,Survey,2010,s_sew_u,NA,1.37884934862592,added
UGA,SPR,Admin,2010,s_treat_wtp_n,15,47,changed
UGA,LSMS,Survey,2011,s_imp_r,24.886970473920258,NA,removed
UGA,NPS,Survey,2011,s_imp_r,NA,24.886970473920258,added
UGA,LSMS,Survey,2011,s_imp_u,66.8474769571695,NA,removed
UGA,NPS,Survey,2011,s_imp_u,NA,66.8474769571695,added
UGA,LSMS,Survey,2011,s_lat_r,24.534971712669044,NA,removed
UGA,NPS,Survey,2011,s_lat_r,NA,24.534971712669044,added
UGA,LSMS,Survey,2011,s_lat_u,64.73089791389421,NA,removed
UGA,NPS,Survey,2011,s_lat_u,NA,64.73089791389421,added
UGA,LSMS,Survey,2011,s_od_r,8.99564688304125,NA,removed
UGA,NPS,Survey,2011,s_od_r,NA,8.99564688304125,added
UGA,LSMS,Survey,2011,s_od_u,5.88590753193851,NA,removed
UGA,NPS,Survey,2011,s_od_u,NA,5.88590753193851,added
UGA,LSMS,Survey,2011,s_sew_r,0.35199876125121365,NA,removed
UGA,NPS,Survey,2011,s_sew_r,NA,0.35199876125121365,added
UGA,LSMS,Survey,2011,s_sew_u,2.1165790432752964,NA,removed
UGA,NPS,Survey,2011,s_sew_u,NA,2.1165790432752964,added
UGA,LSMS,Survey,2011,s_shared_r,36.54383019385426,NA,removed
UGA,NPS,Survey,2011,s_shared_r,NA,36.54383019385426,added
UGA,LSMS,Survey,2011,s_shared_u,47.416591874484354,NA,removed
UGA,NPS,Survey,2011,s_shared_u,NA,47.416591874484354,added
UGA,LSMS,Survey,2012,s_imp_r,23.974363294115722,NA,removed
UGA,NPS,Survey,2012,s_imp_r,NA,23.97436329411572,added
UGA,LSMS,Survey,2012,s_imp_u,69.3578652296535,NA,removed
UGA,NPS,Survey,2012,s_imp_u,NA,69.3578652296535,added
UGA,LSMS,Survey,2012,s_lat_r,23.65048613398057,NA,removed
UGA,NPS,Survey,2012,s_lat_r,NA,23.65048613398057,added
UGA,LSMS,Survey,2012,s_lat_u,66.10772033646383,NA,removed
UGA,NPS,Survey,2012,s_lat_u,NA,66.10772033646383,added
UGA,LSMS,Survey,2012,s_od_r,7.9,NA,removed
UGA,NPS,Survey,2012,s_od_r,NA,7.9,added
UGA,LSMS,Survey,2012,s_od_u,3.2,NA,removed
UGA,NPS,Survey,2012,s_od_u,NA,3.2,added
UGA,LSMS,Survey,2012,s_sew_r,0.3238771601351496,NA,removed
UGA,NPS,Survey,2012,s_sew_r,NA,0.3238771601351496,added
UGA,LSMS,Survey,2012,s_sew_u,3.250144893189668,NA,removed
UGA,NPS,Survey,2012,s_sew_u,NA,3.250144893189668,added
UGA,UNPS,Survey,2014,s_imp_r,22.911279999999998,NA,removed
UGA,NPS,Survey,2014,s_imp_r,NA,22.91128,added
UGA,UNPS,Survey,2014,s_imp_u,70.46494000000001,NA,removed
UGA,NPS,Survey,2014,s_imp_u,NA,70.46494000000001,added
UGA,UNPS,Survey,2014,s_lat_r,22.904899619945336,NA,removed
UGA,NPS,Survey,2014,s_lat_r,NA,22.904899619945336,added
UGA,UNPS,Survey,2014,s_lat_u,68.4737173918522,NA,removed
UGA,NPS,Survey,2014,s_lat_u,NA,68.4737173918522,added
UGA,UNPS,Survey,2014,s_od_r,8.50879,NA,removed
UGA,NPS,Survey,2014,s_od_r,NA,8.50879,added
UGA,UNPS,Survey,2014,s_od_u,1.18924,NA,removed
UGA,NPS,Survey,2014,s_od_u,NA,1.18924,added
UGA,UNPS,Survey,2014,s_sew_r,0.006380380054662448,NA,removed
UGA,NPS,Survey,2014,s_sew_r,NA,0.00638038005466244,added
UGA,UNPS,Survey,2014,s_sew_u,1.9912226081478075,NA,removed
UGA,NPS,Survey,2014,s_sew_u,NA,1.9912226081478075,added
UGA,UNPS,Survey,2014,s_shared_r,29.713239999999995,NA,removed
UGA,NPS,Survey,2014,s_shared_r,NA,29.713239999999995,added
UGA,UNPS,Survey,2014,s_shared_u,54.61957,NA,removed
UGA,NPS,Survey,2014,s_shared_u,NA,54.61957,added
UGA,NPS,Survey,2016,s_imp_r,NA,21.823360000000005,added
UGA,NPS,Survey,2016,s_imp_u,NA,70.93672000000001,added
UGA,NPS,Survey,2016,s_od_r,NA,7.78607,added
UGA,NPS,Survey,2016,s_od_u,NA,0.15025,added
UGA,NPS,Survey,2016,s_shared_r,NA,30.720999999999997,added
UGA,NPS,Survey,2016,s_shared_u,NA,54.95609,added
UGA,UNHS,Survey,2017,s_imp_r,NA,20.927052041805585,added
UGA,UNHS,Survey,2017,s_imp_u,NA,59.8401381941238,added
UGA,WV,Survey,2017,s_lat_con_r,NA,92.78446,added
UGA,WV,Survey,2017,s_lat_ebo_r,NA,0.09533,added
UGA,WV,Survey,2017,s_lat_edl_r,NA,0.09533,added
UGA,WV,Survey,2017,s_lat_ero_r,NA,1.3346,added
UGA,WV,Survey,2017,s_lat_nemp_r,NA,98.47474,added
UGA,UNHS,Survey,2017,s_od_r,NA,9.3,added
UGA,UNHS,Survey,2017,s_od_u,NA,2,added
UGA,WV,Survey,2017,s_sep_con_r,NA,92.78446,added
UGA,WV,Survey,2017,s_sep_ebo_r,NA,0.09533,added
UGA,WV,Survey,2017,s_sep_edl_r,NA,0.09533,added
UGA,WV,Survey,2017,s_sep_ero_r,NA,1.3346,added
UGA,WV,Survey,2017,s_sep_nemp_r,NA,98.47474,added
UGA,PMA,Survey,2018,s_imp_r,NA,24.45103,added
UGA,PMA,Survey,2018,s_imp_u,NA,70.27528,added
UGA,PMA,Survey,2018,s_lat_r,NA,23.69725,added
UGA,PMA,Survey,2018,s_lat_u,NA,60.39098,added
UGA,PMA,Survey,2018,s_od_r,NA,7.90519,added
UGA,PMA,Survey,2018,s_od_u,NA,1.48208,added
UGA,PMA,Survey,2018,s_sep_r,NA,0.75378,added
UGA,PMA,Survey,2018,s_sep_u,NA,7.92332,added
UGA,PMA,Survey,2018,s_sew_r,NA,0,added
UGA,PMA,Survey,2018,s_sew_u,NA,1.96098,added
UGA,PMA,Survey,2018,s_shared_r,NA,42.919880000000006,added
UGA,PMA,Survey,2018,s_shared_u,NA,64.39123000000001,added
UGA,NPS,Survey,2019,s_imp_r,NA,29.893869999999996,added
UGA,MIS,Survey,2019,s_imp_r,NA,36.73826,added
UGA,NPS,Survey,2019,s_imp_u,NA,74.19749999999999,added
UGA,MIS,Survey,2019,s_imp_u,NA,70.00294,added
UGA,NPS,Survey,2019,s_lat_r,NA,29.647149999999996,added
UGA,MIS,Survey,2019,s_lat_r,NA,36.62787,added
UGA,NPS,Survey,2019,s_lat_u,NA,63.79377999999999,added
UGA,MIS,Survey,2019,s_lat_u,NA,60.98857,added
UGA,NPS,Survey,2019,s_od_r,NA,6.88964,added
UGA,MIS,Survey,2019,s_od_r,NA,5.07954,added
UGA,NPS,Survey,2019,s_od_u,NA,3.67996,added
UGA,MIS,Survey,2019,s_od_u,NA,1.57734,added
UGA,NPS,Survey,2019,s_sep_r,NA,0.17515,added
UGA,MIS,Survey,2019,s_sep_r,NA,0.09846,added
UGA,NPS,Survey,2019,s_sep_u,NA,8.11736,added
UGA,MIS,Survey,2019,s_sep_u,NA,7.88368,added
UGA,NPS,Survey,2019,s_sew_r,NA,0.07157,added
UGA,MIS,Survey,2019,s_sew_r,NA,0.01193,added
UGA,NPS,Survey,2019,s_sew_u,NA,2.28636,added
UGA,MIS,Survey,2019,s_sew_u,NA,1.13069,added
UGA,NPS,Survey,2019,s_shared_r,NA,34.52594,added
UGA,MIS,Survey,2019,s_shared_r,NA,22.61044,added
UGA,NPS,Survey,2019,s_shared_u,NA,51.9573,added
UGA,MIS,Survey,2019,s_shared_u,NA,46.12327,added
UGA,SPR,Admin,2019,s_treat_wtp_n,NA,41.8,added
UKR,LCS,Survey,2012,s_imp_r,NA,99.5030303030303,added
UKR,LCS,Survey,2012,s_imp_u,NA,99.92651515151516,added
UKR,LCS,Survey,2013,s_imp_r,NA,99.5310606060606,added
UKR,LCS,Survey,2013,s_imp_u,NA,99.93409090909093,added
UKR,LCS,Survey,2014,s_imp_r,NA,99.5780303030303,added
UKR,LCS,Survey,2014,s_imp_u,NA,99.9378787878788,added
UKR,LCS,Survey,2015,s_imp_r,NA,99.6030303030303,added
UKR,LCS,Survey,2015,s_imp_u,NA,99.94166666666666,added
UKR,LCS,Survey,2016,s_imp_r,NA,99.60984848484848,added
UKR,LCS,Survey,2016,s_imp_u,NA,99.94621212121211,added
UKR,LCS,Survey,2017,s_imp_r,NA,99.625,added
UKR,LCS,Survey,2017,s_imp_u,NA,99.95,added
UKR,LCS,Survey,2018,s_imp_r,NA,99.64090909090908,added
UKR,LCS,Survey,2018,s_imp_u,NA,99.95378787878788,added
URY,ECH,Survey,2018,s_imp_r,NA,97.53896,added
URY,ECH,Survey,2018,s_imp_u,NA,99.16558,added
URY,ECH,Survey,2018,s_lat_r,NA,9.221059999999994,added
URY,ECH,Survey,2018,s_lat_u,NA,3.23451,added
URY,ECH,Survey,2018,s_od_r,NA,0.67608,added
URY,ECH,Survey,2018,s_od_u,NA,0.38932,added
URY,ECH,Survey,2018,s_sep_r,NA,87.255,added
URY,ECH,Survey,2018,s_sep_u,NA,32.02085,added
URY,ECH,Survey,2018,s_sew_r,NA,1.0629,added
URY,ECH,Survey,2018,s_sew_u,NA,63.91022,added
URY,ECH,Survey,2018,s_shared_r,NA,0.8402887162884941,added
URY,ECH,Survey,2018,s_shared_u,NA,0.6770382781332646,added
URY,ECH,Survey,2019,s_imp_r,NA,97.09248,added
URY,ECH,Survey,2019,s_imp_u,NA,99.07726999999998,added
URY,ECH,Survey,2019,s_lat_r,NA,8.957660000000004,added
URY,ECH,Survey,2019,s_lat_u,NA,3.060469999999995,added
URY,ECH,Survey,2019,s_od_r,NA,0.73995,added
URY,ECH,Survey,2019,s_od_u,NA,0.28097,added
URY,ECH,Survey,2019,s_sep_r,NA,87.39487,added
URY,ECH,Survey,2019,s_sep_u,NA,31.55138,added
URY,ECH,Survey,2019,s_sew_r,NA,0.73995,added
URY,ECH,Survey,2019,s_sew_u,NA,64.46542,added
URY,ECH,Survey,2019,s_shared_r,NA,0.7492815015092044,added
URY,ECH,Survey,2019,s_shared_u,NA,0.6489466826105511,added
USA,AHS,Survey,2011,s_lat_con_r,NA,98.57320099255584,added
USA,AHS,Survey,2011,s_lat_con_u,NA,98.68967721316714,added
USA,AHS,Survey,2011,s_lat_n,0,NA,removed
USA,AHS,Survey,2011,s_sep_con_r,NA,98.57320099255584,added
USA,AHS,Survey,2011,s_sep_con_u,NA,98.68967721316714,added
USA,AHS,Survey,2011,s_sep_n,19.345041250391617,NA,removed
USA,AHS,Survey,2011,s_sew_net_r,NA,98.5553772070626,added
USA,AHS,Survey,2011,s_sew_net_u,NA,98.64886977255196,added
USA,AHS,Survey,2013,s_lat_con_r,NA,98.79471972450736,added
USA,AHS,Survey,2013,s_lat_con_u,NA,98.60752965446106,added
USA,AHS,Survey,2013,s_lat_n,0,NA,removed
USA,AHS,Survey,2013,s_sep_con_r,NA,98.79471972450736,added
USA,AHS,Survey,2013,s_sep_con_u,NA,98.60752965446106,added
USA,AHS,Survey,2013,s_sep_n,18.556434071056174,NA,removed
USA,AHS,Survey,2013,s_sew_net_r,NA,99.08651262761956,added
USA,AHS,Survey,2013,s_sew_net_u,NA,98.71085072341992,added
USA,AHS,Survey,2015,s_imp_r,NA,98.5842647381109,added
USA,AHS,Survey,2015,s_imp_u,NA,99.27729772191674,added
USA,AHS,Survey,2015,s_lat_con_r,NA,98.4235193864508,added
USA,AHS,Survey,2015,s_lat_con_u,NA,98.0845734492412,added
USA,AHS,Survey,2015,s_lat_r,NA,0,added
USA,AHS,Survey,2015,s_lat_u,NA,0,added
USA,AHS,Survey,2015,s_sep_con_r,NA,98.4235193864508,added
USA,AHS,Survey,2015,s_sep_con_u,NA,98.0845734492412,added
USA,AHS,Survey,2015,s_sep_r,NA,72.00964277887356,added
USA,AHS,Survey,2015,s_sep_u,NA,7.1086671903639695,added
USA,AHS,Survey,2015,s_sew_net_r,NA,98.10324921655946,added
USA,AHS,Survey,2015,s_sew_net_u,NA,98.56133093933953,added
USA,AHS,Survey,2015,s_sew_r,NA,26.574621959237344,added
USA,AHS,Survey,2015,s_sew_u,NA,92.16863053155276,added
USA,AHS,Survey,2017,s_imp_r,NA,99.77077602734016,added
USA,AHS,Survey,2017,s_imp_u,NA,99.99282536949347,added
USA,AHS,Survey,2017,s_lat_con_r,NA,98.6010942551604,added
USA,AHS,Survey,2017,s_lat_con_u,NA,98.70452528837622,added
USA,AHS,Survey,2017,s_lat_r,NA,0,added
USA,AHS,Survey,2017,s_lat_u,NA,0,added
USA,AHS,Survey,2017,s_sep_con_r,NA,98.6010942551604,added
USA,AHS,Survey,2017,s_sep_con_u,NA,98.70452528837622,added
USA,AHS,Survey,2017,s_sep_r,NA,67.0334250229224,added
USA,AHS,Survey,2017,s_sep_u,NA,5.775577557755775,added
USA,AHS,Survey,2017,s_sew_net_r,NA,98.8924252068746,added
USA,AHS,Survey,2017,s_sew_net_u,NA,98.5825246943127,added
USA,AHS,Survey,2017,s_sew_r,NA,32.73735100441777,added
USA,AHS,Survey,2017,s_sew_u,NA,94.21724781173768,added
USA,AHS,Survey,2019,s_imp_r,NA,98.97610921501706,added
USA,AHS,Survey,2019,s_imp_u,NA,99.96775201297982,added
USA,AHS,Survey,2019,s_lat_con_r,NA,98.81153396545004,added
USA,AHS,Survey,2019,s_lat_con_u,NA,98.63153594771242,added
USA,AHS,Survey,2019,s_lat_r,NA,0,added
USA,AHS,Survey,2019,s_lat_u,NA,0,added
USA,AHS,Survey,2019,s_sep_con_r,NA,98.81153396545004,added
USA,AHS,Survey,2019,s_sep_con_u,NA,98.63153594771242,added
USA,AHS,Survey,2019,s_sep_r,NA,61.092150170648466,added
USA,AHS,Survey,2019,s_sep_u,NA,4.933942014088339,added
USA,AHS,Survey,2019,s_sew_net_r,NA,98.8447270800212,added
USA,AHS,Survey,2019,s_sew_net_u,NA,98.82506388980202,added
USA,AHS,Survey,2019,s_sew_r,NA,37.883959044368595,added
USA,AHS,Survey,2019,s_sew_u,NA,95.03380999889148,added
UZB,PWH,Admin,2018,s_sew_u,NA,49,added
VEN,ERH,Survey,2012,s_treat_wtp_n,25.05611124857296,25.51032915815829,changed
VEN,ENCOVI,Other,2014,s_imp_n,94.3,95.45,changed
VEN,ENCOVI,Other,2014,s_lat_n,0,1.1500000000000057,changed
VEN,ENCOVI,Other,2015,s_imp_n,93.9,94.85,changed
VEN,ENCOVI,Other,2015,s_lat_n,0,0.9500000000000028,changed
VEN,ENCOVI,Other,2020,s_imp_n,NA,95.5,added
VEN,ENCOVI,Other,2020,s_lat_n,NA,0.5,added
VEN,ENCOVI,Other,2020,s_sep_n,NA,11,added
VEN,ENCOVI,Other,2020,s_sew_n,NA,84,added
VNM,LSS,Survey,2004,s_lat_r,40.923565795382345,NA,removed
VNM,LSS,Survey,2004,s_lat_u,80.17707668137115,NA,removed
VNM,LSS,Survey,2004,s_sew_r,0.6396462411856614,NA,removed
VNM,LSS,Survey,2004,s_sew_u,3.112416290268833,NA,removed
VNM,AIS,Survey,2005,s_lat_r,56.14060891399875,NA,removed
VNM,AIS,Survey,2005,s_lat_u,88.6387823531628,NA,removed
VNM,AIS,Survey,2005,s_sew_r,0.7148148148148149,NA,removed
VNM,AIS,Survey,2005,s_sew_u,2.5966507177033495,NA,removed
VNM,HLSS,Survey,2006,s_lat_r,53.11485609785993,NA,removed
VNM,HLSS,Survey,2006,s_lat_u,84.3367150701881,NA,removed
VNM,HLSS,Survey,2006,s_sew_r,0.6528033409753853,NA,removed
VNM,HLSS,Survey,2006,s_sew_u,2.237106538660163,NA,removed
VNM,HLSS,Survey,2008,s_lat_r,54.24074074074074,NA,removed
VNM,HLSS,Survey,2008,s_lat_u,87.65825358851674,NA,removed
VNM,HLSS,Survey,2008,s_sew_r,0.9592592592592594,NA,removed
VNM,HLSS,Survey,2008,s_sew_u,2.541746411483254,NA,removed
VNM,HLSS,Survey,2010,s_lat_r,66.28004535147392,NA,removed
VNM,HLSS,Survey,2010,s_lat_u,89.9043771043771,NA,removed
VNM,HLSS,Survey,2010,s_sew_r,0.8199546485260771,NA,removed
VNM,HLSS,Survey,2010,s_sew_u,3.8956228956228953,NA,removed
VNM,HLSS,Survey,2012,s_lat_r,69.04580498866213,NA,removed
VNM,HLSS,Survey,2012,s_lat_u,89.74309764309764,NA,removed
VNM,HLSS,Survey,2014,s_lat_r,77.38581081081081,NA,removed
VNM,HLSS,Survey,2014,s_lat_u,93.76990077177507,NA,removed
VNM,HLSS,Survey,2014,s_sew_r,0.4141891891891892,NA,removed
VNM,HLSS,Survey,2014,s_sew_u,1.3300992282249176,NA,removed
VNM,HLSS,Survey,2016,s_lat_r,81.23581081081082,NA,removed
VNM,HLSS,Survey,2016,s_lat_u,95.54123484013229,NA,removed
VNM,HLSS,Survey,2016,s_sew_r,0.46418918918918917,NA,removed
VNM,HLSS,Survey,2016,s_sew_u,1.358765159867696,NA,removed
VNM,HLSS,Survey,2018,s_imp_r,NA,88.8,added
VNM,HLSS,Survey,2018,s_imp_u,NA,98,added
VUT,HIES,Survey,2006,s_lat_r,67.92263565891473,NA,removed
VUT,HIES,Survey,2006,s_lat_u,85.87945205479451,NA,removed
VUT,HIES,Survey,2006,s_shared_r,17.902673678112595,14.130239601711406,changed
VUT,HIES,Survey,2006,s_shared_u,29.617411811174556,9.822576804000954,changed
VUT,HIES,Survey,2010,s_lat_r,54.34055847992317,NA,removed
VUT,HIES,Survey,2010,s_lat_u,78.63584932605377,NA,removed
VUT,HIES,Survey,2010,s_sew_r,8.70360690015682,NA,removed
VUT,HIES,Survey,2010,s_sew_u,14.113873295910185,NA,removed
VUT,HIES,Survey,2010,s_shared_r,17.967549544311463,17.91946164790713,changed
VUT,HIES,Survey,2010,s_shared_u,34.77330289635448,34.410810800140545,changed
VUT,VDHS,Survey,2013,s_lat_r,NA,49.400000000000006,added
VUT,VDHS,Survey,2013,s_lat_u,NA,9.199999999999996,added
VUT,VDHS,Survey,2013,s_od_r,2.5,2.1,changed
VUT,VDHS,Survey,2013,s_od_u,1.2,1.4,changed
VUT,VDHS,Survey,2013,s_sew_r,NA,1.8,added
VUT,VDHS,Survey,2013,s_sew_u,NA,7.7,added
VUT,MCEN,Census,2016,s_imp_r,62.6901936576941,62.56379857707239,changed
VUT,MCEN,Census,2016,s_imp_u,91.93896708315931,91.66088831701096,changed
VUT,MCEN,Census,2016,s_lat_r,52.01361481228535,NA,removed
VUT,MCEN,Census,2016,s_lat_u,76.86998431098118,NA,removed
VUT,MCEN,Census,2016,s_sew_r,10.676578845408756,NA,removed
VUT,MCEN,Census,2016,s_sew_u,15.068982772178138,NA,removed
VUT,MCEN,Census,2016,s_shared_r,52.531124298164755,NA,removed
VUT,MCEN,Census,2016,s_shared_u,45.775487947357554,NA,removed
WLF,CEN,Admin,2008,s_imp_n,95.68410010490035,NA,removed
WLF,CEN,Census,2008,s_imp_n,NA,95.68410010490037,added
WLF,CEN,Admin,2008,s_imp_r,95.68410010490035,NA,removed
WLF,CEN,Census,2008,s_imp_r,NA,95.68410010490037,added
WLF,CEN,Admin,2008,s_od_n,4.315899895099656,NA,removed
WLF,CEN,Census,2008,s_od_n,NA,4.315899895099656,added
WLF,CEN,Admin,2008,s_od_r,4.315899895099656,NA,removed
WLF,CEN,Census,2008,s_od_r,NA,4.315899895099656,added
WLF,CEN,Admin,2013,s_imp_n,98.13972715998347,NA,removed
WLF,CEN,Census,2013,s_imp_n,NA,98.13972715998348,added
WLF,CEN,Admin,2013,s_imp_r,98.13972715998347,NA,removed
WLF,CEN,Census,2013,s_imp_r,NA,98.13972715998348,added
WLF,CEN,Admin,2013,s_od_n,1.8602728400165358,NA,removed
WLF,CEN,Census,2013,s_od_n,NA,1.860272840016536,added
WLF,CEN,Admin,2013,s_od_r,1.8602728400165358,NA,removed
WLF,CEN,Census,2013,s_od_r,NA,1.860272840016536,added
WLF,CEN,Census,2018,s_imp_n,NA,92.24336793540944,added
WLF,CEN,Census,2018,s_imp_r,NA,92.24336793540944,added
WLF,CEN,Census,2018,s_od_n,NA,7.756632064590542,added
WLF,CEN,Census,2018,s_od_r,NA,7.756632064590542,added
WSM,DHS,Survey,2014,s_imp_r,95.5,98.82468,changed
WSM,DHS,Survey,2014,s_imp_u,95.64999999999999,98.45971,changed
WSM,DHS,Survey,2014,s_lat_r,9.200000000000003,10.191019999999996,changed
WSM,DHS,Survey,2014,s_lat_u,5.349999999999994,7.701509999999999,changed
WSM,DHS,Survey,2014,s_od_r,0.1,0.25282,changed
WSM,DHS,Survey,2014,s_od_u,0.2,0,changed
WSM,DHS,Survey,2014,s_sep_r,86.3,88.63366,changed
WSM,DHS,Survey,2014,s_sep_u,90.3,90.7582,changed
WSM,DHS,Survey,2014,s_shared_r,NA,2.3914999999999997,added
WSM,DHS,Survey,2014,s_shared_u,NA,4.183859999999999,added
WSM,pMICS,Survey,2020,s_lat_edl_n,NA,0.4,added
WSM,pMICS,Survey,2020,s_lat_ero_n,NA,2.9,added
WSM,pMICS,Survey,2020,s_lat_nemp_n,NA,96.7,added
WSM,pMICS,Survey,2020,s_sep_edl_n,NA,0.4,added
WSM,pMICS,Survey,2020,s_sep_ero_n,NA,2.9,added
WSM,pMICS,Survey,2020,s_sep_nemp_n,NA,96.7,added
YEM,WFP,Survey,2019,s_imp_r,NA,40.017705,added
YEM,WFP,Survey,2019,s_imp_u,NA,80.30864000000001,added
YEM,WFP,Survey,2019,s_od_r,NA,13.08278,added
YEM,WFP,Survey,2019,s_od_u,NA,1.648985,added
ZAF,LCS,Survey,2009,s_imp_r,64.6507490443686,69.2497352559727,changed
ZAF,GHS,Survey,2009,s_imp_r,69.2497352559727,NA,removed
ZAF,DWS,Admin,2009,s_imp_r,NA,64.6507490443686,added
ZAF,LCS,Survey,2009,s_imp_u,92.82167510204083,94.30129642857143,changed
ZAF,GHS,Survey,2009,s_imp_u,94.30129642857143,NA,removed
ZAF,DWS,Admin,2009,s_imp_u,NA,92.82167510204084,added
ZAF,LCS,Survey,2009,s_lat_r,57.005269044368596,61.335655255972696,changed
ZAF,GHS,Survey,2009,s_lat_r,61.335655255972696,NA,removed
ZAF,DWS,Admin,2009,s_lat_r,NA,57.00526904436859,added
ZAF,LCS,Survey,2009,s_lat_u,8.471165102040814,8.837406428571427,changed
ZAF,GHS,Survey,2009,s_lat_u,8.837406428571427,NA,removed
ZAF,DWS,Admin,2009,s_lat_u,NA,8.471165102040814,added
ZAF,LCS,Survey,2009,s_od_r,13.7965,12.69338,changed
ZAF,GHS,Survey,2009,s_od_r,12.69338,NA,removed
ZAF,DWS,Admin,2009,s_od_r,NA,13.7965,added
ZAF,LCS,Survey,2009,s_od_u,1.36958,1.56908,changed
ZAF,GHS,Survey,2009,s_od_u,1.56908,NA,removed
ZAF,DWS,Admin,2009,s_od_u,NA,1.36958,added
ZAF,LCS,Survey,2009,s_sep_r,1.81238,3.21886,changed
ZAF,GHS,Survey,2009,s_sep_r,3.21886,NA,removed
ZAF,DWS,Admin,2009,s_sep_r,NA,1.81238,added
ZAF,LCS,Survey,2009,s_sep_u,4.38827,1.89118,changed
ZAF,GHS,Survey,2009,s_sep_u,1.89118,NA,removed
ZAF,DWS,Admin,2009,s_sep_u,NA,4.38827,added
ZAF,LCS,Survey,2009,s_sew_r,5.8331,4.69522,changed
ZAF,GHS,Survey,2009,s_sew_r,4.69522,NA,removed
ZAF,DWS,Admin,2009,s_sew_r,NA,5.8331,added
ZAF,LCS,Survey,2009,s_sew_u,79.96224000000001,83.57271,changed
ZAF,GHS,Survey,2009,s_sew_u,83.57271,NA,removed
ZAF,DWS,Admin,2009,s_sew_u,NA,79.96224000000001,added
ZAF,GHS,Survey,2009,s_shared_r,10.44164,NA,removed
ZAF,LCS,Survey,2009,s_shared_r,NA,10.44164,added
ZAF,GHS,Survey,2009,s_shared_u,18.89366,NA,removed
ZAF,LCS,Survey,2009,s_shared_u,NA,18.89366,added
ZAF,GHS,Survey,2016,s_lat_con_r,NA,88.75331,added
ZAF,GHS,Survey,2016,s_lat_con_u,NA,68.24554,added
ZAF,GHS,Survey,2016,s_sep_con_r,NA,97.00536,added
ZAF,GHS,Survey,2016,s_sep_con_u,NA,94.5358,added
ZAF,GHS,Survey,2017,s_lat_con_r,NA,88.16052,added
ZAF,GHS,Survey,2017,s_lat_con_u,NA,63.81937,added
ZAF,GHS,Survey,2017,s_sep_con_r,NA,95.63851,added
ZAF,GHS,Survey,2017,s_sep_con_u,NA,87.96443,added
ZAF,GHS,Survey,2018,s_imp_r,NA,85.03773255972698,added
ZAF,GHS,Survey,2018,s_imp_u,NA,95.3472486734694,added
ZAF,GHS,Survey,2018,s_lat_con_r,NA,89.86835,added
ZAF,GHS,Survey,2018,s_lat_con_u,NA,72.99582,added
ZAF,GHS,Survey,2018,s_lat_r,NA,74.58783255972698,added
ZAF,GHS,Survey,2018,s_lat_u,NA,7.000128673469391,added
ZAF,GHS,Survey,2018,s_od_r,NA,2.79717,added
ZAF,GHS,Survey,2018,s_od_u,NA,0.67607,added
ZAF,GHS,Survey,2018,s_sep_con_r,NA,96.70259,added
ZAF,GHS,Survey,2018,s_sep_con_u,NA,92.77553,added
ZAF,GHS,Survey,2018,s_sep_r,NA,5.97247,added
ZAF,GHS,Survey,2018,s_sep_u,NA,1.90893,added
ZAF,GHS,Survey,2018,s_sew_r,NA,4.47743,added
ZAF,GHS,Survey,2018,s_sew_u,NA,86.43819,added
ZAF,GHS,Survey,2018,s_shared_r,NA,7.368320000000001,added
ZAF,GHS,Survey,2018,s_shared_u,NA,20.33294,added
ZMB,ZSBS,Survey,2009,s_imp_r,35,20.64066985645933,changed
ZMB,ZSBS,Survey,2009,s_imp_u,64.85,68.89983305509182,changed
ZMB,LCMS,Survey,2010,s_shared_r,NA,27.973610556961052,added
ZMB,LCMS,Survey,2010,s_shared_u,NA,30.632885857999018,added
ZMB,LCMS,Survey,2015,s_imp_r,25.174513448946247,38.82960053830302,changed
ZMB,LCMS,Survey,2015,s_imp_u,69.77994160267113,77.28744038702553,changed
ZMB,LCMS,Survey,2015,s_lat_r,23.781534161994248,37.43662125135102,changed
ZMB,LCMS,Survey,2015,s_lat_u,34.955501371213124,42.46300015556752,changed
ZMB,PHIA,Survey,2016,s_imp_r,NA,21.56838,added
ZMB,PHIA,Survey,2016,s_imp_u,NA,75.45375,added
ZMB,PHIA,Survey,2016,s_lat_r,NA,19.50558,added
ZMB,PHIA,Survey,2016,s_lat_u,NA,38.601609999999994,added
ZMB,PHIA,Survey,2016,s_od_r,NA,15.35064,added
ZMB,PHIA,Survey,2016,s_od_u,NA,1.31263,added
ZMB,PHIA,Survey,2016,s_sep_r,NA,1.47479,added
ZMB,PHIA,Survey,2016,s_sep_u,NA,11.89976,added
ZMB,PHIA,Survey,2016,s_sew_r,NA,0.58801,added
ZMB,PHIA,Survey,2016,s_sew_u,NA,24.95238,added
ZMB,PHIA,Survey,2016,s_shared_r,NA,22.41833,added
ZMB,PHIA,Survey,2016,s_shared_u,NA,39.42409,added
ZMB,WV,Survey,2017,s_lat_con_r,NA,97.26331,added
ZMB,WV,Survey,2017,s_lat_ebo_r,NA,0,added
ZMB,WV,Survey,2017,s_lat_edl_r,NA,0.07524,added
ZMB,WV,Survey,2017,s_lat_ero_r,NA,0,added
ZMB,WV,Survey,2017,s_lat_nemp_r,NA,99.92476,added
ZMB,WV,Survey,2017,s_sep_con_r,NA,97.26331,added
ZMB,WV,Survey,2017,s_sep_ebo_r,NA,0,added
ZMB,WV,Survey,2017,s_sep_edl_r,NA,0.07524,added
ZMB,WV,Survey,2017,s_sep_ero_r,NA,0,added
ZMB,WV,Survey,2017,s_sep_nemp_r,NA,99.92476,added
ZMB,DHS,Survey,2018,s_imp_r,NA,37.68178,added
ZMB,DHS,Survey,2018,s_imp_u,NA,79.03486,added
ZMB,DHS,Survey,2018,s_lat_r,NA,35.78935,added
ZMB,DHS,Survey,2018,s_lat_u,NA,47.441309999999994,added
ZMB,DHS,Survey,2018,s_od_r,NA,15.52957,added
ZMB,DHS,Survey,2018,s_od_u,NA,1.01023,added
ZMB,DHS,Survey,2018,s_sep_r,NA,1.43625,added
ZMB,DHS,Survey,2018,s_sep_u,NA,14.39608,added
ZMB,DHS,Survey,2018,s_sew_r,NA,0.45618,added
ZMB,DHS,Survey,2018,s_sew_u,NA,17.19747,added
ZMB,DHS,Survey,2018,s_shared_r,NA,26.20932,added
ZMB,DHS,Survey,2018,s_shared_u,NA,48.61169,added
ZWE,DHS,Survey,2005,s_imp_r,47.300000000000004,NA,removed
ZWE,DHS,Survey,2005,s_imp_u,97.30000000000001,NA,removed
ZWE,DHS,Survey,2005,s_lat_r,45.300000000000004,NA,removed
ZWE,DHS,Survey,2005,s_lat_u,41.20000000000001,NA,removed
ZWE,DHS,Survey,2005,s_od_r,44.9,NA,removed
ZWE,DHS,Survey,2005,s_od_u,0.2,NA,removed
ZWE,DHS,Survey,2005,s_sep_r,0.8,NA,removed
ZWE,DHS,Survey,2005,s_sep_u,4,NA,removed
ZWE,DHS,Survey,2005,s_shared_r,28.929823355557083,NA,removed
ZWE,DHS,Survey,2005,s_shared_u,33.818719825572344,NA,removed
ZWE,DHS,Survey,2006,s_imp_r,NA,47.3,added
ZWE,DHS,Survey,2006,s_imp_u,NA,97.3,added
ZWE,DHS,Survey,2006,s_lat_r,NA,45.3,added
ZWE,DHS,Survey,2006,s_lat_u,NA,41.20000000000001,added
ZWE,DHS,Survey,2006,s_od_r,NA,44.9,added
ZWE,DHS,Survey,2006,s_od_u,NA,0.2,added
ZWE,DHS,Survey,2006,s_sep_r,NA,0.8,added
ZWE,DHS,Survey,2006,s_sep_u,NA,4,added
ZWE,DHS,Survey,2006,s_shared_r,NA,28.929823355557083,added
ZWE,DHS,Survey,2006,s_shared_u,NA,33.818719825572344,added
ZWE,DHS,Survey,2011,s_shared_r,NA,32.83564,added
ZWE,DHS,Survey,2011,s_shared_u,NA,46.85413,added
ZWE,LFCLS,Survey,2014,s_imp_r,NA,46.69226,added
ZWE,LFCLS,Survey,2014,s_imp_u,NA,95.52855,added
ZWE,LFCLS,Survey,2014,s_od_r,NA,39.8482,added
ZWE,LFCLS,Survey,2014,s_od_u,NA,1.55403,added
ZWE,PICES,Survey,2017,s_imp_r,NA,49.470775,added
ZWE,PICES,Survey,2017,s_imp_u,NA,97.211135,added
ZWE,PICES,Survey,2017,s_od_r,NA,37.88637,added
ZWE,PICES,Survey,2017,s_od_u,NA,0.49338,added
ZWE,PICES,Survey,2017,s_shared_r,NA,29.780619999999995,added
ZWE,PICES,Survey,2017,s_shared_u,NA,50.61975000000001,added
ZWE,MICS,Survey,2019,s_imp_r,NA,55.17594,added
ZWE,MICS,Survey,2019,s_imp_u,NA,98.43526,added
ZWE,MICS,Survey,2019,s_lat_ebo_r,NA,2.72933,added
ZWE,MICS,Survey,2019,s_lat_ebo_u,NA,2.97245,added
ZWE,MICS,Survey,2019,s_lat_edl_r,NA,0.82674,added
ZWE,MICS,Survey,2019,s_lat_edl_u,NA,1.01277,added
ZWE,MICS,Survey,2019,s_lat_ero_r,NA,0.24906,added
ZWE,MICS,Survey,2019,s_lat_ero_u,NA,0.40724,added
ZWE,MICS,Survey,2019,s_lat_nemp_r,NA,96.19487,added
ZWE,MICS,Survey,2019,s_lat_nemp_u,NA,95.60754,added
ZWE,MICS,Survey,2019,s_lat_r,NA,50.04964,added
ZWE,MICS,Survey,2019,s_lat_u,NA,4.438890000000001,added
ZWE,MICS,Survey,2019,s_od_r,NA,31.34951,added
ZWE,MICS,Survey,2019,s_od_u,NA,0.7435,added
ZWE,MICS,Survey,2019,s_sep_ebo_r,NA,3.34822,added
ZWE,MICS,Survey,2019,s_sep_ebo_u,NA,5.4923400000000004,added
ZWE,MICS,Survey,2019,s_sep_edl_r,NA,0.52081,added
ZWE,MICS,Survey,2019,s_sep_edl_u,NA,1.00844,added
ZWE,MICS,Survey,2019,s_sep_ero_r,NA,6.00817,added
ZWE,MICS,Survey,2019,s_sep_ero_u,NA,14.90668,added
ZWE,MICS,Survey,2019,s_sep_nemp_r,NA,90.1228,added
ZWE,MICS,Survey,2019,s_sep_nemp_u,NA,78.59254,added
ZWE,MICS,Survey,2019,s_sep_r,NA,4.00623,added
ZWE,MICS,Survey,2019,s_sep_u,NA,9.4575,added
ZWE,MICS,Survey,2019,s_sew_r,NA,1.12007,added
ZWE,MICS,Survey,2019,s_sew_u,NA,84.53887,added
ZWE,MICS,Survey,2019,s_shared_r,NA,38.69753,added
ZWE,MICS,Survey,2019,s_shared_u,NA,56.34097,added
