iso3,source,type,year,var_short,value_old,value_new,status
ABW,SDGR,Other,2017,s_treat_wtp_n,NA,95,added
ABW,CEN,Census,2020,s_imp_n,NA,99.10829899941136,added
ABW,CEN,Census,2020,s_od_n,NA,0.7180694526192224,added
AFG,DHS,Survey,2015,s_imp_r,48.05,40.85355675509631,changed
AFG,DHS,Survey,2015,s_imp_u,83.60000000000001,83.1501222484045,changed
AFG,DHS,Survey,2015,s_lat_r,44.75,37.55355675509631,changed
AFG,DHS,Survey,2015,s_lat_u,38.80000000000001,38.3501222484045,changed
AFG,AHS,Survey,2018,s_imp_r,NA,55.7275258225735,added
AFG,AHS,Survey,2018,s_imp_u,NA,84.37637179732327,added
AFG,AHS,Survey,2018,s_od_r,NA,13.7,added
AFG,AHS,Survey,2018,s_od_u,NA,0.2,added
AFG,MICS,Survey,2023,s_imp_r,NA,55.52851,added
AFG,MICS,Survey,2023,s_imp_u,NA,91.54722,added
AFG,MICS,Survey,2023,s_lat_ebo_r,NA,8.11118,added
AFG,MICS,Survey,2023,s_lat_ebo_u,NA,3.05278,added
AFG,MICS,Survey,2023,s_lat_edl_r,NA,38.51414,added
AFG,MICS,Survey,2023,s_lat_edl_u,NA,12.07318,added
AFG,MICS,Survey,2023,s_lat_ero_r,NA,8.31082,added
AFG,MICS,Survey,2023,s_lat_ero_u,NA,42.91193,added
AFG,MICS,Survey,2023,s_lat_nemp_r,NA,45.06387,added
AFG,MICS,Survey,2023,s_lat_nemp_u,NA,41.9621,added
AFG,MICS,Survey,2023,s_lat_r,NA,50.29611,added
AFG,MICS,Survey,2023,s_lat_u,NA,50.36715000000001,added
AFG,MICS,Survey,2023,s_od_r,NA,26.21622,added
AFG,MICS,Survey,2023,s_od_u,NA,1.0427,added
AFG,MICS,Survey,2023,s_sep_ebo_r,NA,3.13632,added
AFG,MICS,Survey,2023,s_sep_ebo_u,NA,0.98847,added
AFG,MICS,Survey,2023,s_sep_edl_r,NA,9.15458,added
AFG,MICS,Survey,2023,s_sep_edl_u,NA,4.24159,added
AFG,MICS,Survey,2023,s_sep_ero_r,NA,27.07432,added
AFG,MICS,Survey,2023,s_sep_ero_u,NA,69.18825,added
AFG,MICS,Survey,2023,s_sep_nemp_r,NA,60.63479,added
AFG,MICS,Survey,2023,s_sep_nemp_u,NA,25.58169,added
AFG,MICS,Survey,2023,s_sep_r,NA,3.55558,added
AFG,MICS,Survey,2023,s_sep_u,NA,35.84029,added
AFG,MICS,Survey,2023,s_sew_r,NA,1.67682,added
AFG,MICS,Survey,2023,s_sew_u,NA,5.33978,added
AFG,MICS,Survey,2023,s_shared_r,NA,19.89688,added
AFG,MICS,Survey,2023,s_shared_u,NA,25.52111,added
AGO,MICS,Survey,2001,s_imp_r,11.1125,NA,removed
AGO,MICS,Survey,2001,s_imp_u,63.84149659863945,NA,removed
AGO,MICS,Survey,2001,s_lat_r,7.612500000000001,NA,removed
AGO,MICS,Survey,2001,s_lat_u,34.14149659863945,NA,removed
AGO,MICS,Survey,2001,s_od_r,73.4,NA,removed
AGO,MICS,Survey,2001,s_od_u,24.2,NA,removed
AGO,MICS,Survey,2001,s_sep_r,1.3,NA,removed
AGO,MICS,Survey,2001,s_sep_u,11.2,NA,removed
AGO,MICS,Survey,2001,s_sew_r,2.2,NA,removed
AGO,MICS,Survey,2001,s_sew_u,18.5,NA,removed
AGO,QUIBB,Survey,2004,s_imp_r,NA,26.964568665558268,added
AGO,QUIBB,Survey,2004,s_imp_u,NA,77.65861281980472,added
AGO,QUIBB,Survey,2004,s_lat_r,22.47407,14.642518665558269,changed
AGO,QUIBB,Survey,2004,s_lat_u,18.65148999999999,23.33334281980472,changed
AGO,QUIBB,Survey,2004,s_od_r,NA,48.68395,added
AGO,QUIBB,Survey,2004,s_od_u,NA,14.37663,added
AGO,QUIBB,Survey,2004,s_sep_r,NA,6.62215,added
AGO,QUIBB,Survey,2004,s_sep_u,NA,14.43416,added
AGO,QUIBB,Survey,2004,s_sew_r,NA,5.6999,added
AGO,QUIBB,Survey,2004,s_sew_u,NA,39.89111,added
AGO,MIS,Survey,2007,s_imp_r,18.299999999999997,18.25746,changed
AGO,MIS,Survey,2007,s_imp_u,83.7,83.69252999999999,changed
AGO,MIS,Survey,2007,s_lat_r,14.099999999999998,14.076230000000002,changed
AGO,MIS,Survey,2007,s_lat_u,34.300000000000004,34.311859999999996,changed
AGO,MIS,Survey,2007,s_od_r,50.9,50.87239,changed
AGO,MIS,Survey,2007,s_od_u,3,2.96357,changed
AGO,MIS,Survey,2007,s_sep_r,4,4.00748,changed
AGO,MIS,Survey,2007,s_sep_u,35,35.02224,changed
AGO,MIS,Survey,2007,s_sew_r,0.2,0.17375,changed
AGO,MIS,Survey,2007,s_sew_u,14.4,14.35843,changed
AGO,IBEP,Survey,2009,s_imp_r,19.62505690505089,17.64814340683352,changed
AGO,IBEP,Survey,2009,s_imp_u,80.09425679298414,70.50875928568955,changed
AGO,IBEP,Survey,2009,s_lat_r,4.442603145942943,3.367522888945704,changed
AGO,IBEP,Survey,2009,s_lat_u,31.480932378005058,23.183450924092043,changed
AGO,IBEP,Survey,2009,s_od_r,63.45610093378435,71.67885,changed
AGO,IBEP,Survey,2009,s_od_u,10.259681581530536,26.36942,changed
AGO,IBEP,Survey,2009,s_sep_r,12.589355121679088,12.14798,changed
AGO,IBEP,Survey,2009,s_sep_u,26.092576759270873,25.25046,changed
AGO,IBEP,Survey,2009,s_sew_r,2.5930986374288603,2.132640517887815,changed
AGO,IBEP,Survey,2009,s_sew_u,22.52074765570821,22.07484836159751,changed
AGO,QUIBB,Survey,2011,s_imp_r,24.510059427876552,24.579061895613897,changed
AGO,MIS,Survey,2011,s_imp_r,17.507953355802385,19.12262,changed
AGO,QUIBB,Survey,2011,s_imp_u,90.1139015908832,90.91106083260222,changed
AGO,MIS,Survey,2011,s_imp_u,88.00900450520017,88.85882000000002,changed
AGO,QUIBB,Survey,2011,s_lat_r,17.810059427876553,17.817481895613895,changed
AGO,MIS,Survey,2011,s_lat_r,13.771064865446832,15.183139999999998,changed
AGO,QUIBB,Survey,2011,s_lat_u,20.81390159088319,19.66122083260221,changed
AGO,MIS,Survey,2011,s_lat_u,46.20424117692477,45.84605000000002,changed
AGO,QUIBB,Survey,2011,s_od_r,49.1,50.69096,changed
AGO,MIS,Survey,2011,s_od_r,62.2892012245001,59.73562,changed
AGO,QUIBB,Survey,2011,s_od_u,6.7,6.0998,changed
AGO,MIS,Survey,2011,s_od_u,4.04298882332235,3.39898,changed
AGO,QUIBB,Survey,2011,s_sep_r,6,6.07129,changed
AGO,MIS,Survey,2011,s_sep_r,3.21411631056749,3.43187,changed
AGO,QUIBB,Survey,2011,s_sep_u,37.6,38.04645,changed
AGO,MIS,Survey,2011,s_sep_u,22.6111664298959,23.65029,changed
AGO,QUIBB,Survey,2011,s_sew_r,0.7,0.69029,changed
AGO,MIS,Survey,2011,s_sew_r,0.522772179788064,0.50761,changed
AGO,QUIBB,Survey,2011,s_sew_u,31.7,33.20339,changed
AGO,MIS,Survey,2011,s_sew_u,19.1935968983795,19.36248,changed
AGO,CEN,Census,2014,s_imp_r,25.876792014886128,33.14053,changed
AGO,CEN,Census,2014,s_imp_u,81.76164206353407,84.82187,changed
AGO,CEN,Census,2014,s_od_r,NA,60.86605,added
AGO,CEN,Census,2014,s_od_u,NA,11.04399,added
AGO,CEN,Census,2014,s_sep_r,25.35086932769342,32.52992999999999,changed
AGO,CEN,Census,2014,s_sep_u,76.23906123519723,79.38506000000001,changed
AGO,IIMS,Survey,2016,s_imp_r,29.36774,29.373249999999995,changed
AGO,IIMS,Survey,2016,s_imp_u,87.31857000000001,87.24247,changed
AGO,IIMS,Survey,2016,s_od_r,62.78523,62.75068,changed
AGO,IIMS,Survey,2016,s_od_u,7.76058,7.80218,changed
AGO,IIMS,Survey,2016,s_sep_r,27.07108,27.08977,changed
AGO,IIMS,Survey,2016,s_sep_u,75.63925,75.61519,changed
AGO,IIMS,Survey,2016,s_sew_r,2.29666,2.28348,changed
AGO,IIMS,Survey,2016,s_sew_u,11.67932,11.62728,changed
AGO,IIMS,Survey,2016,s_shared_r,20.40486,20.41538,changed
AGO,IIMS,Survey,2016,s_shared_u,30.270050000000005,30.35824,changed
AIA,CEN,Census,2001,s_imp_n,NA,92.535,added
AIA,CEN,Census,2001,s_od_n,NA,2.09,added
AIA,CPA,Survey,2002,s_imp_n,NA,95,added
AIA,CPA,Survey,2009,s_imp_n,NA,96.8,added
AIA,CPA,Survey,2009,s_lat_n,NA,1.7000000000000028,added
AIA,CPA,Survey,2009,s_sep_n,NA,93.9,added
AIA,CPA,Survey,2009,s_sew_n,NA,1.2,added
AIA,CEN,Census,2011,s_imp_n,NA,98.35,added
AIA,CEN,Census,2011,s_od_n,NA,0.8,added
AIA,CEN,Census,2011,s_shared_n,NA,2.4,added
ALB,ES,Admin,2014,s_sew_rtp_n,NA,73.31,added
ALB,ES,Admin,2015,s_sew_rtp_n,NA,69.2,added
ALB,ES,Admin,2016,s_sew_rtp_n,NA,64.8,added
ALB,ES,Admin,2017,s_sew_rtp_n,NA,75,added
ALB,ES,Admin,2018,s_sew_rtp_n,NA,75,added
ALB,PWH,Admin,2019,s_sew_r,NA,12.87,added
ALB,ES,Admin,2019,s_sew_rtp_n,NA,75.76,added
ALB,PWH,Admin,2019,s_sew_u,NA,80.65,added
ALB,PWH,Admin,2020,s_sew_r,NA,15,added
ALB,ES,Admin,2020,s_sew_rtp_n,NA,75.17,added
ALB,PWH,Admin,2020,s_sew_u,NA,82.18,added
ALB,ES,Admin,2021,s_sew_rtp_n,NA,73.5,added
ALB,ES,Admin,2021,s_treat_wtp_n,NA,81.68429003021149,added
ALB,ES,Admin,2022,s_sew_rtp_n,NA,63.4,added
ALB,ES,Admin,2022,s_treat_wtp_n,NA,70.68805924097502,added
AND,HBS,Survey,2008,s_treat_wtp_n,98,NA,removed
AND,GAS,Admin,2008,s_treat_wtp_n,NA,17.1,added
AND,HBS,Survey,2009,s_treat_wtp_n,98,NA,removed
AND,GAS,Admin,2009,s_treat_wtp_n,NA,19.6,added
AND,UNSD,Admin,2010,s_sew_rtp_n,NA,98,added
AND,UNSD,Admin,2010,s_treat_wtp_n,NA,100,added
AND,UNSD,Admin,2011,s_sew_rtp_n,NA,100,added
AND,UNSD,Admin,2011,s_treat_wtp_n,NA,100,added
AND,UNSD,Admin,2012,s_sew_rtp_n,NA,100,added
AND,UNSD,Admin,2012,s_treat_wtp_n,NA,100,added
AND,UNSD,Admin,2013,s_sew_rtp_n,NA,100,added
AND,UNSD,Admin,2013,s_treat_wtp_n,NA,100,added
AND,UNSD,Admin,2014,s_sew_rtp_n,NA,100,added
AND,UNSD,Admin,2014,s_treat_wtp_n,NA,100,added
AND,UNSD,Admin,2015,s_sew_rtp_n,NA,100,added
AND,UNSD,Admin,2015,s_treat_wtp_n,NA,100,added
AND,UNSD,Admin,2016,s_sew_rtp_n,NA,100,added
AND,UNSD,Admin,2016,s_treat_wtp_n,NA,100,added
AND,UNSD,Admin,2017,s_sew_rtp_n,NA,100,added
AND,UNSD,Admin,2017,s_treat_wtp_n,NA,100,added
AND,UNSD,Admin,2018,s_sew_rtp_n,NA,100,added
AND,UNSD,Admin,2018,s_treat_wtp_n,NA,100,added
AND,UNSD,Admin,2019,s_sew_rtp_n,NA,100,added
AND,UNSD,Admin,2019,s_treat_wtp_n,NA,100,added
AND,UNSD,Admin,2020,s_treat_wtp_n,NA,100,added
AND,UNSD,Admin,2021,s_treat_wtp_n,NA,100,added
ARE,FEI,Survey,2008,s_imp_n,98.4,NA,removed
ARE,FEI,Survey,2008,s_sep_n,20.1,NA,removed
ARE,FEI,Survey,2008,s_sew_n,78.3,NA,removed
ARE,HS,Survey,2018,s_imp_n,99.77953999999998,NA,removed
ARE,HS,Survey,2018,s_imp_r,NA,99.92466,added
ARE,HS,Survey,2018,s_imp_u,NA,99.7735,added
ARE,HS,Survey,2018,s_lat_n,4.711029999999994,NA,removed
ARE,HS,Survey,2018,s_lat_r,NA,11.17134,added
ARE,HS,Survey,2018,s_lat_u,NA,4.441699999999997,added
ARE,HS,Survey,2018,s_sep_n,1.1141,NA,removed
ARE,HS,Survey,2018,s_sep_r,NA,2.81279,added
ARE,HS,Survey,2018,s_sep_u,NA,1.04328,added
ARE,HS,Survey,2018,s_sew_n,93.95441,NA,removed
ARE,HS,Survey,2018,s_sew_r,NA,85.94053,added
ARE,HS,Survey,2018,s_sew_u,NA,94.28852,added
ARE,HS,Survey,2018,s_shared_n,0.77043,NA,removed
ARE,HS,Survey,2018,s_shared_r,NA,0,added
ARE,HS,Survey,2018,s_shared_u,NA,0.8026,added
ARE,WW,Admin,2018,s_treat_wtp_n,NA,100,added
ARE,WW,Admin,2019,s_treat_wtp_n,NA,99.95808454775418,added
ARE,WW,Admin,2020,s_treat_wtp_n,NA,99.95399182165713,added
ARE,WW,Admin,2021,s_treat_wtp_n,NA,99.99691721789571,added
ARE,WW,Admin,2022,s_treat_wtp_n,NA,99.99697024912952,added
ARG,UNSD,Admin,2010,s_sew_rtp_n,NA,100,added
ARG,ENV,Survey,2017,s_imp_u,NA,98.06968,added
ARG,ENV,Survey,2017,s_lat_u,NA,10.360659999999996,added
ARG,ENV,Survey,2017,s_od_u,NA,1.01847,added
ARG,ENV,Survey,2017,s_sep_u,NA,23.46527,added
ARG,ENV,Survey,2017,s_sew_u,NA,64.24375,added
ARG,MICS,Survey,2020,s_imp_u,NA,99.46381999999998,added
ARG,MICS,Survey,2020,s_lat_ebo_u,NA,1.00629,added
ARG,MICS,Survey,2020,s_lat_edl_u,NA,6.68713,added
ARG,MICS,Survey,2020,s_lat_ero_u,NA,42.30951,added
ARG,MICS,Survey,2020,s_lat_nemp_u,NA,49.99708,added
ARG,MICS,Survey,2020,s_lat_u,NA,26.28962999999999,added
ARG,MICS,Survey,2020,s_od_u,NA,0.12273,added
ARG,MICS,Survey,2020,s_sep_ebo_u,NA,1.85635,added
ARG,MICS,Survey,2020,s_sep_edl_u,NA,6.54949,added
ARG,MICS,Survey,2020,s_sep_ero_u,NA,33.79081,added
ARG,MICS,Survey,2020,s_sep_nemp_u,NA,57.80335,added
ARG,WWT,Admin,2020,s_sew_rtp_n,NA,84.61538461538461,added
ARG,WWT,Admin,2020,s_sew_rtp_u,84.61538461538461,NA,removed
ARG,MICS,Survey,2020,s_sew_u,NA,65.09469,added
ARG,MICS,Survey,2020,s_shared_u,NA,2.92132,added
ARG,WWT,Admin,2020,s_treat_wtp_n,NA,54,added
ARG,WWT,Admin,2020,s_treat_wtp_u,54,NA,removed
ARG,CC,Other,2022,s_sew_rtp_n,NA,87.7,added
ARM,WW,Admin,2007,s_treat_wtp_n,45.29553679131483,NA,removed
ARM,OECD,Admin,2010,s_sew_rtp_n,NA,55.19639164037139,added
ARM,OECD,Admin,2011,s_sew_rtp_n,NA,55.40215503210344,added
ARM,OECD,Admin,2012,s_sew_rtp_n,NA,55.5374986985147,added
ARM,STEPWB,Survey,2013,s_imp_u,NA,99.19044,added
ARM,STEPWB,Survey,2013,s_lat_u,NA,2.096810000000005,added
ARM,STEPWB,Survey,2013,s_sep_u,NA,1.01939,added
ARM,UNSD,Admin,2013,s_sew_rtp_n,NA,53.228118896484375,added
ARM,OECD,Admin,2013,s_sew_rtp_n,NA,53.22812270570875,added
ARM,STEPWB,Survey,2013,s_sew_u,NA,96.07424,added
ARM,UNSD,Admin,2013,s_treat_wtp_n,NA,0,added
ARM,UNSD,Admin,2014,s_sew_rtp_n,NA,54.16058349609375,added
ARM,OECD,Admin,2014,s_sew_rtp_n,NA,54.16058171404526,added
ARM,UNSD,Admin,2014,s_treat_wtp_n,NA,0,added
ARM,NCLS,Survey,2015,s_imp_r,NA,78.58711,added
ARM,NCLS,Survey,2015,s_imp_u,NA,97.531115,added
ARM,UNSD,Admin,2015,s_sew_rtp_n,NA,54.36337661743164,added
ARM,OECD,Admin,2015,s_sew_rtp_n,NA,54.36337406884264,added
ARM,NCLS,Survey,2015,s_shared_r,NA,0.6638161185363535,added
ARM,NCLS,Survey,2015,s_shared_u,NA,1.1437115099768147,added
ARM,WW,Admin,2015,s_treat_wtp_n,69.0429205722743,NA,removed
ARM,UNSD,Admin,2015,s_treat_wtp_n,NA,0,added
ARM,UNSD,Admin,2016,s_sew_rtp_n,NA,54.662841796875,added
ARM,OECD,Admin,2016,s_sew_rtp_n,NA,54.66284293526399,added
ARM,WW,Admin,2016,s_treat_wtp_n,69.35169546576587,NA,removed
ARM,UNSD,Admin,2016,s_treat_wtp_n,NA,0,added
ARM,UNSD,Admin,2017,s_sew_rtp_n,NA,54.871055603027344,added
ARM,OECD,Admin,2017,s_sew_rtp_n,NA,54.87105470673782,added
ARM,WW,Admin,2017,s_treat_wtp_n,58.024691358024704,NA,removed
ARM,UNSD,Admin,2017,s_treat_wtp_n,NA,0,added
ARM,UNSD,Admin,2018,s_sew_rtp_n,NA,61.33518600463867,added
ARM,OECD,Admin,2018,s_sew_rtp_n,NA,61.335183516331014,added
ARM,WW,Admin,2018,s_treat_wtp_n,63.649730436203235,NA,removed
ARM,UNSD,Admin,2018,s_treat_wtp_n,NA,0,added
ARM,UNSD,Admin,2019,s_sew_rtp_n,NA,46.720218658447266,added
ARM,OECD,Admin,2019,s_sew_rtp_n,NA,46.72022031812183,added
ARM,WW,Admin,2019,s_treat_wtp_n,71.01103863522327,NA,removed
ARM,UNSD,Admin,2019,s_treat_wtp_n,NA,0,added
ARM,OECD,Admin,2020,s_sew_rtp_n,NA,52.8,added
ARM,CC,Admin,2020,s_sew_rtp_n,NA,44.865212,added
ARM,CC,Admin,2020,s_treat_wtp_n,NA,0,added
ARM,UNSD,Admin,2021,s_sew_rtp_n,NA,52.832517952754934,added
ARM,OECD,Admin,2021,s_sew_rtp_n,NA,52.832517952754934,added
ARM,CC,Admin,2021,s_sew_rtp_n,NA,58.374384,added
ARM,UNSD,Admin,2021,s_treat_wtp_n,NA,0,added
ARM,CC,Admin,2021,s_treat_wtp_n,NA,0,added
ARM,CEN,Census,2022,s_imp_r,NA,89.15228625456959,added
ARM,CEN,Census,2022,s_imp_u,NA,98.61160748389484,added
ARM,CEN,Census,2022,s_shared_r,NA,7.49512285896076,added
ARM,CEN,Census,2022,s_shared_u,NA,1.842836210859471,added
ASM,HIES,Survey,2005,s_imp_n,NA,97.56911344137274,added
ASM,HIES,Survey,2005,s_sep_n,NA,50.619637750238326,added
ASM,HIES,Survey,2005,s_sew_n,NA,44.518589132507145,added
ASM,IBNET,Survey,2013,s_treat_wtp_n,78.3,NA,removed
ASM,IBNET,Other,2013,s_treat_wtp_n,NA,78.26086956521739,added
ASM,IBNET,Other,2014,s_treat_wtp_n,78.1,78.125,changed
ASM,HIES,Survey,2015,s_imp_n,99.28403117636395,99.2115280043502,changed
ASM,HIES,Survey,2015,s_od_n,0.7069059271343121,NA,removed
ASM,HIES,Survey,2015,s_sep_n,NA,45.051658510059816,added
ASM,HIES,Survey,2015,s_sew_n,NA,53.37139749864056,added
ASM,HIES,Survey,2015,s_shared_n,42.69283432222729,NA,removed
ASM,IBNET,Survey,2015,s_treat_wtp_n,99.7,NA,removed
ASM,IBNET,Other,2015,s_treat_wtp_n,NA,99.6644295302013,added
ASM,CEN,Census,2020,s_imp_n,NA,98.15,added
ASM,CEN,Census,2020,s_lat_n,NA,1.8499999999999943,added
ASM,CEN,Census,2020,s_sep_n,NA,44.2,added
ASM,CEN,Census,2020,s_sew_n,NA,52.1,added
ATG,CEN,Census,2001,s_imp_n,86.53779342723006,NA,removed
ATG,CEN,Census,2001,s_imp_r,NA,86.91558441558442,added
ATG,CEN,Census,2001,s_imp_u,NA,82.00547362019158,added
ATG,CEN,Census,2001,s_lat_r,NA,11.194083694083687,added
ATG,CEN,Census,2001,s_lat_u,NA,15.759464801581274,added
ATG,CEN,Census,2001,s_od_n,1.4,NA,removed
ATG,CEN,Census,2001,s_od_r,NA,1.4357864357864358,added
ATG,CEN,Census,2001,s_od_u,NA,1.520450053215752,added
ATG,CEN,Census,2001,s_sep_r,NA,73.32611832611833,added
ATG,CEN,Census,2001,s_sep_u,NA,63.70685722974,added
ATG,CEN,Census,2001,s_sew_r,NA,2.3953823953823954,added
ATG,CEN,Census,2001,s_sew_u,NA,2.5391515888703053,added
ATG,LCHBS,Survey,2005,s_imp_n,88.75000000000001,NA,removed
ATG,LCHBS,Survey,2005,s_imp_r,NA,89.43632638726294,added
ATG,LCHBS,Survey,2005,s_imp_u,NA,87.24999999999999,added
ATG,LCHBS,Survey,2005,s_lat_n,11.650000000000006,NA,removed
ATG,LCHBS,Survey,2005,s_lat_r,NA,11.512734722547409,added
ATG,LCHBS,Survey,2005,s_lat_u,NA,11.949999999999989,added
ATG,LCHBS,Survey,2005,s_od_n,0.7,NA,removed
ATG,LCHBS,Survey,2005,s_od_r,NA,0.33395926012643395,added
ATG,LCHBS,Survey,2005,s_od_u,NA,1.5,added
ATG,LCHBS,Survey,2005,s_sep_n,72.9,NA,removed
ATG,LCHBS,Survey,2005,s_sep_r,NA,72.48820416764225,added
ATG,LCHBS,Survey,2005,s_sep_u,NA,73.8,added
ATG,LCHBS,Survey,2005,s_sew_n,4.2,NA,removed
ATG,LCHBS,Survey,2005,s_sew_r,NA,5.435387497073284,added
ATG,LCHBS,Survey,2005,s_sew_u,NA,1.5,added
ATG,CEN,Census,2011,s_imp_n,90.71519524617996,NA,removed
ATG,CEN,Census,2011,s_lat_n,11.125259385021693,NA,removed
ATG,CEN,Census,2011,s_od_n,0.5223071118656857,NA,removed
ATG,CEN,Census,2011,s_sep_n,77.70349933974721,NA,removed
ATG,CEN,Census,2011,s_sew_n,1.8864365214110543,NA,removed
ATG,CEN,Census,2011,s_shared_n,4.553484614015146,NA,removed
ATG,LFS,Survey,2015,s_imp_r,NA,97.11799891245242,added
ATG,LFS,Survey,2015,s_imp_u,NA,94.39076125382984,added
ATG,LFS,Survey,2015,s_lat_r,NA,28.53452963567156,added
ATG,LFS,Survey,2015,s_lat_u,NA,47.50176761725194,added
ATG,LFS,Survey,2015,s_od_r,NA,0.8836324089178902,added
ATG,LFS,Survey,2015,s_od_u,NA,0.3063869903370257,added
ATG,LFS,Survey,2015,s_sep_r,NA,66.58510059815117,added
ATG,LFS,Survey,2015,s_sep_u,NA,45.35705868489276,added
ATG,LFS,Survey,2015,s_sew_r,NA,1.99836867862969,added
ATG,LFS,Survey,2015,s_sew_u,NA,1.5319349516851286,added
ATG,LFS,Survey,2018,s_imp_r,NA,98.9787076008913,added
ATG,LFS,Survey,2018,s_imp_u,NA,96.41031340297845,added
ATG,LFS,Survey,2018,s_lat_r,NA,13.55739869604686,added
ATG,LFS,Survey,2018,s_lat_u,NA,21.860413425205593,added
ATG,LFS,Survey,2018,s_od_r,NA,0.317735413056037,added
ATG,LFS,Survey,2018,s_od_u,NA,1.0891309179817736,added
ATG,LFS,Survey,2018,s_sep_r,NA,85.35528596187176,added
ATG,LFS,Survey,2018,s_sep_u,NA,72.5161146921538,added
ATG,LFS,Survey,2018,s_sew_r,NA,0.066022942972683,added
ATG,LFS,Survey,2018,s_sew_u,NA,2.0337852856190266,added
AUS,NPR,Admin,2006,s_treat_wtp_n,66.97285324488902,NA,removed
AUS,NPR,Admin,2007,s_treat_wtp_n,69.82354417990203,NA,removed
AUS,NPR,Admin,2008,s_treat_wtp_n,74.50361041141898,NA,removed
AUS,NPR,Admin,2009,s_treat_wtp_n,72.67720176976376,NA,removed
AUS,OECD,Admin,2010,s_imp_n,NA,100.005,added
AUS,OECD,Admin,2010,s_lat_n,NA,0,added
AUS,OECD,Admin,2010,s_sep_n,NA,7.215,added
AUS,OECD,Admin,2010,s_sew_n,NA,92.79,added
AUS,NPR,Admin,2010,s_treat_wtp_n,73.19824204606138,NA,removed
AUS,OECD,Admin,2011,s_imp_n,NA,99.997,added
AUS,OECD,Admin,2011,s_lat_n,NA,0,added
AUS,OECD,Admin,2011,s_sep_n,NA,6.157,added
AUS,OECD,Admin,2011,s_sew_n,NA,93.84,added
AUS,NPR,Admin,2011,s_treat_wtp_n,72.54374064091046,NA,removed
AUS,OECD,Admin,2012,s_imp_n,NA,100.003,added
AUS,OECD,Admin,2012,s_lat_n,NA,0,added
AUS,OECD,Admin,2012,s_sep_n,NA,5.903,added
AUS,OECD,Admin,2012,s_sew_n,NA,94.1,added
AUS,NPR,Admin,2012,s_treat_wtp_n,73.71735356192818,NA,removed
AUS,OECD,Admin,2013,s_imp_n,NA,99.998,added
AUS,OECD,Admin,2013,s_lat_n,NA,0,added
AUS,OECD,Admin,2013,s_sep_n,NA,5.918,added
AUS,OECD,Admin,2013,s_sew_n,NA,94.08,added
AUS,NPR,Admin,2013,s_treat_wtp_n,75.05770294530079,NA,removed
AUS,OECD,Admin,2014,s_imp_n,NA,100.001,added
AUS,OECD,Admin,2014,s_lat_n,NA,0,added
AUS,OECD,Admin,2014,s_sep_n,NA,7.431,added
AUS,OECD,Admin,2014,s_sew_n,NA,92.57,added
AUS,NPR,Admin,2014,s_treat_wtp_n,77.40583238288131,NA,removed
AUS,OECD,Admin,2015,s_imp_n,NA,99.997,added
AUS,OECD,Admin,2015,s_lat_n,NA,0,added
AUS,OECD,Admin,2015,s_sep_n,NA,7.617,added
AUS,OECD,Admin,2015,s_sew_n,NA,92.38,added
AUS,NPR,Admin,2015,s_treat_wtp_n,77.12246238014006,NA,removed
AUS,OECD,Admin,2016,s_imp_n,NA,99.998,added
AUS,OECD,Admin,2016,s_lat_n,NA,0,added
AUS,OECD,Admin,2016,s_sep_n,NA,7.518,added
AUS,OECD,Admin,2016,s_sew_n,NA,92.48,added
AUS,NPR,Admin,2016,s_treat_wtp_n,79.5,NA,removed
AUS,OECD,Admin,2017,s_imp_n,NA,99.995,added
AUS,OECD,Admin,2017,s_lat_n,NA,0,added
AUS,OECD,Admin,2017,s_sep_n,NA,7.305,added
AUS,OECD,Admin,2017,s_sew_n,NA,92.69,added
AUS,NPR,Admin,2017,s_treat_wtp_n,82.46441285630456,98.73222916791912,changed
AUS,OECD,Admin,2018,s_imp_n,NA,100.001,added
AUS,OECD,Admin,2018,s_lat_n,NA,0,added
AUS,OECD,Admin,2018,s_sep_n,NA,7.361,added
AUS,OECD,Admin,2018,s_sew_n,NA,92.64,added
AUS,NPR,Admin,2018,s_treat_wtp_n,82.20459680652993,98.61127606054404,changed
AUS,OECD,Admin,2019,s_imp_n,NA,100.001,added
AUS,OECD,Admin,2019,s_lat_n,NA,0,added
AUS,OECD,Admin,2019,s_sep_n,NA,7.361,added
AUS,OECD,Admin,2019,s_sew_n,NA,92.64,added
AUS,OECD,Admin,2020,s_imp_n,NA,100,added
AUS,OECD,Admin,2020,s_lat_n,NA,0,added
AUS,OECD,Admin,2020,s_sep_n,NA,7.14,added
AUS,OECD,Admin,2020,s_sew_n,NA,92.86,added
AUS,OECD,Admin,2021,s_imp_n,NA,100,added
AUS,OECD,Admin,2021,s_lat_n,NA,0,added
AUS,OECD,Admin,2021,s_sep_n,NA,7.143876311213,added
AUS,OECD,Admin,2021,s_sew_n,NA,92.856123688787,added
AUS,OECD,Admin,2022,s_imp_n,NA,100,added
AUS,OECD,Admin,2022,s_lat_n,NA,0,added
AUS,OECD,Admin,2022,s_sep_n,NA,7.143876311213,added
AUS,OECD,Admin,2022,s_sew_n,NA,92.856123688787,added
AUT,EU SILC,Admin,2012,s_imp_r,100,NA,removed
AUT,EUSILC,Admin,2012,s_imp_r,NA,100,added
AUT,EU SILC,Admin,2012,s_imp_u,100,NA,removed
AUT,EUSILC,Admin,2012,s_imp_u,NA,100,added
AUT,EU SILC,Admin,2012,s_lat_r,0.4000000000000057,NA,removed
AUT,EUSILC,Admin,2012,s_lat_r,NA,0.4000000000000057,added
AUT,EU SILC,Admin,2012,s_lat_u,2,NA,removed
AUT,EUSILC,Admin,2012,s_lat_u,NA,2,added
AUT,EU SILC,Admin,2012,s_sep_r,16.11013473930873,NA,removed
AUT,EUSILC,Admin,2012,s_sep_r,NA,16.11013473930873,added
AUT,EU SILC,Admin,2012,s_sep_u,0,NA,removed
AUT,EUSILC,Admin,2012,s_sep_u,NA,0,added
AUT,EU SILC,Admin,2012,s_sew_r,83.48986526069126,NA,removed
AUT,EUSILC,Admin,2012,s_sew_r,NA,83.48986526069126,added
AUT,EU SILC,Admin,2012,s_sew_u,98,NA,removed
AUT,EUSILC,Admin,2012,s_sew_u,NA,98,added
AUT,EU SILC,Admin,2012,s_shared_r,0,NA,removed
AUT,EUSILC,Admin,2012,s_shared_r,NA,0,added
AUT,EU SILC,Admin,2012,s_shared_u,0,NA,removed
AUT,EUSILC,Admin,2012,s_shared_u,NA,0,added
AUT,EU SILC,Admin,2013,s_imp_r,100,NA,removed
AUT,EUSILC,Admin,2013,s_imp_r,NA,100,added
AUT,EU SILC,Admin,2013,s_imp_u,100,NA,removed
AUT,EUSILC,Admin,2013,s_imp_u,NA,100,added
AUT,EU SILC,Admin,2013,s_lat_r,0.20000000000001705,NA,removed
AUT,EUSILC,Admin,2013,s_lat_r,NA,0.20000000000001705,added
AUT,EU SILC,Admin,2013,s_lat_u,1.5,NA,removed
AUT,EUSILC,Admin,2013,s_lat_u,NA,1.5,added
AUT,EU SILC,Admin,2013,s_sep_r,16.11957796014068,NA,removed
AUT,EUSILC,Admin,2013,s_sep_r,NA,16.11957796014068,added
AUT,EU SILC,Admin,2013,s_sep_u,0,NA,removed
AUT,EUSILC,Admin,2013,s_sep_u,NA,0,added
AUT,EU SILC,Admin,2013,s_sew_r,83.68042203985931,NA,removed
AUT,EUSILC,Admin,2013,s_sew_r,NA,83.68042203985931,added
AUT,EU SILC,Admin,2013,s_sew_u,98.5,NA,removed
AUT,EUSILC,Admin,2013,s_sew_u,NA,98.5,added
AUT,EU SILC,Admin,2014,s_imp_r,100.00108499095842,NA,removed
AUT,EUSILC,Admin,2014,s_imp_r,NA,100.00108499095842,added
AUT,EU SILC,Admin,2014,s_imp_u,99.8593959627952,NA,removed
AUT,EUSILC,Admin,2014,s_imp_u,NA,99.8593959627952,added
AUT,EU SILC,Admin,2014,s_lat_r,0.20000000000000284,NA,removed
AUT,EUSILC,Admin,2014,s_lat_r,NA,0.20000000000000284,added
AUT,EU SILC,Admin,2014,s_lat_u,1.4000000000000057,NA,removed
AUT,EUSILC,Admin,2014,s_lat_u,NA,1.4000000000000057,added
AUT,EU SILC,Admin,2014,s_sep_r,14.66609786576758,NA,removed
AUT,EUSILC,Admin,2014,s_sep_r,NA,14.66609786576758,added
AUT,EU SILC,Admin,2014,s_sep_u,0,NA,removed
AUT,EUSILC,Admin,2014,s_sep_u,NA,0,added
AUT,EU SILC,Admin,2014,s_sew_r,85.13498712519083,NA,removed
AUT,EUSILC,Admin,2014,s_sew_r,NA,85.13498712519083,added
AUT,EU SILC,Admin,2014,s_sew_u,98.45939596279518,NA,removed
AUT,EUSILC,Admin,2014,s_sew_u,NA,98.45939596279518,added
AUT,EU SILC,Admin,2015,s_imp_r,100,NA,removed
AUT,EUSILC,Admin,2015,s_imp_r,NA,100,added
AUT,EU SILC,Admin,2015,s_imp_u,100,NA,removed
AUT,EUSILC,Admin,2015,s_imp_u,NA,100,added
AUT,EU SILC,Admin,2015,s_lat_r,0.29999999999999716,NA,removed
AUT,EUSILC,Admin,2015,s_lat_r,NA,0.29999999999999716,added
AUT,EU SILC,Admin,2015,s_lat_u,1.5,NA,removed
AUT,EUSILC,Admin,2015,s_lat_u,NA,1.5,added
AUT,EU SILC,Admin,2015,s_sep_r,14.692918013517485,NA,removed
AUT,EUSILC,Admin,2015,s_sep_r,NA,14.692918013517485,added
AUT,EU SILC,Admin,2015,s_sep_u,0,NA,removed
AUT,EUSILC,Admin,2015,s_sep_u,NA,0,added
AUT,EU SILC,Admin,2015,s_sew_r,85.00708198648252,NA,removed
AUT,EUSILC,Admin,2015,s_sew_r,NA,85.00708198648252,added
AUT,EU SILC,Admin,2015,s_sew_u,98.5,NA,removed
AUT,EUSILC,Admin,2015,s_sew_u,NA,98.5,added
AUT,ES,Admin,2016,s_sep_con_r,94.79166666666666,97.39583333333331,changed
AUT,ES,Admin,2016,s_sep_ero_r,NA,2.6041666666666714,added
AUT,ES,Admin,2016,s_sep_nemp_r,NA,97.39583333333331,added
AUT,ES,Admin,2018,s_sep_con_r,94.81481481481482,97.4074074074074,changed
AUT,ES,Admin,2018,s_sep_ero_r,NA,2.5925925925925952,added
AUT,ES,Admin,2018,s_sep_nemp_r,NA,97.4074074074074,added
AUT,ES,Admin,2019,s_sep_con_r,NA,97.40740740740742,added
AUT,ES,Admin,2019,s_sep_ero_r,NA,2.592592592592581,added
AUT,ES,Admin,2019,s_sep_nemp_r,NA,97.40740740740742,added
AUT,ES,Admin,2019,s_treat_wtp_n,NA,100,added
AUT,ES,Admin,2020,s_sep_con_r,NA,88.63636363636363,added
AUT,ES,Admin,2020,s_sep_ero_r,NA,11.363636363636374,added
AUT,ES,Admin,2020,s_sep_nemp_r,NA,88.63636363636363,added
AUT,ES,Admin,2020,s_treat_wtp_n,NA,100,added
AUT,ES,Admin,2021,s_sep_con_r,NA,88.63636363636363,added
AUT,ES,Admin,2021,s_sep_ero_r,NA,11.363636363636374,added
AUT,ES,Admin,2021,s_sep_nemp_r,NA,88.63636363636363,added
AUT,ES,Admin,2021,s_treat_wtp_n,NA,100,added
AUT,ES,Admin,2022,s_sep_con_r,NA,77.18832891246684,added
AUT,ES,Admin,2022,s_sep_ero_r,NA,11.363636363636374,added
AUT,ES,Admin,2022,s_sep_nemp_r,NA,88.63636363636363,added
AUT,ES,Admin,2022,s_treat_wtp_n,NA,100,added
AZE,WW,Admin,2004,s_sew_rtp_n,NA,45,added
AZE,WW,Admin,2004,s_treat_wtp_n,NA,86.47045903799692,added
AZE,WW,Admin,2005,s_sew_rtp_n,NA,45.033112582781456,added
AZE,WW,Admin,2005,s_treat_wtp_n,NA,87.78715884547418,added
AZE,WW,Admin,2006,s_sew_rtp_n,NA,45.033112582781456,added
AZE,WW,Admin,2006,s_treat_wtp_n,NA,87.73474178403757,added
AZE,WW,Admin,2007,s_sew_rtp_n,NA,45.12987012987013,added
AZE,WW,Admin,2007,s_treat_wtp_n,NA,89.7640943622551,added
AZE,WW,Admin,2008,s_sew_rtp_n,NA,44.80519480519481,added
AZE,WW,Admin,2008,s_treat_wtp_n,NA,89.81691368788144,added
AZE,WW,Admin,2009,s_sew_rtp_n,NA,45.0479233226837,added
AZE,WW,Admin,2009,s_treat_wtp_n,NA,91.2447450191921,added
AZE,WW,Admin,2010,s_sew_rtp_n,NA,45.0479233226837,added
AZE,WW,Admin,2010,s_treat_wtp_n,NA,91.52267818574514,added
AZE,WW,Admin,2011,s_sew_rtp_n,NA,44.76190476190476,added
AZE,WW,Admin,2011,s_treat_wtp_n,NA,90.0184162062615,added
AZE,WW,Admin,2012,s_sew_rtp_n,NA,44.85981308411215,added
AZE,WW,Admin,2012,s_treat_wtp_n,NA,89.80404164115126,added
AZE,WW,Admin,2013,s_sew_rtp_n,NA,45.12987012987013,added
AZE,WW,Admin,2013,s_treat_wtp_n,NA,89.7640943622551,added
AZE,WW,Admin,2014,s_sew_rtp_n,NA,44.80519480519481,added
AZE,UNSD,Admin,2014,s_sew_rtp_n,NA,57.275543212890625,added
AZE,WW,Admin,2014,s_treat_wtp_n,NA,89.81691368788144,added
AZE,PWH,Admin,2015,s_sew_r,9.9,NA,removed
AZE,WW,Admin,2015,s_sew_rtp_n,NA,58.333333333333336,added
AZE,UNSD,Admin,2015,s_sew_rtp_n,NA,58.33332824707031,added
AZE,PWH,Admin,2015,s_sew_u,68.1,NA,removed
AZE,WW,Admin,2015,s_treat_wtp_n,NA,91.76470588235294,added
AZE,WW,Admin,2016,s_sew_rtp_n,NA,58.769230769230774,added
AZE,UNSD,Admin,2016,s_sew_rtp_n,NA,58.76923370361328,added
AZE,WW,Admin,2016,s_treat_wtp_n,4.4,94.46308724832215,changed
AZE,WW,Admin,2017,s_sew_rtp_n,NA,59.63302752293578,added
AZE,UNSD,Admin,2017,s_sew_rtp_n,NA,59.633026123046875,added
AZE,WW,Admin,2017,s_treat_wtp_n,5.3,91.9322033898305,changed
AZE,PWH,Admin,2018,s_sew_r,26,NA,removed
AZE,WW,Admin,2018,s_sew_rtp_n,NA,64.62395543175488,added
AZE,UNSD,Admin,2018,s_sew_rtp_n,NA,64.62395477294922,added
AZE,PWH,Admin,2018,s_sew_u,98.2,NA,removed
AZE,WW,Admin,2018,s_treat_wtp_n,5.1,92.31830726770929,changed
AZE,WW,Admin,2019,s_sew_rtp_n,NA,65.05376344086021,added
AZE,UNSD,Admin,2019,s_sew_rtp_n,NA,65.05376434326172,added
AZE,WW,Admin,2019,s_treat_wtp_n,NA,92.03703703703704,added
AZE,WW,Admin,2020,s_sew_rtp_n,NA,66.2269129287599,added
AZE,UNSD,Admin,2020,s_sew_rtp_n,NA,66.2,added
AZE,WW,Admin,2020,s_treat_wtp_n,NA,87.24547511312217,added
AZE,WW,Admin,2021,s_sew_rtp_n,NA,67.09844559585491,added
AZE,UNSD,Admin,2021,s_sew_rtp_n,NA,67.1,added
AZE,WW,Admin,2021,s_treat_wtp_n,NA,92.77739490006893,added
AZE,WW,Admin,2022,s_sew_rtp_n,NA,67.17948717948717,added
AZE,WW,Admin,2022,s_treat_wtp_n,NA,92.06349206349206,added
AZE,MICS,Survey,2023,s_imp_r,NA,88.0065,added
AZE,MICS,Survey,2023,s_imp_u,NA,98.45501000000002,added
AZE,MICS,Survey,2023,s_lat_ebo_r,NA,1.08453,added
AZE,MICS,Survey,2023,s_lat_ebo_u,NA,1.44293,added
AZE,MICS,Survey,2023,s_lat_edl_r,NA,2.13623,added
AZE,MICS,Survey,2023,s_lat_edl_u,NA,4.88936,added
AZE,MICS,Survey,2023,s_lat_ero_r,NA,19.33256,added
AZE,MICS,Survey,2023,s_lat_ero_u,NA,36.04892,added
AZE,MICS,Survey,2023,s_lat_nemp_r,NA,77.44668,added
AZE,MICS,Survey,2023,s_lat_nemp_u,NA,57.61879,added
AZE,MICS,Survey,2023,s_lat_r,NA,66.91215,added
AZE,MICS,Survey,2023,s_lat_u,NA,15.518150000000006,added
AZE,MICS,Survey,2023,s_od_r,NA,0.03568,added
AZE,MICS,Survey,2023,s_od_u,NA,0,added
AZE,MICS,Survey,2023,s_sep_ebo_r,NA,0.12999,added
AZE,MICS,Survey,2023,s_sep_ebo_u,NA,0.0799,added
AZE,MICS,Survey,2023,s_sep_edl_r,NA,7.38256,added
AZE,MICS,Survey,2023,s_sep_edl_u,NA,3.13924,added
AZE,MICS,Survey,2023,s_sep_ero_r,NA,37.58199,added
AZE,MICS,Survey,2023,s_sep_ero_u,NA,59.06487,added
AZE,MICS,Survey,2023,s_sep_nemp_r,NA,54.90546,added
AZE,MICS,Survey,2023,s_sep_nemp_u,NA,37.71599,added
AZE,MICS,Survey,2023,s_sep_r,NA,14.64985,added
AZE,MICS,Survey,2023,s_sep_u,NA,13.28395,added
AZE,MICS,Survey,2023,s_sew_r,NA,6.4445,added
AZE,MICS,Survey,2023,s_sew_u,NA,69.65291,added
AZE,MICS,Survey,2023,s_shared_r,NA,0.83689,added
AZE,MICS,Survey,2023,s_shared_u,NA,1.34281,added
BDI,AFB,Survey,2012,s_od_r,NA,1.20882,added
BDI,AFB,Survey,2012,s_od_u,NA,0,added
BDI,AFB,Survey,2014,s_od_r,NA,0.29752,added
BDI,AFB,Survey,2014,s_od_u,NA,0.44854,added
BDI,EICVMB,Survey,2020,s_imp_r,NA,50.07392929274272,added
BDI,EICVMB,Survey,2020,s_imp_u,NA,85.3572375001964,added
BDI,EICVMB,Survey,2020,s_lat_r,NA,48.87392929274272,added
BDI,EICVMB,Survey,2020,s_lat_u,NA,45.9572375001964,added
BDI,EICVMB,Survey,2020,s_od_r,NA,3.4,added
BDI,EICVMB,Survey,2020,s_od_u,NA,1.1,added
BDI,EICVMB,Survey,2020,s_sep_r,NA,1.1,added
BDI,EICVMB,Survey,2020,s_sep_u,NA,34.2,added
BDI,EICVMB,Survey,2020,s_sew_r,NA,0.1,added
BDI,EICVMB,Survey,2020,s_sew_u,NA,5.2,added
BEL,ES,Admin,2005,s_sep_n,18.9,18.91891891891892,changed
BEL,ES,Admin,2005,s_sew_n,52.5,81.0810810810811,changed
BEL,ES,Admin,2005,s_sew_rtp_n,NA,71.42857142857142,added
BEL,ES,Admin,2006,s_sep_n,26.4,26.379310344827587,changed
BEL,ES,Admin,2006,s_sew_n,49.5,73.62068965517241,changed
BEL,ES,Admin,2006,s_sew_rtp_n,NA,75.86206896551724,added
BEL,ES,Admin,2007,s_sew_n,59.27523727351165,75.40983606557377,changed
BEL,ES,Admin,2007,s_sew_rtp_n,NA,83.9,added
BEL,ES,Admin,2008,s_sew_n,62.94326241134751,78.19148936170211,changed
BEL,ES,Admin,2008,s_sew_rtp_n,NA,84.7517730496454,added
BEL,ES,Admin,2009,s_sew_n,64.76868327402134,78.73665480427044,changed
BEL,ES,Admin,2009,s_sew_rtp_n,NA,86.03202846975088,added
BEL,ES,Admin,2010,s_sew_n,72.67441860465117,79.74806201550388,changed
BEL,ES,Admin,2010,s_sew_rtp_n,NA,92.92635658914728,added
BEL,ES,Admin,2011,s_sew_n,74.01725790987535,80.92042186001918,changed
BEL,ES,Admin,2011,s_sew_rtp_n,NA,93.09683604985618,added
BEL,EU SILC,Admin,2012,s_imp_r,99.9,NA,removed
BEL,EUSILC,Admin,2012,s_imp_r,NA,99.9,added
BEL,EU SILC,Admin,2012,s_imp_u,100,NA,removed
BEL,EUSILC,Admin,2012,s_imp_u,NA,100,added
BEL,EU SILC,Admin,2012,s_lat_n,2.5999999999999943,NA,removed
BEL,EUSILC,Admin,2012,s_lat_n,NA,2.5999999999999943,added
BEL,ES,Admin,2012,s_sep_n,16.835699797160242,15.651750972762644,changed
BEL,ES,Admin,2012,s_sew_n,72.38481599536367,84.34824902723736,changed
BEL,ES,Admin,2012,s_sew_rtp_n,NA,90.32101167315176,added
BEL,EU SILC,Admin,2012,s_shared_r,0.5055611729019212,NA,removed
BEL,EUSILC,Admin,2012,s_shared_r,NA,0.5055611729019212,added
BEL,EU SILC,Admin,2012,s_shared_u,0.513874614594039,NA,removed
BEL,EUSILC,Admin,2012,s_shared_u,NA,0.513874614594039,added
BEL,ES,Admin,2013,s_sep_n,16.14367094718548,14.490196078431373,changed
BEL,ES,Admin,2013,s_sew_n,73.78584532200445,85.50980392156862,changed
BEL,ES,Admin,2013,s_sew_rtp_n,NA,92.0686274509804,added
BEL,EU SILC,Admin,2014,s_imp_r,100.0342205323194,NA,removed
BEL,EUSILC,Admin,2014,s_imp_r,NA,100.0342205323194,added
BEL,EU SILC,Admin,2014,s_imp_u,99.95909726002246,NA,removed
BEL,EUSILC,Admin,2014,s_imp_u,NA,99.95909726002246,added
BEL,EU SILC,Admin,2014,s_lat_n,2.0999999999999943,NA,removed
BEL,EUSILC,Admin,2014,s_lat_n,NA,2.0999999999999943,added
BEL,ES,Admin,2014,s_sep_n,15.282101167315174,13.855243722304284,changed
BEL,ES,Admin,2014,s_sew_n,76.1089494163424,86.14475627769572,changed
BEL,ES,Admin,2014,s_sew_rtp_n,NA,93.13638601674052,added
BEL,EU SILC,Admin,2015,s_imp_r,100.01352493660184,NA,removed
BEL,EUSILC,Admin,2015,s_imp_r,NA,100.01352493660184,added
BEL,EU SILC,Admin,2015,s_imp_u,100.04460517452875,NA,removed
BEL,EUSILC,Admin,2015,s_imp_u,NA,100.04460517452875,added
BEL,EU SILC,Admin,2015,s_lat_n,2.299999999999997,NA,removed
BEL,EUSILC,Admin,2015,s_lat_n,NA,2.299999999999997,added
BEL,ES,Admin,2015,s_sew_rtp_n,NA,94.20261179263947,added
BEL,ES,Admin,2016,s_sew_rtp_n,NA,94.9764982373678,added
BEL,ES,Admin,2017,s_sew_rtp_n,NA,95.31739811912226,added
BEL,ES,Admin,2018,s_sew_rtp_n,NA,97.2255608974359,added
BEL,ES,Admin,2019,s_sew_rtp_n,NA,97.4,added
BEL,EU SILC,Admin,2020,s_lat_n,2.9399999999999977,NA,removed
BEL,EUSILC,Admin,2020,s_lat_n,NA,2.9399999999999977,added
BEL,ES,Admin,2020,s_lat_n,NA,0,added
BEL,ES,Admin,2020,s_sep_n,NA,12.9600316580926,added
BEL,ES,Admin,2020,s_sew_n,NA,82.07360506529483,added
BEL,ES,Admin,2020,s_sew_rtp_n,NA,96.1,added
BEL,ES,Admin,2020,s_treat_wtp_n,NA,100,added
BEL,PWH,Admin,2021,s_imp_r,NA,100,added
BEL,PWH,Admin,2021,s_imp_u,NA,100,added
BEL,ES,Admin,2021,s_sew_rtp_n,NA,96.4,added
BEL,ES,Admin,2021,s_treat_wtp_n,NA,100,added
BEL,ES,Admin,2022,s_sew_rtp_n,NA,96.4,added
BEL,ES,Admin,2022,s_treat_wtp_n,NA,100,added
BEN,EMICoV,Survey,2007,s_od_n,NA,62.72,added
BEN,EMICoV,Survey,2010,s_od_n,NA,61.1,added
BEN,EHCVM,Survey,2018,s_imp_r,NA,25.46766,added
BEN,EHCVM,Survey,2018,s_imp_u,NA,62.70784,added
BEN,EHCVM,Survey,2018,s_lat_r,NA,23.60884,added
BEN,EHCVM,Survey,2018,s_lat_u,NA,52.98308,added
BEN,EHCVM,Survey,2018,s_od_r,NA,71.13608,added
BEN,EHCVM,Survey,2018,s_od_u,NA,33.61382,added
BEN,EHCVM,Survey,2018,s_sep_r,NA,1.85882,added
BEN,EHCVM,Survey,2018,s_sep_u,NA,9.72476,added
BEN,EHCVM,Survey,2018,s_shared_r,NA,52.27302,added
BEN,EHCVM,Survey,2018,s_shared_u,NA,46.11463,added
BEN,MICS,Survey,2022,s_imp_r,NA,24.927010000000003,added
BEN,MICS,Survey,2022,s_imp_u,NA,62.38076,added
BEN,MICS,Survey,2022,s_lat_ebo_r,NA,0.51257,added
BEN,MICS,Survey,2022,s_lat_ebo_u,NA,2.3969,added
BEN,MICS,Survey,2022,s_lat_edl_r,NA,3.69756,added
BEN,MICS,Survey,2022,s_lat_edl_u,NA,19.43595,added
BEN,MICS,Survey,2022,s_lat_ero_r,NA,1.16888,added
BEN,MICS,Survey,2022,s_lat_ero_u,NA,3.91683,added
BEN,MICS,Survey,2022,s_lat_nemp_r,NA,94.62098,added
BEN,MICS,Survey,2022,s_lat_nemp_u,NA,74.25032,added
BEN,MICS,Survey,2022,s_lat_r,NA,23.379050000000003,added
BEN,MICS,Survey,2022,s_lat_u,NA,49.24806,added
BEN,MICS,Survey,2022,s_od_r,NA,63.197,added
BEN,MICS,Survey,2022,s_od_u,NA,26.88795,added
BEN,MICS,Survey,2022,s_sep_ebo_r,NA,0,added
BEN,MICS,Survey,2022,s_sep_ebo_u,NA,3.06658,added
BEN,MICS,Survey,2022,s_sep_edl_r,NA,12.1896,added
BEN,MICS,Survey,2022,s_sep_edl_u,NA,24.39641,added
BEN,MICS,Survey,2022,s_sep_ero_r,NA,4.68941,added
BEN,MICS,Survey,2022,s_sep_ero_u,NA,16.80626,added
BEN,MICS,Survey,2022,s_sep_nemp_r,NA,83.12099,added
BEN,MICS,Survey,2022,s_sep_nemp_u,NA,55.73075,added
BEN,MICS,Survey,2022,s_sep_r,NA,1.46845,added
BEN,MICS,Survey,2022,s_sep_u,NA,10.95,added
BEN,MICS,Survey,2022,s_sew_r,NA,0.07951,added
BEN,MICS,Survey,2022,s_sew_u,NA,2.1827,added
BEN,MICS,Survey,2022,s_shared_r,NA,55.00884,added
BEN,MICS,Survey,2022,s_shared_u,NA,48.7028,added
BES,OMN,Survey,2018,s_imp_n,NA,100,added
BES,OMN,Survey,2018,s_od_n,NA,0,added
BES,OMN,Survey,2018,s_shared_n,NA,4.6,added
BFA,EHCVM,Survey,2018,s_imp_r,NA,43.45494,added
BFA,EHCVM,Survey,2018,s_imp_u,NA,87.25465999999999,added
BFA,EHCVM,Survey,2018,s_lat_r,NA,43.36267,added
BFA,EHCVM,Survey,2018,s_lat_u,NA,84.50936999999999,added
BFA,EHCVM,Survey,2018,s_od_r,NA,50.81906,added
BFA,EHCVM,Survey,2018,s_od_u,NA,3.76105,added
BFA,EHCVM,Survey,2018,s_sep_r,NA,0.09227,added
BFA,EHCVM,Survey,2018,s_sep_u,NA,2.71754,added
BFA,EHCVM,Survey,2018,s_sew_r,NA,0,added
BFA,EHCVM,Survey,2018,s_sew_u,NA,0.02775,added
BFA,EHCVM,Survey,2018,s_shared_r,NA,49.14812,added
BFA,EHCVM,Survey,2018,s_shared_u,NA,45.99302,added
BFA,PMA,Survey,2019,s_imp_r,NA,33.026140000000005,added
BFA,CEN,Census,2019,s_imp_r,NA,45.706928198192024,added
BFA,PMA,Survey,2019,s_imp_u,NA,91.36846,added
BFA,CEN,Census,2019,s_imp_u,NA,88.3787813584535,added
BFA,PMA,Survey,2019,s_lat_r,NA,33.02492000000001,added
BFA,PMA,Survey,2019,s_lat_u,NA,84.08628,added
BFA,PMA,Survey,2019,s_od_r,NA,58.38569,added
BFA,CEN,Census,2019,s_od_r,NA,45.6,added
BFA,AFB,Survey,2019,s_od_r,NA,35.65842,added
BFA,PMA,Survey,2019,s_od_u,NA,6.03812,added
BFA,CEN,Census,2019,s_od_u,NA,4.6,added
BFA,AFB,Survey,2019,s_od_u,NA,4.89842,added
BFA,PMA,Survey,2019,s_sep_r,NA,0.00122,added
BFA,PMA,Survey,2019,s_sep_u,NA,6.62632,added
BFA,PMA,Survey,2019,s_sew_r,NA,0,added
BFA,PMA,Survey,2019,s_sew_u,NA,0.65586,added
BFA,PMA,Survey,2019,s_shared_r,NA,69.74629,added
BFA,CEN,Census,2019,s_shared_r,NA,19.5,added
BFA,PMA,Survey,2019,s_shared_u,NA,56.05285,added
BFA,CEN,Census,2019,s_shared_u,NA,31.85,added
BFA,PMA,Survey,2020,s_imp_r,NA,40.417370000000005,added
BFA,PMA,Survey,2020,s_imp_u,NA,89.19845,added
BFA,PMA,Survey,2020,s_lat_r,NA,40.29090000000001,added
BFA,PMA,Survey,2020,s_lat_u,NA,81.28974,added
BFA,PMA,Survey,2020,s_od_r,NA,50.83397,added
BFA,PMA,Survey,2020,s_od_u,NA,7.03896,added
BFA,PMA,Survey,2020,s_sep_r,NA,0.01259,added
BFA,PMA,Survey,2020,s_sep_u,NA,6.85266,added
BFA,PMA,Survey,2020,s_sew_r,NA,0.11388,added
BFA,PMA,Survey,2020,s_sew_u,NA,1.05605,added
BFA,PMA,Survey,2021,s_imp_r,NA,41.47368,added
BFA,DHS,Survey,2021,s_imp_r,NA,49.85328,added
BFA,PMA,Survey,2021,s_imp_u,NA,90.1557,added
BFA,DHS,Survey,2021,s_imp_u,NA,92.51957,added
BFA,DHS,Survey,2021,s_lat_ebo_r,NA,0.97483,added
BFA,DHS,Survey,2021,s_lat_ebo_u,NA,1.9768,added
BFA,DHS,Survey,2021,s_lat_edl_r,NA,8.97004,added
BFA,DHS,Survey,2021,s_lat_edl_u,NA,30.87664,added
BFA,DHS,Survey,2021,s_lat_ero_r,NA,0.01343,added
BFA,DHS,Survey,2021,s_lat_ero_u,NA,1.7993,added
BFA,DHS,Survey,2021,s_lat_nemp_r,NA,90.04171,added
BFA,DHS,Survey,2021,s_lat_nemp_u,NA,65.34726,added
BFA,PMA,Survey,2021,s_lat_r,NA,41.40595,added
BFA,DHS,Survey,2021,s_lat_r,NA,49.56906,added
BFA,PMA,Survey,2021,s_lat_u,NA,82.7228,added
BFA,DHS,Survey,2021,s_lat_u,NA,87.22763,added
BFA,PMA,Survey,2021,s_od_r,NA,49.71023,added
BFA,DHS,Survey,2021,s_od_r,NA,45.66435,added
BFA,PMA,Survey,2021,s_od_u,NA,7.26261,added
BFA,DHS,Survey,2021,s_od_u,NA,5.42022,added
BFA,DHS,Survey,2021,s_sep_ebo_r,NA,0,added
BFA,DHS,Survey,2021,s_sep_ebo_u,NA,0.10153,added
BFA,DHS,Survey,2021,s_sep_edl_r,NA,4.51463,added
BFA,DHS,Survey,2021,s_sep_edl_u,NA,33.40657,added
BFA,DHS,Survey,2021,s_sep_ero_r,NA,0,added
BFA,DHS,Survey,2021,s_sep_ero_u,NA,6.00273,added
BFA,DHS,Survey,2021,s_sep_nemp_r,NA,95.48537,added
BFA,DHS,Survey,2021,s_sep_nemp_u,NA,60.48918,added
BFA,PMA,Survey,2021,s_sep_r,NA,0.01501,added
BFA,DHS,Survey,2021,s_sep_r,NA,0.19461,added
BFA,PMA,Survey,2021,s_sep_u,NA,6.15297,added
BFA,DHS,Survey,2021,s_sep_u,NA,4.14962,added
BFA,PMA,Survey,2021,s_sew_r,NA,0.05272,added
BFA,DHS,Survey,2021,s_sew_r,NA,0.08961,added
BFA,PMA,Survey,2021,s_sew_u,NA,1.27993,added
BFA,DHS,Survey,2021,s_sew_u,NA,1.14232,added
BFA,DHS,Survey,2021,s_shared_r,NA,42.45878,added
BFA,DHS,Survey,2021,s_shared_u,NA,34.24915,added
BFA,PMA,Survey,2022,s_imp_r,NA,42.09660999999999,added
BFA,PMA,Survey,2022,s_imp_u,NA,92.27643,added
BFA,PMA,Survey,2022,s_lat_r,NA,41.96152999999999,added
BFA,PMA,Survey,2022,s_lat_u,NA,85.18361999999999,added
BFA,PMA,Survey,2022,s_od_r,NA,47.36969,added
BFA,PMA,Survey,2022,s_od_u,NA,5.44243,added
BFA,PMA,Survey,2022,s_sep_r,NA,0.13305,added
BFA,PMA,Survey,2022,s_sep_u,NA,6.16672,added
BFA,PMA,Survey,2022,s_sew_r,NA,0.00203,added
BFA,PMA,Survey,2022,s_sew_u,NA,0.92609,added
BFA,PMA,Survey,2024,s_imp_r,NA,48.49897000000001,added
BFA,PMA,Survey,2024,s_imp_u,NA,93.90578999999998,added
BFA,PMA,Survey,2024,s_lat_r,NA,48.438750000000006,added
BFA,PMA,Survey,2024,s_lat_u,NA,86.91360999999998,added
BFA,PMA,Survey,2024,s_od_r,NA,42.80479,added
BFA,PMA,Survey,2024,s_od_u,NA,3.25392,added
BFA,PMA,Survey,2024,s_sep_r,NA,0.05409,added
BFA,PMA,Survey,2024,s_sep_u,NA,5.72454,added
BFA,PMA,Survey,2024,s_sew_r,NA,0.00613,added
BFA,PMA,Survey,2024,s_sew_u,NA,1.26764,added
BGD,MHS,Survey,2001,s_imp_r,37.73331201099385,NA,removed
BGD,SVRS,Survey,2001,s_imp_r,NA,28.2,added
BGD,MHS,Survey,2001,s_imp_u,58.71928300512974,NA,removed
BGD,SVRS,Survey,2001,s_imp_u,NA,67.3,added
BGD,MHS,Survey,2001,s_lat_r,33.033312010993846,NA,removed
BGD,MHS,Survey,2001,s_lat_u,32.61928300512974,NA,removed
BGD,MHS,Survey,2001,s_od_r,26.6,NA,removed
BGD,SVRS,Survey,2001,s_od_r,NA,25.7,added
BGD,MHS,Survey,2001,s_od_u,10.4,NA,removed
BGD,SVRS,Survey,2001,s_od_u,NA,7.4,added
BGD,MHS,Survey,2001,s_sep_r,4.7,NA,removed
BGD,MHS,Survey,2001,s_sep_u,26.1,NA,removed
BGD,SVRS,Survey,2002,s_imp_r,NA,32.1,added
BGD,SVRS,Survey,2002,s_imp_u,NA,71.5,added
BGD,SVRS,Survey,2002,s_od_r,NA,25.1,added
BGD,SVRS,Survey,2002,s_od_u,NA,4,added
BGD,SVRS,Survey,2003,s_imp_r,NA,35,added
BGD,SVRS,Survey,2003,s_imp_u,NA,72.5,added
BGD,SVRS,Survey,2003,s_od_r,NA,22.9,added
BGD,SVRS,Survey,2003,s_od_u,NA,7.5,added
BGD,SVRS,Survey,2004,s_imp_r,NA,38.1,added
BGD,SVRS,Survey,2004,s_imp_u,NA,78.6,added
BGD,SVRS,Survey,2004,s_od_r,NA,18.9,added
BGD,SVRS,Survey,2004,s_od_u,NA,2,added
BGD,SVRS,Survey,2005,s_imp_r,NA,44.3,added
BGD,SVRS,Survey,2005,s_imp_u,NA,79.8,added
BGD,SVRS,Survey,2005,s_od_r,NA,11.9,added
BGD,SVRS,Survey,2005,s_od_u,NA,1.1,added
BGD,SVRS,Survey,2006,s_imp_r,NA,46.3,added
BGD,SVRS,Survey,2006,s_imp_u,NA,80.7,added
BGD,SVRS,Survey,2006,s_od_r,NA,11.6,added
BGD,SVRS,Survey,2006,s_od_u,NA,0.9,added
BGD,SVRS,Survey,2007,s_imp_r,NA,46.4,added
BGD,SVRS,Survey,2007,s_imp_u,NA,77.1,added
BGD,SVRS,Survey,2007,s_od_r,NA,9.1,added
BGD,SVRS,Survey,2007,s_od_u,NA,1.8,added
BGD,SVRS,Survey,2008,s_imp_r,NA,55.1,added
BGD,SVRS,Survey,2008,s_imp_u,NA,83,added
BGD,SVRS,Survey,2008,s_od_r,NA,8.4,added
BGD,SVRS,Survey,2008,s_od_u,NA,1.7,added
BGD,SVRS,Survey,2009,s_imp_r,NA,58,added
BGD,SVRS,Survey,2009,s_imp_u,NA,79.6,added
BGD,SVRS,Survey,2009,s_od_r,NA,8.4,added
BGD,SVRS,Survey,2009,s_od_u,NA,1.2,added
BGD,SVRS,Survey,2010,s_imp_r,NA,58.1,added
BGD,SVRS,Survey,2010,s_imp_u,NA,79.7,added
BGD,SVRS,Survey,2010,s_od_r,NA,2.8,added
BGD,SVRS,Survey,2010,s_od_u,NA,0.6,added
BGD,SVRS,Survey,2011,s_imp_r,NA,55,added
BGD,SVRS,Survey,2011,s_imp_u,NA,78.3,added
BGD,SVRS,Survey,2011,s_od_r,NA,3.8,added
BGD,SVRS,Survey,2011,s_od_u,NA,0.9,added
BGD,SVRS,Survey,2012,s_imp_r,NA,56.5,added
BGD,SVRS,Survey,2012,s_imp_u,NA,76.2,added
BGD,SVRS,Survey,2012,s_od_r,NA,3.6,added
BGD,SVRS,Survey,2012,s_od_u,NA,0.99,added
BGD,SVRS,Survey,2013,s_imp_r,NA,61.3,added
BGD,SVRS,Survey,2013,s_imp_u,NA,86.6,added
BGD,SVRS,Survey,2013,s_od_r,NA,6.5,added
BGD,SVRS,Survey,2013,s_od_u,NA,1.3,added
BGD,SVRS,Survey,2015,s_imp_r,NA,65,added
BGD,SVRS,Survey,2015,s_imp_u,NA,85.80000000000001,added
BGD,SVRS,Survey,2015,s_od_r,NA,4.8,added
BGD,SVRS,Survey,2015,s_od_u,NA,1.2,added
BGD,SVRS,Survey,2017,s_imp_r,NA,68.5,added
BGD,SVRS,Survey,2017,s_imp_u,NA,87,added
BGD,SVRS,Survey,2017,s_od_r,NA,3.9,added
BGD,SVRS,Survey,2017,s_od_u,NA,1,added
BGD,NHS,Survey,2018,s_imp_r,80.72400614748146,NA,removed
BGD,SVRS,Survey,2018,s_imp_r,NA,70.1,added
BGD,NHS,Survey,2018,s_imp_u,76.8100068998394,NA,removed
BGD,SVRS,Survey,2018,s_imp_u,NA,87.6,added
BGD,NHS,Survey,2018,s_lat_ebo_r,29.05168,NA,removed
BGD,NHS,Survey,2018,s_lat_ebo_u,20.42815,NA,removed
BGD,NHS,Survey,2018,s_lat_edl_r,8.0281,NA,removed
BGD,NHS,Survey,2018,s_lat_edl_u,11.40007,NA,removed
BGD,NHS,Survey,2018,s_lat_ero_r,0.80281,NA,removed
BGD,NHS,Survey,2018,s_lat_ero_u,1.75185,NA,removed
BGD,NHS,Survey,2018,s_lat_nemp_r,62.11741,NA,removed
BGD,NHS,Survey,2018,s_lat_nemp_u,66.41993,NA,removed
BGD,NHS,Survey,2018,s_lat_r,59.57016614748146,NA,removed
BGD,NHS,Survey,2018,s_lat_u,20.289596899839395,NA,removed
BGD,NHS,Survey,2018,s_od_r,2.75641,NA,removed
BGD,SVRS,Survey,2018,s_od_r,NA,2.9,added
BGD,NHS,Survey,2018,s_od_u,0.21241,NA,removed
BGD,SVRS,Survey,2018,s_od_u,NA,0.7,added
BGD,NHS,Survey,2018,s_sep_ebo_r,15.90551,NA,removed
BGD,NHS,Survey,2018,s_sep_ebo_u,11.20839,NA,removed
BGD,NHS,Survey,2018,s_sep_edl_r,7.87402,NA,removed
BGD,NHS,Survey,2018,s_sep_edl_u,3.97331,NA,removed
BGD,NHS,Survey,2018,s_sep_ero_r,0.47244,NA,removed
BGD,NHS,Survey,2018,s_sep_ero_u,6.8695,NA,removed
BGD,NHS,Survey,2018,s_sep_nemp_r,75.74803,NA,removed
BGD,NHS,Survey,2018,s_sep_nemp_u,77.9488,NA,removed
BGD,NHS,Survey,2018,s_sep_r,20.35256,NA,removed
BGD,NHS,Survey,2018,s_sep_u,27.60636,NA,removed
BGD,NHS,Survey,2018,s_sew_r,0.80128,NA,removed
BGD,NHS,Survey,2018,s_sew_u,28.91405,NA,removed
BGD,NHS,Survey,2018,s_shared_r,30.49378,NA,removed
BGD,NHS,Survey,2018,s_shared_u,48.64977,NA,removed
BGD,MWM,Survey,2019,s_sew_rtp_n,NA,0.018,added
BGD,MWM,Survey,2019,s_treat_wtp_n,NA,14.77,added
BGD,SVRS,Survey,2020,s_imp_r,NA,78.9,added
BGD,SVRS,Survey,2020,s_imp_u,NA,93.29999999999998,added
BGD,SVRS,Survey,2020,s_od_r,NA,1.9,added
BGD,SVRS,Survey,2020,s_od_u,NA,0.4,added
BGD,MWM,Survey,2020,s_sew_rtp_n,NA,0.018,added
BGD,MWM,Survey,2020,s_treat_wtp_n,NA,15.37,added
BGD,SVRS,Survey,2021,s_imp_r,NA,84.86999999999999,added
BGD,SVRS,Survey,2021,s_imp_u,NA,91.99610621260318,added
BGD,SVRS,Survey,2021,s_lat_r,NA,67.6,added
BGD,SVRS,Survey,2021,s_lat_u,NA,42.19969367118205,added
BGD,SVRS,Survey,2021,s_od_r,NA,1.07,added
BGD,SVRS,Survey,2021,s_od_u,NA,0.20936573968245104,added
BGD,SVRS,Survey,2021,s_sep_r,NA,17.25,added
BGD,SVRS,Survey,2021,s_sep_u,NA,42.28545698047557,added
BGD,SVRS,Survey,2021,s_sew_r,NA,0.02,added
BGD,MWM,Survey,2021,s_sew_rtp_n,NA,0.018,added
BGD,SVRS,Survey,2021,s_sew_u,NA,7.510955560945562,added
BGD,MWM,Survey,2021,s_treat_wtp_n,NA,16.12,added
BGD,SVRS,Survey,2022,s_imp_r,NA,88.76153,added
BGD,DHS,Survey,2022,s_imp_r,NA,77.84317999999999,added
BGD,CEN,Census,2022,s_imp_r,NA,74.47,added
BGD,SVRS,Survey,2022,s_imp_u,NA,93.62214,added
BGD,DHS,Survey,2022,s_imp_u,NA,86.31569,added
BGD,CEN,Census,2022,s_imp_u,NA,84.57000000000001,added
BGD,SVRS,Survey,2022,s_lat_r,NA,63.26087999999999,added
BGD,DHS,Survey,2022,s_lat_r,NA,62.56993999999999,added
BGD,SVRS,Survey,2022,s_lat_u,NA,31.89864,added
BGD,DHS,Survey,2022,s_lat_u,NA,32.16462,added
BGD,SVRS,Survey,2022,s_od_r,NA,0.74353,added
BGD,DHS,Survey,2022,s_od_r,NA,0.62013,added
BGD,CEN,Census,2022,s_od_r,NA,1.6,added
BGD,SVRS,Survey,2022,s_od_u,NA,0.11549,added
BGD,DHS,Survey,2022,s_od_u,NA,0.04833,added
BGD,CEN,Census,2022,s_od_u,NA,0.45,added
BGD,SVRS,Survey,2022,s_sep_r,NA,25.50065,added
BGD,DHS,Survey,2022,s_sep_r,NA,14.4017,added
BGD,SVRS,Survey,2022,s_sep_u,NA,44.67686,added
BGD,DHS,Survey,2022,s_sep_u,NA,33.65091,added
BGD,SVRS,Survey,2022,s_sew_r,NA,0,added
BGD,DHS,Survey,2022,s_sew_r,NA,0.87154,added
BGD,SVRS,Survey,2022,s_sew_u,NA,17.04664,added
BGD,DHS,Survey,2022,s_sew_u,NA,20.50016,added
BGD,SVRS,Survey,2022,s_shared_r,NA,22.14439,added
BGD,DHS,Survey,2022,s_shared_r,NA,21.41926,added
BGD,SVRS,Survey,2022,s_shared_u,NA,24.17632,added
BGD,DHS,Survey,2022,s_shared_u,NA,27.17105,added
BGD,SVRS,Survey,2023,s_imp_r,NA,88.95612974894006,added
BGD,SVRS,Survey,2023,s_imp_u,NA,91.01761085374372,added
BGD,SVRS,Survey,2023,s_lat_con_r,NA,67.35297267022715,added
BGD,SVRS,Survey,2023,s_lat_con_u,NA,62.46246276879087,added
BGD,SVRS,Survey,2023,s_lat_ebo_r,NA,29.40845870324012,added
BGD,SVRS,Survey,2023,s_lat_ebo_u,NA,24.748143917663093,added
BGD,SVRS,Survey,2023,s_lat_edl_r,NA,10.990465667385916,added
BGD,SVRS,Survey,2023,s_lat_edl_u,NA,8.948263370501971,added
BGD,SVRS,Survey,2023,s_lat_ero_r,NA,2.175016119903498,added
BGD,SVRS,Survey,2023,s_lat_ero_u,NA,5.639501188628314,added
BGD,SVRS,Survey,2023,s_lat_nemp_r,NA,57.42605950947046,added
BGD,SVRS,Survey,2023,s_lat_nemp_u,NA,60.66409152320662,added
BGD,SVRS,Survey,2023,s_lat_r,NA,65.85746420121137,added
BGD,SVRS,Survey,2023,s_lat_u,NA,35.79805869056802,added
BGD,SVRS,Survey,2023,s_od_r,NA,0.884392567004613,added
BGD,SVRS,Survey,2023,s_od_u,NA,0.27944834713396177,added
BGD,SVRS,Survey,2023,s_sep_con_r,NA,73.83620460600987,added
BGD,SVRS,Survey,2023,s_sep_con_u,NA,67.14512895416689,added
BGD,SVRS,Survey,2023,s_sep_ebo_r,NA,17.889358341507176,added
BGD,SVRS,Survey,2023,s_sep_ebo_u,NA,9.862080613057202,added
BGD,SVRS,Survey,2023,s_sep_edl_r,NA,10.83129596469923,added
BGD,SVRS,Survey,2023,s_sep_edl_u,NA,6.833401368521923,added
BGD,SVRS,Survey,2023,s_sep_ero_r,NA,4.147136150703128,added
BGD,SVRS,Survey,2023,s_sep_ero_u,NA,11.087467682898945,added
BGD,SVRS,Survey,2023,s_sep_nemp_r,NA,67.13220954309045,added
BGD,SVRS,Survey,2023,s_sep_nemp_u,NA,72.21705033552193,added
BGD,SVRS,Survey,2023,s_sep_r,NA,23.09866554772868,added
BGD,SVRS,Survey,2023,s_sep_u,NA,46.56534079119647,added
BGD,SVRS,Survey,2023,s_sew_r,NA,0,added
BGD,SVRS,Survey,2023,s_sew_u,NA,8.654211371979242,added
BGD,SVRS,Survey,2023,s_shared_r,NA,22.77505655962723,added
BGD,SVRS,Survey,2023,s_shared_u,NA,23.076293322329835,added
BGR,ES,Admin,2000,s_sep_n,34,33.3,changed
BGR,ES,Admin,2000,s_sew_rtp_n,NA,70.2,added
BGR,ES,Admin,2000,s_treat_wtp_n,NA,97.8319783197832,added
BGR,ES,Admin,2001,s_sep_n,33,32.2,changed
BGR,ES,Admin,2001,s_sew_rtp_n,NA,70.5,added
BGR,ES,Admin,2001,s_treat_wtp_n,NA,97.39583333333334,added
BGR,ES,Admin,2002,s_sep_n,32,31.6,changed
BGR,ES,Admin,2002,s_sew_rtp_n,NA,70.5,added
BGR,ES,Admin,2002,s_treat_wtp_n,NA,97.42268041237114,added
BGR,ES,Admin,2003,s_sep_n,32,31.5,changed
BGR,ES,Admin,2003,s_sew_rtp_n,NA,71.5,added
BGR,ES,Admin,2003,s_treat_wtp_n,NA,94.5137157107232,added
BGR,ES,Admin,2004,s_sep_n,32,31.3,changed
BGR,ES,Admin,2004,s_sew_rtp_n,NA,71.8,added
BGR,ES,Admin,2004,s_treat_wtp_n,NA,94.05940594059406,added
BGR,ES,Admin,2005,s_sep_n,31,30.98,changed
BGR,ES,Admin,2005,s_sew_rtp_n,NA,71.8,added
BGR,ES,Admin,2005,s_treat_wtp_n,NA,93.7530622243998,added
BGR,ES,Admin,2006,s_sew_rtp_n,NA,71.95,added
BGR,ES,Admin,2006,s_treat_wtp_n,NA,93.68955512572536,added
BGR,ES,Admin,2007,s_sep_n,30.4,30.35,changed
BGR,ES,Admin,2007,s_sew_rtp_n,NA,72.63,added
BGR,ES,Admin,2007,s_treat_wtp_n,NA,93.80321665089878,added
BGR,ES,Admin,2008,s_sep_n,30,30.04,changed
BGR,ES,Admin,2008,s_sew_rtp_n,NA,73.98,added
BGR,ES,Admin,2008,s_treat_wtp_n,NA,94.10559854346836,added
BGR,ES,Admin,2009,s_sew_rtp_n,NA,74.88,added
BGR,ES,Admin,2009,s_treat_wtp_n,NA,94.28003533568904,added
BGR,NSI,Admin,2010,s_lat_n,0,NA,removed
BGR,ES,Admin,2010,s_sep_n,29.4,29.38,changed
BGR,ES,Admin,2010,s_sew_rtp_n,NA,77.14,added
BGR,NSI,Admin,2010,s_treat_wtp_n,63.87197280838408,NA,removed
BGR,ES,Admin,2010,s_treat_wtp_n,NA,94.45026178010473,added
BGR,NSI,Admin,2011,s_lat_n,0,NA,removed
BGR,ES,Admin,2011,s_sep_n,25.9,25.91,changed
BGR,ES,Admin,2011,s_sew_rtp_n,NA,81.72,added
BGR,NSI,Admin,2011,s_treat_wtp_n,72.39470842332612,NA,removed
BGR,ES,Admin,2011,s_treat_wtp_n,NA,96.11111111111111,added
BGR,EU SILC,Admin,2012,s_imp_r,100,NA,removed
BGR,EUSILC,Admin,2012,s_imp_r,NA,100,added
BGR,EU SILC,Admin,2012,s_imp_u,100,NA,removed
BGR,EUSILC,Admin,2012,s_imp_u,NA,100,added
BGR,NSI,Admin,2012,s_lat_n,0,NA,removed
BGR,ES,Admin,2012,s_sep_n,25.7,25.67,changed
BGR,EU SILC,Admin,2012,s_sew_r,47.9,NA,removed
BGR,EUSILC,Admin,2012,s_sew_r,NA,47.9,added
BGR,ES,Admin,2012,s_sew_rtp_n,NA,81.73,added
BGR,EU SILC,Admin,2012,s_sew_u,93.8,NA,removed
BGR,EUSILC,Admin,2012,s_sew_u,NA,93.8,added
BGR,EU SILC,Admin,2012,s_shared_r,16.2839248434238,NA,removed
BGR,EUSILC,Admin,2012,s_shared_r,NA,16.2839248434238,added
BGR,EU SILC,Admin,2012,s_shared_u,13.219616204690832,NA,removed
BGR,EUSILC,Admin,2012,s_shared_u,NA,13.219616204690832,added
BGR,NSI,Admin,2012,s_treat_wtp_n,72.50470809792843,NA,removed
BGR,ES,Admin,2012,s_treat_wtp_n,NA,96.1298377028714,added
BGR,EU SILC,Admin,2013,s_imp_r,99.98,NA,removed
BGR,EUSILC,Admin,2013,s_imp_r,NA,99.98,added
BGR,EU SILC,Admin,2013,s_imp_u,100,NA,removed
BGR,EUSILC,Admin,2013,s_imp_u,NA,100,added
BGR,NSI,Admin,2013,s_lat_n,0,NA,removed
BGR,EU SILC,Admin,2013,s_sew_r,51.1,NA,removed
BGR,EUSILC,Admin,2013,s_sew_r,NA,51.1,added
BGR,ES,Admin,2013,s_sew_rtp_n,NA,81.74,added
BGR,EU SILC,Admin,2013,s_sew_u,92.7,NA,removed
BGR,EUSILC,Admin,2013,s_sew_u,NA,92.7,added
BGR,NSI,Admin,2013,s_treat_wtp_n,73.01204819277109,NA,removed
BGR,ES,Admin,2013,s_treat_wtp_n,NA,96.63359319631468,added
BGR,EU SILC,Admin,2014,s_imp_r,100,NA,removed
BGR,EUSILC,Admin,2014,s_imp_r,NA,100,added
BGR,EU SILC,Admin,2014,s_imp_u,100,NA,removed
BGR,EUSILC,Admin,2014,s_imp_u,NA,100,added
BGR,NSI,Admin,2014,s_lat_n,0,NA,removed
BGR,ES,Admin,2014,s_sep_n,25.1,25.12,changed
BGR,EU SILC,Admin,2014,s_sew_r,53.4,NA,removed
BGR,EUSILC,Admin,2014,s_sew_r,NA,53.4,added
BGR,ES,Admin,2014,s_sew_rtp_n,NA,81.88,added
BGR,EU SILC,Admin,2014,s_sew_u,92.6,NA,removed
BGR,EUSILC,Admin,2014,s_sew_u,NA,92.6,added
BGR,NSI,Admin,2014,s_treat_wtp_n,73.14369658119658,NA,removed
BGR,ES,Admin,2014,s_treat_wtp_n,NA,96.4940098661029,added
BGR,EU SILC,Admin,2015,s_imp_r,100,NA,removed
BGR,EUSILC,Admin,2015,s_imp_r,NA,100,added
BGR,EU SILC,Admin,2015,s_imp_u,100,NA,removed
BGR,EUSILC,Admin,2015,s_imp_u,NA,100,added
BGR,NSI,Admin,2015,s_lat_n,0,NA,removed
BGR,EU SILC,Admin,2015,s_sew_r,57.6,NA,removed
BGR,EUSILC,Admin,2015,s_sew_r,NA,57.6,added
BGR,ES,Admin,2015,s_sew_rtp_n,NA,86.8,added
BGR,EU SILC,Admin,2015,s_sew_u,96,NA,removed
BGR,EUSILC,Admin,2015,s_sew_u,NA,96,added
BGR,NSI,Admin,2015,s_treat_wtp_n,80.30463576158941,NA,removed
BGR,NSI,Survey,2016,s_lat_n,0,NA,removed
BGR,ES,Admin,2016,s_sew_rtp_n,NA,87.45,added
BGR,NSI,Survey,2016,s_treat_wtp_n,81.70167789668385,NA,removed
BGR,ES,Admin,2016,s_treat_wtp_n,NA,97.94108330693696,added
BGR,NSI,Survey,2017,s_lat_n,0,NA,removed
BGR,ES,Admin,2017,s_sew_rtp_n,NA,87.39,added
BGR,NSI,Survey,2017,s_treat_wtp_n,83.11192950151256,NA,removed
BGR,ES,Admin,2017,s_treat_wtp_n,NA,99.63733837906022,added
BGR,NSI,Survey,2018,s_lat_n,0,NA,removed
BGR,ES,Admin,2018,s_sep_n,NA,23.81,added
BGR,ES,Admin,2018,s_sew_rtp_n,NA,87.73,added
BGR,NSI,Survey,2018,s_treat_wtp_n,83.62204724409449,NA,removed
BGR,ES,Admin,2018,s_treat_wtp_n,NA,99.67151572031908,added
BGR,HBS,Survey,2019,s_imp_r,NA,100,added
BGR,HBS,Survey,2019,s_imp_u,NA,100,added
BGR,NSI,Survey,2019,s_sep_n,NA,23.58,added
BGR,ES,Admin,2019,s_sep_n,NA,23.58,added
BGR,ES,Admin,2019,s_sew_rtp_n,NA,88.19,added
BGR,ES,Admin,2019,s_treat_wtp_n,NA,99.84522519733788,added
BGR,HBS,Survey,2020,s_imp_r,NA,100,added
BGR,HBS,Survey,2020,s_imp_u,NA,100,added
BGR,NSI,Survey,2020,s_sep_n,NA,23.75,added
BGR,ES,Admin,2020,s_sep_n,NA,23.75,added
BGR,ES,Admin,2020,s_sew_rtp_n,NA,90.4,added
BGR,ES,Admin,2020,s_treat_wtp_n,NA,97.5993998499625,added
BGR,HBS,Survey,2021,s_imp_r,NA,100,added
BGR,HBS,Survey,2021,s_imp_u,NA,100,added
BGR,NSI,Survey,2021,s_sep_n,NA,25.2,added
BGR,ES,Admin,2021,s_sep_n,NA,25.21,added
BGR,ES,Admin,2021,s_sew_rtp_n,NA,91.99,added
BGR,ES,Admin,2021,s_treat_wtp_n,NA,97.76912711483756,added
BGR,HBS,Survey,2022,s_imp_r,NA,100,added
BGR,HBS,Survey,2022,s_imp_u,NA,100,added
BGR,NSI,Survey,2022,s_sep_n,NA,25,added
BGR,NSI,Survey,2022,s_sew_rtp_n,NA,92.1,added
BGR,NSI,Survey,2022,s_treat_wtp_n,NA,99.85119047619048,added
BHR,NRH,Admin,2007,s_sew_n,79,NA,removed
BHR,MWMAUP,Admin,2010,s_od_n,NA,0,added
BHR,MWMAUP,Admin,2011,s_od_n,NA,0,added
BHR,MWMAUP,Admin,2012,s_od_n,NA,0,added
BHR,MDG,Admin,2012,s_sew_n,87.18319878242457,NA,removed
BHR,MDG+,Admin,2012,s_sew_n,NA,87.18319878242457,added
BHR,MWMAUP,Admin,2012,s_treat_wtp_n,99.91,100,changed
BHR,MWMAUP,Admin,2013,s_od_n,NA,0,added
BHR,MWMAUP,Admin,2013,s_treat_wtp_n,99.96,100,changed
BHR,MWMAUP,Admin,2014,s_od_n,NA,0,added
BHR,MWMAUP,Admin,2014,s_treat_wtp_n,99.95,99.23611111111111,changed
BHR,HIES,Survey,2015,s_imp_n,NA,100,added
BHR,EWA,Other,2015,s_imp_n,NA,100,added
BHR,MWMAUP,Admin,2015,s_od_n,NA,0,added
BHR,MWMAUP,Admin,2015,s_treat_wtp_n,100,98.73090481786132,changed
BHR,MWMAUP,Admin,2016,s_od_n,NA,0,added
BHR,MWMAUP,Admin,2016,s_treat_wtp_n,100,98.6159169550173,changed
BHR,MWMAUP,Admin,2017,s_od_n,NA,0,added
BHR,MWMAUP,Admin,2017,s_treat_wtp_n,100,99.95328194347114,changed
BHR,NHS,Survey,2018,s_imp_n,NA,100,added
BHR,MWMAUP,Admin,2018,s_imp_n,NA,100,added
BHR,MWMAUP,Admin,2018,s_od_n,NA,0,added
BHR,MWMAUP,Admin,2018,s_sep_n,NA,17,added
BHR,MWMAUP,Admin,2018,s_sew_n,NA,83,added
BHR,MWMAUP,Admin,2018,s_treat_wtp_n,NA,100,added
BHR,MWMAUP,Admin,2019,s_imp_n,NA,100,added
BHR,EWA,Other,2019,s_imp_n,NA,100,added
BHR,MWMAUP,Admin,2019,s_od_n,NA,0,added
BHR,EWA,Other,2019,s_od_n,NA,0,added
BHR,MWMAUP,Admin,2019,s_sep_n,NA,18,added
BHR,EWA,Other,2019,s_sep_n,NA,19,added
BHR,MWMAUP,Admin,2019,s_sew_n,NA,82,added
BHR,EWA,Other,2019,s_sew_n,NA,81,added
BHR,MWMAUP,Admin,2019,s_treat_wtp_n,NA,100,added
BHR,MWMAUP,Admin,2020,s_imp_n,NA,100,added
BHR,EWA,Other,2020,s_imp_n,NA,100,added
BHR,MWMAUP,Admin,2020,s_od_n,NA,0,added
BHR,EWA,Other,2020,s_od_n,NA,0,added
BHR,MWMAUP,Admin,2020,s_sep_n,NA,19,added
BHR,EWA,Other,2020,s_sep_n,NA,19,added
BHR,MWMAUP,Admin,2020,s_sew_n,NA,81,added
BHR,EWA,Other,2020,s_sew_n,NA,81,added
BHR,MWMAUP,Admin,2020,s_treat_wtp_n,NA,100,added
BHR,MWMAUP,Admin,2021,s_imp_n,NA,100,added
BHR,EWA,Other,2021,s_imp_n,NA,100,added
BHR,MWMAUP,Admin,2021,s_od_n,NA,0,added
BHR,EWA,Other,2021,s_od_n,NA,0,added
BHR,MWMAUP,Admin,2021,s_sep_n,NA,19,added
BHR,EWA,Other,2021,s_sep_n,NA,19,added
BHR,MWMAUP,Admin,2021,s_sew_n,NA,81,added
BHR,EWA,Other,2021,s_sew_n,NA,81,added
BHR,MWMAUP,Admin,2021,s_treat_wtp_n,NA,100,added
BHR,EWA,Other,2022,s_imp_n,NA,100,added
BHR,EWA,Other,2022,s_od_n,NA,0,added
BHR,EWA,Other,2022,s_sep_n,NA,19,added
BHR,EWA,Other,2022,s_sew_n,NA,81,added
BHS,CEN,Census,2000,s_imp_n,90.3,91.73931091739313,changed
BHS,CEN,Census,2000,s_lat_n,3.0999999999999943,3.694479036944784,changed
BHS,CEN,Census,2000,s_od_n,1.2,1.7434620174346205,changed
BHS,CEN,Census,2000,s_sep_n,75.8,86.84101286841013,changed
BHS,CEN,Census,2000,s_sew_n,11.4,1.2038190120381902,changed
BHS,CEN,Census,2000,s_shared_n,5.7298866902303995,0.7692307692307693,changed
BIH,ES,Admin,2005,s_sep_con_n,NA,80.76923076923077,added
BIH,ES,Admin,2005,s_sep_ero_n,NA,19.230769230769223,added
BIH,ES,Admin,2005,s_sep_nemp_n,NA,80.76923076923077,added
BIH,ES,Admin,2005,s_sew_rtp_n,NA,45.39,added
BIH,ES,Admin,2006,s_sep_con_n,NA,80.76923076923077,added
BIH,ES,Admin,2006,s_sep_ero_n,NA,19.230769230769223,added
BIH,ES,Admin,2006,s_sep_nemp_n,NA,80.76923076923077,added
BIH,ES,Admin,2006,s_sew_rtp_n,NA,46.1,added
BIH,ES,Admin,2007,s_sep_con_n,NA,80.76923076923077,added
BIH,ES,Admin,2007,s_sep_ero_n,NA,19.230769230769223,added
BIH,ES,Admin,2007,s_sep_nemp_n,NA,80.76923076923077,added
BIH,ES,Admin,2007,s_sew_rtp_n,NA,46.58,added
BIH,ES,Admin,2008,s_lat_con_n,0,NA,removed
BIH,ES,Admin,2008,s_sep_con_n,NA,80.76923076923077,added
BIH,ES,Admin,2008,s_sep_dtp_n,38.46153846153846,NA,removed
BIH,ES,Admin,2008,s_sep_ebo_n,61.53846153846154,NA,removed
BIH,ES,Admin,2008,s_sep_ero_n,NA,19.230769230769223,added
BIH,ES,Admin,2008,s_sep_nemp_n,NA,80.76923076923077,added
BIH,ES,Admin,2008,s_sew_rtp_n,NA,44.9,added
BIH,ES,Admin,2008,s_treat_wtp_n,3.5006605019815056,12.864077669902912,changed
BIH,ES,Admin,2009,s_sep_con_n,NA,80.76923076923077,added
BIH,ES,Admin,2009,s_sep_ero_n,38.46153846153846,19.230769230769223,changed
BIH,ES,Admin,2009,s_sep_nemp_n,61.53846153846154,80.76923076923077,changed
BIH,ES,Admin,2009,s_sew_rtp_n,NA,45.52,added
BIH,ES,Admin,2009,s_treat_wtp_n,3.529098415235051,12.857836001940804,changed
BIH,ES,Admin,2010,s_sep_con_n,NA,80.76923076923077,added
BIH,ES,Admin,2010,s_sep_ero_n,38.46153846153846,19.230769230769223,changed
BIH,ES,Admin,2010,s_sep_nemp_n,61.53846153846154,80.76923076923077,changed
BIH,ES,Admin,2010,s_sew_rtp_n,NA,45.19,added
BIH,ES,Admin,2010,s_treat_wtp_n,3.925006743997842,15.054319710294878,changed
BIH,ES,Admin,2011,s_sep_con_n,NA,80.76923076923077,added
BIH,ES,Admin,2011,s_sep_ero_n,38.46153846153846,19.230769230769223,changed
BIH,ES,Admin,2011,s_sep_nemp_n,61.53846153846154,80.76923076923077,changed
BIH,ES,Admin,2011,s_sew_rtp_n,NA,45.61,added
BIH,ES,Admin,2011,s_treat_wtp_n,4.167805411314566,16.23203831825439,changed
BIH,ES,Admin,2012,s_sep_con_n,NA,80.76923076923077,added
BIH,ES,Admin,2012,s_sep_ero_n,38.46153846153846,19.230769230769223,changed
BIH,ES,Admin,2012,s_sep_nemp_n,61.53846153846154,80.76923076923077,changed
BIH,ES,Admin,2012,s_sew_rtp_n,NA,45.24,added
BIH,ES,Admin,2012,s_treat_wtp_n,4.764542936288088,19.724770642201833,changed
BIH,ES,Admin,2013,s_sep_con_n,NA,80.76923076923077,added
BIH,ES,Admin,2013,s_sep_ero_n,38.46153846153846,19.230769230769223,changed
BIH,ES,Admin,2013,s_sep_nemp_n,61.53846153846154,80.76923076923077,changed
BIH,ES,Admin,2013,s_sew_rtp_n,NA,47.71,added
BIH,ES,Admin,2013,s_treat_wtp_n,5.412857350166885,22.44283995186522,changed
BIH,ES,Admin,2014,s_sep_con_n,NA,80.76923076923077,added
BIH,ES,Admin,2014,s_sep_ero_n,38.46153846153846,19.230769230769223,changed
BIH,ES,Admin,2014,s_sep_nemp_n,61.53846153846154,80.76923076923077,changed
BIH,ES,Admin,2014,s_sew_rtp_n,NA,48.69,added
BIH,ES,Admin,2014,s_treat_wtp_n,5.520388635359929,22.563176895306857,changed
BIH,ES,Admin,2015,s_sep_con_n,NA,80.76923076923077,added
BIH,ES,Admin,2015,s_sep_ero_n,38.46153846153846,19.230769230769223,changed
BIH,ES,Admin,2015,s_sep_nemp_n,61.53846153846154,80.76923076923077,changed
BIH,ES,Admin,2015,s_sew_rtp_n,NA,50.25,added
BIH,ES,Admin,2015,s_treat_wtp_n,5.652698221284293,22.60397830018083,changed
BIH,ES,Admin,2016,s_sep_con_n,NA,80.76923076923077,added
BIH,ES,Admin,2016,s_sep_ero_n,38.46153846153846,19.230769230769223,changed
BIH,ES,Admin,2016,s_sep_nemp_n,61.53846153846154,80.76923076923077,changed
BIH,ES,Admin,2016,s_sew_rtp_n,NA,58.74,added
BIH,ES,Admin,2016,s_treat_wtp_n,33.108108108108105,90.360435875943,changed
BIH,ES,Admin,2017,s_sep_con_n,NA,80.76923076923077,added
BIH,ES,Admin,2017,s_sep_ero_n,38.46153846153846,19.230769230769223,changed
BIH,ES,Admin,2017,s_sep_nemp_n,61.53846153846154,80.76923076923077,changed
BIH,ES,Admin,2017,s_sew_rtp_n,NA,60,added
BIH,ES,Admin,2017,s_treat_wtp_n,33.80281690140845,90.37656903765688,changed
BIH,ES,Admin,2018,s_sep_con_n,NA,80.76923076923077,added
BIH,ES,Admin,2018,s_sep_ero_n,NA,19.230769230769223,added
BIH,ES,Admin,2018,s_sep_nemp_n,NA,80.76923076923077,added
BIH,ES,Admin,2018,s_sew_rtp_n,NA,59.1,added
BIH,ES,Admin,2018,s_treat_wtp_n,NA,91.30434782608695,added
BIH,ES,Admin,2019,s_sep_con_n,NA,80.76923076923077,added
BIH,ES,Admin,2019,s_sep_ero_n,NA,19.230769230769223,added
BIH,ES,Admin,2019,s_sep_nemp_n,NA,80.76923076923077,added
BIH,ES,Admin,2019,s_sew_rtp_n,NA,60,added
BIH,ES,Admin,2019,s_treat_wtp_n,NA,90.37656903765688,added
BLM,CEN,Census,2006,s_imp_n,NA,99.19846439510182,added
BLM,CEN,Census,2006,s_imp_u,NA,99.19846439510182,added
BLM,CEN,Census,2006,s_lat_n,NA,20.97217163907314,added
BLM,CEN,Census,2006,s_lat_u,NA,20.97217163907314,added
BLM,CEN,Census,2006,s_sep_n,NA,77.35102184594993,added
BLM,CEN,Census,2006,s_sep_u,NA,77.35102184594993,added
BLM,CEN,Census,2006,s_sew_n,NA,0.8752709100787505,added
BLM,CEN,Census,2006,s_sew_u,NA,0.8752709100787505,added
BLM,CEN,Census,2007,s_imp_n,NA,99.19804271977505,added
BLM,CEN,Census,2007,s_imp_u,NA,99.19804271977505,added
BLM,CEN,Census,2007,s_lat_n,NA,20.972385305311988,added
BLM,CEN,Census,2007,s_lat_u,NA,20.972385305311988,added
BLM,CEN,Census,2007,s_sep_n,NA,77.35102184594993,added
BLM,CEN,Census,2007,s_sep_u,NA,77.35102184594993,added
BLM,CEN,Census,2007,s_sew_n,NA,0.8746355685131195,added
BLM,CEN,Census,2007,s_sew_u,NA,0.8746355685131195,added
BLM,CEN,Census,2008,s_imp_n,NA,99.19825072886296,added
BLM,CEN,Census,2008,s_imp_u,NA,99.19825072886296,added
BLM,CEN,Census,2008,s_lat_n,NA,20.97667638483965,added
BLM,CEN,Census,2008,s_lat_u,NA,20.97667638483965,added
BLM,CEN,Census,2008,s_sep_n,NA,77.3469387755102,added
BLM,CEN,Census,2008,s_sep_u,NA,77.3469387755102,added
BLM,CEN,Census,2008,s_sew_n,NA,0.8746355685131195,added
BLM,CEN,Census,2008,s_sew_u,NA,0.8746355685131195,added
BLM,CEN,Census,2009,s_imp_n,NA,99.22566371681415,added
BLM,CEN,Census,2009,s_imp_u,NA,99.22566371681415,added
BLM,CEN,Census,2009,s_lat_n,NA,20.99004424778761,added
BLM,CEN,Census,2009,s_lat_u,NA,20.99004424778761,added
BLM,CEN,Census,2009,s_sep_n,NA,77.35066371681415,added
BLM,CEN,Census,2009,s_sep_u,NA,77.35066371681415,added
BLM,CEN,Census,2009,s_sew_n,NA,0.8849557522123894,added
BLM,CEN,Census,2009,s_sew_u,NA,0.8849557522123894,added
BLM,CEN,Census,2010,s_imp_n,NA,99.71161768744852,added
BLM,CEN,Census,2010,s_imp_u,NA,99.71161768744852,added
BLM,CEN,Census,2010,s_lat_n,NA,17.783575940675632,added
BLM,CEN,Census,2010,s_lat_u,NA,17.783575940675632,added
BLM,CEN,Census,2010,s_sep_n,NA,81.29634715737436,added
BLM,CEN,Census,2010,s_sep_u,NA,81.29634715737436,added
BLM,CEN,Census,2010,s_sew_n,NA,0.6316945893985169,added
BLM,CEN,Census,2010,s_sew_u,NA,0.6316945893985169,added
BLM,CEN,Census,2012,s_imp_n,NA,100,added
BLM,CEN,Census,2012,s_imp_u,NA,100,added
BLM,CEN,Census,2012,s_lat_n,NA,17.594594594594597,added
BLM,CEN,Census,2012,s_lat_u,NA,17.594594594594597,added
BLM,CEN,Census,2012,s_sep_n,NA,81.75675675675676,added
BLM,CEN,Census,2012,s_sep_u,NA,81.75675675675676,added
BLM,CEN,Census,2012,s_sew_n,NA,0.6486486486486486,added
BLM,CEN,Census,2012,s_sew_u,NA,0.6486486486486486,added
BLM,CEN,Census,2013,s_imp_n,NA,100,added
BLM,CEN,Census,2013,s_imp_u,NA,100,added
BLM,CEN,Census,2013,s_lat_n,NA,17.59431104924667,added
BLM,CEN,Census,2013,s_lat_u,NA,17.59431104924667,added
BLM,CEN,Census,2013,s_sep_n,NA,81.75703462646801,added
BLM,CEN,Census,2013,s_sep_u,NA,81.75703462646801,added
BLM,CEN,Census,2013,s_sew_n,NA,0.6486543242853043,added
BLM,CEN,Census,2013,s_sew_u,NA,0.6486543242853043,added
BLM,CEN,Census,2014,s_imp_n,NA,100,added
BLM,CEN,Census,2014,s_imp_u,NA,100,added
BLM,CEN,Census,2014,s_lat_n,NA,17.59403653258245,added
BLM,CEN,Census,2014,s_lat_u,NA,17.59403653258245,added
BLM,CEN,Census,2014,s_sep_n,NA,81.75730364821987,added
BLM,CEN,Census,2014,s_sep_u,NA,81.75730364821987,added
BLM,CEN,Census,2014,s_sew_n,NA,0.6486598191976823,added
BLM,CEN,Census,2014,s_sew_u,NA,0.6486598191976823,added
BLM,CEN,Census,2015,s_imp_n,NA,100,added
BLM,CEN,Census,2015,s_imp_u,NA,100,added
BLM,CEN,Census,2015,s_lat_n,NA,8.278860265714883,added
BLM,CEN,Census,2015,s_lat_u,NA,8.278860265714883,added
BLM,CEN,Census,2015,s_sep_n,NA,85.74166561844883,added
BLM,CEN,Census,2015,s_sep_u,NA,85.74166561844883,added
BLM,CEN,Census,2015,s_sew_n,NA,5.979474115836278,added
BLM,CEN,Census,2015,s_sew_u,NA,5.979474115836278,added
BLM,CEN,Census,2016,s_imp_n,NA,100,added
BLM,CEN,Census,2016,s_imp_u,NA,100,added
BLM,CEN,Census,2016,s_lat_n,NA,8.279002230899124,added
BLM,CEN,Census,2016,s_lat_u,NA,8.279002230899124,added
BLM,CEN,Census,2016,s_sep_n,NA,85.74227851345877,added
BLM,CEN,Census,2016,s_sep_u,NA,85.74227851345877,added
BLM,CEN,Census,2016,s_sew_n,NA,5.978719255642106,added
BLM,CEN,Census,2016,s_sew_u,NA,5.978719255642106,added
BLM,CEN,Census,2017,s_imp_n,NA,100,added
BLM,CEN,Census,2017,s_imp_u,NA,100,added
BLM,CEN,Census,2017,s_lat_n,NA,8.279139569784888,added
BLM,CEN,Census,2017,s_lat_u,NA,8.279139569784888,added
BLM,CEN,Census,2017,s_sep_n,NA,85.74287143571786,added
BLM,CEN,Census,2017,s_sep_u,NA,85.74287143571786,added
BLM,CEN,Census,2017,s_sew_n,NA,5.977988994497249,added
BLM,CEN,Census,2017,s_sew_u,NA,5.977988994497249,added
BLM,CEN,Census,2018,s_imp_n,NA,99.78829044440276,added
BLM,CEN,Census,2018,s_imp_u,NA,99.78829044440276,added
BLM,CEN,Census,2018,s_lat_n,NA,8.45592872061873,added
BLM,CEN,Census,2018,s_lat_u,NA,8.45592872061873,added
BLM,CEN,Census,2018,s_sep_n,NA,85.38040279127809,added
BLM,CEN,Census,2018,s_sep_u,NA,85.38040279127809,added
BLM,CEN,Census,2018,s_sew_n,NA,5.951958932505953,added
BLM,CEN,Census,2018,s_sew_u,NA,5.951958932505953,added
BLM,CEN,Census,2019,s_imp_n,NA,99.78860590528744,added
BLM,CEN,Census,2019,s_imp_u,NA,99.78860590528744,added
BLM,CEN,Census,2019,s_lat_n,NA,8.456629852274318,added
BLM,CEN,Census,2019,s_lat_u,NA,8.456629852274318,added
BLM,CEN,Census,2019,s_sep_n,NA,85.383584681893,added
BLM,CEN,Census,2019,s_sep_u,NA,85.383584681893,added
BLM,CEN,Census,2019,s_sew_n,NA,5.9483913711201355,added
BLM,CEN,Census,2019,s_sew_u,NA,5.9483913711201355,added
BLM,CEN,Census,2020,s_imp_n,NA,99.78892079792676,added
BLM,CEN,Census,2020,s_imp_u,NA,99.78892079792676,added
BLM,CEN,Census,2020,s_lat_n,NA,8.457349875883807,added
BLM,CEN,Census,2020,s_lat_u,NA,8.457349875883807,added
BLM,CEN,Census,2020,s_sep_n,NA,85.38673604575756,added
BLM,CEN,Census,2020,s_sep_u,NA,85.38673604575756,added
BLM,CEN,Census,2020,s_sew_n,NA,5.944834876285399,added
BLM,CEN,Census,2020,s_sew_u,NA,5.944834876285399,added
BLM,CEN,Census,2021,s_imp_n,NA,99.79625530354936,added
BLM,CEN,Census,2021,s_imp_u,NA,99.79625530354936,added
BLM,CEN,Census,2021,s_lat_n,NA,12.072519271811116,added
BLM,CEN,Census,2021,s_lat_u,NA,12.072519271811116,added
BLM,CEN,Census,2021,s_sep_n,NA,80.31548911107849,added
BLM,CEN,Census,2021,s_sep_u,NA,80.31548911107849,added
BLM,CEN,Census,2021,s_sew_n,NA,7.408246920659753,added
BLM,CEN,Census,2021,s_sew_u,NA,7.408246920659753,added
BLR,LSS,Survey,2014,s_imp_r,98.5106343283582,97.97355357906744,changed
BLR,LSS,Survey,2015,s_imp_r,98.52405203711172,98.41170415656636,changed
BLR,LSS,Survey,2015,s_imp_u,99.85240520371116,99.87924062121824,changed
BLR,LSS,Survey,2016,s_imp_r,98.69246714247129,98.96426288737906,changed
BLR,LSS,Survey,2016,s_imp_u,99.88256130568315,99.9207684411204,changed
BLR,LSS,Survey,2017,s_imp_r,98.89876543209876,99.15127097715784,changed
BLR,LSS,Survey,2017,s_imp_u,99.9055944055944,99.90567671561952,changed
BLR,LSS,Survey,2018,s_imp_r,99.10123456790124,99.29991843313584,changed
BLR,LSS,Survey,2018,s_imp_u,99.92307692307692,99.91699550974518,changed
BLR,MICS,Survey,2019,s_imp_r,96.6,96.56695,changed
BLR,LSS,Survey,2019,s_imp_r,99.09135802469136,99.30950859158604,changed
BLR,CEN,Census,2019,s_imp_r,NA,98.25369259798072,added
BLR,MICS,Survey,2019,s_imp_u,99.5,99.46657,changed
BLR,LSS,Survey,2019,s_imp_u,99.95104895104896,99.95095189212216,changed
BLR,CEN,Census,2019,s_imp_u,NA,99.87220515097648,added
BLR,MICS,Survey,2019,s_lat_ebo_r,50.179211469534046,50.26264,changed
BLR,MICS,Survey,2019,s_lat_ebo_u,42.69005847953216,42.64272,changed
BLR,MICS,Survey,2019,s_lat_edl_r,4.838709677419355,4.94103,changed
BLR,MICS,Survey,2019,s_lat_edl_u,2.144249512670565,2.24879,changed
BLR,MICS,Survey,2019,s_lat_ero_r,33.33333333333333,33.24894,changed
BLR,MICS,Survey,2019,s_lat_ero_u,45.02923976608187,44.87542,changed
BLR,MICS,Survey,2019,s_lat_nemp_r,11.64874551971326,11.5474,changed
BLR,MICS,Survey,2019,s_lat_nemp_u,10.1364522417154,10.23307,changed
BLR,MICS,Survey,2019,s_lat_r,38.7,38.663790000000006,changed
BLR,CEN,Census,2019,s_lat_r,NA,33.087716310043874,added
BLR,MICS,Survey,2019,s_lat_u,7.099999999999994,7.082810000000009,changed
BLR,CEN,Census,2019,s_lat_u,NA,2.4440662590584026,added
BLR,MICS,Survey,2019,s_od_r,NA,0,added
BLR,MICS,Survey,2019,s_od_u,NA,0,added
BLR,MICS,Survey,2019,s_sep_ebo_r,9.502262443438914,9.51447,changed
BLR,MICS,Survey,2019,s_sep_ebo_u,4.320987654320987,4.27665,changed
BLR,MICS,Survey,2019,s_sep_edl_r,2.262443438914027,2.25581,changed
BLR,MICS,Survey,2019,s_sep_edl_u,3.292181069958848,3.37219,changed
BLR,MICS,Survey,2019,s_sep_ero_r,83.71040723981899,83.56157,changed
BLR,MICS,Survey,2019,s_sep_ero_u,84.97942386831275,84.99342,changed
BLR,MICS,Survey,2019,s_sep_nemp_r,4.524886877828054,4.66815,changed
BLR,MICS,Survey,2019,s_sep_nemp_u,7.4074074074074066,7.35775,changed
BLR,MICS,Survey,2019,s_sep_r,30.7,30.69007,changed
BLR,CEN,Census,2019,s_sep_r,NA,29.045136906994568,added
BLR,MICS,Survey,2019,s_sep_u,6.7,6.70366,changed
BLR,CEN,Census,2019,s_sep_u,NA,7.494531435426034,added
BLR,MICS,Survey,2019,s_sew_r,27.2,27.21309,changed
BLR,CEN,Census,2019,s_sew_r,NA,36.120839380942286,added
BLR,MICS,Survey,2019,s_sew_u,85.7,85.6801,changed
BLR,CEN,Census,2019,s_sew_u,NA,89.93360745649204,added
BLR,MICS,Survey,2019,s_shared_r,NA,0.24457,added
BLR,MICS,Survey,2019,s_shared_u,NA,0.56489,added
BLR,LSS,Survey,2020,s_imp_r,99.19012345679012,99.30471351236096,changed
BLR,LSS,Survey,2020,s_imp_u,99.96503496503496,99.9622706862478,changed
BLR,LSSS,Survey,2021,s_imp_r,NA,98.5,added
BLR,LSS,Survey,2021,s_imp_r,NA,99.24717256165978,added
BLR,LSSS,Survey,2021,s_imp_u,NA,100,added
BLR,LSS,Survey,2021,s_imp_u,NA,99.96604361762304,added
BLR,LSS,Survey,2022,s_imp_r,NA,99.46295112678914,added
BLR,LSS,Survey,2022,s_imp_u,NA,99.96981654899824,added
BLR,LSS,Survey,2023,s_imp_r,NA,99.55885271129108,added
BLR,LSS,Survey,2023,s_imp_u,NA,99.97736241174869,added
BLR,LSS,Survey,2024,s_imp_r,NA,99.61639366199223,added
BLR,LSS,Survey,2024,s_imp_u,NA,99.97736241174869,added
BLZ,UNSD,Admin,2010,s_treat_wtp_n,NA,100,added
BLZ,UNSD,Admin,2011,s_treat_wtp_n,NA,100,added
BLZ,UNSD,Admin,2012,s_treat_wtp_n,NA,100,added
BLZ,UNSD,Admin,2013,s_treat_wtp_n,NA,100,added
BLZ,UNSD,Admin,2014,s_treat_wtp_n,NA,100,added
BLZ,UNSD,Admin,2015,s_treat_wtp_n,NA,100,added
BLZ,UNSD,Admin,2016,s_treat_wtp_n,NA,100,added
BLZ,UNSD,Admin,2017,s_treat_wtp_n,NA,100,added
BLZ,UNSD,Admin,2018,s_treat_wtp_n,NA,100,added
BLZ,UNSD,Admin,2019,s_treat_wtp_n,NA,100,added
BLZ,UNSD,Admin,2020,s_treat_wtp_n,NA,100,added
BLZ,AS,Other,2021,s_imp_r,NA,73.91508842342908,added
BLZ,AS,Other,2021,s_imp_u,NA,95.8173585404548,added
BLZ,UNSD,Admin,2021,s_treat_wtp_n,NA,100,added
BLZ,AS,Other,2022,s_imp_r,NA,90.92041762609216,added
BLZ,AS,Other,2022,s_imp_u,NA,98.96317202720448,added
BLZ,AS,Other,2023,s_imp_r,NA,89.0334945978948,added
BLZ,AS,Other,2023,s_imp_u,NA,98.67879237329484,added
BMU,ES,Admin,2008,s_treat_wtp_n,30,NA,removed
BMU,ES,Admin,2009,s_treat_wtp_n,30,NA,removed
BMU,UNSD,Admin,2010,s_sew_rtp_n,NA,30,added
BMU,UNSD,Admin,2010,s_sew_rtp_u,NA,30,added
BMU,ES,Admin,2010,s_treat_wtp_n,30,NA,removed
BMU,UNSD,Admin,2010,s_treat_wtp_n,NA,100,added
BMU,UNSD,Admin,2010,s_treat_wtp_u,NA,100,added
BMU,UNSD,Admin,2011,s_sew_rtp_n,NA,30,added
BMU,UNSD,Admin,2011,s_sew_rtp_u,NA,30,added
BMU,ES,Admin,2011,s_treat_wtp_n,30,NA,removed
BMU,UNSD,Admin,2011,s_treat_wtp_n,NA,100,added
BMU,UNSD,Admin,2011,s_treat_wtp_u,NA,100,added
BMU,UNSD,Admin,2012,s_sew_rtp_n,NA,30,added
BMU,UNSD,Admin,2012,s_sew_rtp_u,NA,30,added
BMU,UNSD,Admin,2012,s_treat_wtp_n,NA,100,added
BMU,UNSD,Admin,2012,s_treat_wtp_u,NA,100,added
BMU,UNSD,Admin,2013,s_sew_rtp_n,NA,30,added
BMU,UNSD,Admin,2013,s_sew_rtp_u,NA,30,added
BMU,UNSD,Admin,2013,s_treat_wtp_n,NA,100,added
BMU,UNSD,Admin,2013,s_treat_wtp_u,NA,100,added
BMU,UNSD,Admin,2014,s_sew_rtp_n,NA,30,added
BMU,UNSD,Admin,2014,s_sew_rtp_u,NA,30,added
BMU,UNSD,Admin,2014,s_treat_wtp_n,NA,100,added
BMU,UNSD,Admin,2014,s_treat_wtp_u,NA,100,added
BMU,UNSD,Admin,2015,s_sew_rtp_n,NA,30,added
BMU,UNSD,Admin,2015,s_sew_rtp_u,NA,30,added
BMU,UNSD,Admin,2015,s_treat_wtp_n,NA,100,added
BMU,UNSD,Admin,2015,s_treat_wtp_u,NA,100,added
BMU,CEN,Census,2016,s_imp_n,NA,99.97082208767964,added
BMU,CEN,Census,2016,s_imp_u,NA,99.97082208767964,added
BMU,UNSD,Admin,2016,s_sew_rtp_n,NA,30,added
BMU,UNSD,Admin,2016,s_sew_rtp_u,NA,30,added
BMU,UNSD,Admin,2016,s_treat_wtp_n,NA,100,added
BMU,UNSD,Admin,2016,s_treat_wtp_u,NA,100,added
BMU,UNSD,Admin,2017,s_sew_rtp_n,NA,30,added
BMU,UNSD,Admin,2017,s_sew_rtp_u,NA,30,added
BMU,UNSD,Admin,2017,s_treat_wtp_n,NA,100,added
BMU,UNSD,Admin,2017,s_treat_wtp_u,NA,100,added
BMU,UNSD,Admin,2018,s_sew_rtp_n,NA,30,added
BMU,UNSD,Admin,2018,s_sew_rtp_u,NA,30,added
BMU,UNSD,Admin,2018,s_treat_wtp_n,NA,100,added
BMU,UNSD,Admin,2018,s_treat_wtp_u,NA,100,added
BMU,UNSD,Admin,2019,s_sew_rtp_n,NA,30,added
BMU,UNSD,Admin,2019,s_sew_rtp_u,NA,30,added
BMU,UNSD,Admin,2019,s_treat_wtp_n,NA,100,added
BMU,UNSD,Admin,2019,s_treat_wtp_u,NA,100,added
BOL,EPF,Survey,2016,s_od_r,NA,48.52334,added
BOL,EPF,Survey,2016,s_od_u,NA,5.59114,added
BOL,EPF,Survey,2016,s_sep_r,NA,6.01038,added
BOL,EPF,Survey,2016,s_sep_u,NA,16.54204,added
BOL,EPF,Survey,2016,s_sew_r,NA,3.79007,added
BOL,EPF,Survey,2016,s_sew_u,NA,58.22958,added
BOL,AAPS,Admin,2016,s_treat_wtp_n,90.95,NA,removed
BOL,AAPS,Admin,2017,s_treat_wtp_n,78.89,NA,removed
BOL,EH,Survey,2020,s_imp_r,NA,48.26666,added
BOL,EH,Survey,2020,s_imp_u,NA,96.83112,added
BOL,EH,Survey,2020,s_lat_r,NA,32.92792,added
BOL,EH,Survey,2020,s_lat_u,NA,12.650859999999994,added
BOL,EH,Survey,2020,s_od_r,NA,30.48147,added
BOL,EH,Survey,2020,s_od_u,NA,0.97059,added
BOL,EH,Survey,2020,s_sep_r,NA,6.6424,added
BOL,EH,Survey,2020,s_sep_u,NA,15.26349,added
BOL,EH,Survey,2020,s_sew_r,NA,8.69634,added
BOL,EH,Survey,2020,s_sew_u,NA,68.91677,added
BOL,EH,Survey,2021,s_imp_r,NA,60.06656,added
BOL,EH,Survey,2021,s_imp_u,NA,97.08236999999998,added
BOL,EH,Survey,2021,s_lat_r,NA,38.31902,added
BOL,EH,Survey,2021,s_lat_u,NA,14.629969999999986,added
BOL,EH,Survey,2021,s_od_r,NA,21.22461,added
BOL,EH,Survey,2021,s_od_u,NA,0.5732,added
BOL,EH,Survey,2021,s_sep_r,NA,11.79397,added
BOL,EH,Survey,2021,s_sep_u,NA,18.17148,added
BOL,EH,Survey,2021,s_sew_r,NA,9.95357,added
BOL,EH,Survey,2021,s_sew_u,NA,64.28092,added
BOL,EH,Survey,2021,s_shared_r,NA,13.47640220364586,added
BOL,EH,Survey,2021,s_shared_u,NA,22.69494623123493,added
BOL,EH,Survey,2022,s_imp_r,NA,61.85744,added
BOL,EH,Survey,2022,s_imp_u,NA,97.57546,added
BOL,EH,Survey,2022,s_lat_r,NA,41.44982,added
BOL,EH,Survey,2022,s_lat_u,NA,9.438339999999997,added
BOL,EH,Survey,2022,s_od_r,NA,23.78865,added
BOL,EH,Survey,2022,s_od_u,NA,0.81632,added
BOL,EH,Survey,2022,s_sep_r,NA,11.2383,added
BOL,EH,Survey,2022,s_sep_u,NA,18.21713,added
BOL,EH,Survey,2022,s_sew_r,NA,9.16932,added
BOL,GEOPTAR,Other,2022,s_sew_rtp_u,NA,52.7,added
BOL,EH,Survey,2022,s_sew_u,NA,69.91999,added
BOL,EH,Survey,2022,s_shared_r,NA,9.410296707485804,added
BOL,EH,Survey,2022,s_shared_u,NA,23.73541898263999,added
BRA,PNSB,Admin,2008,s_treat_wtp_n,NA,61.98954564734349,added
BRA,SNIS,Admin,2012,s_sew_rtp_n,NA,69.4,added
BRA,SNIS,Admin,2013,s_sew_rtp_n,NA,69.4,added
BRA,SNIS,Admin,2013,s_treat_wtp_n,48.01310496073187,NA,removed
BRA,ANA,Admin,2013,s_treat_wtp_n,NA,69.1831483584033,added
BRA,SNIS,Admin,2014,s_sew_rtp_n,NA,70.9,added
BRA,SNIS,Admin,2014,s_treat_wtp_n,49.050852186107925,NA,removed
BRA,SNIS,Admin,2015,s_sew_rtp_n,NA,78.3,added
BRA,SNIS,Admin,2015,s_treat_wtp_n,54.17040516462976,NA,removed
BRA,SNIS,Admin,2016,s_sew_rtp_n,NA,74.9,added
BRA,SNIS,Admin,2016,s_treat_wtp_n,51.81817812044405,NA,removed
BRA,SNIS,Admin,2017,s_sew_rtp_n,NA,73.69,added
BRA,SNIS,Admin,2017,s_treat_wtp_n,50.981062025307374,NA,removed
BRA,SNIS,Admin,2018,s_sew_rtp_n,NA,74.48,added
BRA,SNIS,Admin,2018,s_treat_wtp_n,51.52760889733876,NA,removed
BRA,SNIS,Admin,2019,s_sew_rtp_n,NA,78.49,added
BRA,SNIS,Admin,2019,s_treat_wtp_n,54.30185314651072,NA,removed
BRA,PNAD,Survey,2022,s_imp_r,NA,60.95531499899198,added
BRA,PNAD,Survey,2022,s_imp_u,NA,92.85446772732014,added
BRA,PNAD,Survey,2022,s_lat_r,NA,52.23128682172365,added
BRA,PNAD,Survey,2022,s_lat_u,NA,16.300515414220243,added
BRA,PNAD,Survey,2022,s_od_r,NA,2.7689973491454425,added
BRA,PNAD,Survey,2022,s_od_u,NA,0.04903373990259549,added
BRA,PNAD,Survey,2022,s_sew_r,NA,8.72402817726833,added
BRA,SNIS,Admin,2022,s_sew_rtp_n,NA,81.6,added
BRA,PNAD,Survey,2022,s_sew_u,NA,76.5539523130999,added
BRA,PNAD,Survey,2022,s_shared_r,NA,1.7251173852704436,added
BRA,PNAD,Survey,2022,s_shared_u,NA,0.2291838560982262,added
BRB,CEN,Census,2021,s_imp_n,NA,98.15859288504522,added
BRB,CEN,Census,2021,s_lat_n,NA,86.75294019343653,added
BRB,CEN,Census,2021,s_od_n,NA,0.7248647406571829,added
BRB,CEN,Census,2021,s_sep_n,NA,3.58463370307702,added
BRB,CEN,Census,2021,s_sew_n,NA,7.821018988531679,added
BRN,VNR,Admin,2000,s_imp_n,NA,70,added
BRN,VNR,Admin,2005,s_imp_n,NA,80,added
BRN,VNR,Admin,2010,s_imp_n,NA,80,added
BRN,CEN,Census,2011,s_sep_n,NA,95.3,added
BRN,CEN,Census,2011,s_sew_n,95.3,NA,removed
BRN,UNSD,Admin,2011,s_sew_rtp_n,NA,44.4,added
BRN,UNSD,Admin,2011,s_treat_wtp_n,NA,100,added
BRN,VNR,Admin,2015,s_imp_n,NA,91,added
BRN,PF,Admin,2017,s_imp_n,NA,92,added
BRN,VNR,Admin,2019,s_imp_n,NA,93,added
BRN,CEN,Census,2021,s_imp_n,NA,98.6,added
BRN,CEN,Census,2021,s_od_n,NA,0,added
BRN,CEN,Census,2021,s_sep_n,NA,98.6,added
BTN,STEPS,Survey,2019,s_imp_r,92.49439,93.07594,changed
BTN,STEPS,Survey,2019,s_imp_u,98.05207,98.33458000000002,changed
BTN,STEPS,Survey,2019,s_lat_ebo_r,97.3293075381142,0.84845,changed
BTN,STEPS,Survey,2019,s_lat_ebo_u,80.74536881819195,3.37955,changed
BTN,STEPS,Survey,2019,s_lat_edl_r,1.587475424288367,0.28732,changed
BTN,STEPS,Survey,2019,s_lat_edl_u,7.121991626019387,2.9211799999999997,changed
BTN,STEPS,Survey,2019,s_lat_ero_r,1.0832170375974397,0.02815,changed
BTN,STEPS,Survey,2019,s_lat_ero_u,12.132639555788664,11.63991,changed
BTN,STEPS,Survey,2019,s_lat_nemp_r,NA,98.83609,added
BTN,STEPS,Survey,2019,s_lat_nemp_u,NA,82.05937,added
BTN,STEPS,Survey,2019,s_lat_r,20.455169999999995,49.13933,changed
BTN,STEPS,Survey,2019,s_lat_u,7.470870000000005,25.90494000000001,changed
BTN,STEPS,Survey,2019,s_od_r,1.120182,1.04803,changed
BTN,STEPS,Survey,2019,s_od_u,0.2419658,0.14404,changed
BTN,STEPS,Survey,2019,s_sep_con_r,NA,57.13967,added
BTN,STEPS,Survey,2019,s_sep_con_u,NA,67.47109,added
BTN,STEPS,Survey,2019,s_sep_ebo_r,97.3293075381142,0.55754,changed
BTN,STEPS,Survey,2019,s_sep_ebo_u,80.74536881819195,0.7999900000000001,changed
BTN,STEPS,Survey,2019,s_sep_edl_r,1.587475424288367,0.72736,changed
BTN,STEPS,Survey,2019,s_sep_edl_u,7.121991626019387,0.7365499999999999,changed
BTN,STEPS,Survey,2019,s_sep_ero_r,1.0832170375974397,1.7547,changed
BTN,STEPS,Survey,2019,s_sep_ero_u,12.132639555788664,17.256240000000002,changed
BTN,STEPS,Survey,2019,s_sep_nemp_r,NA,96.96039,added
BTN,STEPS,Survey,2019,s_sep_nemp_u,NA,81.20721,added
BTN,STEPS,Survey,2019,s_sep_r,67.4314,38.94137,changed
BTN,STEPS,Survey,2019,s_sep_u,58.0583,38.26353,changed
BTN,STEPS,Survey,2019,s_sew_r,4.60782,4.99524,changed
BTN,STEPS,Survey,2019,s_sew_u,32.5229,34.16611,changed
BTN,STEPS,Survey,2019,s_shared_r,8.418329,8.47387,changed
BTN,STEPS,Survey,2019,s_shared_u,15.829480000000002,15.65963,changed
BTN,STEPS,Survey,2019,s_treat_fstp_r,100,NA,removed
BTN,STEPS,Survey,2019,s_treat_fstp_u,100,NA,removed
BTN,STEPS,Survey,2019,s_treat_wtp_r,100,NA,removed
BTN,STEPS,Survey,2019,s_treat_wtp_u,100,NA,removed
BTN,BLSS,Survey,2022,s_imp_r,NA,98.86606,added
BTN,BLSS,Survey,2022,s_imp_u,NA,99.7762,added
BTN,BLSS,Survey,2022,s_lat_r,NA,7.86318,added
BTN,BLSS,Survey,2022,s_lat_u,NA,2.338400000000007,added
BTN,BLSS,Survey,2022,s_od_r,NA,0.1457,added
BTN,BLSS,Survey,2022,s_od_u,NA,0,added
BTN,BLSS,Survey,2022,s_sep_r,NA,87.04545,added
BTN,BLSS,Survey,2022,s_sep_u,NA,59.76217,added
BTN,BLSS,Survey,2022,s_sew_r,NA,3.95743,added
BTN,BLSS,Survey,2022,s_sew_u,NA,37.67563,added
BTN,BLSS,Survey,2022,s_shared_r,NA,4.16938,added
BTN,BLSS,Survey,2022,s_shared_u,NA,9.78165,added
BTN,NHS,Survey,2023,s_imp_r,NA,99.1,added
BTN,NHS,Survey,2023,s_imp_u,NA,99.5,added
BTN,NHS,Survey,2023,s_lat_r,NA,5,added
BTN,NHS,Survey,2023,s_lat_u,NA,1.6000000000000083,added
BTN,NHS,Survey,2023,s_od_r,NA,0.2,added
BTN,NHS,Survey,2023,s_od_u,NA,0,added
BTN,NHS,Survey,2023,s_sep_r,NA,85.2,added
BTN,NHS,Survey,2023,s_sep_u,NA,57.4,added
BTN,NHS,Survey,2023,s_sew_r,NA,8.9,added
BTN,NHS,Survey,2023,s_sew_u,NA,40.5,added
BTN,NHS,Survey,2023,s_shared_r,NA,13.2,added
BTN,NHS,Survey,2023,s_shared_u,NA,16.3,added
BWA,AFB,Survey,2012,s_od_r,NA,20.77823,added
BWA,AFB,Survey,2012,s_od_u,NA,1.43383,added
BWA,AFB,Survey,2014,s_od_r,NA,18.38445,added
BWA,AFB,Survey,2014,s_od_u,NA,1.44128,added
BWA,WWT,Survey,2016,s_treat_wtp_n,NA,52.750611246943755,added
BWA,AFB,Survey,2017,s_od_r,NA,9.29405,added
BWA,AFB,Survey,2017,s_od_u,NA,0.74347,added
BWA,WWT,Survey,2017,s_treat_wtp_n,NA,61.07908496732026,added
BWA,WWT,Survey,2018,s_treat_wtp_n,NA,38.58798563499836,added
BWA,AFB,Survey,2019,s_od_r,NA,16.24343,added
BWA,AFB,Survey,2019,s_od_u,NA,3.77441,added
BWA,BAIS,Survey,2021,s_imp_r,NA,72.70125773892339,added
BWA,BAIS,Survey,2021,s_imp_u,NA,90.82297468568656,added
BWA,BAIS,Survey,2021,s_od_r,NA,17.701,added
BWA,BAIS,Survey,2021,s_od_u,NA,2.10439,added
BWA,BAIS,Survey,2021,s_shared_r,NA,20.80028,added
BWA,BAIS,Survey,2021,s_shared_u,NA,25.01567,added
BWA,AFB,Survey,2022,s_od_r,NA,33.25083,added
BWA,AFB,Survey,2022,s_od_u,NA,2.2347,added
CAN,HES,Survey,2013,s_sew_rtp_n,NA,95.70874305973643,added
CAN,WWT,Admin,2013,s_treat_wtp_n,81.7342948947156,83.49223812375307,changed
CAN,WWT,Admin,2014,s_sew_rtp_n,NA,95.26848736724058,added
CAN,WWT,Admin,2014,s_treat_wtp_n,82.99520728375606,83.73621135038579,changed
CAN,WWT,Admin,2015,s_sew_rtp_n,NA,95.2116864940518,added
CAN,WWT,Admin,2015,s_treat_wtp_n,83.74383194595433,83.76394823663581,changed
CAN,WWT,Admin,2016,s_sew_rtp_n,NA,95.88104216660952,added
CAN,WWT,Admin,2017,s_sew_rtp_n,NA,95.24424746921352,added
CAN,WWT,Admin,2018,s_sew_rtp_n,NA,94.92941176470588,added
CAN,WWT,Admin,2018,s_treat_wtp_n,NA,83.94243025804015,added
CAN,HES,Survey,2019,s_imp_r,NA,98.8,added
CAN,HES,Survey,2019,s_imp_u,NA,98.3,added
CAN,HES,Survey,2019,s_sep_r,NA,34,added
CAN,HES,Survey,2019,s_sep_u,NA,6.4,added
CAN,HES,Survey,2019,s_sew_r,NA,64.8,added
CAN,WWT,Admin,2019,s_sew_rtp_n,NA,96.04174104969329,added
CAN,HES,Survey,2019,s_sew_u,NA,91.9,added
CAN,WWT,Admin,2019,s_treat_wtp_n,NA,83.88606325105495,added
CAN,WWT,Admin,2020,s_sew_rtp_n,NA,96.29122041182345,added
CAN,WWT,Admin,2020,s_treat_wtp_n,NA,83.90765991012992,added
CHE,ES,Admin,2010,s_sew_rtp_n,NA,99,added
CHE,EU SILC,Admin,2012,s_imp_r,99.9,NA,removed
CHE,EUSILC,Admin,2012,s_imp_r,NA,99.9,added
CHE,EU SILC,Admin,2012,s_imp_u,100,NA,removed
CHE,EUSILC,Admin,2012,s_imp_u,NA,100,added
CHE,EU SILC,Admin,2012,s_lat_r,6.689198417009379,NA,removed
CHE,EUSILC,Admin,2012,s_lat_r,NA,0,added
CHE,EUSILC,Admin,2012,s_lat_u,NA,0,added
CHE,EUSILC,Admin,2012,s_sep_r,NA,6.689198417009379,added
CHE,EUSILC,Admin,2012,s_sep_u,NA,0.09999999999999432,added
CHE,EU SILC,Admin,2012,s_sew_r,93.2108015829906,NA,removed
CHE,EUSILC,Admin,2012,s_sew_r,NA,93.2108015829906,added
CHE,EU SILC,Admin,2012,s_sew_u,99.9,NA,removed
CHE,EUSILC,Admin,2012,s_sew_u,NA,99.9,added
CHE,EU SILC,Admin,2012,s_shared_r,0.10020040080160322,NA,removed
CHE,EUSILC,Admin,2012,s_shared_r,NA,0.10020040080160322,added
CHE,EU SILC,Admin,2012,s_shared_u,0.10010010010010012,NA,removed
CHE,EUSILC,Admin,2012,s_shared_u,NA,0.10010010010010012,added
CHE,EU SILC,Admin,2013,s_imp_r,100,NA,removed
CHE,EUSILC,Admin,2013,s_imp_r,NA,100,added
CHE,EU SILC,Admin,2013,s_imp_u,100,NA,removed
CHE,EUSILC,Admin,2013,s_imp_u,NA,100,added
CHE,EU SILC,Admin,2013,s_lat_r,6.620968998286344,NA,removed
CHE,EUSILC,Admin,2013,s_lat_r,NA,0,added
CHE,EUSILC,Admin,2013,s_lat_u,NA,0,added
CHE,EUSILC,Admin,2013,s_sep_r,NA,6.620968998286344,added
CHE,EUSILC,Admin,2013,s_sep_u,NA,0,added
CHE,EU SILC,Admin,2013,s_sew_r,93.37903100171366,NA,removed
CHE,EUSILC,Admin,2013,s_sew_r,NA,93.37903100171366,added
CHE,ES,Admin,2013,s_sew_rtp_n,NA,99.7,added
CHE,EU SILC,Admin,2013,s_sew_u,100,NA,removed
CHE,EUSILC,Admin,2013,s_sew_u,NA,100,added
CHE,EU SILC,Admin,2014,s_imp_r,100,NA,removed
CHE,EUSILC,Admin,2014,s_imp_r,NA,100,added
CHE,EU SILC,Admin,2014,s_imp_u,100,NA,removed
CHE,EUSILC,Admin,2014,s_imp_u,NA,100,added
CHE,EU SILC,Admin,2014,s_lat_r,6.707727060289756,NA,removed
CHE,EUSILC,Admin,2014,s_lat_r,NA,0,added
CHE,EUSILC,Admin,2014,s_lat_u,NA,0,added
CHE,EUSILC,Admin,2014,s_sep_r,NA,6.707727060289756,added
CHE,EUSILC,Admin,2014,s_sep_u,NA,0.20000000000000284,added
CHE,EU SILC,Admin,2014,s_sew_r,93.29227293971024,NA,removed
CHE,EUSILC,Admin,2014,s_sew_r,NA,93.29227293971024,added
CHE,EU SILC,Admin,2014,s_sew_u,99.8,NA,removed
CHE,EUSILC,Admin,2014,s_sew_u,NA,99.8,added
CHE,OECD,Admin,2019,s_sew_rtp_n,NA,99.69481180061038,added
CHE,ES,Admin,2019,s_sew_rtp_n,NA,99.7,added
CHE,OECD,Admin,2019,s_treat_wtp_n,NA,100,added
CHE,ES,Admin,2019,s_treat_wtp_n,NA,100,added
CHI,JGR,Other,2013,s_imp_n,98.5,NA,removed
CHI,JGR,Other,2013,s_lat_n,0,NA,removed
CHI,JGR,Other,2013,s_sep_dtp_n,100,NA,removed
CHI,JGR,Other,2013,s_sep_ero_n,15.4,NA,removed
CHI,JGR,Other,2013,s_sep_n,17,NA,removed
CHI,JGR,Other,2013,s_sep_nemp_n,84.6,NA,removed
CHI,JGR,Other,2013,s_sew_n,81.5,NA,removed
CHI,JGR,Other,2013,s_treat_wtp_n,100,NA,removed
CHL,OECD,Admin,2005,s_treat_wtp_n,53.68421052631579,73.300001525879,changed
CHL,OECD,Admin,2005,s_treat_wtp_u,53.68421052631579,73.300001525879,changed
CHL,OECD,Admin,2006,s_treat_wtp_n,57.89473684210527,82.0000004768374,changed
CHL,OECD,Admin,2006,s_treat_wtp_u,57.89473684210527,82.0000004768374,changed
CHL,OECD,Admin,2007,s_treat_wtp_n,61.05263157894737,82.299999237061,changed
CHL,OECD,Admin,2007,s_treat_wtp_u,61.05263157894737,82.299999237061,changed
CHL,OECD,Admin,2008,s_treat_wtp_n,62.5,82.599998474122,changed
CHL,OECD,Admin,2008,s_treat_wtp_u,62.5,82.599998474122,changed
CHL,OECD,Admin,2009,s_treat_wtp_n,64.21052631578948,83.3000006675716,changed
CHL,OECD,Admin,2009,s_treat_wtp_u,64.21052631578948,83.3000006675716,changed
CHL,OECD,Admin,2010,s_treat_wtp_n,67.70833333333334,86.930100372314,changed
CHL,OECD,Admin,2010,s_treat_wtp_u,67.70833333333334,86.930100372314,changed
CHL,OECD,Admin,2011,s_treat_wtp_n,69.79166666666666,90.588300354004,changed
CHL,OECD,Admin,2011,s_treat_wtp_u,69.79166666666666,90.588300354004,changed
CHL,OECD,Admin,2012,s_treat_wtp_n,76,100,changed
CHL,OECD,Admin,2012,s_treat_wtp_u,76,100,changed
CHL,OECD,Admin,2013,s_treat_wtp_n,76,100,changed
CHL,OECD,Admin,2013,s_treat_wtp_u,76,100,changed
CHL,OECD,Admin,2014,s_treat_wtp_n,77.5,99.9,changed
CHL,OECD,Admin,2014,s_treat_wtp_u,77.5,99.9,changed
CHL,OECD,Admin,2015,s_treat_wtp_n,77.64,99.94,changed
CHL,EMA,Admin,2015,s_treat_wtp_n,75.56786557165604,100,changed
CHL,OECD,Admin,2015,s_treat_wtp_u,77.64,99.94,changed
CHL,EMA,Admin,2015,s_treat_wtp_u,75.56786557165604,100,changed
CHL,OECD,Admin,2016,s_treat_wtp_n,75.74000000000001,99.85,changed
CHL,EMA,Admin,2016,s_treat_wtp_n,73.59655629622624,100,changed
CHL,OECD,Admin,2016,s_treat_wtp_u,75.74000000000001,99.85,changed
CHL,EMA,Admin,2016,s_treat_wtp_u,73.59655629622624,100,changed
CHL,OECD,Admin,2017,s_treat_wtp_n,73.28,100.01,changed
CHL,EMA,Admin,2017,s_treat_wtp_n,73.27439971896689,100,changed
CHL,OECD,Admin,2017,s_treat_wtp_u,73.28,100.01,changed
CHL,EMA,Admin,2017,s_treat_wtp_u,73.27439971896689,100,changed
CHL,EMA,Admin,2018,s_treat_wtp_n,73.27320199382862,100,changed
CHL,OECD,Admin,2018,s_treat_wtp_n,NA,100,added
CHL,EMA,Admin,2018,s_treat_wtp_u,73.27320199382862,100,changed
CHL,OECD,Admin,2018,s_treat_wtp_u,NA,100,added
CHL,OECD,Admin,2019,s_treat_wtp_n,NA,100,added
CHL,OECD,Admin,2019,s_treat_wtp_u,NA,100,added
CHL,CASEN,Survey,2020,s_imp_r,NA,93.15093,added
CHL,CASEN,Survey,2020,s_imp_u,NA,99.18398,added
CHL,CASEN,Survey,2020,s_lat_r,NA,14.40177,added
CHL,CASEN,Survey,2020,s_lat_u,NA,0.4923000000000002,added
CHL,CASEN,Survey,2020,s_od_r,NA,6.83798,added
CHL,CASEN,Survey,2020,s_od_u,NA,0.80747,added
CHL,CASEN,Survey,2020,s_sep_r,NA,52.14824,added
CHL,CASEN,Survey,2020,s_sep_u,NA,1.81842,added
CHL,CASEN,Survey,2020,s_sew_r,NA,26.60092,added
CHL,CASEN,Survey,2020,s_sew_u,NA,96.87326,added
CHL,OECD,Admin,2020,s_treat_wtp_n,NA,100.1,added
CHL,OECD,Admin,2020,s_treat_wtp_u,NA,100.1,added
CHL,OECD,Admin,2021,s_treat_wtp_n,NA,100,added
CHL,OECD,Admin,2021,s_treat_wtp_u,NA,100,added
CHL,CASEN,Survey,2022,s_imp_r,NA,95.09044,added
CHL,CASEN,Survey,2022,s_imp_u,NA,99.2924,added
CHL,CASEN,Survey,2022,s_lat_r,NA,10.509569999999997,added
CHL,CASEN,Survey,2022,s_lat_u,NA,0.5447900000000061,added
CHL,CASEN,Survey,2022,s_od_r,NA,4.88456,added
CHL,CASEN,Survey,2022,s_od_u,NA,0.70539,added
CHL,CASEN,Survey,2022,s_sep_r,NA,69.83103,added
CHL,CASEN,Survey,2022,s_sep_u,NA,2.71456,added
CHL,CASEN,Survey,2022,s_sew_r,NA,14.74984,added
CHL,CASEN,Survey,2022,s_sew_u,NA,96.03305,added
CHN,CAC,Census,2016,s_lat_r,47.91964519706352,NA,removed
CHN,CAC,Census,2016,s_sew_r,36.2,NA,removed
CHN,NHSS,Survey,2018,s_imp_r,84.21465031084011,88.81465031084011,changed
CHN,NHSS,Survey,2018,s_imp_u,92.0152049729229,95.2152049729229,changed
CHN,NHSS,Survey,2018,s_lat_r,41.91465031084011,NA,removed
CHN,NHSS,Survey,2018,s_lat_u,8.415204972922908,NA,removed
CHN,NHSS,Survey,2018,s_sew_r,42.3,NA,removed
CHN,NHSS,Survey,2018,s_sew_u,83.6,NA,removed
CHN,NHIES,Survey,2021,s_imp_r,NA,89.83321052010861,added
CHN,NHIES,Survey,2021,s_imp_u,NA,97.50350310728405,added
CHN,NHIES,Survey,2021,s_lat_ebo_r,NA,0,added
CHN,NHIES,Survey,2021,s_lat_ebo_u,NA,0,added
CHN,NHIES,Survey,2021,s_lat_edl_r,NA,0,added
CHN,NHIES,Survey,2021,s_lat_edl_u,NA,0,added
CHN,NHIES,Survey,2021,s_lat_ero_r,NA,0,added
CHN,NHIES,Survey,2021,s_lat_ero_u,NA,0,added
CHN,NHIES,Survey,2021,s_lat_nemp_r,NA,0,added
CHN,NHIES,Survey,2021,s_lat_nemp_u,NA,0,added
CHN,NHIES,Survey,2021,s_lat_r,NA,0,added
CHN,NHIES,Survey,2021,s_lat_u,NA,0,added
CHN,NHIES,Survey,2021,s_od_r,NA,0.1,added
CHN,NHIES,Survey,2021,s_od_u,NA,0,added
CHN,NHIES,Survey,2021,s_sep_ebo_r,NA,0,added
CHN,NHIES,Survey,2021,s_sep_ebo_u,NA,0,added
CHN,NHIES,Survey,2021,s_sep_edl_r,NA,0,added
CHN,NHIES,Survey,2021,s_sep_edl_u,NA,0,added
CHN,NHIES,Survey,2021,s_sep_ero_r,NA,0,added
CHN,NHIES,Survey,2021,s_sep_ero_u,NA,0,added
CHN,NHIES,Survey,2021,s_sep_nemp_r,NA,0,added
CHN,NHIES,Survey,2021,s_sep_nemp_u,NA,0,added
CHN,NHIES,Survey,2021,s_sep_r,NA,33.8,added
CHN,NHIES,Survey,2021,s_sep_u,NA,16.5,added
CHN,NHIES,Survey,2021,s_sew_r,NA,24.5,added
CHN,NHIES,Survey,2021,s_sew_u,NA,76.7,added
CHN,NHIES,Survey,2021,s_shared_r,NA,0,added
CHN,NHIES,Survey,2021,s_shared_u,NA,0,added
CIV,VACS,Survey,2018,s_imp_r,NA,46.30171,added
CIV,EHCVM,Survey,2018,s_imp_r,NA,43.56856,added
CIV,VACS,Survey,2018,s_imp_u,NA,87.9873,added
CIV,EHCVM,Survey,2018,s_imp_u,NA,84.01978,added
CIV,EHCVM,Survey,2018,s_lat_r,NA,37.53687,added
CIV,EHCVM,Survey,2018,s_lat_u,NA,40.00247999999999,added
CIV,VACS,Survey,2018,s_od_r,NA,37.36173,added
CIV,EHCVM,Survey,2018,s_od_r,NA,35.84544,added
CIV,VACS,Survey,2018,s_od_u,NA,4.17648,added
CIV,EHCVM,Survey,2018,s_od_u,NA,4.17604,added
CIV,EHCVM,Survey,2018,s_sep_r,NA,5.4958100000000005,added
CIV,EHCVM,Survey,2018,s_sep_u,NA,36.89269,added
CIV,EHCVM,Survey,2018,s_sew_r,NA,0.53588,added
CIV,EHCVM,Survey,2018,s_sew_u,NA,7.1246100000000006,added
CIV,VACS,Survey,2018,s_shared_r,NA,59.593149999999994,added
CIV,EHCVM,Survey,2018,s_shared_r,NA,51.6172,added
CIV,VACS,Survey,2018,s_shared_u,NA,43.2344,added
CIV,EHCVM,Survey,2018,s_shared_u,NA,39.84448,added
CIV,AFB,Survey,2019,s_od_u,NA,4.791,added
CIV,PMA,Survey,2020,s_imp_r,NA,38.4988,added
CIV,PMA,Survey,2020,s_imp_u,NA,89.27935000000001,added
CIV,PMA,Survey,2020,s_lat_r,NA,34.98218,added
CIV,PMA,Survey,2020,s_lat_u,NA,48.78172000000001,added
CIV,PMA,Survey,2020,s_od_r,NA,43.53833,added
CIV,PMA,Survey,2020,s_od_u,NA,1.53254,added
CIV,PMA,Survey,2020,s_sep_r,NA,3.1489,added
CIV,PMA,Survey,2020,s_sep_u,NA,28.8072,added
CIV,PMA,Survey,2020,s_sew_r,NA,0.36772,added
CIV,PMA,Survey,2020,s_sew_u,NA,11.69043,added
CIV,PMA,Survey,2021,s_imp_r,NA,46.56009,added
CIV,DHS,Survey,2021,s_imp_r,NA,41.27831,added
CIV,CEN,Census,2021,s_imp_r,NA,43.89477708190298,added
CIV,PMA,Survey,2021,s_imp_u,NA,92.89544,added
CIV,DHS,Survey,2021,s_imp_u,NA,80.03447,added
CIV,CEN,Census,2021,s_imp_u,NA,82.87182510182473,added
CIV,DHS,Survey,2021,s_lat_ebo_r,NA,1.51653,added
CIV,DHS,Survey,2021,s_lat_ebo_u,NA,6.24456,added
CIV,DHS,Survey,2021,s_lat_edl_r,NA,3.62156,added
CIV,DHS,Survey,2021,s_lat_edl_u,NA,14.46211,added
CIV,DHS,Survey,2021,s_lat_ero_r,NA,0.61491,added
CIV,DHS,Survey,2021,s_lat_ero_u,NA,2.80518,added
CIV,DHS,Survey,2021,s_lat_nemp_r,NA,94.24699,added
CIV,DHS,Survey,2021,s_lat_nemp_u,NA,76.48814,added
CIV,PMA,Survey,2021,s_lat_r,NA,43.18036,added
CIV,DHS,Survey,2021,s_lat_r,NA,35.44802,added
CIV,CEN,Census,2021,s_lat_r,NA,27.09477708190298,added
CIV,PMA,Survey,2021,s_lat_u,NA,56.44005,added
CIV,DHS,Survey,2021,s_lat_u,NA,32.25114,added
CIV,CEN,Census,2021,s_lat_u,NA,18.07182510182473,added
CIV,PMA,Survey,2021,s_od_r,NA,40.8704,added
CIV,DHS,Survey,2021,s_od_r,NA,36.71818,added
CIV,CEN,Census,2021,s_od_r,NA,30.4,added
CIV,AFB,Survey,2021,s_od_r,NA,8.22308,added
CIV,PMA,Survey,2021,s_od_u,NA,2.34424,added
CIV,DHS,Survey,2021,s_od_u,NA,5.18817,added
CIV,CEN,Census,2021,s_od_u,NA,3.3,added
CIV,AFB,Survey,2021,s_od_u,NA,1.82149,added
CIV,DHS,Survey,2021,s_sep_ebo_r,NA,1.76545,added
CIV,DHS,Survey,2021,s_sep_ebo_u,NA,6.21981,added
CIV,DHS,Survey,2021,s_sep_edl_r,NA,14.33936,added
CIV,DHS,Survey,2021,s_sep_edl_u,NA,23.55574,added
CIV,DHS,Survey,2021,s_sep_ero_r,NA,2.39392,added
CIV,DHS,Survey,2021,s_sep_ero_u,NA,6.1264,added
CIV,DHS,Survey,2021,s_sep_nemp_r,NA,81.50128,added
CIV,DHS,Survey,2021,s_sep_nemp_u,NA,64.09805,added
CIV,PMA,Survey,2021,s_sep_r,NA,2.79655,added
CIV,DHS,Survey,2021,s_sep_r,NA,4.89809,added
CIV,CEN,Census,2021,s_sep_r,NA,11.6,added
CIV,PMA,Survey,2021,s_sep_u,NA,21.41821,added
CIV,DHS,Survey,2021,s_sep_u,NA,31.02024,added
CIV,CEN,Census,2021,s_sep_u,NA,39.4,added
CIV,PMA,Survey,2021,s_sew_r,NA,0.58318,added
CIV,DHS,Survey,2021,s_sew_r,NA,0.9322,added
CIV,CEN,Census,2021,s_sew_r,NA,5.2,added
CIV,PMA,Survey,2021,s_sew_u,NA,15.03718,added
CIV,DHS,Survey,2021,s_sew_u,NA,16.76309,added
CIV,CEN,Census,2021,s_sew_u,NA,25.4,added
CIV,DHS,Survey,2021,s_shared_r,NA,51.76439,added
CIV,DHS,Survey,2021,s_shared_u,NA,37.09696,added
CIV,PMA,Survey,2022,s_imp_r,NA,49.18444999999999,added
CIV,PMA,Survey,2022,s_imp_u,NA,93.256,added
CIV,PMA,Survey,2022,s_lat_r,NA,44.91883999999999,added
CIV,PMA,Survey,2022,s_lat_u,NA,46.58976000000001,added
CIV,PMA,Survey,2022,s_od_r,NA,39.03916,added
CIV,PMA,Survey,2022,s_od_u,NA,1.66883,added
CIV,PMA,Survey,2022,s_sep_r,NA,3.56885,added
CIV,PMA,Survey,2022,s_sep_u,NA,35.8583,added
CIV,PMA,Survey,2022,s_sew_r,NA,0.69676,added
CIV,PMA,Survey,2022,s_sew_u,NA,10.80794,added
CMR,DHS,Survey,2019,s_shared_r,12.61321,16.812640000000002,changed
CMR,DHS,Survey,2019,s_shared_u,24.74422,29.49601,changed
CMR,ENACE,Survey,2021,s_imp_r,NA,36.900000000000006,added
CMR,ENACE,Survey,2021,s_imp_u,NA,87.1,added
CMR,ENACE,Survey,2021,s_lat_r,NA,33.2,added
CMR,ENACE,Survey,2021,s_lat_u,NA,59.099999999999994,added
CMR,ENACE,Survey,2021,s_od_r,NA,12.8,added
CMR,ENACE,Survey,2021,s_od_u,NA,0.7,added
CMR,ENACE,Survey,2021,s_sep_r,NA,3.7,added
CMR,ENACE,Survey,2021,s_sep_u,NA,27,added
CMR,ENACE,Survey,2021,s_sew_r,NA,0,added
CMR,ENACE,Survey,2021,s_sew_u,NA,1,added
CMR,MIS,Survey,2022,s_imp_r,NA,39.36064,added
CMR,ECAM,Survey,2022,s_imp_r,NA,31.71355,added
CMR,MIS,Survey,2022,s_imp_u,NA,85.17107,added
CMR,ECAM,Survey,2022,s_imp_u,NA,85.0382,added
CMR,ECAM,Survey,2022,s_lat_ebo_r,NA,26.04515,added
CMR,ECAM,Survey,2022,s_lat_ebo_u,NA,10.54481,added
CMR,ECAM,Survey,2022,s_lat_edl_r,NA,4.11562,added
CMR,ECAM,Survey,2022,s_lat_edl_u,NA,9.81636,added
CMR,ECAM,Survey,2022,s_lat_ero_r,NA,2.06532,added
CMR,ECAM,Survey,2022,s_lat_ero_u,NA,12.93157,added
CMR,ECAM,Survey,2022,s_lat_nemp_r,NA,67.77391,added
CMR,ECAM,Survey,2022,s_lat_nemp_u,NA,66.70727,added
CMR,MIS,Survey,2022,s_lat_r,NA,34.529590000000006,added
CMR,ECAM,Survey,2022,s_lat_r,NA,29.15282,added
CMR,MIS,Survey,2022,s_lat_u,NA,55.07218,added
CMR,ECAM,Survey,2022,s_lat_u,NA,58.372490000000006,added
CMR,MIS,Survey,2022,s_od_r,NA,9.71928,added
CMR,ECAM,Survey,2022,s_od_r,NA,12.29871,added
CMR,MIS,Survey,2022,s_od_u,NA,2.01431,added
CMR,ECAM,Survey,2022,s_od_u,NA,1.1378,added
CMR,ECAM,Survey,2022,s_sep_ebo_r,NA,1.87428,added
CMR,ECAM,Survey,2022,s_sep_ebo_u,NA,0.23535,added
CMR,ECAM,Survey,2022,s_sep_edl_r,NA,0,added
CMR,ECAM,Survey,2022,s_sep_edl_u,NA,0.61705,added
CMR,ECAM,Survey,2022,s_sep_ero_r,NA,6.15759,added
CMR,ECAM,Survey,2022,s_sep_ero_u,NA,20.36029,added
CMR,ECAM,Survey,2022,s_sep_nemp_r,NA,91.96813,added
CMR,ECAM,Survey,2022,s_sep_nemp_u,NA,78.7873,added
CMR,MIS,Survey,2022,s_sep_r,NA,3.55895,added
CMR,ECAM,Survey,2022,s_sep_r,NA,2.23035,added
CMR,MIS,Survey,2022,s_sep_u,NA,27.63209,added
CMR,ECAM,Survey,2022,s_sep_u,NA,22.58103,added
CMR,MIS,Survey,2022,s_sew_r,NA,1.2721,added
CMR,ECAM,Survey,2022,s_sew_r,NA,0.33038,added
CMR,MIS,Survey,2022,s_sew_u,NA,2.4668,added
CMR,ECAM,Survey,2022,s_sew_u,NA,4.08468,added
CMR,MIS,Survey,2022,s_shared_r,NA,32.59521,added
CMR,ECAM,Survey,2022,s_shared_r,NA,16.435669999999998,added
CMR,MIS,Survey,2022,s_shared_u,NA,26.27352,added
CMR,ECAM,Survey,2022,s_shared_u,NA,22.72396,added
COD,EGI-ODD,Survey,2020,s_imp_u,NA,44.8,added
COD,EGI-ODD,Survey,2020,s_shared_u,NA,50.69444444444444,added
COK,CEN,Census,2001,s_imp_n,92.9,NA,removed
COK,CEN,Census,2001,s_imp_r,NA,83.17460317460318,added
COK,CEN,Census,2001,s_imp_u,NA,99.72549019607844,added
COK,CEN,Census,2001,s_od_n,0.7,NA,removed
COK,CEN,Census,2001,s_od_r,NA,1.7142857142857144,added
COK,CEN,Census,2001,s_od_u,NA,0,added
COK,HIES,Survey,2005,s_imp_n,94.9810606060606,NA,removed
COK,CEN,Census,2006,s_imp_n,93,NA,removed
COK,HIES,Survey,2006,s_imp_r,NA,85.56557945870922,added
COK,HIES,Survey,2006,s_imp_u,NA,99.85627021200143,added
COK,CEN,Census,2006,s_od_n,1,NA,removed
COK,HIES,Survey,2006,s_od_r,NA,1.2491325468424703,added
COK,HIES,Survey,2006,s_od_u,NA,0,added
COK,CEN,Census,2011,s_imp_n,97.3010064043916,NA,removed
COK,CEN,Census,2011,s_imp_r,NA,89.26776740847092,added
COK,CEN,Census,2011,s_imp_u,NA,99.9367288832648,added
COK,CEN,Census,2011,s_od_r,NA,0.21536252692031585,added
COK,CEN,Census,2011,s_od_u,NA,0,added
COK,CEN,Census,2016,s_imp_n,98.08951521984216,NA,removed
COK,CEN,Census,2016,s_imp_r,NA,90.54927302100162,added
COK,CEN,Census,2016,s_imp_u,NA,99.87635239567234,added
COK,CEN,Census,2021,s_imp_r,NA,95.63426688632622,added
COK,CEN,Census,2021,s_imp_u,NA,99.59619267378136,added
COK,CEN,Census,2021,s_od_r,NA,1.9769357495881383,added
COK,CEN,Census,2021,s_od_u,NA,0.3461205653302567,added
COL,ISS,Admin,2014,s_treat_wtp_u,17.828926260140356,17.804094886519003,changed
COL,ENDS,Survey,2015,s_imp_r,75.40775500000001,NA,removed
COL,DHS,Survey,2015,s_imp_r,NA,75.40775500000001,added
COL,ENDS,Survey,2015,s_imp_u,98.550625,NA,removed
COL,DHS,Survey,2015,s_imp_u,NA,98.550625,added
COL,ENDS,Survey,2015,s_lat_r,8.290485000000004,NA,removed
COL,DHS,Survey,2015,s_lat_r,NA,8.290485000000004,added
COL,ENDS,Survey,2015,s_lat_u,0.9955649999999991,NA,removed
COL,DHS,Survey,2015,s_lat_u,NA,0.9955649999999991,added
COL,ENDS,Survey,2015,s_od_r,21.30153,NA,removed
COL,DHS,Survey,2015,s_od_r,NA,21.30153,added
COL,ENDS,Survey,2015,s_od_u,0.71449,NA,removed
COL,DHS,Survey,2015,s_od_u,NA,0.71449,added
COL,ENDS,Survey,2015,s_sep_r,52.91955,NA,removed
COL,DHS,Survey,2015,s_sep_r,NA,52.91955,added
COL,ENDS,Survey,2015,s_sep_u,4.6643,NA,removed
COL,DHS,Survey,2015,s_sep_u,NA,4.6643,added
COL,ENDS,Survey,2015,s_sew_r,14.19772,NA,removed
COL,DHS,Survey,2015,s_sew_r,NA,14.19772,added
COL,ENDS,Survey,2015,s_sew_u,92.89076,NA,removed
COL,DHS,Survey,2015,s_sew_u,NA,92.89076,added
COL,ENDS,Survey,2015,s_shared_r,6.76364,NA,removed
COL,DHS,Survey,2015,s_shared_r,NA,6.76364,added
COL,ENDS,Survey,2015,s_shared_u,5.98433,NA,removed
COL,DHS,Survey,2015,s_shared_u,NA,5.98433,added
COL,CEN,Census,2018,s_imp_r,75.56320183547332,76.91135067522434,changed
COL,CEN,Census,2018,s_imp_u,97.25233322056592,97.32427093510984,changed
COL,CEN,Census,2018,s_lat_r,5.4948864740252645,6.843035313776284,changed
COL,CEN,Census,2018,s_lat_u,0.3877179742559065,0.45965568879982754,changed
COL,GEIH,Survey,2020,s_imp_r,NA,87.209785,added
COL,ENCV,Survey,2020,s_imp_r,NA,80.757405,added
COL,GEIH,Survey,2020,s_imp_u,NA,97.260085,added
COL,ENCV,Survey,2020,s_imp_u,NA,98.078525,added
COL,GEIH,Survey,2020,s_lat_r,NA,11.201565000000002,added
COL,ENCV,Survey,2020,s_lat_r,NA,4.080044999999998,added
COL,GEIH,Survey,2020,s_lat_u,NA,3.1300250000000034,added
COL,ENCV,Survey,2020,s_lat_u,NA,0.43585500000000366,added
COL,GEIH,Survey,2020,s_od_r,NA,11.79788,added
COL,ENCV,Survey,2020,s_od_r,NA,13.01359,added
COL,GEIH,Survey,2020,s_od_u,NA,2.38841,added
COL,ENCV,Survey,2020,s_od_u,NA,0.72068,added
COL,GEIH,Survey,2020,s_sep_r,NA,63.17385,added
COL,ENCV,Survey,2020,s_sep_r,NA,61.43462,added
COL,GEIH,Survey,2020,s_sep_u,NA,12.72513,added
COL,ENCV,Survey,2020,s_sep_u,NA,5.35296,added
COL,GEIH,Survey,2020,s_sew_r,NA,12.83437,added
COL,ENCV,Survey,2020,s_sew_r,NA,15.24274,added
COL,GEIH,Survey,2020,s_sew_u,NA,81.40493,added
COL,ENCV,Survey,2020,s_sew_u,NA,92.28971,added
COL,GEIH,Survey,2020,s_shared_r,NA,3.961177737337717,added
COL,ENCV,Survey,2020,s_shared_r,NA,3.2840476940445904,added
COL,GEIH,Survey,2020,s_shared_u,NA,4.242388495944383,added
COL,ENCV,Survey,2020,s_shared_u,NA,3.235332095284567,added
COL,GEIH,Survey,2021,s_imp_r,NA,86.24794,added
COL,ENCV,Survey,2021,s_imp_r,NA,79.61111,added
COL,GEIH,Survey,2021,s_imp_u,NA,99.43845,added
COL,ENCV,Survey,2021,s_imp_u,NA,97.506285,added
COL,GEIH,Survey,2021,s_lat_r,NA,10.73039,added
COL,ENCV,Survey,2021,s_lat_r,NA,4.402879999999996,added
COL,GEIH,Survey,2021,s_lat_u,NA,1.253150000000005,added
COL,ENCV,Survey,2021,s_lat_u,NA,0.14587500000000375,added
COL,GEIH,Survey,2021,s_od_r,NA,12.58215,added
COL,ENCV,Survey,2021,s_od_r,NA,14.20548,added
COL,GEIH,Survey,2021,s_od_u,NA,0.3454,added
COL,ENCV,Survey,2021,s_od_u,NA,0.66776,added
COL,GEIH,Survey,2021,s_sep_r,NA,61.7297,added
COL,ENCV,Survey,2021,s_sep_r,NA,61.65521,added
COL,GEIH,Survey,2021,s_sep_u,NA,4.60452,added
COL,ENCV,Survey,2021,s_sep_u,NA,5.06072,added
COL,GEIH,Survey,2021,s_sew_r,NA,13.78785,added
COL,ENCV,Survey,2021,s_sew_r,NA,13.55302,added
COL,OECD,Admin,2021,s_sew_rtp_n,NA,33.89261744966443,added
COL,GEIH,Survey,2021,s_sew_u,NA,93.58078,added
COL,ENCV,Survey,2021,s_sew_u,NA,92.29969,added
COL,GEIH,Survey,2021,s_shared_r,NA,0,added
COL,ENCV,Survey,2021,s_shared_r,NA,3.27194,added
COL,GEIH,Survey,2021,s_shared_u,NA,0,added
COL,ENCV,Survey,2021,s_shared_u,NA,3.65763,added
COL,OECD,Admin,2021,s_treat_wtp_n,NA,42.857142857142854,added
COL,GEIH,Survey,2022,s_imp_r,NA,84.795375,added
COL,ENCV,Survey,2022,s_imp_r,NA,80.943145,added
COL,GEIH,Survey,2022,s_imp_u,NA,99.22,added
COL,ENCV,Survey,2022,s_imp_u,NA,98.538575,added
COL,GEIH,Survey,2022,s_lat_r,NA,11.010115,added
COL,ENCV,Survey,2022,s_lat_r,NA,3.6187550000000073,added
COL,GEIH,Survey,2022,s_lat_u,NA,1.15616,added
COL,ENCV,Survey,2022,s_lat_u,NA,0.43620500000000106,added
COL,GEIH,Survey,2022,s_od_r,NA,13.48662,added
COL,ENCV,Survey,2022,s_od_r,NA,12.72672,added
COL,GEIH,Survey,2022,s_od_u,NA,0.45042,added
COL,ENCV,Survey,2022,s_od_u,NA,0.40285,added
COL,GEIH,Survey,2022,s_sep_r,NA,59.43406,added
COL,ENCV,Survey,2022,s_sep_r,NA,63.29894,added
COL,GEIH,Survey,2022,s_sep_u,NA,4.76912,added
COL,ENCV,Survey,2022,s_sep_u,NA,5.47852,added
COL,GEIH,Survey,2022,s_sew_r,NA,14.3512,added
COL,ENCV,Survey,2022,s_sew_r,NA,14.02545,added
COL,GEIH,Survey,2022,s_sew_u,NA,93.29472,added
COL,ENCV,Survey,2022,s_sew_u,NA,92.62385,added
COL,GEIH,Survey,2022,s_shared_r,NA,0,added
COL,ENCV,Survey,2022,s_shared_r,NA,2.6335594852000854,added
COL,GEIH,Survey,2022,s_shared_u,NA,0,added
COL,ENCV,Survey,2022,s_shared_u,NA,3.01377025101471,added
COL,GEIH,Survey,2023,s_imp_r,NA,86.24794,added
COL,ENCV,Survey,2023,s_imp_r,NA,83.37553,added
COL,GEIH,Survey,2023,s_imp_u,NA,99.43845,added
COL,ENCV,Survey,2023,s_imp_u,NA,97.942835,added
COL,GEIH,Survey,2023,s_lat_r,NA,10.73039,added
COL,ENCV,Survey,2023,s_lat_r,NA,5.246899999999997,added
COL,GEIH,Survey,2023,s_lat_u,NA,1.253150000000005,added
COL,ENCV,Survey,2023,s_lat_u,NA,0.3095050000000015,added
COL,GEIH,Survey,2023,s_od_r,NA,12.58215,added
COL,ENCV,Survey,2023,s_od_r,NA,11.91522,added
COL,GEIH,Survey,2023,s_od_u,NA,0.3454,added
COL,ENCV,Survey,2023,s_od_u,NA,0.43002,added
COL,GEIH,Survey,2023,s_sep_r,NA,61.7297,added
COL,ENCV,Survey,2023,s_sep_r,NA,63.30703,added
COL,GEIH,Survey,2023,s_sep_u,NA,4.60452,added
COL,ENCV,Survey,2023,s_sep_u,NA,4.63907,added
COL,GEIH,Survey,2023,s_sew_r,NA,13.78785,added
COL,ENCV,Survey,2023,s_sew_r,NA,14.8216,added
COL,GEIH,Survey,2023,s_sew_u,NA,93.58078,added
COL,ENCV,Survey,2023,s_sew_u,NA,92.99426,added
COL,GEIH,Survey,2023,s_shared_r,NA,0,added
COL,ENCV,Survey,2023,s_shared_r,NA,2.7110548882425944,added
COL,GEIH,Survey,2023,s_shared_u,NA,0,added
COL,ENCV,Survey,2023,s_shared_u,NA,2.5626815479138716,added
COM,EESICM,Survey,2013,s_imp_r,47.9,48.324160000000006,changed
COM,EESICM,Survey,2013,s_imp_u,64.9,61.50103,changed
COM,CEN,Census,2017,s_imp_r,NA,58.3,added
COM,CEN,Census,2017,s_imp_u,NA,67.1,added
COM,CEN,Census,2017,s_lat_r,NA,39.5,added
COM,CEN,Census,2017,s_lat_u,NA,31.59999999999999,added
COM,CEN,Census,2017,s_od_r,NA,4.1,added
COM,CEN,Census,2017,s_od_u,NA,2.1,added
COM,CEN,Census,2017,s_sep_r,NA,9.1,added
COM,CEN,Census,2017,s_sep_u,NA,12.1,added
COM,CEN,Census,2017,s_sew_r,NA,9.7,added
COM,CEN,Census,2017,s_sew_u,NA,23.4,added
COM,MICS,Survey,2022,s_imp_r,NA,73.01297,added
COM,MICS,Survey,2022,s_imp_u,NA,76.10964,added
COM,MICS,Survey,2022,s_lat_ebo_r,NA,0,added
COM,MICS,Survey,2022,s_lat_ebo_u,NA,0.01933,added
COM,MICS,Survey,2022,s_lat_edl_r,NA,0.10408,added
COM,MICS,Survey,2022,s_lat_edl_u,NA,0,added
COM,MICS,Survey,2022,s_lat_ero_r,NA,0,added
COM,MICS,Survey,2022,s_lat_ero_u,NA,0.15692,added
COM,MICS,Survey,2022,s_lat_nemp_r,NA,99.89592,added
COM,MICS,Survey,2022,s_lat_nemp_u,NA,99.82376,added
COM,MICS,Survey,2022,s_lat_r,NA,63.99391,added
COM,MICS,Survey,2022,s_lat_u,NA,59.07187,added
COM,MICS,Survey,2022,s_od_r,NA,0.58331,added
COM,MICS,Survey,2022,s_od_u,NA,0.36959,added
COM,MICS,Survey,2022,s_sep_ebo_r,NA,0,added
COM,MICS,Survey,2022,s_sep_ebo_u,NA,0,added
COM,MICS,Survey,2022,s_sep_edl_r,NA,1.16334,added
COM,MICS,Survey,2022,s_sep_edl_u,NA,0.3592,added
COM,MICS,Survey,2022,s_sep_ero_r,NA,0,added
COM,MICS,Survey,2022,s_sep_ero_u,NA,1.20526,added
COM,MICS,Survey,2022,s_sep_nemp_r,NA,98.83666,added
COM,MICS,Survey,2022,s_sep_nemp_u,NA,98.43554,added
COM,MICS,Survey,2022,s_sep_r,NA,4.78134,added
COM,MICS,Survey,2022,s_sep_u,NA,9.23879,added
COM,MICS,Survey,2022,s_sew_r,NA,4.23772,added
COM,MICS,Survey,2022,s_sew_u,NA,7.79898,added
COM,MICS,Survey,2022,s_shared_r,NA,15.40761,added
COM,MICS,Survey,2022,s_shared_u,NA,19.49924,added
CPV,IDRF,Survey,2002,s_imp_r,34.5,NA,removed
CPV,IDRF,Survey,2002,s_imp_u,73.8,NA,removed
CPV,IDRF,Survey,2002,s_sew_r,NA,29.1,added
CPV,IDRF,Survey,2002,s_sew_u,NA,65.1,added
CPV,UNSD,Admin,2010,s_sew_rtp_n,NA,26.212121963500977,added
CPV,AFB,Survey,2011,s_od_r,NA,25.42719,added
CPV,AFB,Survey,2011,s_od_u,NA,5.63087,added
CPV,UNSD,Admin,2012,s_sew_rtp_n,NA,26.71232795715332,added
CPV,UNSD,Admin,2013,s_sew_rtp_n,NA,28.8300838470459,added
CPV,AFB,Survey,2014,s_od_r,NA,15.00365,added
CPV,AFB,Survey,2014,s_od_u,NA,5.43662,added
CPV,UNSD,Admin,2014,s_sew_rtp_n,NA,26.79296112060547,added
CPV,UNSD,Admin,2015,s_sew_rtp_n,NA,27.072540283203125,added
CPV,UNSD,Admin,2016,s_sew_rtp_n,NA,30.4639892578125,added
CPV,UNSD,Admin,2016,s_treat_wtp_n,NA,30.000001907348633,added
CPV,AFB,Survey,2017,s_od_r,NA,19.03647,added
CPV,AFB,Survey,2017,s_od_u,NA,6.54597,added
CPV,UNSD,Admin,2017,s_sew_rtp_n,NA,30.637527465820312,added
CPV,UNSD,Admin,2017,s_treat_wtp_n,NA,15.189873695373535,added
CPV,UNSD,Admin,2018,s_sew_rtp_n,NA,30.43858337402344,added
CPV,UNSD,Admin,2018,s_treat_wtp_n,NA,28.787879943847656,added
CPV,AFB,Survey,2019,s_od_r,NA,16.664,added
CPV,AFB,Survey,2019,s_od_u,NA,5.79828,added
CPV,UNSD,Admin,2019,s_sew_rtp_n,NA,34.64590072631836,added
CPV,IMC,Survey,2019,s_shared_n,10.6,NA,removed
CPV,UNSD,Admin,2019,s_treat_wtp_n,NA,32.43243408203125,added
CPV,UNSD,Admin,2020,s_treat_wtp_n,NA,24.13793182373047,added
CPV,UNSD,Admin,2021,s_sew_rtp_n,NA,33.6,added
CPV,AFB,Survey,2022,s_od_r,NA,15.99038,added
CPV,AFB,Survey,2022,s_od_u,NA,4.23322,added
CRI,ENH,Survey,2010,s_lat_r,0.20000000000000284,NA,removed
CRI,ENAHO,Survey,2010,s_lat_r,NA,0.20000000000000284,added
CRI,ENH,Survey,2010,s_lat_u,0.5,NA,removed
CRI,ENAHO,Survey,2010,s_lat_u,NA,0.5,added
CRI,ENH,Survey,2010,s_shared_r,2.5228671212373195,NA,removed
CRI,ENAHO,Survey,2010,s_shared_r,NA,2.5228671212373195,added
CRI,ENH,Survey,2010,s_shared_u,1.096766890865439,NA,removed
CRI,ENAHO,Survey,2010,s_shared_u,NA,1.096766890865439,added
CRI,ENH,Survey,2011,s_imp_r,91.7,NA,removed
CRI,ENAHO,Survey,2011,s_imp_r,NA,91.7,added
CRI,ENH,Survey,2011,s_imp_u,98.8,NA,removed
CRI,ENAHO,Survey,2011,s_imp_u,NA,98.8,added
CRI,ENH,Survey,2011,s_lat_r,0.29999999999999716,NA,removed
CRI,ENAHO,Survey,2011,s_lat_r,NA,0.29999999999999716,added
CRI,ENH,Survey,2011,s_lat_u,0.29999999999999716,NA,removed
CRI,ENAHO,Survey,2011,s_lat_u,NA,0.29999999999999716,added
CRI,ENH,Survey,2011,s_od_r,0.8,NA,removed
CRI,ENAHO,Survey,2011,s_od_r,NA,0.8,added
CRI,ENH,Survey,2011,s_od_u,0.2,NA,removed
CRI,ENAHO,Survey,2011,s_od_u,NA,0.2,added
CRI,ENH,Survey,2011,s_sep_r,84.5,NA,removed
CRI,ENAHO,Survey,2011,s_sep_r,NA,84.5,added
CRI,ENH,Survey,2011,s_sep_u,63.8,NA,removed
CRI,ENAHO,Survey,2011,s_sep_u,NA,63.8,added
CRI,ENH,Survey,2011,s_sew_r,6.9,NA,removed
CRI,ENAHO,Survey,2011,s_sew_r,NA,6.9,added
CRI,ENH,Survey,2011,s_sew_u,34.7,NA,removed
CRI,ENAHO,Survey,2011,s_sew_u,NA,34.7,added
CRI,ENH,Survey,2011,s_shared_r,0.6927982371206305,NA,removed
CRI,ENAHO,Survey,2011,s_shared_r,NA,0.6927982371206305,added
CRI,ENH,Survey,2011,s_shared_u,0.5775558166862513,NA,removed
CRI,ENAHO,Survey,2011,s_shared_u,NA,0.5775558166862513,added
CRI,ENH,Survey,2012,s_imp_r,93.4,NA,removed
CRI,ENAHO,Survey,2012,s_imp_r,NA,93.4,added
CRI,ENH,Survey,2012,s_imp_u,99.4,NA,removed
CRI,ENAHO,Survey,2012,s_imp_u,NA,99.4,added
CRI,ENH,Survey,2012,s_lat_r,0.5999999999999943,NA,removed
CRI,ENAHO,Survey,2012,s_lat_r,NA,0.5999999999999943,added
CRI,ENH,Survey,2012,s_lat_u,0.5,NA,removed
CRI,ENAHO,Survey,2012,s_lat_u,NA,0.5,added
CRI,ENH,Survey,2012,s_od_r,0.7,NA,removed
CRI,ENAHO,Survey,2012,s_od_r,NA,0.7,added
CRI,ENH,Survey,2012,s_od_u,0.1,NA,removed
CRI,ENAHO,Survey,2012,s_od_u,NA,0.1,added
CRI,ENH,Survey,2012,s_sep_r,84.7,NA,removed
CRI,ENAHO,Survey,2012,s_sep_r,NA,84.7,added
CRI,ENH,Survey,2012,s_sep_u,66,NA,removed
CRI,ENAHO,Survey,2012,s_sep_u,NA,66,added
CRI,ENH,Survey,2012,s_sew_r,8.1,NA,removed
CRI,ENAHO,Survey,2012,s_sew_r,NA,8.1,added
CRI,ENH,Survey,2012,s_sew_u,32.9,NA,removed
CRI,ENAHO,Survey,2012,s_sew_u,NA,32.9,added
CRI,ENH,Survey,2012,s_shared_r,0.6695866686804611,NA,removed
CRI,ENAHO,Survey,2012,s_shared_r,NA,0.6695866686804611,added
CRI,ENH,Survey,2012,s_shared_u,0.7974675100214076,NA,removed
CRI,ENAHO,Survey,2012,s_shared_u,NA,0.7974675100214076,added
CRI,ENH,Survey,2013,s_imp_r,93.9,NA,removed
CRI,ENAHO,Survey,2013,s_imp_r,NA,93.9,added
CRI,ENH,Survey,2013,s_imp_u,98.8,NA,removed
CRI,ENAHO,Survey,2013,s_imp_u,NA,98.8,added
CRI,ENH,Survey,2013,s_lat_r,0.5999999999999943,NA,removed
CRI,ENAHO,Survey,2013,s_lat_r,NA,0.5999999999999943,added
CRI,ENH,Survey,2013,s_lat_u,0.7999999999999972,NA,removed
CRI,ENAHO,Survey,2013,s_lat_u,NA,0.7999999999999972,added
CRI,ENH,Survey,2013,s_od_r,0.7,NA,removed
CRI,ENAHO,Survey,2013,s_od_r,NA,0.7,added
CRI,ENH,Survey,2013,s_od_u,0.2,NA,removed
CRI,ENAHO,Survey,2013,s_od_u,NA,0.2,added
CRI,ENH,Survey,2013,s_sep_r,85.3,NA,removed
CRI,ENAHO,Survey,2013,s_sep_r,NA,85.3,added
CRI,ENH,Survey,2013,s_sep_u,66,NA,removed
CRI,ENAHO,Survey,2013,s_sep_u,NA,66,added
CRI,ENH,Survey,2013,s_sew_r,8,NA,removed
CRI,ENAHO,Survey,2013,s_sew_r,NA,8,added
CRI,ENH,Survey,2013,s_sew_u,32,NA,removed
CRI,ENAHO,Survey,2013,s_sew_u,NA,32,added
CRI,ENH,Survey,2013,s_shared_r,0.365729766339316,NA,removed
CRI,ENAHO,Survey,2013,s_shared_r,NA,0.365729766339316,added
CRI,ENH,Survey,2013,s_shared_u,0.5789857851566849,NA,removed
CRI,ENAHO,Survey,2013,s_shared_u,NA,0.5789857851566849,added
CRI,ENH,Survey,2014,s_imp_r,95,NA,removed
CRI,ENAHO,Survey,2014,s_imp_r,NA,95,added
CRI,ENH,Survey,2014,s_imp_u,99.29999999999998,NA,removed
CRI,ENAHO,Survey,2014,s_imp_u,NA,99.29999999999998,added
CRI,ENH,Survey,2014,s_lat_r,0.7000000000000028,NA,removed
CRI,ENAHO,Survey,2014,s_lat_r,NA,0.7000000000000028,added
CRI,ENH,Survey,2014,s_lat_u,1.5999999999999943,NA,removed
CRI,ENAHO,Survey,2014,s_lat_u,NA,1.5999999999999943,added
CRI,ENH,Survey,2014,s_od_r,0.5,NA,removed
CRI,ENAHO,Survey,2014,s_od_r,NA,0.5,added
CRI,ENH,Survey,2014,s_od_u,0.3,NA,removed
CRI,ENAHO,Survey,2014,s_od_u,NA,0.3,added
CRI,ENH,Survey,2014,s_sep_r,87.1,NA,removed
CRI,ENAHO,Survey,2014,s_sep_r,NA,87.1,added
CRI,ENH,Survey,2014,s_sep_u,63.8,NA,removed
CRI,ENAHO,Survey,2014,s_sep_u,NA,63.8,added
CRI,ENH,Survey,2014,s_sew_r,7.2,NA,removed
CRI,ENAHO,Survey,2014,s_sew_r,NA,7.2,added
CRI,UNSD,Admin,2014,s_sew_rtp_n,NA,7.898924827575684,added
CRI,ENH,Survey,2014,s_sew_u,33.9,NA,removed
CRI,ENAHO,Survey,2014,s_sew_u,NA,33.9,added
CRI,ENH,Survey,2014,s_shared_r,0.37019286387149014,NA,removed
CRI,ENAHO,Survey,2014,s_shared_r,NA,0.37019286387149014,added
CRI,ENH,Survey,2014,s_shared_u,0.631967103746922,NA,removed
CRI,ENAHO,Survey,2014,s_shared_u,NA,0.631967103746922,added
CRI,ENH,Survey,2015,s_imp_r,95.4,NA,removed
CRI,ENAHO,Survey,2015,s_imp_r,NA,95.4,added
CRI,ENH,Survey,2015,s_imp_u,98.9,NA,removed
CRI,ENAHO,Survey,2015,s_imp_u,NA,98.9,added
CRI,ENH,Survey,2015,s_lat_r,0.29999999999999716,NA,removed
CRI,ENAHO,Survey,2015,s_lat_r,NA,0.29999999999999716,added
CRI,ENH,Survey,2015,s_lat_u,1.5,NA,removed
CRI,ENAHO,Survey,2015,s_lat_u,NA,1.5,added
CRI,ENH,Survey,2015,s_od_r,0.5,NA,removed
CRI,ENAHO,Survey,2015,s_od_r,NA,0.5,added
CRI,ENH,Survey,2015,s_od_u,0.4,NA,removed
CRI,ENAHO,Survey,2015,s_od_u,NA,0.4,added
CRI,ENH,Survey,2015,s_sep_r,89.6,NA,removed
CRI,ENAHO,Survey,2015,s_sep_r,NA,89.6,added
CRI,ENH,Survey,2015,s_sep_u,70.4,NA,removed
CRI,ENAHO,Survey,2015,s_sep_u,NA,70.4,added
CRI,ENH,Survey,2015,s_sew_r,5.5,NA,removed
CRI,ENAHO,Survey,2015,s_sew_r,NA,5.5,added
CRI,UNSD,Admin,2015,s_sew_rtp_n,NA,21.779436111450195,added
CRI,ENH,Survey,2015,s_sew_u,27,NA,removed
CRI,ENAHO,Survey,2015,s_sew_u,NA,27,added
CRI,ENH,Survey,2015,s_shared_r,0.5825759845534139,NA,removed
CRI,ENAHO,Survey,2015,s_shared_r,NA,0.5825759845534139,added
CRI,ENH,Survey,2015,s_shared_u,0.720623228416658,NA,removed
CRI,ENAHO,Survey,2015,s_shared_u,NA,0.720623228416658,added
CRI,ENH,Survey,2016,s_imp_r,95.09362000000002,NA,removed
CRI,ENAHO,Survey,2016,s_imp_r,NA,95.09362000000002,added
CRI,ENH,Survey,2016,s_imp_u,98.90166,NA,removed
CRI,ENAHO,Survey,2016,s_imp_u,NA,98.90166,added
CRI,ENH,Survey,2016,s_lat_r,0.7441500000000048,NA,removed
CRI,ENAHO,Survey,2016,s_lat_r,NA,0.7441500000000048,added
CRI,ENH,Survey,2016,s_lat_u,1.6722800000000009,NA,removed
CRI,ENAHO,Survey,2016,s_lat_u,NA,1.6722800000000009,added
CRI,ENH,Survey,2016,s_od_r,0.37989,NA,removed
CRI,ENAHO,Survey,2016,s_od_r,NA,0.37989,added
CRI,ENH,Survey,2016,s_od_u,0.18146,NA,removed
CRI,ENAHO,Survey,2016,s_od_u,NA,0.18146,added
CRI,ENH,Survey,2016,s_sep_r,89.39078,NA,removed
CRI,ENAHO,Survey,2016,s_sep_r,NA,89.39078,added
CRI,ENH,Survey,2016,s_sep_u,69.82849,NA,removed
CRI,ENAHO,Survey,2016,s_sep_u,NA,69.82849,added
CRI,ENH,Survey,2016,s_sew_r,4.95869,NA,removed
CRI,ENAHO,Survey,2016,s_sew_r,NA,4.95869,added
CRI,CTIEAGUA,Admin,2016,s_sew_rtp_n,NA,35.951744690511504,added
CRI,ENH,Survey,2016,s_sew_u,27.40089,NA,removed
CRI,ENAHO,Survey,2016,s_sew_u,NA,27.40089,added
CRI,ENH,Survey,2016,s_shared_r,0.9019895951986304,NA,removed
CRI,ENAHO,Survey,2016,s_shared_r,NA,0.9019895951986304,added
CRI,ENH,Survey,2016,s_shared_u,0.6381091038163611,NA,removed
CRI,ENAHO,Survey,2016,s_shared_u,NA,0.6381091038163611,added
CRI,CTIEAGUA,Admin,2016,s_treat_wtp_n,NA,58.15319684860213,added
CRI,ENH,Survey,2017,s_imp_r,96.1619,NA,removed
CRI,ENAHO,Survey,2017,s_imp_r,NA,96.1619,added
CRI,ENH,Survey,2017,s_imp_u,98.65278,NA,removed
CRI,ENAHO,Survey,2017,s_imp_u,NA,98.65278,added
CRI,ENH,Survey,2017,s_lat_r,1.3839899999999972,NA,removed
CRI,ENAHO,Survey,2017,s_lat_r,NA,1.3839899999999972,added
CRI,ENH,Survey,2017,s_lat_u,2.919489999999996,NA,removed
CRI,ENAHO,Survey,2017,s_lat_u,NA,2.919489999999996,added
CRI,ENH,Survey,2017,s_od_r,0.42477,NA,removed
CRI,ENAHO,Survey,2017,s_od_r,NA,0.42477,added
CRI,ENH,Survey,2017,s_od_u,0.32772,NA,removed
CRI,ENAHO,Survey,2017,s_od_u,NA,0.32772,added
CRI,ENH,Survey,2017,s_sep_r,88.51022,NA,removed
CRI,ENAHO,Survey,2017,s_sep_r,NA,88.51022,added
CRI,ENH,Survey,2017,s_sep_u,65.84462,NA,removed
CRI,ENAHO,Survey,2017,s_sep_u,NA,65.84462,added
CRI,ENH,Survey,2017,s_sew_r,6.26769,NA,removed
CRI,ENAHO,Survey,2017,s_sew_r,NA,6.26769,added
CRI,CTIEAGUA,Admin,2017,s_sew_rtp_n,NA,32.443881276725776,added
CRI,ENH,Survey,2017,s_sew_u,29.88867,NA,removed
CRI,ENAHO,Survey,2017,s_sew_u,NA,29.88867,added
CRI,ENH,Survey,2017,s_shared_r,0.583497449449805,NA,removed
CRI,ENAHO,Survey,2017,s_shared_r,NA,0.583497449449805,added
CRI,ENH,Survey,2017,s_shared_u,0.5838827952435438,NA,removed
CRI,ENAHO,Survey,2017,s_shared_u,NA,0.5838827952435438,added
CRI,CTIEAGUA,Admin,2017,s_treat_wtp_n,NA,49.12002852192278,added
CRI,ENH,Survey,2018,s_imp_r,96.17662,NA,removed
CRI,ENAHO,Survey,2018,s_imp_r,NA,96.17662,added
CRI,ENH,Survey,2018,s_imp_u,98.99819,NA,removed
CRI,ENAHO,Survey,2018,s_imp_u,NA,98.99819,added
CRI,ENH,Survey,2018,s_lat_r,1.5286300000000068,NA,removed
CRI,ENAHO,Survey,2018,s_lat_r,NA,1.5286300000000068,added
CRI,ENH,Survey,2018,s_lat_u,2.8565300000000065,NA,removed
CRI,ENAHO,Survey,2018,s_lat_u,NA,2.8565300000000065,added
CRI,ENH,Survey,2018,s_od_r,0.71806,NA,removed
CRI,ENAHO,Survey,2018,s_od_r,NA,0.71806,added
CRI,ENH,Survey,2018,s_od_u,0.25222,NA,removed
CRI,ENAHO,Survey,2018,s_od_u,NA,0.25222,added
CRI,ENH,Survey,2018,s_sep_r,88.31807,NA,removed
CRI,ENAHO,Survey,2018,s_sep_r,NA,88.31807,added
CRI,ENH,Survey,2018,s_sep_u,67.02389,NA,removed
CRI,ENAHO,Survey,2018,s_sep_u,NA,67.02389,added
CRI,ENH,Survey,2018,s_sew_r,6.32992,NA,removed
CRI,ENAHO,Survey,2018,s_sew_r,NA,6.32992,added
CRI,CTIEAGUA,Admin,2018,s_sew_rtp_n,NA,32.950097059715546,added
CRI,ENH,Survey,2018,s_sew_u,29.11777,NA,removed
CRI,ENAHO,Survey,2018,s_sew_u,NA,29.11777,added
CRI,ENH,Survey,2018,s_shared_r,0.5809867483287127,NA,removed
CRI,ENAHO,Survey,2018,s_shared_r,NA,0.5809867483287127,added
CRI,ENH,Survey,2018,s_shared_u,0.6694924421158343,NA,removed
CRI,ENAHO,Survey,2018,s_shared_u,NA,0.6694924421158343,added
CRI,CTIEAGUA,Admin,2018,s_treat_wtp_n,NA,67.42209709961465,added
CRI,ENH,Survey,2019,s_imp_r,97.1049,NA,removed
CRI,ENAHO,Survey,2019,s_imp_r,NA,97.1049,added
CRI,ENH,Survey,2019,s_imp_u,99.04187,NA,removed
CRI,ENAHO,Survey,2019,s_imp_u,NA,99.04187,added
CRI,ENH,Survey,2019,s_lat_r,2.5523299999999978,NA,removed
CRI,ENAHO,Survey,2019,s_lat_r,NA,2.5523299999999978,added
CRI,ENH,Survey,2019,s_lat_u,1.792670000000001,NA,removed
CRI,ENAHO,Survey,2019,s_lat_u,NA,1.792670000000001,added
CRI,ENH,Survey,2019,s_od_r,0.48519,NA,removed
CRI,ENAHO,Survey,2019,s_od_r,NA,0.48519,added
CRI,ENH,Survey,2019,s_od_u,0.28184,NA,removed
CRI,ENAHO,Survey,2019,s_od_u,NA,0.28184,added
CRI,ENH,Survey,2019,s_sep_r,89.82977,NA,removed
CRI,ENAHO,Survey,2019,s_sep_r,NA,89.82977,added
CRI,ENH,Survey,2019,s_sep_u,68.80701,NA,removed
CRI,ENAHO,Survey,2019,s_sep_u,NA,68.80701,added
CRI,ENH,Survey,2019,s_sew_r,4.7228,NA,removed
CRI,ENAHO,Survey,2019,s_sew_r,NA,4.7228,added
CRI,CTIEAGUA,Admin,2019,s_sew_rtp_n,NA,33.854947796492844,added
CRI,ENH,Survey,2019,s_sew_u,28.44219,NA,removed
CRI,ENAHO,Survey,2019,s_sew_u,NA,28.44219,added
CRI,ENH,Survey,2019,s_shared_r,0.39859422635503494,NA,removed
CRI,ENAHO,Survey,2019,s_shared_r,NA,0.39859422635503494,added
CRI,ENH,Survey,2019,s_shared_u,0.6264594119974747,NA,removed
CRI,ENAHO,Survey,2019,s_shared_u,NA,0.6264594119974747,added
CRI,CTIEAGUA,Admin,2019,s_treat_wtp_n,NA,59.0915201452481,added
CRI,ENAHO,Survey,2020,s_imp_r,NA,97.30309,added
CRI,ENAHO,Survey,2020,s_imp_u,NA,99.11419,added
CRI,ENAHO,Survey,2020,s_lat_r,NA,2.2071300000000065,added
CRI,ENAHO,Survey,2020,s_lat_u,NA,2.756230000000002,added
CRI,ENAHO,Survey,2020,s_od_r,NA,0.37109,added
CRI,ENAHO,Survey,2020,s_od_u,NA,0.20586,added
CRI,ENAHO,Survey,2020,s_sep_r,NA,90.33724,added
CRI,ENAHO,Survey,2020,s_sep_u,NA,67.88646,added
CRI,ENAHO,Survey,2020,s_sew_r,NA,4.75872,added
CRI,CTIEAGUA,Admin,2020,s_sew_rtp_n,NA,32.963771854552775,added
CRI,ENAHO,Survey,2020,s_sew_u,NA,28.4715,added
CRI,ENAHO,Survey,2020,s_shared_r,NA,0.33957264185899405,added
CRI,ENAHO,Survey,2020,s_shared_u,NA,0.3354575934437435,added
CRI,CTIEAGUA,Admin,2020,s_treat_wtp_n,NA,64.09870631012792,added
CRI,ENAHO,Survey,2021,s_imp_r,NA,96.77549,added
CRI,ENAHO,Survey,2021,s_imp_u,NA,99.07835,added
CRI,ENAHO,Survey,2021,s_lat_r,NA,1.9133400000000051,added
CRI,ENAHO,Survey,2021,s_lat_u,NA,1.7821799999999968,added
CRI,ENAHO,Survey,2021,s_od_r,NA,0.4514,added
CRI,ENAHO,Survey,2021,s_od_u,NA,0.19288,added
CRI,ENAHO,Survey,2021,s_sep_r,NA,89.73788,added
CRI,ENAHO,Survey,2021,s_sep_u,NA,66.01208,added
CRI,ENAHO,Survey,2021,s_sew_r,NA,5.12427,added
CRI,CTIEAGUA,Admin,2021,s_sew_rtp_n,NA,29.44137051633952,added
CRI,ENAHO,Survey,2021,s_sew_u,NA,31.28409,added
CRI,ENAHO,Survey,2021,s_shared_r,NA,1.0826510808845724,added
CRI,ENAHO,Survey,2021,s_shared_u,NA,0.3345958352594465,added
CRI,CTIEAGUA,Admin,2021,s_treat_wtp_n,NA,54.24491115832241,added
CRI,ENAHO,Survey,2022,s_imp_r,NA,97.41304,added
CRI,ENAHO,Survey,2022,s_imp_u,NA,99.28699,added
CRI,ENAHO,Survey,2022,s_lat_r,NA,0.287319999999994,added
CRI,ENAHO,Survey,2022,s_lat_u,NA,1.380560000000003,added
CRI,ENAHO,Survey,2022,s_od_r,NA,0.11028,added
CRI,ENAHO,Survey,2022,s_od_u,NA,0.13775,added
CRI,ENAHO,Survey,2022,s_sep_r,NA,91.65947,added
CRI,ENAHO,Survey,2022,s_sep_u,NA,67.22359,added
CRI,ENAHO,Survey,2022,s_sew_r,NA,5.46625,added
CRI,CTIEAGUA,Admin,2022,s_sew_rtp_n,NA,33.92883984115517,added
CRI,ENAHO,Survey,2022,s_sew_u,NA,30.68284,added
CRI,ENAHO,Survey,2022,s_shared_r,NA,0.5730111577783001,added
CRI,ENAHO,Survey,2022,s_shared_u,NA,0.2839572867493539,added
CRI,CTIEAGUA,Admin,2022,s_treat_wtp_n,NA,53.46724641949972,added
CRI,ENAHO,Survey,2023,s_imp_r,NA,98.1819,added
CRI,ENAHO,Survey,2023,s_imp_u,NA,99.45337,added
CRI,ENAHO,Survey,2023,s_lat_r,NA,0.5250099999999946,added
CRI,ENAHO,Survey,2023,s_lat_u,NA,0.8043799999999948,added
CRI,ENAHO,Survey,2023,s_od_r,NA,0.19117,added
CRI,ENAHO,Survey,2023,s_od_u,NA,0.03963,added
CRI,ENAHO,Survey,2023,s_sep_r,NA,87.09101,added
CRI,ENAHO,Survey,2023,s_sep_u,NA,64.0048,added
CRI,ENAHO,Survey,2023,s_sew_r,NA,10.56588,added
CRI,ENAHO,Survey,2023,s_sew_u,NA,34.64419,added
CRI,ENAHO,Survey,2023,s_shared_r,NA,0.3660285017893856,added
CRI,ENAHO,Survey,2023,s_shared_u,NA,0.4948121816528676,added
CUB,UNSD,Admin,2010,s_sew_rtp_n,NA,45.7,added
CUB,UNSD,Admin,2010,s_treat_wtp_n,NA,58.3,added
CUB,UNSD,Admin,2011,s_sew_rtp_n,NA,46.8,added
CUB,UNSD,Admin,2011,s_treat_wtp_n,NA,58.3,added
CUB,UNSD,Admin,2012,s_sew_rtp_n,NA,46.1,added
CUB,AE,Admin,2012,s_treat_wtp_n,25,NA,removed
CUB,UNSD,Admin,2012,s_treat_wtp_n,NA,58.2,added
CUB,UNSD,Admin,2013,s_sew_rtp_n,NA,46.5,added
CUB,AE,Admin,2013,s_treat_wtp_n,25.1,NA,removed
CUB,UNSD,Admin,2013,s_treat_wtp_n,NA,58.1,added
CUB,UNSD,Admin,2014,s_sew_rtp_n,NA,46.8,added
CUB,AE,Admin,2014,s_treat_wtp_n,25.3,NA,removed
CUB,UNSD,Admin,2014,s_treat_wtp_n,NA,58.3,added
CUB,AE,Admin,2015,s_imp_r,NA,92.6,added
CUB,AE,Admin,2015,s_imp_u,NA,98.3,added
CUB,UNSD,Admin,2015,s_sew_rtp_n,NA,46.3,added
CUB,AE,Admin,2015,s_shared_r,NA,17.599999999999998,added
CUB,AE,Admin,2015,s_shared_u,NA,18.5,added
CUB,AE,Admin,2015,s_treat_wtp_n,25.1,NA,removed
CUB,UNSD,Admin,2015,s_treat_wtp_n,NA,58.9,added
CUB,AE,Admin,2016,s_imp_r,NA,92.2,added
CUB,AE,Admin,2016,s_imp_u,NA,98.5,added
CUB,UNSD,Admin,2016,s_sew_rtp_n,NA,47.4,added
CUB,AE,Admin,2016,s_shared_r,NA,17.299999999999997,added
CUB,AE,Admin,2016,s_shared_u,NA,18.4,added
CUB,AE,Admin,2016,s_treat_wtp_n,26.1,NA,removed
CUB,UNSD,Admin,2016,s_treat_wtp_n,NA,59.3,added
CUB,AE,Admin,2017,s_imp_r,NA,92.8,added
CUB,AE,Admin,2017,s_imp_u,NA,98.4,added
CUB,UNSD,Admin,2017,s_sew_rtp_n,NA,47.5,added
CUB,AE,Admin,2017,s_shared_r,NA,15.9,added
CUB,AE,Admin,2017,s_shared_u,NA,16.2,added
CUB,AE,Admin,2017,s_treat_wtp_n,26.9,NA,removed
CUB,UNSD,Admin,2017,s_treat_wtp_n,NA,60.1,added
CUB,AE,Admin,2018,s_imp_r,NA,96,added
CUB,AE,Admin,2018,s_imp_u,NA,97.4,added
CUB,UNSD,Admin,2018,s_sew_rtp_n,NA,47.8,added
CUB,AE,Admin,2018,s_shared_r,NA,16.1,added
CUB,AE,Admin,2018,s_shared_u,NA,14.3,added
CUB,AE,Admin,2018,s_treat_wtp_n,26.9,NA,removed
CUB,UNSD,Admin,2018,s_treat_wtp_n,NA,61.7,added
CUB,AE,Admin,2019,s_imp_r,NA,96.2,added
CUB,AE,Admin,2019,s_imp_u,NA,99.1,added
CUB,UNSD,Admin,2019,s_sew_rtp_n,NA,48.2,added
CUB,AE,Admin,2019,s_shared_r,NA,0,added
CUB,AE,Admin,2019,s_shared_u,NA,0.1,added
CUB,AE,Admin,2019,s_treat_wtp_n,26.8,NA,removed
CUB,UNSD,Admin,2019,s_treat_wtp_n,NA,62.2,added
CUB,AE,Admin,2020,s_imp_r,NA,99.8,added
CUB,AE,Admin,2020,s_imp_u,NA,99.6,added
CUB,UNSD,Admin,2020,s_sew_rtp_n,NA,48.7,added
CUB,AE,Admin,2020,s_shared_r,NA,0,added
CUB,AE,Admin,2020,s_shared_u,NA,0,added
CUB,UNSD,Admin,2020,s_treat_wtp_n,NA,68.3,added
CUB,AE,Admin,2021,s_imp_r,NA,99,added
CUB,AE,Admin,2021,s_imp_u,NA,99.8,added
CUB,UNSD,Admin,2021,s_sew_rtp_n,NA,50,added
CUB,AE,Admin,2021,s_shared_r,NA,0,added
CUB,AE,Admin,2021,s_shared_u,NA,0.1,added
CUB,UNSD,Admin,2021,s_treat_wtp_n,NA,73.8,added
CUB,AE,Admin,2022,s_imp_r,NA,94.1,added
CUB,AE,Admin,2022,s_imp_u,NA,99.7,added
CUB,AE,Admin,2022,s_shared_r,NA,0,added
CUB,AE,Admin,2022,s_shared_u,NA,0,added
CUW,CEN,Census,2001,s_imp_n,98.16037626561015,98.3770070202266,changed
CUW,CEN,Census,2001,s_lat_n,0.5537406454901372,0.7703714001065691,changed
CUW,CEN,Census,2011,s_imp_n,98.818625309451,99.03706130770352,changed
CUW,CEN,Census,2011,s_lat_n,0,0.21843599825251656,changed
CUW,NISMOD,Admin,2017,s_sew_rtp_n,NA,16,added
CUW,NISMOD,Admin,2017,s_treat_wtp_n,16,100,changed
CYM,WWT,Admin,2004,s_treat_wtp_u,100,NA,removed
CYM,WWT,NA,2004,s_treat_wtp_u,NA,100,added
CYM,WWT,Admin,2005,s_treat_wtp_u,100,NA,removed
CYM,WWT,NA,2005,s_treat_wtp_u,NA,100,added
CYM,WWT,Admin,2006,s_treat_wtp_u,100,NA,removed
CYM,WWT,NA,2006,s_treat_wtp_u,NA,100,added
CYM,SLC,Survey,2007,s_imp_u,96.25,NA,removed
CYM,SLC,NA,2007,s_imp_u,NA,96.25,added
CYM,SLC,Survey,2007,s_lat_n,1.0499999999999972,NA,removed
CYM,SLC,NA,2007,s_lat_n,NA,1.0499999999999972,added
CYM,SLC,Survey,2007,s_lat_u,1.0499999999999972,NA,removed
CYM,SLC,NA,2007,s_lat_u,NA,1.0499999999999972,added
CYM,SLC,Survey,2007,s_sep_u,72,NA,removed
CYM,SLC,NA,2007,s_sep_u,NA,72,added
CYM,SLC,Survey,2007,s_sew_u,23.2,NA,removed
CYM,SLC,NA,2007,s_sew_u,NA,23.2,added
CYM,WWT,Admin,2007,s_treat_wtp_u,100,NA,removed
CYM,WWT,NA,2007,s_treat_wtp_u,NA,100,added
CYM,WWT,Admin,2008,s_treat_wtp_u,100,NA,removed
CYM,WWT,NA,2008,s_treat_wtp_u,NA,100,added
CYM,WWT,Admin,2009,s_treat_wtp_u,100,NA,removed
CYM,WWT,NA,2009,s_treat_wtp_u,NA,100,added
CYM,CEN,Census,2010,s_imp_n,94.85,NA,removed
CYM,CEN,NA,2010,s_imp_n,NA,94.85,added
CYM,CEN,Census,2010,s_imp_u,94.85,NA,removed
CYM,CEN,NA,2010,s_imp_u,NA,94.85,added
CYM,CEN,Census,2010,s_lat_n,13.25,NA,removed
CYM,CEN,NA,2010,s_lat_n,NA,13.25,added
CYM,CEN,Census,2010,s_lat_u,13.25,NA,removed
CYM,CEN,NA,2010,s_lat_u,NA,13.25,added
CYM,CEN,Census,2010,s_sep_n,67.6,NA,removed
CYM,CEN,NA,2010,s_sep_n,NA,67.6,added
CYM,CEN,Census,2010,s_sep_u,67.6,NA,removed
CYM,CEN,NA,2010,s_sep_u,NA,67.6,added
CYM,CEN,Census,2010,s_sew_n,14,NA,removed
CYM,CEN,NA,2010,s_sew_n,NA,14,added
CYM,CEN,Census,2010,s_sew_u,14,NA,removed
CYM,CEN,NA,2010,s_sew_u,NA,14,added
CYM,CEN,Census,2010,s_shared_n,12.45,NA,removed
CYM,CEN,NA,2010,s_shared_n,NA,12.45,added
CYM,CEN,Census,2010,s_shared_u,12.45,NA,removed
CYM,CEN,NA,2010,s_shared_u,NA,12.45,added
CYM,WWT,Admin,2010,s_treat_wtp_u,100,NA,removed
CYM,WWT,NA,2010,s_treat_wtp_u,NA,100,added
CYM,WWT,Admin,2011,s_treat_wtp_u,100,NA,removed
CYM,WWT,NA,2011,s_treat_wtp_u,NA,100,added
CYM,WWT,Admin,2012,s_treat_wtp_u,100,NA,removed
CYM,WWT,NA,2012,s_treat_wtp_u,NA,100,added
CYM,WWT,Admin,2013,s_treat_wtp_u,100,NA,removed
CYM,WWT,NA,2013,s_treat_wtp_u,NA,100,added
CYM,WWT,Admin,2014,s_treat_wtp_u,100,NA,removed
CYM,WWT,NA,2014,s_treat_wtp_u,NA,100,added
CYM,WWT,Admin,2015,s_treat_wtp_u,100,NA,removed
CYM,WWT,NA,2015,s_treat_wtp_u,NA,100,added
CYM,CEN,NA,2021,s_imp_n,NA,93.79999999999998,added
CYM,CEN,NA,2021,s_imp_u,NA,93.79999999999998,added
CYM,CEN,NA,2021,s_lat_n,NA,13.599999999999994,added
CYM,CEN,NA,2021,s_lat_u,NA,13.599999999999994,added
CYM,CEN,NA,2021,s_sep_n,NA,64.6,added
CYM,CEN,NA,2021,s_sep_u,NA,64.6,added
CYM,CEN,NA,2021,s_sew_n,NA,15.6,added
CYM,CEN,NA,2021,s_sew_u,NA,15.6,added
CYM,CEN,NA,2021,s_shared_n,NA,11.1,added
CYM,CEN,NA,2021,s_shared_u,NA,11.1,added
CYP,EU SILC,Admin,2013,s_imp_r,98.25,NA,removed
CYP,EUSILC,Admin,2013,s_imp_r,NA,98.25,added
CYP,EU SILC,Admin,2013,s_imp_u,99.85,NA,removed
CYP,EUSILC,Admin,2013,s_imp_u,NA,99.85,added
CYP,EU SILC,Admin,2014,s_imp_r,98.7,NA,removed
CYP,EUSILC,Admin,2014,s_imp_r,NA,98.7,added
CYP,EU SILC,Admin,2014,s_imp_u,99.75,NA,removed
CYP,EUSILC,Admin,2014,s_imp_u,NA,99.75,added
CYP,EU SILC,Admin,2015,s_imp_r,99.05,NA,removed
CYP,EUSILC,Admin,2015,s_imp_r,NA,99.05,added
CYP,EU SILC,Admin,2015,s_imp_u,99.75,NA,removed
CYP,EUSILC,Admin,2015,s_imp_u,NA,99.75,added
CYP,UWWTD,Admin,2015,s_sew_r,NA,4.57,added
CYP,UWWTD,Admin,2015,s_sew_u,NA,65.91,added
CYP,ES,Admin,2018,s_lat_ero_n,NA,100,added
CYP,ES,Admin,2018,s_treat_wtp_n,NA,100,added
CYP,ES,Admin,2019,s_lat_ero_n,NA,100,added
CYP,ES,Admin,2019,s_treat_wtp_n,NA,100,added
CYP,ES,Admin,2020,s_lat_ero_n,NA,100,added
CYP,ES,Admin,2020,s_treat_wtp_n,NA,100,added
CYP,CEN,Census,2021,s_imp_r,NA,99.37444067376109,added
CYP,CEN,Census,2021,s_imp_u,NA,99.7855120898854,added
CZE,ES,Admin,2000,s_imp_r,100,NA,removed
CZE,ES,Admin,2000,s_imp_u,100,NA,removed
CZE,ES,Admin,2000,s_lat_n,0,NA,removed
CZE,ES,Admin,2000,s_sep_n,25,NA,removed
CZE,ES,Admin,2000,s_sew_n,75,NA,removed
CZE,ES,Admin,2001,s_imp_r,100,NA,removed
CZE,ES,Admin,2001,s_imp_u,100,NA,removed
CZE,ES,Admin,2001,s_sep_n,25,NA,removed
CZE,ES,Admin,2001,s_sew_n,75,NA,removed
CZE,ES,Admin,2002,s_imp_r,100,NA,removed
CZE,ES,Admin,2002,s_imp_u,100,NA,removed
CZE,ES,Admin,2002,s_lat_n,0,NA,removed
CZE,ES,Admin,2002,s_sep_n,23,NA,removed
CZE,ES,Admin,2002,s_sew_n,77,75.3,changed
CZE,ES,Admin,2002,s_sew_rtp_n,NA,94.5,added
CZE,ES,Admin,2002,s_treat_wtp_n,NA,99.8567335243553,added
CZE,WHS,Survey,2003,s_imp_r,99.97,99.23902,changed
CZE,ES,Admin,2003,s_imp_r,100,NA,removed
CZE,WHS,Survey,2003,s_imp_u,99.98,99.66212,changed
CZE,ES,Admin,2003,s_imp_u,100,NA,removed
CZE,WHS,Survey,2003,s_lat_r,NA,1.647509999999997,added
CZE,WHS,Survey,2003,s_lat_u,NA,0.478580000000008,added
CZE,WHS,Survey,2003,s_od_r,0,NA,removed
CZE,WHS,Survey,2003,s_od_u,0,NA,removed
CZE,ES,Admin,2003,s_sep_n,22,NA,removed
CZE,WHS,Survey,2003,s_sep_r,NA,30.43481,added
CZE,WHS,Survey,2003,s_sep_u,NA,2.89889,added
CZE,ES,Admin,2003,s_sew_n,78,75.3,changed
CZE,WHS,Survey,2003,s_sew_r,NA,67.1567,added
CZE,ES,Admin,2003,s_sew_rtp_n,NA,95.4,added
CZE,WHS,Survey,2003,s_sew_u,NA,96.28465,added
CZE,WHS,Survey,2003,s_shared_r,NA,1.10119,added
CZE,WHS,Survey,2003,s_shared_u,NA,0.34365,added
CZE,ES,Admin,2003,s_treat_wtp_n,NA,99.85855728429983,added
CZE,ES,Admin,2004,s_imp_r,100,NA,removed
CZE,ES,Admin,2004,s_imp_u,100,NA,removed
CZE,ES,Admin,2004,s_sep_n,22,NA,removed
CZE,ES,Admin,2004,s_sew_n,78,75.5,changed
CZE,ES,Admin,2004,s_sew_rtp_n,NA,95.6,added
CZE,ES,Admin,2004,s_treat_wtp_n,NA,99.57805907172995,added
CZE,ES,Admin,2005,s_sew_n,79.1,76.7,changed
CZE,ES,Admin,2005,s_sew_rtp_n,NA,96.3,added
CZE,ES,Admin,2005,s_treat_wtp_n,92.03539823008848,99.72602739726028,changed
CZE,ES,Admin,2006,s_sew_n,80,77.4,changed
CZE,ES,Admin,2006,s_sew_rtp_n,NA,94.6,added
CZE,ES,Admin,2006,s_treat_wtp_n,89.875,99.86111111111111,changed
CZE,ES,Admin,2007,s_sew_n,80.55,78.50000000000001,changed
CZE,ES,Admin,2007,s_sew_rtp_n,NA,94.6,added
CZE,ES,Admin,2007,s_treat_wtp_n,90.62693978895096,99.86320109439124,changed
CZE,ES,Admin,2008,s_sew_n,81.1,81.19999999999999,changed
CZE,ES,Admin,2008,s_sew_rtp_n,NA,94.4,added
CZE,ES,Admin,2008,s_treat_wtp_n,92.97163995067818,99.73544973544972,changed
CZE,ES,Admin,2009,s_sew_n,81.1,81.19999999999999,changed
CZE,ES,Admin,2009,s_sew_rtp_n,NA,94.7,added
CZE,ES,Admin,2009,s_treat_wtp_n,93.3415536374846,99.73649538866933,changed
CZE,ES,Admin,2010,s_sew_n,81.9,82.3,changed
CZE,ES,Admin,2010,s_sew_rtp_n,NA,94.7,added
CZE,ES,Admin,2010,s_treat_wtp_n,93.89499389499387,99.87012987012989,changed
CZE,ES,Admin,2011,s_sew_n,81.9,83.39999999999999,changed
CZE,ES,Admin,2011,s_sew_rtp_n,NA,94.8,added
CZE,ES,Admin,2011,s_treat_wtp_n,95.23809523809524,99.74424552429667,changed
CZE,EU SILC,Admin,2012,s_imp_r,99.85802469135804,NA,removed
CZE,EUSILC,Admin,2012,s_imp_r,NA,99.9,added
CZE,EU SILC,Admin,2012,s_imp_u,100,NA,removed
CZE,EUSILC,Admin,2012,s_imp_u,NA,100,added
CZE,ES,Admin,2012,s_sew_n,82.6,83.00000000000001,changed
CZE,ES,Admin,2012,s_sew_rtp_n,NA,95.1,added
CZE,EU SILC,Admin,2012,s_shared_r,0.7128309572301426,NA,removed
CZE,EUSILC,Admin,2012,s_shared_r,NA,0.7128309572301426,added
CZE,EU SILC,Admin,2012,s_shared_u,0.9072580645161292,NA,removed
CZE,EUSILC,Admin,2012,s_shared_u,NA,0.9072580645161292,added
CZE,ES,Admin,2012,s_treat_wtp_n,94.430992736077485,99.8719590268886,changed
CZE,EU SILC,Admin,2013,s_imp_r,100,NA,removed
CZE,EUSILC,Admin,2013,s_imp_r,NA,100,added
CZE,EU SILC,Admin,2013,s_imp_u,100,NA,removed
CZE,EUSILC,Admin,2013,s_imp_u,NA,100,added
CZE,ES,Admin,2013,s_sew_n,82.8,84.7,changed
CZE,ES,Admin,2013,s_sew_rtp_n,NA,95.3,added
CZE,ES,Admin,2013,s_treat_wtp_n,96.37681159420288,99.75,changed
CZE,EU SILC,Admin,2014,s_imp_r,100,NA,removed
CZE,EUSILC,Admin,2014,s_imp_r,NA,100,added
CZE,EU SILC,Admin,2014,s_imp_u,100,NA,removed
CZE,EUSILC,Admin,2014,s_imp_u,NA,100,added
CZE,ES,Admin,2014,s_sew_n,79.9,83.9,changed
CZE,ES,Admin,2014,s_sew_rtp_n,NA,94.4,added
CZE,ES,Admin,2014,s_treat_wtp_n,99.87484355444305,99.73544973544972,changed
CZE,EU SILC,Admin,2015,s_imp_r,100,NA,removed
CZE,EUSILC,Admin,2015,s_imp_r,NA,100,added
CZE,EU SILC,Admin,2015,s_imp_u,100,NA,removed
CZE,EUSILC,Admin,2015,s_imp_u,NA,100,added
CZE,ES,Admin,2015,s_sew_n,80.8,84.3,changed
CZE,ES,Admin,2015,s_sew_rtp_n,NA,94.7,added
CZE,ES,Admin,2015,s_treat_wtp_n,99.8762376237624,99.73649538866933,changed
CZE,ES,Admin,2016,s_sew_n,81.3,84.7,changed
CZE,ES,Admin,2016,s_sew_rtp_n,NA,94.7,added
CZE,ES,Admin,2016,s_treat_wtp_n,99.8769987699877,99.87012987012989,changed
CZE,ES,Admin,2017,s_sew_n,82.4,85.60000000000001,changed
CZE,ES,Admin,2017,s_sew_rtp_n,NA,94.8,added
CZE,ES,Admin,2017,s_treat_wtp_n,99.87864077669904,99.74424552429667,changed
CZE,ES,Admin,2018,s_sew_n,NA,85.5,added
CZE,ES,Admin,2018,s_sew_rtp_n,NA,96.5,added
CZE,SO,Admin,2018,s_treat_wtp_n,99.9,99.8719590268886,changed
CZE,ES,Admin,2018,s_treat_wtp_n,NA,99.8762376237624,added
CZE,ES,Admin,2019,s_sew_n,NA,85.5,added
CZE,ES,Admin,2019,s_sew_rtp_n,NA,96.6,added
CZE,SO,Admin,2019,s_treat_wtp_n,99.9,99.75,changed
CZE,ES,Admin,2019,s_treat_wtp_n,NA,99.8769987699877,added
CZE,SO,Admin,2020,s_sew_n,NA,86.1,added
CZE,ES,Admin,2020,s_sew_n,NA,86,added
CZE,SO,Admin,2020,s_sew_rtp_n,NA,96.8,added
CZE,ES,Admin,2020,s_sew_rtp_n,NA,96.8,added
CZE,SO,Admin,2020,s_treat_wtp_n,NA,99.9190316703279,added
CZE,ES,Admin,2020,s_treat_wtp_n,NA,99.87864077669904,added
CZE,SO,Admin,2021,s_sew_n,NA,87.4,added
CZE,ES,Admin,2021,s_sew_n,NA,88,added
CZE,SO,Admin,2021,s_sew_rtp_n,NA,96.94074504253986,added
CZE,ES,Admin,2021,s_sew_rtp_n,NA,97.3,added
CZE,SO,Admin,2021,s_treat_wtp_n,NA,99.9217768450916,added
CZE,ES,Admin,2021,s_treat_wtp_n,NA,99.8820754716981,added
CZE,SO,Admin,2022,s_sew_n,NA,87.3,added
CZE,ES,Admin,2022,s_sew_n,NA,87.4,added
CZE,SO,Admin,2022,s_sew_rtp_n,NA,97.2568489018572,added
CZE,ES,Admin,2022,s_sew_rtp_n,NA,97.6,added
CZE,SO,Admin,2022,s_treat_wtp_n,NA,99.92795743671664,added
CZE,ES,Admin,2022,s_treat_wtp_n,NA,99.88235294117648,added
CZE,SO,Admin,2023,s_sew_n,NA,86.7,added
CZE,SO,Admin,2023,s_sew_rtp_n,NA,97.48537950908074,added
CZE,SO,Admin,2023,s_treat_wtp_n,NA,99.93,added
DEU,SIS,Admin,2001,s_imp_r,NA,100,added
DEU,SIS,Admin,2001,s_imp_u,NA,100,added
DEU,ES,Admin,2007,s_sep_ero_n,61.5,NA,removed
DEU,ES,Admin,2007,s_sep_nemp_n,38.5,NA,removed
DEU,ES,Admin,2010,s_imp_r,NA,100,added
DEU,ES,Admin,2010,s_imp_u,NA,100,added
DEU,ES,Admin,2010,s_sep_ero_n,58.13953488372093,NA,removed
DEU,ES,Admin,2010,s_sep_nemp_n,41.86046511627907,NA,removed
DEU,ES,Admin,2011,s_sep_ero_n,58.33333333333333,NA,removed
DEU,ES,Admin,2011,s_sep_nemp_n,41.66666666666667,NA,removed
DEU,EU SILC,Admin,2012,s_imp_r,100.2,NA,removed
DEU,EUSILC,Admin,2012,s_imp_r,NA,100.2,added
DEU,EU SILC,Admin,2012,s_imp_u,100.1,NA,removed
DEU,EUSILC,Admin,2012,s_imp_u,NA,100.1,added
DEU,EU SILC,Admin,2012,s_lat_r,2.6664915276500665,NA,removed
DEU,EUSILC,Admin,2012,s_lat_r,NA,2.6664915276500665,added
DEU,EU SILC,Admin,2012,s_lat_u,0,NA,removed
DEU,EUSILC,Admin,2012,s_lat_u,NA,0,added
DEU,ES,Admin,2012,s_sep_ero_n,58.027638190954775,NA,removed
DEU,ES,Admin,2012,s_sep_nemp_n,41.972361809045225,NA,removed
DEU,EU SILC,Admin,2012,s_sep_r,14.713384999343234,NA,removed
DEU,EUSILC,Admin,2012,s_sep_r,NA,14.713384999343234,added
DEU,EU SILC,Admin,2012,s_sep_u,1,NA,removed
DEU,EUSILC,Admin,2012,s_sep_u,NA,1,added
DEU,EU SILC,Admin,2012,s_sew_r,82.8201234730067,NA,removed
DEU,EUSILC,Admin,2012,s_sew_r,NA,82.8201234730067,added
DEU,EU SILC,Admin,2012,s_sew_u,99.1,NA,removed
DEU,EUSILC,Admin,2012,s_sew_u,NA,99.1,added
DEU,EU SILC,Admin,2012,s_shared_r,1.0080645161290325,NA,removed
DEU,EUSILC,Admin,2012,s_shared_r,NA,1.0080645161290325,added
DEU,EU SILC,Admin,2012,s_shared_u,0.7063572149344096,NA,removed
DEU,EUSILC,Admin,2012,s_shared_u,NA,0.7063572149344096,added
DEU,EU SILC,Admin,2013,s_imp_r,100,NA,removed
DEU,EUSILC,Admin,2013,s_imp_r,NA,100,added
DEU,EU SILC,Admin,2013,s_imp_u,100,NA,removed
DEU,EUSILC,Admin,2013,s_imp_u,NA,100,added
DEU,EU SILC,Admin,2013,s_lat_r,2.671595898687528,NA,removed
DEU,EUSILC,Admin,2013,s_lat_r,NA,2.671595898687528,added
DEU,EU SILC,Admin,2013,s_lat_u,0,NA,removed
DEU,EUSILC,Admin,2013,s_lat_u,NA,0,added
DEU,ES,Admin,2013,s_sep_ero_n,57.9447772857515,NA,removed
DEU,FSO,Admin,2013,s_sep_n,NA,2.5,added
DEU,ES,Admin,2013,s_sep_nemp_n,42.0552227142485,NA,removed
DEU,EU SILC,Admin,2013,s_sep_r,13.839636050393011,NA,removed
DEU,EUSILC,Admin,2013,s_sep_r,NA,13.839636050393011,added
DEU,EU SILC,Admin,2013,s_sep_u,0.20000000000000284,NA,removed
DEU,EUSILC,Admin,2013,s_sep_u,NA,0.20000000000000284,added
DEU,EU SILC,Admin,2013,s_sew_r,83.48876805091946,NA,removed
DEU,EUSILC,Admin,2013,s_sew_r,NA,83.48876805091946,added
DEU,EU SILC,Admin,2013,s_sew_u,99.8,NA,removed
DEU,EUSILC,Admin,2013,s_sew_u,NA,99.8,added
DEU,EU SILC,Admin,2014,s_imp_r,100,NA,removed
DEU,EUSILC,Admin,2014,s_imp_r,NA,100,added
DEU,ES,Admin,2014,s_imp_r,NA,100,added
DEU,EU SILC,Admin,2014,s_imp_u,100,NA,removed
DEU,EUSILC,Admin,2014,s_imp_u,NA,100,added
DEU,ES,Admin,2014,s_imp_u,NA,100,added
DEU,EU SILC,Admin,2014,s_lat_r,2.6903614457831253,NA,removed
DEU,EUSILC,Admin,2014,s_lat_r,NA,2.6903614457831253,added
DEU,EU SILC,Admin,2014,s_lat_u,0,NA,removed
DEU,EUSILC,Admin,2014,s_lat_u,NA,0,added
DEU,ES,Admin,2014,s_sep_ero_n,59.10384068278805,NA,removed
DEU,ES,Admin,2014,s_sep_nemp_n,40.89615931721195,NA,removed
DEU,EU SILC,Admin,2014,s_sep_r,13.836144578313252,NA,removed
DEU,EUSILC,Admin,2014,s_sep_r,NA,13.836144578313252,added
DEU,EU SILC,Admin,2014,s_sep_u,0,NA,removed
DEU,EUSILC,Admin,2014,s_sep_u,NA,0,added
DEU,EU SILC,Admin,2014,s_sew_r,83.47349397590362,NA,removed
DEU,EUSILC,Admin,2014,s_sew_r,NA,83.47349397590362,added
DEU,EU SILC,Admin,2014,s_sew_u,100,NA,removed
DEU,EUSILC,Admin,2014,s_sew_u,NA,100,added
DEU,ES,Admin,2014,s_treat_wtp_n,100,99.04539800995026,changed
DEU,EU SILC,Admin,2015,s_imp_r,100,NA,removed
DEU,EUSILC,Admin,2015,s_imp_r,NA,100,added
DEU,ES,Admin,2015,s_imp_r,NA,100,added
DEU,EU SILC,Admin,2015,s_imp_u,100,NA,removed
DEU,EUSILC,Admin,2015,s_imp_u,NA,100,added
DEU,ES,Admin,2015,s_imp_u,NA,100,added
DEU,EU SILC,Admin,2015,s_lat_r,2.7148606095974515,NA,removed
DEU,EUSILC,Admin,2015,s_lat_r,NA,2.7148606095974515,added
DEU,EU SILC,Admin,2015,s_lat_u,0,NA,removed
DEU,EUSILC,Admin,2015,s_lat_u,NA,0,added
DEU,ES,Admin,2015,s_sep_ero_n,60.625,NA,removed
DEU,ES,Admin,2015,s_sep_nemp_n,39.375,NA,removed
DEU,EU SILC,Admin,2015,s_sep_r,14.162140277929751,NA,removed
DEU,EUSILC,Admin,2015,s_sep_r,NA,14.162140277929751,added
DEU,EU SILC,Admin,2015,s_sep_u,0.09999999999999432,NA,removed
DEU,EUSILC,Admin,2015,s_sep_u,NA,0.09999999999999432,added
DEU,EU SILC,Admin,2015,s_sew_r,83.1229991124728,NA,removed
DEU,EUSILC,Admin,2015,s_sew_r,NA,83.1229991124728,added
DEU,EU SILC,Admin,2015,s_sew_u,99.9,NA,removed
DEU,EUSILC,Admin,2015,s_sew_u,NA,99.9,added
DEU,FSO,Admin,2016,s_imp_r,NA,100,added
DEU,ES,Admin,2016,s_imp_r,NA,100,added
DEU,FSO,Admin,2016,s_imp_u,NA,100,added
DEU,ES,Admin,2016,s_imp_u,NA,100,added
DEU,FSO,Admin,2016,s_lat_ero_r,NA,100,added
DEU,FSO,Admin,2016,s_lat_ero_u,NA,100,added
DEU,ES,Admin,2016,s_sep_ero_n,62.34353268428373,NA,removed
DEU,ES,Admin,2016,s_sep_nemp_n,37.65646731571627,NA,removed
DEU,ES,Admin,2017,s_treat_wtp_n,NA,98.87837003498662,added
DEU,ES,Admin,2018,s_treat_wtp_n,NA,98.93079616946106,added
DEU,FSO,Admin,2019,s_imp_r,NA,100,added
DEU,FSO,Admin,2019,s_imp_u,NA,100,added
DEU,FSO,Admin,2019,s_lat_ero_n,NA,100,added
DEU,FSO,Admin,2019,s_lat_ero_r,NA,100,added
DEU,FSO,Admin,2019,s_lat_ero_u,NA,100,added
DEU,FSO,Admin,2019,s_sep_con_n,NA,89.89596349154499,added
DEU,FSO,Admin,2019,s_sep_ero_n,NA,10.10403650845501,added
DEU,FSO,Admin,2019,s_sep_nemp_n,NA,89.89596349154499,added
DEU,ES,Admin,2019,s_treat_wtp_n,NA,98.99280575539568,added
DEU,FSO,Admin,2022,s_lat_ero_n,NA,76.72931856126681,added
DEU,FSO,Admin,2022,s_lat_nemp_n,NA,23.270681438733185,added
DEU,FSO,Admin,2022,s_sep_con_n,NA,92.68362523807336,added
DEU,FSO,Admin,2022,s_sep_ero_n,NA,7.316374761926639,added
DEU,FSO,Admin,2022,s_sep_nemp_n,NA,92.68362523807336,added
DJI,CEN,Census,2009,s_imp_r,12.02238579017162,7.221484606065616,changed
DJI,CEN,Census,2009,s_imp_u,65.64326265116117,58.30040415029582,changed
DJI,EDAM,Survey,2017,s_lat_ebo_r,NA,0,added
DJI,EDAM,Survey,2017,s_lat_ebo_u,NA,4.69024,added
DJI,EDAM,Survey,2017,s_lat_edl_r,NA,3.6546,added
DJI,EDAM,Survey,2017,s_lat_edl_u,NA,7.26263,added
DJI,EDAM,Survey,2017,s_lat_ero_r,NA,0,added
DJI,EDAM,Survey,2017,s_lat_ero_u,NA,30.20417,added
DJI,EDAM,Survey,2017,s_sep_ebo_r,NA,0,added
DJI,EDAM,Survey,2017,s_sep_ebo_u,NA,4.69024,added
DJI,EDAM,Survey,2017,s_sep_edl_r,NA,3.6546,added
DJI,EDAM,Survey,2017,s_sep_edl_u,NA,7.26263,added
DJI,EDAM,Survey,2017,s_sep_ero_r,NA,0,added
DJI,EDAM,Survey,2017,s_sep_ero_u,NA,30.20417,added
DNK,ES,Admin,2009,s_lat_ero_n,NA,100,added
DNK,ES,Admin,2009,s_lat_n,0,0.29999999999999716,changed
DNK,ES,Admin,2009,s_sep_con_n,NA,78.49999999999999,added
DNK,ES,Admin,2009,s_sep_ero_n,NA,21.500000000000018,added
DNK,ES,Admin,2009,s_sep_n,10.3,10,changed
DNK,ES,Admin,2009,s_sep_nemp_n,NA,78.49999999999999,added
DNK,ES,Admin,2009,s_sew_n,89.7,89.8,changed
DNK,ES,Admin,2009,s_treat_wtp_n,99.66555183946488,97.43875278396436,changed
DNK,ES,Admin,2010,s_lat_ero_n,NA,100,added
DNK,ES,Admin,2010,s_lat_n,0,0.29999999999999716,changed
DNK,ES,Admin,2010,s_sep_con_n,NA,79.38144329896907,added
DNK,ES,Admin,2010,s_sep_ero_n,NA,20.61855670103093,added
DNK,ES,Admin,2010,s_sep_nemp_n,NA,79.38144329896907,added
DNK,ES,Admin,2010,s_sew_n,90.3,90,changed
DNK,ES,Admin,2010,s_treat_wtp_n,97.34513274336284,97.44444444444444,changed
DNK,ES,Admin,2011,s_lat_ero_n,NA,100,added
DNK,ES,Admin,2011,s_lat_n,0,0.5,changed
DNK,ES,Admin,2011,s_sep_con_n,NA,81.05263157894737,added
DNK,ES,Admin,2011,s_sep_ero_n,NA,18.94736842105263,added
DNK,ES,Admin,2011,s_sep_n,9.3,9.5,changed
DNK,ES,Admin,2011,s_sep_nemp_n,NA,81.05263157894737,added
DNK,ES,Admin,2011,s_sew_n,90.7,90.2,changed
DNK,ES,Admin,2011,s_treat_wtp_n,97.3568281938326,97.450110864745,changed
DNK,EU SILC,Admin,2012,s_imp_r,100,NA,removed
DNK,EUSILC,Admin,2012,s_imp_r,NA,100,added
DNK,EU SILC,Admin,2012,s_imp_u,100,NA,removed
DNK,EUSILC,Admin,2012,s_imp_u,NA,100,added
DNK,ES,Admin,2012,s_lat_ero_n,NA,100,added
DNK,ES,Admin,2012,s_lat_n,0,0.20000000000000284,changed
DNK,ES,Admin,2012,s_sep_con_n,NA,82.06521739130436,added
DNK,ES,Admin,2012,s_sep_ero_n,NA,17.93478260869564,added
DNK,ES,Admin,2012,s_sep_n,9.3,9.2,changed
DNK,ES,Admin,2012,s_sep_nemp_n,NA,82.06521739130436,added
DNK,ES,Admin,2012,s_sew_n,90.7,90.6,changed
DNK,EU SILC,Admin,2012,s_shared_n,0.4024144869215292,NA,removed
DNK,EUSILC,Admin,2012,s_shared_n,NA,0.4024144869215292,added
DNK,EU SILC,Admin,2012,s_shared_r,0.4024144869215292,NA,removed
DNK,EUSILC,Admin,2012,s_shared_r,NA,0.4024144869215292,added
DNK,EU SILC,Admin,2012,s_shared_u,0.4028197381671702,NA,removed
DNK,EUSILC,Admin,2012,s_shared_u,NA,0.4028197381671702,added
DNK,ES,Admin,2012,s_treat_wtp_n,97.46416758544652,97.46136865342164,changed
DNK,EU SILC,Admin,2013,s_imp_r,100,NA,removed
DNK,EUSILC,Admin,2013,s_imp_r,NA,100,added
DNK,EU SILC,Admin,2013,s_imp_u,100,NA,removed
DNK,EUSILC,Admin,2013,s_imp_u,NA,100,added
DNK,ES,Admin,2013,s_lat_ero_n,NA,100,added
DNK,ES,Admin,2013,s_lat_n,0,0.20000000000001705,changed
DNK,ES,Admin,2013,s_sep_con_n,NA,82.41758241758242,added
DNK,ES,Admin,2013,s_sep_ero_n,NA,17.582417582417577,added
DNK,ES,Admin,2013,s_sep_n,9.2,9.1,changed
DNK,ES,Admin,2013,s_sep_nemp_n,NA,82.41758241758242,added
DNK,ES,Admin,2013,s_sew_n,90.8,90.6,changed
DNK,ES,Admin,2013,s_treat_wtp_n,99.11991199119912,99.11699779249447,changed
DNK,EU SILC,Admin,2014,s_imp_r,100,NA,removed
DNK,EUSILC,Admin,2014,s_imp_r,NA,100,added
DNK,EU SILC,Admin,2014,s_imp_u,100,NA,removed
DNK,EUSILC,Admin,2014,s_imp_u,NA,100,added
DNK,ES,Admin,2014,s_lat_ero_n,NA,100,added
DNK,ES,Admin,2014,s_lat_n,0,0.20000000000000284,changed
DNK,ES,Admin,2014,s_sep_con_n,NA,82.77777777777779,added
DNK,ES,Admin,2014,s_sep_ero_n,NA,17.222222222222214,added
DNK,ES,Admin,2014,s_sep_nemp_n,NA,82.77777777777779,added
DNK,ES,Admin,2014,s_sew_n,91,90.7,changed
DNK,ES,Admin,2014,s_treat_wtp_n,100,99.66923925027562,changed
DNK,EU SILC,Admin,2015,s_imp_r,100,NA,removed
DNK,EUSILC,Admin,2015,s_imp_r,NA,100,added
DNK,EU SILC,Admin,2015,s_imp_u,100,NA,removed
DNK,EUSILC,Admin,2015,s_imp_u,NA,100,added
DNK,ES,Admin,2015,s_lat_ero_n,NA,100,added
DNK,ES,Admin,2015,s_lat_n,0,0.20000000000001705,changed
DNK,ES,Admin,2015,s_sep_con_n,NA,83.52272727272727,added
DNK,ES,Admin,2015,s_sep_ero_n,NA,16.477272727272734,added
DNK,ES,Admin,2015,s_sep_n,9,8.8,changed
DNK,ES,Admin,2015,s_sep_nemp_n,NA,83.52272727272727,added
DNK,ES,Admin,2015,s_sew_n,91,90.8,changed
DNK,ES,Admin,2015,s_treat_wtp_n,99.78021978021978,99.77973568281938,changed
DNK,ES,Admin,2016,s_lat_ero_n,NA,100,added
DNK,ES,Admin,2016,s_lat_n,0,0.20000000000000284,changed
DNK,ES,Admin,2016,s_sep_con_n,NA,84.93975903614458,added
DNK,ES,Admin,2016,s_sep_ero_n,NA,15.06024096385542,added
DNK,ES,Admin,2016,s_sep_nemp_n,NA,84.93975903614458,added
DNK,ES,Admin,2016,s_sew_n,91.7,91.2,changed
DNK,ES,Admin,2016,s_treat_wtp_n,99.78189749182114,99.78070175438596,changed
DNK,ES,Admin,2017,s_imp_r,NA,100,added
DNK,ES,Admin,2017,s_imp_u,NA,100,added
DNK,ES,Admin,2017,s_lat_ero_n,NA,100,added
DNK,ES,Admin,2017,s_lat_n,0,0.20000000000000284,changed
DNK,ES,Admin,2017,s_sep_con_n,NA,85.97560975609757,added
DNK,ES,Admin,2017,s_sep_ero_n,NA,14.024390243902433,added
DNK,ES,Admin,2017,s_sep_n,8.091908091908092,8.2,changed
DNK,ES,Admin,2017,s_sep_nemp_n,NA,85.97560975609757,added
DNK,ES,Admin,2017,s_sew_n,91.9080919080919,91.6,changed
DNK,ES,Admin,2017,s_treat_wtp_n,99.7823721436344,99.7816593886463,changed
DNK,ES,Admin,2018,s_lat_ero_n,NA,100,added
DNK,ES,Admin,2018,s_lat_n,NA,0.20000000000001705,added
DNK,ES,Admin,2018,s_sep_con_n,NA,85.18518518518519,added
DNK,ES,Admin,2018,s_sep_ero_n,NA,14.81481481481481,added
DNK,ES,Admin,2018,s_sep_n,NA,8.1,added
DNK,ES,Admin,2018,s_sep_nemp_n,NA,85.18518518518519,added
DNK,ES,Admin,2018,s_sew_n,NA,91.6,added
DNK,ES,Admin,2018,s_treat_wtp_n,NA,99.78165938864628,added
DNK,ES,Admin,2019,s_imp_r,NA,100,added
DNK,ES,Admin,2019,s_imp_u,NA,100,added
DNK,ES,Admin,2019,s_lat_ero_n,NA,100,added
DNK,ES,Admin,2019,s_lat_n,NA,0.20000000000000284,added
DNK,ES,Admin,2019,s_sep_con_n,NA,86.875,added
DNK,ES,Admin,2019,s_sep_ero_n,NA,13.125,added
DNK,ES,Admin,2019,s_sep_n,NA,8,added
DNK,ES,Admin,2019,s_sep_nemp_n,NA,86.875,added
DNK,ES,Admin,2019,s_sew_n,NA,91.8,added
DNK,ES,Admin,2019,s_treat_wtp_n,NA,99.78213507625271,added
DNK,ES,Admin,2020,s_imp_r,NA,100,added
DNK,ES,Admin,2020,s_imp_u,NA,100,added
DNK,ES,Admin,2020,s_lat_ero_n,NA,100,added
DNK,ES,Admin,2020,s_lat_n,NA,0.20000000000000284,added
DNK,ES,Admin,2020,s_sep_con_n,NA,87.17948717948718,added
DNK,ES,Admin,2020,s_sep_ero_n,NA,12.820512820512818,added
DNK,ES,Admin,2020,s_sep_n,NA,7.8,added
DNK,ES,Admin,2020,s_sep_nemp_n,NA,87.17948717948718,added
DNK,ES,Admin,2020,s_sew_n,NA,92,added
DNK,ES,Admin,2020,s_treat_wtp_n,NA,99.89130434782608,added
DNK,ES,Admin,2021,s_imp_r,NA,100,added
DNK,ES,Admin,2021,s_imp_u,NA,100,added
DNK,ES,Admin,2021,s_lat_ero_n,NA,100,added
DNK,ES,Admin,2021,s_lat_n,NA,0.20000000000001705,added
DNK,ES,Admin,2021,s_sep_con_n,NA,87.82051282051282,added
DNK,ES,Admin,2021,s_sep_ero_n,NA,12.179487179487182,added
DNK,ES,Admin,2021,s_sep_n,NA,7.8,added
DNK,ES,Admin,2021,s_sep_nemp_n,NA,87.82051282051282,added
DNK,ES,Admin,2021,s_sew_n,NA,92,added
DNK,ES,Admin,2021,s_treat_wtp_n,NA,99.8913043478261,added
DNK,ES,Admin,2022,s_imp_r,NA,100,added
DNK,ES,Admin,2022,s_imp_u,NA,100,added
DNK,ES,Admin,2022,s_lat_ero_n,NA,100,added
DNK,ES,Admin,2022,s_lat_n,NA,0.17000000000001592,added
DNK,ES,Admin,2022,s_sep_con_n,NA,88.21614583333334,added
DNK,ES,Admin,2022,s_sep_ero_n,NA,11.783854166666655,added
DNK,ES,Admin,2022,s_sep_n,NA,7.77,added
DNK,ES,Admin,2022,s_sep_nemp_n,NA,88.21614583333334,added
DNK,ES,Admin,2022,s_sew_n,NA,92.15,added
DNK,ES,Admin,2022,s_treat_wtp_n,NA,99.9023331524688,added
DOM,MICS,Survey,2019,s_imp_r,NA,90.80194,added
DOM,MICS,Survey,2019,s_imp_u,NA,95.6187,added
DOM,MICS,Survey,2019,s_lat_ebo_r,NA,3.64757,added
DOM,MICS,Survey,2019,s_lat_ebo_u,NA,4.27099,added
DOM,MICS,Survey,2019,s_lat_edl_r,NA,2.01202,added
DOM,MICS,Survey,2019,s_lat_edl_u,NA,1.32273,added
DOM,MICS,Survey,2019,s_lat_ero_r,NA,1.43139,added
DOM,MICS,Survey,2019,s_lat_ero_u,NA,4.6487,added
DOM,MICS,Survey,2019,s_lat_nemp_r,NA,92.90901,added
DOM,MICS,Survey,2019,s_lat_nemp_u,NA,89.75758,added
DOM,MICS,Survey,2019,s_lat_r,NA,30.75313,added
DOM,MICS,Survey,2019,s_lat_u,NA,9.77924,added
DOM,MICS,Survey,2019,s_od_r,NA,4.14843,added
DOM,MICS,Survey,2019,s_od_u,NA,0.98206,added
DOM,MICS,Survey,2019,s_sep_ebo_r,NA,1.76922,added
DOM,MICS,Survey,2019,s_sep_ebo_u,NA,1.79078,added
DOM,MICS,Survey,2019,s_sep_edl_r,NA,1.59501,added
DOM,MICS,Survey,2019,s_sep_edl_u,NA,2.52156,added
DOM,MICS,Survey,2019,s_sep_ero_r,NA,7.80229,added
DOM,MICS,Survey,2019,s_sep_ero_u,NA,15.55877,added
DOM,MICS,Survey,2019,s_sep_nemp_r,NA,88.83348000000001,added
DOM,MICS,Survey,2019,s_sep_nemp_u,NA,80.12889,added
DOM,MICS,Survey,2019,s_sep_r,NA,51.99936,added
DOM,MICS,Survey,2019,s_sep_u,NA,52.63618,added
DOM,MICS,Survey,2019,s_sew_r,NA,8.04945,added
DOM,MICS,Survey,2019,s_sew_u,NA,33.20328,added
DOM,MICS,Survey,2019,s_shared_r,NA,14.15197,added
DOM,MICS,Survey,2019,s_shared_u,NA,7.06474,added
DOM,ENH,Survey,2021,s_imp_r,NA,91.08125,added
DOM,ENH,Survey,2021,s_imp_u,NA,97.99898,added
DOM,ENH,Survey,2021,s_lat_r,NA,26.808679999999995,added
DOM,ENH,Survey,2021,s_lat_u,NA,8.43414,added
DOM,ENH,Survey,2021,s_od_r,NA,5.42835,added
DOM,ENH,Survey,2021,s_od_u,NA,0.99653,added
DOM,ENH,Survey,2021,s_sep_r,NA,61.38863,added
DOM,ENH,Survey,2021,s_sep_u,NA,65.40371,added
DOM,ENH,Survey,2021,s_sew_r,NA,2.88394,added
DOM,ENH,Survey,2021,s_sew_u,NA,24.16113,added
DOM,ENH,Survey,2021,s_shared_r,NA,10.01321,added
DOM,ENH,Survey,2021,s_shared_u,NA,6.42443,added
DOM,ENH,Survey,2022,s_imp_r,NA,90.80255,added
DOM,CEN,Census,2022,s_imp_r,NA,90.93565983740604,added
DOM,ENH,Survey,2022,s_imp_u,NA,97.85408,added
DOM,CEN,Census,2022,s_imp_u,NA,97.98622359772932,added
DOM,ENH,Survey,2022,s_lat_r,NA,25.601069999999993,added
DOM,ENH,Survey,2022,s_lat_u,NA,10.191689999999994,added
DOM,ENH,Survey,2022,s_od_r,NA,5.65088,added
DOM,CEN,Census,2022,s_od_r,NA,6.389112675672626,added
DOM,ENH,Survey,2022,s_od_u,NA,1.03341,added
DOM,CEN,Census,2022,s_od_u,NA,1.3816829753717066,added
DOM,ENH,Survey,2022,s_sep_r,NA,62.68076,added
DOM,ENH,Survey,2022,s_sep_u,NA,66.88238,added
DOM,ENH,Survey,2022,s_sew_r,NA,2.52072,added
DOM,ENH,Survey,2022,s_sew_u,NA,20.78001,added
DOM,ENH,Survey,2022,s_shared_r,NA,11.89426,added
DOM,CEN,Census,2022,s_shared_r,NA,8.220856149855415,added
DOM,ENH,Survey,2022,s_shared_u,NA,6.89299,added
DOM,CEN,Census,2022,s_shared_u,NA,6.239802428300234,added
DZA,ENDCNVM,Survey,2011,s_od_r,NA,4.200000000000003,added
DZA,ENDCNVM,Survey,2011,s_od_u,NA,0.7000000000000028,added
DZA,MDG+,Other,2012,s_treat_wtp_u,17.527191217300494,NA,removed
DZA,UNSD,Admin,2013,s_sew_rtp_n,NA,72.22222137451172,added
DZA,UNSD,Admin,2013,s_treat_wtp_n,NA,100,added
DZA,MDG+,Other,2013,s_treat_wtp_u,17.527191217300494,NA,removed
DZA,UNSD,Admin,2014,s_sew_rtp_n,NA,72.22222137451172,added
DZA,UNSD,Admin,2014,s_treat_wtp_n,NA,100,added
DZA,UNSD,Admin,2015,s_sew_rtp_n,NA,73.11827850341797,added
DZA,UNSD,Admin,2015,s_treat_wtp_n,NA,100,added
DZA,UNSD,Admin,2016,s_sew_rtp_n,NA,73.11827850341797,added
DZA,UNSD,Admin,2016,s_treat_wtp_n,NA,100,added
DZA,UNSD,Admin,2017,s_sew_rtp_n,NA,77.41935729980469,added
DZA,UNSD,Admin,2017,s_treat_wtp_n,NA,100,added
ECU,UNSD,Admin,2011,s_treat_wtp_n,NA,43.09246444702149,added
ECU,ENIGH,Survey,2012,s_od_r,NA,15.74295,added
ECU,ENIGH,Survey,2012,s_od_u,NA,2.16167,added
ECU,RGAPA,Admin,2015,s_treat_wtp_n,28.75,NA,removed
ECU,RGAPA,Admin,2016,s_treat_wtp_n,29.3,NA,removed
ECU,RGAPA,Admin,2017,s_treat_wtp_n,23.3,NA,removed
ECU,ENSANUT,Survey,2018,s_imp_r,NA,90.94073,added
ECU,ENMH,Survey,2018,s_imp_r,NA,89.25805,added
ECU,ENEMDU,Survey,2018,s_imp_r,NA,87.49707000000001,added
ECU,ENSANUT,Survey,2018,s_imp_u,NA,99.26841,added
ECU,ENMH,Survey,2018,s_imp_u,NA,99.18205,added
ECU,ENEMDU,Survey,2018,s_imp_u,NA,99.21468,added
ECU,ENSANUT,Survey,2018,s_lat_ebo_r,NA,77.75368,added
ECU,ENSANUT,Survey,2018,s_lat_ebo_u,NA,79.06004,added
ECU,ENSANUT,Survey,2018,s_lat_edl_r,NA,8.6406,added
ECU,ENSANUT,Survey,2018,s_lat_edl_u,NA,9.84781,added
ECU,ENSANUT,Survey,2018,s_lat_ero_r,NA,3.04876,added
ECU,ENSANUT,Survey,2018,s_lat_ero_u,NA,2.00656,added
ECU,ENSANUT,Survey,2018,s_lat_nemp_r,NA,9.53322,added
ECU,ENSANUT,Survey,2018,s_lat_nemp_u,NA,8.97946,added
ECU,ENSANUT,Survey,2018,s_lat_r,NA,17.56523,added
ECU,ENMH,Survey,2018,s_lat_r,NA,16.158079999999998,added
ECU,ENEMDU,Survey,2018,s_lat_r,NA,13.554990000000004,added
ECU,ENSANUT,Survey,2018,s_lat_u,NA,1.9073999999999955,added
ECU,ENMH,Survey,2018,s_lat_u,NA,1.6620999999999952,added
ECU,ENEMDU,Survey,2018,s_lat_u,NA,1.3204000000000065,added
ECU,ENSANUT,Survey,2018,s_od_r,NA,6.94761,added
ECU,ENMH,Survey,2018,s_od_r,NA,7.48114,added
ECU,ENEMDU,Survey,2018,s_od_r,NA,9.3797,added
ECU,ENSANUT,Survey,2018,s_od_u,NA,0.64131,added
ECU,ENMH,Survey,2018,s_od_u,NA,0.53346,added
ECU,ENEMDU,Survey,2018,s_od_u,NA,0.66692,added
ECU,ENSANUT,Survey,2018,s_sep_ebo_r,NA,86.98302,added
ECU,ENSANUT,Survey,2018,s_sep_ebo_u,NA,84.0155,added
ECU,ENSANUT,Survey,2018,s_sep_edl_r,NA,11.99989,added
ECU,ENSANUT,Survey,2018,s_sep_edl_u,NA,14.74931,added
ECU,ENSANUT,Survey,2018,s_sep_ero_r,NA,1.01708,added
ECU,ENSANUT,Survey,2018,s_sep_ero_u,NA,1.23519,added
ECU,ENSANUT,Survey,2018,s_sep_r,NA,47.66442,added
ECU,ENMH,Survey,2018,s_sep_r,NA,48.24103,added
ECU,ENEMDU,Survey,2018,s_sep_r,NA,50.80597,added
ECU,ENSANUT,Survey,2018,s_sep_u,NA,16.14121,added
ECU,ENMH,Survey,2018,s_sep_u,NA,14.55103,added
ECU,ENEMDU,Survey,2018,s_sep_u,NA,16.23597,added
ECU,ENSANUT,Survey,2018,s_sew_r,NA,25.71108,added
ECU,ENMH,Survey,2018,s_sew_r,NA,24.85894,added
ECU,ENEMDU,Survey,2018,s_sew_r,NA,23.13611,added
ECU,ENSANUT,Survey,2018,s_sew_u,NA,81.2198,added
ECU,ENMH,Survey,2018,s_sew_u,NA,82.96892,added
ECU,ENEMDU,Survey,2018,s_sew_u,NA,81.65831,added
ECU,ENSANUT,Survey,2018,s_shared_r,NA,13.3416,added
ECU,ENSANUT,Survey,2018,s_shared_u,NA,8.04683,added
ECU,ENMH,Survey,2019,s_imp_r,NA,91.69406,added
ECU,ENMH,Survey,2019,s_imp_u,NA,99.40676,added
ECU,ENMH,Survey,2019,s_lat_r,NA,15.53322,added
ECU,ENMH,Survey,2019,s_lat_u,NA,1.5066499999999934,added
ECU,ENMH,Survey,2019,s_od_r,NA,6.78391,added
ECU,ENMH,Survey,2019,s_od_u,NA,0.40784,added
ECU,ENMH,Survey,2019,s_sep_r,NA,50.71817,added
ECU,ENMH,Survey,2019,s_sep_u,NA,12.16817,added
ECU,ENMH,Survey,2019,s_sew_r,NA,25.44267,added
ECU,ENMH,Survey,2019,s_sew_u,NA,85.73194,added
ECU,ENEMDU,Survey,2021,s_imp_r,NA,89.98971,added
ECU,ENEMDU,Survey,2021,s_imp_u,NA,99.12558,added
ECU,ENEMDU,Survey,2021,s_lat_r,NA,11.56196,added
ECU,ENEMDU,Survey,2021,s_lat_u,NA,1.5298900000000089,added
ECU,ENEMDU,Survey,2021,s_od_r,NA,8.28071,added
ECU,ENEMDU,Survey,2021,s_od_u,NA,0.81499,added
ECU,ENEMDU,Survey,2021,s_sep_r,NA,55.0403,added
ECU,ENEMDU,Survey,2021,s_sep_u,NA,15.83846,added
ECU,ENEMDU,Survey,2021,s_sew_r,NA,23.38745,added
ECU,ENEMDU,Survey,2021,s_sew_u,NA,81.75723,added
ECU,ENEMDU,Survey,2022,s_imp_r,NA,88.77180999999999,added
ECU,CEN,Census,2022,s_imp_r,NA,87.45172908964201,added
ECU,ENEMDU,Survey,2022,s_imp_u,NA,99.26086,added
ECU,CEN,Census,2022,s_imp_u,NA,98.26021948513414,added
ECU,ENEMDU,Survey,2022,s_lat_r,NA,7.8729199999999935,added
ECU,CEN,Census,2022,s_lat_r,NA,9.636581660151949,added
ECU,ENEMDU,Survey,2022,s_lat_u,NA,0.8751299999999986,added
ECU,CEN,Census,2022,s_lat_u,NA,1.4843763751016326,added
ECU,ENEMDU,Survey,2022,s_od_r,NA,8.10817,added
ECU,CEN,Census,2022,s_od_r,NA,8.047061635982917,added
ECU,ENEMDU,Survey,2022,s_od_u,NA,0.67676,added
ECU,CEN,Census,2022,s_od_u,NA,0.9469499879106854,added
ECU,ENEMDU,Survey,2022,s_sep_r,NA,56.9618,added
ECU,CEN,Census,2022,s_sep_r,NA,42.003738305458704,added
ECU,ENEMDU,Survey,2022,s_sep_u,NA,15.96257,added
ECU,CEN,Census,2022,s_sep_u,NA,14.097005401129014,added
ECU,ENEMDU,Survey,2022,s_sew_r,NA,23.93709,added
ECU,CEN,Census,2022,s_sew_r,NA,35.811409124031364,added
ECU,ENEMDU,Survey,2022,s_sew_u,NA,82.42316,added
ECU,CEN,Census,2022,s_sew_u,NA,82.6788377089035,added
ECU,ENEMDU,Survey,2023,s_imp_r,NA,83.13626,added
ECU,ENDI,Survey,2023,s_imp_r,NA,85.05455,added
ECU,ENEMDU,Survey,2023,s_imp_u,NA,99.0257,added
ECU,ENDI,Survey,2023,s_imp_u,NA,95.72377999999998,added
ECU,ENDI,Survey,2023,s_lat_ebo_r,NA,62.31385,added
ECU,ENDI,Survey,2023,s_lat_ebo_u,NA,72.63451,added
ECU,ENDI,Survey,2023,s_lat_edl_r,NA,0.11455,added
ECU,ENDI,Survey,2023,s_lat_edl_u,NA,2.27731,added
ECU,ENDI,Survey,2023,s_lat_ero_r,NA,4.35663,added
ECU,ENDI,Survey,2023,s_lat_ero_u,NA,20.28399,added
ECU,ENDI,Survey,2023,s_lat_nemp_r,NA,33.21497,added
ECU,ENDI,Survey,2023,s_lat_nemp_u,NA,4.8042,added
ECU,ENEMDU,Survey,2023,s_lat_r,NA,8.410569999999993,added
ECU,ENDI,Survey,2023,s_lat_r,NA,8.793930000000003,added
ECU,ENEMDU,Survey,2023,s_lat_u,NA,0.9816900000000004,added
ECU,ENDI,Survey,2023,s_lat_u,NA,1.788899999999984,added
ECU,ENEMDU,Survey,2023,s_od_r,NA,15.09098,added
ECU,ENDI,Survey,2023,s_od_r,NA,12.15444,added
ECU,ENEMDU,Survey,2023,s_od_u,NA,0.84788,added
ECU,ENDI,Survey,2023,s_od_u,NA,3.25238,added
ECU,ENDI,Survey,2023,s_sep_ebo_r,NA,85.63003,added
ECU,ENDI,Survey,2023,s_sep_ebo_u,NA,64.93482,added
ECU,ENDI,Survey,2023,s_sep_edl_r,NA,2.39037,added
ECU,ENDI,Survey,2023,s_sep_edl_u,NA,3.29043,added
ECU,ENDI,Survey,2023,s_sep_ero_r,NA,11.97961,added
ECU,ENDI,Survey,2023,s_sep_ero_u,NA,31.77475,added
ECU,ENEMDU,Survey,2023,s_sep_r,NA,53.83121,added
ECU,ENDI,Survey,2023,s_sep_r,NA,53.37815,added
ECU,ENEMDU,Survey,2023,s_sep_u,NA,16.66405,added
ECU,ENDI,Survey,2023,s_sep_u,NA,19.13045,added
ECU,ENEMDU,Survey,2023,s_sew_r,NA,20.89448,added
ECU,ENDI,Survey,2023,s_sew_r,NA,22.88247,added
ECU,ENEMDU,Survey,2023,s_sew_u,NA,81.37996,added
ECU,ENDI,Survey,2023,s_sew_u,NA,74.80443,added
ECU,ENDI,Survey,2023,s_shared_r,NA,8.31288,added
ECU,ENDI,Survey,2023,s_shared_u,NA,6.85662,added
EGY,NCLS,Survey,2010,s_od_r,NA,2.72124,added
EGY,NCLS,Survey,2010,s_od_u,NA,0.94783,added
EGY,AFB,Survey,2013,s_od_r,NA,0,added
EGY,AFB,Survey,2013,s_od_u,NA,0,added
EGY,AFB,Survey,2015,s_od_r,NA,0.70282,added
EGY,AFB,Survey,2015,s_od_u,NA,0,added
EGY,PWSS,Admin,2017,s_sew_rtp_n,NA,65.63333333333333,added
EGY,PWSS,Admin,2017,s_treat_wtp_n,NA,81.88080892998926,added
EGY,HIECS,Survey,2018,s_imp_r,NA,99.7691,added
EGY,HIECS,Survey,2018,s_imp_u,NA,99.92034,added
EGY,HIECS,Survey,2018,s_od_r,NA,0.23089,added
EGY,HIECS,Survey,2018,s_od_u,NA,0.07965,added
EGY,HIECS,Survey,2018,s_sew_r,NA,49.51245,added
EGY,PWSS,Admin,2018,s_sew_rtp_n,NA,68.65802019484173,added
EGY,HIECS,Survey,2018,s_sew_u,NA,89.05991,added
EGY,PWSS,Admin,2018,s_treat_wtp_n,NA,83.28768895693617,added
EGY,PWSS,Admin,2019,s_sew_rtp_n,NA,74.32033826884236,added
EGY,PWSS,Admin,2019,s_treat_wtp_n,NA,84.4549151481974,added
EGY,HIECS,Survey,2020,s_imp_r,NA,99.90685,added
EGY,HIECS,Survey,2020,s_imp_u,NA,99.92585,added
EGY,HIECS,Survey,2020,s_lat_r,NA,0,added
EGY,HIECS,Survey,2020,s_lat_u,NA,0,added
EGY,HIECS,Survey,2020,s_od_r,NA,0.09315,added
EGY,HIECS,Survey,2020,s_od_u,NA,0.07415,added
EGY,HIECS,Survey,2020,s_sep_r,NA,45.72297,added
EGY,HIECS,Survey,2020,s_sep_u,NA,10.88251,added
EGY,HIECS,Survey,2020,s_sew_r,NA,54.18388,added
EGY,PWSS,Admin,2020,s_sew_rtp_n,NA,74.32026617691967,added
EGY,HIECS,Survey,2020,s_sew_u,NA,89.04334,added
EGY,HIECS,Survey,2020,s_shared_r,NA,3.08901,added
EGY,HIECS,Survey,2020,s_shared_u,NA,1.11936,added
EGY,PWSS,Admin,2020,s_treat_wtp_n,NA,84.21964755135821,added
EGY,PWSS,Admin,2021,s_sew_rtp_n,NA,85.76860045886595,added
EGY,PWSS,Admin,2021,s_treat_wtp_n,NA,83.71675328645672,added
EGY,EFHS,Survey,2022,s_imp_r,NA,87.75551,added
EGY,EFHS,Survey,2022,s_imp_u,NA,99.29906,added
EGY,EFHS,Survey,2022,s_lat_ebo_r,NA,1.52324,added
EGY,EFHS,Survey,2022,s_lat_ebo_u,NA,0.60279,added
EGY,EFHS,Survey,2022,s_lat_edl_r,NA,58.70025,added
EGY,EFHS,Survey,2022,s_lat_edl_u,NA,54.3004,added
EGY,EFHS,Survey,2022,s_lat_ero_r,NA,3.78732,added
EGY,EFHS,Survey,2022,s_lat_ero_u,NA,5.7468,added
EGY,EFHS,Survey,2022,s_lat_nemp_r,NA,35.98919,added
EGY,EFHS,Survey,2022,s_lat_nemp_u,NA,39.35001,added
EGY,EFHS,Survey,2022,s_lat_r,NA,24.764040000000016,added
EGY,EFHS,Survey,2022,s_lat_u,NA,4.28913,added
EGY,EFHS,Survey,2022,s_od_r,NA,0.02769,added
EGY,EFHS,Survey,2022,s_od_u,NA,0.01952,added
EGY,EFHS,Survey,2022,s_sep_ebo_r,NA,0.89072,added
EGY,EFHS,Survey,2022,s_sep_ebo_u,NA,0.76932,added
EGY,EFHS,Survey,2022,s_sep_edl_r,NA,65.42422,added
EGY,EFHS,Survey,2022,s_sep_edl_u,NA,60.4962,added
EGY,EFHS,Survey,2022,s_sep_ero_r,NA,12.05737,added
EGY,EFHS,Survey,2022,s_sep_ero_u,NA,13.2325,added
EGY,EFHS,Survey,2022,s_sep_nemp_r,NA,21.62769,added
EGY,EFHS,Survey,2022,s_sep_nemp_u,NA,25.50198,added
EGY,EFHS,Survey,2022,s_sep_r,NA,49.05112,added
EGY,EFHS,Survey,2022,s_sep_u,NA,6.59961,added
EGY,EFHS,Survey,2022,s_sew_r,NA,38.58097,added
EGY,PWSS,Admin,2022,s_sew_rtp_n,NA,86.2432031636184,added
EGY,EFHS,Survey,2022,s_sew_u,NA,92.68017,added
EGY,EFHS,Survey,2022,s_shared_r,NA,2.69639,added
EGY,EFHS,Survey,2022,s_shared_u,NA,0.8226,added
EGY,PWSS,Admin,2022,s_treat_wtp_n,NA,83.96668004050363,added
EGY,PWSS,Admin,2023,s_sew_rtp_n,NA,89.17345558890464,added
EGY,PWSS,Admin,2023,s_treat_wtp_n,NA,83.35910106375108,added
ESP,ES,Admin,2000,s_imp_r,100,NA,removed
ESP,ES,Admin,2000,s_imp_u,100,NA,removed
ESP,ES,Admin,2000,s_lat_n,0,NA,removed
ESP,ES,Admin,2000,s_sew_n,100,NA,removed
ESP,ES,Admin,2002,s_imp_r,100,NA,removed
ESP,ES,Admin,2002,s_imp_u,100,NA,removed
ESP,ES,Admin,2002,s_lat_n,0,NA,removed
ESP,ES,Admin,2005,s_imp_r,100,NA,removed
ESP,ES,Admin,2005,s_imp_u,100,NA,removed
ESP,ES,Admin,2005,s_lat_n,0,NA,removed
ESP,ES,Admin,2005,s_sew_n,100,NA,removed
ESP,ES,Admin,2006,s_lat_ero_n,NA,100,added
ESP,ES,Admin,2006,s_sew_n,92,98,changed
ESP,ES,Admin,2006,s_sew_rtp_n,NA,94,added
ESP,ES,Admin,2007,s_imp_r,100,NA,removed
ESP,ES,Admin,2007,s_imp_u,100,NA,removed
ESP,ES,Admin,2007,s_sep_n,NA,2,added
ESP,ES,Admin,2007,s_sew_n,100,93,changed
ESP,ES,Admin,2007,s_sew_rtp_n,NA,99,added
ESP,ES,Admin,2007,s_treat_wtp_n,NA,95.65217391304348,added
ESP,ES,Admin,2008,s_lat_ero_n,NA,100,added
ESP,ES,Admin,2008,s_sew_n,92,98,changed
ESP,ES,Admin,2008,s_sew_rtp_n,NA,94,added
ESP,ES,Admin,2009,s_lat_n,NA,0,added
ESP,ES,Admin,2009,s_sep_n,NA,2,added
ESP,ES,Admin,2009,s_sew_n,NA,95.5,added
ESP,ES,Admin,2009,s_sew_rtp_n,NA,99,added
ESP,ES,Admin,2009,s_treat_wtp_n,NA,96.29629629629628,added
ESP,ES,Admin,2010,s_lat_ero_n,NA,100,added
ESP,ES,Admin,2010,s_sew_n,96,98,changed
ESP,ES,Admin,2010,s_sew_rtp_n,NA,98,added
ESP,ES,Admin,2011,s_lat_ero_n,NA,100,added
ESP,ES,Admin,2011,s_lat_n,NA,0.01999999999999602,added
ESP,ES,Admin,2011,s_sep_n,NA,1.45,added
ESP,ES,Admin,2011,s_sew_n,NA,97.25,added
ESP,ES,Admin,2011,s_sew_rtp_n,NA,95.8,added
ESP,ES,Admin,2011,s_treat_wtp_n,NA,98.11929070392264,added
ESP,EU SILC,Admin,2012,s_imp_r,100,NA,removed
ESP,EUSILC,Admin,2012,s_imp_r,NA,100,added
ESP,EU SILC,Admin,2012,s_imp_u,99.9,NA,removed
ESP,EUSILC,Admin,2012,s_imp_u,NA,99.9,added
ESP,ES,Admin,2012,s_lat_ero_n,NA,100,added
ESP,ES,Admin,2012,s_lat_n,0,0.03000000000000113,changed
ESP,ES,Admin,2012,s_sew_n,97.8,95.6,changed
ESP,ES,Admin,2012,s_sew_rtp_n,NA,93.6,added
ESP,EU SILC,Admin,2012,s_shared_r,0,NA,removed
ESP,EUSILC,Admin,2012,s_shared_r,NA,0,added
ESP,EU SILC,Admin,2012,s_shared_u,0.10010010010010012,NA,removed
ESP,EUSILC,Admin,2012,s_shared_u,NA,0.10010010010010012,added
ESP,ES,Admin,2012,s_treat_wtp_n,96.93251533742333,99.43946188340809,changed
ESP,EU SILC,Admin,2013,s_imp_r,100,NA,removed
ESP,EUSILC,Admin,2013,s_imp_r,NA,100,added
ESP,EU SILC,Admin,2013,s_imp_u,100,NA,removed
ESP,EUSILC,Admin,2013,s_imp_u,NA,100,added
ESP,ES,Admin,2013,s_lat_ero_n,NA,100,added
ESP,ES,Admin,2013,s_lat_n,NA,0.230000000000004,added
ESP,ES,Admin,2013,s_sep_n,NA,1.04,added
ESP,ES,Admin,2013,s_sew_n,NA,96.08,added
ESP,ES,Admin,2013,s_sew_rtp_n,NA,91.3,added
ESP,ES,Admin,2013,s_treat_wtp_n,NA,99.05012588693064,added
ESP,EU SILC,Admin,2014,s_imp_r,100,NA,removed
ESP,EUSILC,Admin,2014,s_imp_r,NA,100,added
ESP,EU SILC,Admin,2014,s_imp_u,100,NA,removed
ESP,EUSILC,Admin,2014,s_imp_u,NA,100,added
ESP,ES,Admin,2014,s_lat_ero_n,NA,100,added
ESP,ES,Admin,2014,s_lat_n,0,0.4200000000000017,changed
ESP,ES,Admin,2014,s_sep_n,1.5,1.17,changed
ESP,ES,Admin,2014,s_sew_n,96.9,96.37,changed
ESP,ES,Admin,2014,s_sew_rtp_n,NA,89.47,added
ESP,ES,Admin,2014,s_treat_wtp_n,95.8720330237358,98.64864864864865,changed
ESP,EU SILC,Admin,2015,s_imp_r,100,NA,removed
ESP,EUSILC,Admin,2015,s_imp_r,NA,100,added
ESP,EU SILC,Admin,2015,s_imp_u,100,NA,removed
ESP,EUSILC,Admin,2015,s_imp_u,NA,100,added
ESP,ES,Admin,2015,s_lat_ero_n,NA,100,added
ESP,ES,Admin,2015,s_lat_n,NA,0.4200000000000017,added
ESP,ES,Admin,2015,s_sep_n,NA,1.13,added
ESP,ES,Admin,2015,s_sew_n,NA,96.67,added
ESP,ES,Admin,2015,s_sew_rtp_n,NA,90.2,added
ESP,ES,Admin,2015,s_treat_wtp_n,NA,98.37688500057556,added
ESP,ES,Admin,2016,s_lat_ero_n,NA,100,added
ESP,ES,Admin,2016,s_lat_n,NA,0.4099999999999966,added
ESP,ES,Admin,2016,s_sep_n,NA,1.09,added
ESP,ES,Admin,2016,s_sew_n,NA,96.52,added
ESP,ES,Admin,2016,s_sew_rtp_n,NA,91.76,added
ESP,ES,Admin,2016,s_treat_wtp_n,NA,98.11961939284096,added
ESP,ES,Admin,2017,s_lat_ero_n,NA,100,added
ESP,ES,Admin,2017,s_lat_n,NA,0.39000000000000057,added
ESP,ES,Admin,2017,s_sep_n,NA,0.92,added
ESP,ES,Admin,2017,s_sew_n,NA,97.17,added
ESP,ES,Admin,2017,s_sew_rtp_n,NA,91.5,added
ESP,ES,Admin,2017,s_treat_wtp_n,NA,98.33088981617232,added
ESP,ES,Admin,2018,s_lat_ero_n,NA,100,added
ESP,ES,Admin,2018,s_lat_n,NA,0.4099999999999966,added
ESP,ES,Admin,2018,s_sep_n,NA,1.09,added
ESP,ES,Admin,2018,s_sew_n,NA,96.52,added
ESP,ES,Admin,2018,s_sew_rtp_n,NA,92.04,added
ESP,ES,Admin,2018,s_treat_wtp_n,NA,98.54764830745168,added
ESP,ES,Admin,2019,s_lat_ero_n,NA,100,added
ESP,ES,Admin,2019,s_lat_n,NA,0.35999999999999943,added
ESP,ES,Admin,2019,s_sep_n,NA,0.61,added
ESP,ES,Admin,2019,s_sew_n,NA,98.56,added
ESP,ES,Admin,2019,s_sew_rtp_n,NA,91.2,added
ESP,ES,Admin,2019,s_treat_wtp_n,NA,98.20865254619196,added
ESP,ES,Admin,2020,s_lat_ero_n,NA,100,added
ESP,ES,Admin,2020,s_lat_n,NA,0.35999999999999943,added
ESP,ES,Admin,2020,s_sep_n,NA,0.48,added
ESP,ES,Admin,2020,s_sew_n,NA,97.81,added
ESP,ES,Admin,2020,s_sew_rtp_n,NA,90.99,added
ESP,ES,Admin,2020,s_treat_wtp_n,NA,97.89414414414414,added
ESP,ES,Admin,2021,s_lat_ero_n,NA,100,added
ESP,ES,Admin,2021,s_lat_n,NA,0.35999999999999943,added
ESP,ES,Admin,2021,s_sep_n,NA,0.48,added
ESP,ES,Admin,2021,s_sew_n,NA,97.81,added
ESP,ES,Admin,2021,s_sew_rtp_n,NA,90.99,added
ESP,ES,Admin,2021,s_treat_wtp_n,NA,97.89414414414414,added
EST,SE,Admin,2000,s_imp_r,100,NA,removed
EST,HBS,Survey,2000,s_imp_r,98.9925661186562,99.34910650464616,changed
EST,SE,Admin,2000,s_imp_u,100,NA,removed
EST,HBS,Survey,2000,s_imp_u,99.70833333333331,99.91111111111113,changed
EST,HBS,Survey,2000,s_lat_r,NA,30.749106504646164,added
EST,HBS,Survey,2000,s_lat_u,NA,3.1111111111111143,added
EST,HBS,Survey,2000,s_sep_r,NA,22.3,added
EST,HBS,Survey,2000,s_sep_u,NA,8.2,added
EST,HBS,Survey,2000,s_sew_r,NA,46.3,added
EST,HBS,Survey,2000,s_sew_u,NA,88.6,added
EST,SE,Admin,2001,s_imp_r,100,NA,removed
EST,HBS,Survey,2001,s_imp_r,98.93659756969262,99.31179413867048,changed
EST,SE,Admin,2001,s_imp_u,100,NA,removed
EST,HBS,Survey,2001,s_imp_u,99.71388888888887,99.90555555555557,changed
EST,HBS,Survey,2001,s_lat_r,NA,32.51179413867047,added
EST,HBS,Survey,2001,s_lat_u,NA,3.305555555555557,added
EST,HBS,Survey,2001,s_sep_r,NA,25.6,added
EST,HBS,Survey,2001,s_sep_u,NA,7.2,added
EST,HBS,Survey,2001,s_sew_r,NA,41.2,added
EST,HBS,Survey,2001,s_sew_u,NA,89.4,added
EST,SE,Admin,2002,s_imp_r,100,NA,removed
EST,HBS,Survey,2002,s_imp_r,98.95525375268048,99.3242315939957,changed
EST,SE,Admin,2002,s_imp_u,100,NA,removed
EST,HBS,Survey,2002,s_imp_u,99.7388888888889,99.91388888888888,changed
EST,HBS,Survey,2002,s_lat_r,NA,31.9242315939957,added
EST,HBS,Survey,2002,s_lat_u,NA,3.0138888888888857,added
EST,HBS,Survey,2002,s_sep_r,NA,26.6,added
EST,HBS,Survey,2002,s_sep_u,NA,7.1,added
EST,HBS,Survey,2002,s_sew_r,NA,40.8,added
EST,HBS,Survey,2002,s_sew_u,NA,89.8,added
EST,SE,Admin,2003,s_imp_r,100,NA,removed
EST,HBS,Survey,2003,s_imp_r,98.97805575411007,99.38227305218012,changed
EST,SE,Admin,2003,s_imp_u,100,NA,removed
EST,HBS,Survey,2003,s_imp_u,99.75555555555556,99.91944444444444,changed
EST,HBS,Survey,2003,s_lat_r,NA,29.18227305218012,added
EST,WHS,Survey,2003,s_lat_u,NA,9.100000000000009,added
EST,HBS,Survey,2003,s_lat_u,NA,2.819444444444443,added
EST,WHS,Survey,2003,s_od_r,NA,0,added
EST,WHS,Survey,2003,s_od_u,NA,0,added
EST,HBS,Survey,2003,s_sep_r,NA,30.4,added
EST,WHS,Survey,2003,s_sep_u,NA,2,added
EST,HBS,Survey,2003,s_sep_u,NA,6,added
EST,HBS,Survey,2003,s_sew_r,NA,39.8,added
EST,WHS,Survey,2003,s_sew_u,NA,88.4,added
EST,HBS,Survey,2003,s_sew_u,NA,91.1,added
EST,SE,Admin,2004,s_imp_r,100,NA,removed
EST,HBS,Survey,2004,s_imp_r,99.07133666904932,99.44031451036454,changed
EST,SE,Admin,2004,s_imp_u,100,NA,removed
EST,HBS,Survey,2004,s_imp_u,99.78888888888888,99.91666666666669,changed
EST,HBS,Survey,2004,s_lat_r,NA,26.440314510364544,added
EST,HBS,Survey,2004,s_lat_u,NA,2.9166666666666714,added
EST,HBS,Survey,2004,s_sep_r,NA,28.4,added
EST,HBS,Survey,2004,s_sep_u,NA,5.1,added
EST,HBS,Survey,2004,s_sew_r,NA,44.6,added
EST,HBS,Survey,2004,s_sew_u,NA,91.9,added
EST,SE,Admin,2005,s_imp_r,100,NA,removed
EST,HBS,Survey,2005,s_imp_r,99.09828448892064,99.49835596854896,changed
EST,SE,Admin,2005,s_imp_u,100,NA,removed
EST,HBS,Survey,2005,s_imp_u,99.79166666666669,99.91944444444444,changed
EST,ES,Admin,2005,s_lat_n,0,NA,removed
EST,HBS,Survey,2005,s_lat_r,NA,23.698355968548967,added
EST,HBS,Survey,2005,s_lat_u,NA,2.819444444444443,added
EST,ES,Admin,2005,s_sep_n,5,NA,removed
EST,HBS,Survey,2005,s_sep_r,NA,32.8,added
EST,HBS,Survey,2005,s_sep_u,NA,5.3,added
EST,HBS,Survey,2005,s_sew_r,NA,43,added
EST,HBS,Survey,2005,s_sew_u,NA,91.8,added
EST,SE,Admin,2006,s_imp_r,100,NA,removed
EST,HBS,Survey,2006,s_imp_r,99.11072194424588,99.50042887776983,changed
EST,SE,Admin,2006,s_imp_u,100,NA,removed
EST,HBS,Survey,2006,s_imp_u,99.81388888888888,99.91944444444444,changed
EST,ES,Admin,2006,s_lat_n,0,NA,removed
EST,HBS,Survey,2006,s_lat_r,NA,23.60042887776983,added
EST,HBS,Survey,2006,s_lat_u,NA,2.819444444444443,added
EST,ES,Admin,2006,s_sep_n,5,NA,removed
EST,HBS,Survey,2006,s_sep_r,NA,34.5,added
EST,HBS,Survey,2006,s_sep_u,NA,5.2,added
EST,ES,Admin,2006,s_sew_n,74,NA,removed
EST,HBS,Survey,2006,s_sew_r,NA,41.4,added
EST,HBS,Survey,2006,s_sew_u,NA,91.9,added
EST,SE,Admin,2007,s_imp_r,100.1,NA,removed
EST,HBS,Survey,2007,s_imp_r,99.29156540385988,99.43566833452464,changed
EST,SE,Admin,2007,s_imp_u,100,NA,removed
EST,HBS,Survey,2007,s_imp_u,99.85277777777776,99.84444444444443,changed
EST,ES,Admin,2007,s_lat_n,0,NA,removed
EST,HBS,Survey,2007,s_lat_r,NA,21.93566833452465,added
EST,HBS,Survey,2007,s_lat_u,NA,1.9444444444444429,added
EST,HBS,Survey,2007,s_sep_n,10,NA,removed
EST,ES,Admin,2007,s_sep_n,10,NA,removed
EST,ES,Admin,2007,s_sep_nemp_n,100,NA,removed
EST,HBS,Survey,2007,s_sep_r,NA,34.1,added
EST,HBS,Survey,2007,s_sep_u,NA,4.6,added
EST,ES,Admin,2007,s_sew_n,74,NA,removed
EST,HBS,Survey,2007,s_sew_r,NA,43.4,added
EST,HBS,Survey,2007,s_sew_u,NA,93.3,added
EST,ES,Admin,2008,s_lat_n,0,NA,removed
EST,ES,Admin,2008,s_sep_n,5,NA,removed
EST,ES,Admin,2008,s_sep_nemp_n,100,NA,removed
EST,ES,Admin,2008,s_sew_n,80,NA,removed
EST,ES,Admin,2009,s_lat_n,0,NA,removed
EST,HBS,Survey,2009,s_sep_n,5,NA,removed
EST,ES,Admin,2009,s_sep_n,5,NA,removed
EST,ES,Admin,2009,s_sep_nemp_n,100,NA,removed
EST,ES,Admin,2009,s_sew_n,80,NA,removed
EST,SE,Admin,2010,s_imp_r,100.1,NA,removed
EST,HBS,Survey,2010,s_imp_r,99.37655468191564,99.58956397426734,changed
EST,SE,Admin,2010,s_imp_u,100,NA,removed
EST,HBS,Survey,2010,s_imp_u,99.8527777777778,99.95,changed
EST,ES,Admin,2010,s_lat_n,0,NA,removed
EST,HBS,Survey,2010,s_lat_r,NA,19.389563974267332,added
EST,HBS,Survey,2010,s_lat_u,NA,1.75,added
EST,HBS,Survey,2010,s_sep_n,5,NA,removed
EST,ES,Admin,2010,s_sep_n,5,NA,removed
EST,ES,Admin,2010,s_sep_nemp_n,100,NA,removed
EST,HBS,Survey,2010,s_sep_r,NA,37.7,added
EST,HBS,Survey,2010,s_sep_u,NA,4.3,added
EST,ES,Admin,2010,s_sew_n,78.8,NA,removed
EST,HBS,Survey,2010,s_sew_r,NA,42.5,added
EST,HBS,Survey,2010,s_sew_u,NA,93.9,added
EST,ES,Admin,2010,s_treat_wtp_n,99.36548223350252,96.1916461916462,changed
EST,SE,Admin,2011,s_imp_r,100,NA,removed
EST,HBS,Survey,2011,s_imp_r,99.43824160114367,NA,removed
EST,SE,Admin,2011,s_imp_u,100,NA,removed
EST,HBS,Survey,2011,s_imp_u,99.87777777777777,NA,removed
EST,ES,Admin,2011,s_lat_n,0,NA,removed
EST,HBS,Survey,2011,s_sep_n,5,NA,removed
EST,ES,Admin,2011,s_sep_n,5,NA,removed
EST,ES,Admin,2011,s_sep_nemp_n,100,NA,removed
EST,ES,Admin,2011,s_sew_n,81.7,NA,removed
EST,SE,Admin,2012,s_imp_r,100,NA,removed
EST,HBS,Survey,2012,s_imp_r,99.45482487491064,99.70979270907792,changed
EST,EU SILC,Admin,2012,s_imp_r,99.9,NA,removed
EST,EUSILC,Admin,2012,s_imp_r,NA,99.9,added
EST,SE,Admin,2012,s_imp_u,99.3,NA,removed
EST,HBS,Survey,2012,s_imp_u,99.21388888888887,99.96111111111112,changed
EST,EU SILC,Admin,2012,s_imp_u,100.1,NA,removed
EST,EUSILC,Admin,2012,s_imp_u,NA,100.1,added
EST,ES,Admin,2012,s_lat_n,0,NA,removed
EST,HBS,Survey,2012,s_lat_r,NA,13.709792709077917,added
EST,HBS,Survey,2012,s_lat_u,NA,1.3611111111111145,added
EST,ES,Admin,2012,s_sep_n,5,NA,removed
EST,ES,Admin,2012,s_sep_nemp_n,100,NA,removed
EST,HBS,Survey,2012,s_sep_r,NA,40.9,added
EST,HBS,Survey,2012,s_sep_u,NA,3.6,added
EST,ES,Admin,2012,s_sew_n,81.8,NA,removed
EST,HBS,Survey,2012,s_sew_r,NA,45.1,added
EST,ES,Admin,2012,s_sew_rtp_n,NA,99,added
EST,HBS,Survey,2012,s_sew_u,NA,95,added
EST,EU SILC,Admin,2012,s_shared_r,0.517464424320828,NA,removed
EST,EUSILC,Admin,2012,s_shared_r,NA,0.517464424320828,added
EST,EU SILC,Admin,2012,s_shared_u,0.6097560975609756,NA,removed
EST,EUSILC,Admin,2012,s_shared_u,NA,0.6097560975609756,added
EST,EU SILC,Admin,2013,s_imp_r,100,NA,removed
EST,EUSILC,Admin,2013,s_imp_r,NA,100,added
EST,EU SILC,Admin,2013,s_imp_u,100,NA,removed
EST,EUSILC,Admin,2013,s_imp_u,NA,100,added
EST,ES,Admin,2013,s_lat_n,0,NA,removed
EST,ES,Admin,2013,s_sep_n,5,NA,removed
EST,ES,Admin,2013,s_sep_nemp_n,100,NA,removed
EST,ES,Admin,2013,s_sew_n,82.19999999999999,NA,removed
EST,ES,Admin,2013,s_sew_rtp_n,NA,100,added
EST,EU SILC,Admin,2014,s_imp_r,100,NA,removed
EST,EUSILC,Admin,2014,s_imp_r,NA,99.62480343102216,added
EST,EU SILC,Admin,2014,s_imp_u,100,NA,removed
EST,EUSILC,Admin,2014,s_imp_u,NA,99.96666666666668,added
EST,ES,Admin,2014,s_lat_n,0,NA,removed
EST,ES,Admin,2014,s_sep_n,5,NA,removed
EST,ES,Admin,2014,s_sep_nemp_n,100,NA,removed
EST,ES,Admin,2014,s_sew_n,83,NA,removed
EST,SE,Admin,2015,s_imp_r,100,NA,removed
EST,EU SILC,Admin,2015,s_imp_r,100,NA,removed
EST,HBS,Survey,2015,s_imp_r,NA,99.765761258041465,added
EST,EUSILC,Admin,2015,s_imp_r,NA,99.6496783416726,added
EST,SE,Admin,2015,s_imp_u,99.5,NA,removed
EST,EU SILC,Admin,2015,s_imp_u,100,NA,removed
EST,HBS,Survey,2015,s_imp_u,NA,99.3,added
EST,EUSILC,Admin,2015,s_imp_u,NA,99.97222222222224,added
EST,ES,Admin,2015,s_lat_n,0,NA,removed
EST,HBS,Survey,2015,s_lat_r,NA,11.065761258041462,added
EST,HBS,Survey,2015,s_lat_u,NA,0,added
EST,ES,Admin,2015,s_sep_n,5,NA,removed
EST,ES,Admin,2015,s_sep_nemp_n,100,NA,removed
EST,HBS,Survey,2015,s_sep_r,NA,43,added
EST,HBS,Survey,2015,s_sep_u,NA,3,added
EST,ES,Admin,2015,s_sew_n,82.66,NA,removed
EST,HBS,Survey,2015,s_sew_r,NA,45.7,added
EST,HBS,Survey,2015,s_sew_u,NA,96.3,added
EST,ES,Admin,2015,s_treat_wtp_n,96.17711105734334,99.93951125090732,changed
EST,SE,Admin,2016,s_imp_r,100.1,NA,removed
EST,HBS,Survey,2016,s_imp_r,NA,99.77819871336668,added
EST,SE,Admin,2016,s_imp_u,99.7,NA,removed
EST,HBS,Survey,2016,s_imp_u,NA,99.98333333333332,added
EST,ES,Admin,2016,s_lat_n,0,NA,removed
EST,HBS,Survey,2016,s_lat_r,NA,10.47819871336668,added
EST,HBS,Survey,2016,s_lat_u,NA,0.5833333333333286,added
EST,ES,Admin,2016,s_sep_n,5,NA,removed
EST,ES,Admin,2016,s_sep_nemp_n,100,NA,removed
EST,HBS,Survey,2016,s_sep_r,NA,42.1,added
EST,HBS,Survey,2016,s_sep_u,NA,2.6,added
EST,ES,Admin,2016,s_sew_n,82.87,NA,removed
EST,HBS,Survey,2016,s_sew_r,NA,47.2,added
EST,HBS,Survey,2016,s_sew_u,NA,96.8,added
EST,ES,Admin,2016,s_treat_wtp_n,94.48533848195969,99.90346325570172,changed
EST,ES,Admin,2017,s_lat_n,0,NA,removed
EST,ES,Admin,2017,s_sep_n,5,NA,removed
EST,ES,Admin,2017,s_sep_nemp_n,100,NA,removed
EST,ES,Admin,2017,s_sew_n,82.89999999999999,NA,removed
EST,ES,Admin,2018,s_treat_wtp_n,NA,99.96405463695184,added
EST,HBS,Survey,2019,s_imp_r,NA,99.82587562544674,added
EST,HBS,Survey,2019,s_imp_u,NA,99.3,added
EST,HBS,Survey,2019,s_lat_r,NA,8.225875625446747,added
EST,HBS,Survey,2019,s_lat_u,NA,0,added
EST,HBS,Survey,2019,s_sep_r,NA,49,added
EST,HBS,Survey,2019,s_sep_u,NA,3.5,added
EST,HBS,Survey,2019,s_sew_r,NA,42.6,added
EST,HBS,Survey,2019,s_sew_u,NA,95.8,added
EST,ES,Admin,2019,s_treat_wtp_n,NA,99.98801821231729,added
EST,HBS,Survey,2020,s_imp_r,NA,99.88598999285205,added
EST,HBS,Survey,2020,s_imp_u,NA,99.4,added
EST,HBS,Survey,2020,s_lat_r,NA,5.385989992852032,added
EST,HBS,Survey,2020,s_lat_u,NA,0,added
EST,HBS,Survey,2020,s_sep_r,NA,46.6,added
EST,HBS,Survey,2020,s_sep_u,NA,2.8,added
EST,HBS,Survey,2020,s_sew_r,NA,47.9,added
EST,HBS,Survey,2020,s_sew_u,NA,96.6,added
EST,ES,Admin,2020,s_treat_wtp_n,NA,100,added
EST,CEN,Census,2021,s_imp_r,NA,99.13101684536733,added
EST,CEN,Census,2021,s_imp_u,NA,99.86845698334756,added
EST,ES,Admin,2021,s_treat_wtp_n,NA,100,added
EST,ES,Admin,2022,s_treat_wtp_n,NA,100,added
ETH,PMA,Survey,2018,s_lat_ebo_r,NA,0,added
ETH,PMA,Survey,2018,s_lat_ebo_u,NA,0.19574,added
ETH,PMA,Survey,2018,s_lat_edl_r,NA,0.39332,added
ETH,PMA,Survey,2018,s_lat_edl_u,NA,0.28656,added
ETH,PMA,Survey,2018,s_lat_ero_r,NA,0,added
ETH,PMA,Survey,2018,s_lat_ero_u,NA,8.64177,added
ETH,PMA,Survey,2018,s_lat_nemp_r,NA,99.60668,added
ETH,PMA,Survey,2018,s_lat_nemp_u,NA,90.87593,added
ETH,PMA,Survey,2018,s_sep_ebo_u,NA,0.27864,added
ETH,PMA,Survey,2018,s_sep_edl_u,NA,0.46895,added
ETH,PMA,Survey,2018,s_sep_ero_u,NA,14.67507,added
ETH,PMA,Survey,2018,s_sep_nemp_u,NA,84.57734,added
ETH,PMA,Survey,2019,s_imp_r,NA,4.053,added
ETH,MDHS,Survey,2019,s_imp_r,NA,9.0842,added
ETH,PMA,Survey,2019,s_imp_u,NA,45.47859,added
ETH,MDHS,Survey,2019,s_imp_u,NA,40.97342,added
ETH,PMA,Survey,2019,s_lat_r,NA,3.99048,added
ETH,MDHS,Survey,2019,s_lat_r,NA,9.06172,added
ETH,PMA,Survey,2019,s_lat_u,NA,38.19716,added
ETH,MDHS,Survey,2019,s_lat_u,NA,35.078689999999995,added
ETH,PMA,Survey,2019,s_od_r,NA,44.1675,added
ETH,MDHS,Survey,2019,s_od_r,NA,35.36161,added
ETH,PMA,Survey,2019,s_od_u,NA,8.09384,added
ETH,MDHS,Survey,2019,s_od_u,NA,10.12221,added
ETH,PMA,Survey,2019,s_sep_r,NA,0.05561,added
ETH,MDHS,Survey,2019,s_sep_r,NA,0.02248,added
ETH,PMA,Survey,2019,s_sep_u,NA,5.50891,added
ETH,MDHS,Survey,2019,s_sep_u,NA,4.26155,added
ETH,PMA,Survey,2019,s_sew_r,NA,0.00691,added
ETH,MDHS,Survey,2019,s_sew_r,NA,0,added
ETH,PMA,Survey,2019,s_sew_u,NA,1.77252,added
ETH,MDHS,Survey,2019,s_sew_u,NA,1.63318,added
ETH,MDHS,Survey,2019,s_shared_r,NA,26.062800000000003,added
ETH,MDHS,Survey,2019,s_shared_u,NA,46.93008,added
ETH,HEHS,Survey,2022,s_imp_r,NA,8.700000000000003,added
ETH,HEHS,Survey,2022,s_imp_u,NA,53,added
ETH,HEHS,Survey,2022,s_lat_r,NA,8.491200000000003,added
ETH,HEHS,Survey,2022,s_lat_u,NA,42.559,added
ETH,HEHS,Survey,2022,s_od_r,NA,46.8,added
ETH,HEHS,Survey,2022,s_od_u,NA,9.4,added
ETH,HEHS,Survey,2022,s_sep_r,NA,0.11310000000000003,added
ETH,HEHS,Survey,2022,s_sep_u,NA,7.155,added
ETH,HEHS,Survey,2022,s_sew_r,NA,0.09570000000000004,added
ETH,HEHS,Survey,2022,s_sew_u,NA,3.2860000000000005,added
ETH,HEHS,Survey,2022,s_shared_r,NA,17.5,added
ETH,HEHS,Survey,2022,s_shared_u,NA,51.9,added
ETH,PMA,Survey,2024,s_imp_r,NA,5.44174,added
ETH,PMA,Survey,2024,s_imp_u,NA,49.41659,added
ETH,PMA,Survey,2024,s_lat_r,NA,5.19502,added
ETH,PMA,Survey,2024,s_lat_u,NA,40.63435,added
ETH,PMA,Survey,2024,s_od_r,NA,33.31049,added
ETH,PMA,Survey,2024,s_od_u,NA,6.47488,added
ETH,PMA,Survey,2024,s_sep_r,NA,0.24672,added
ETH,PMA,Survey,2024,s_sep_u,NA,7.79036,added
ETH,PMA,Survey,2024,s_sew_r,NA,0,added
ETH,PMA,Survey,2024,s_sew_u,NA,0.99188,added
FIN,EU SILC,Admin,2012,s_imp_r,99.99552188552188,NA,removed
FIN,EUSILC,Admin,2012,s_imp_r,NA,99.99552188552188,added
FIN,EU SILC,Admin,2012,s_imp_u,100,NA,removed
FIN,EUSILC,Admin,2012,s_imp_u,NA,100,added
FIN,EU SILC,Admin,2012,s_shared_r,0.5460998741581102,NA,removed
FIN,EUSILC,Admin,2012,s_shared_r,NA,0.5460998741581102,added
FIN,EU SILC,Admin,2012,s_shared_u,0.5529953917050692,NA,removed
FIN,EUSILC,Admin,2012,s_shared_u,NA,0.5529953917050692,added
FIN,EU SILC,Admin,2013,s_imp_r,100,NA,removed
FIN,EUSILC,Admin,2013,s_imp_r,NA,100,added
FIN,EU SILC,Admin,2013,s_imp_u,100,NA,removed
FIN,EUSILC,Admin,2013,s_imp_u,NA,100,added
FIN,EU SILC,Admin,2014,s_imp_r,100,NA,removed
FIN,EUSILC,Admin,2014,s_imp_r,NA,100,added
FIN,EU SILC,Admin,2014,s_imp_u,100,NA,removed
FIN,EUSILC,Admin,2014,s_imp_u,NA,100,added
FIN,EU SILC,Admin,2015,s_imp_r,100,NA,removed
FIN,EUSILC,Admin,2015,s_imp_r,NA,100,added
FIN,EU SILC,Admin,2015,s_imp_u,100,NA,removed
FIN,EUSILC,Admin,2015,s_imp_u,NA,100,added
FIN,ES,Admin,2018,s_imp_r,NA,100,added
FIN,ES,Admin,2018,s_imp_u,NA,100,added
FIN,ES,Admin,2018,s_lat_n,NA,0,added
FIN,ES,Admin,2018,s_sep_n,NA,15,added
FIN,ES,Admin,2018,s_sew_n,NA,85,added
FIN,ES,Admin,2018,s_treat_wtp_n,NA,100,added
FIN,ES,Admin,2019,s_imp_r,NA,100,added
FIN,ES,Admin,2019,s_imp_u,NA,100,added
FIN,ES,Admin,2019,s_lat_n,NA,0,added
FIN,FEI,Admin,2019,s_sep_con_n,NA,33,added
FIN,ES,Admin,2019,s_sep_n,NA,15,added
FIN,ES,Admin,2019,s_sew_n,NA,85,added
FIN,ES,Admin,2019,s_treat_wtp_n,NA,100,added
FIN,ES,Admin,2020,s_imp_r,NA,100,added
FIN,ES,Admin,2020,s_imp_u,NA,100,added
FIN,ES,Admin,2020,s_lat_n,NA,0,added
FIN,ES,Admin,2020,s_sep_n,NA,15,added
FIN,ES,Admin,2020,s_sew_n,NA,85,added
FIN,ES,Admin,2020,s_treat_wtp_n,NA,100,added
FIN,ES,Admin,2021,s_imp_r,NA,100,added
FIN,ES,Admin,2021,s_imp_u,NA,100,added
FIN,ES,Admin,2021,s_lat_n,NA,0,added
FIN,ES,Admin,2021,s_sep_n,NA,15,added
FIN,ES,Admin,2021,s_sew_n,NA,85,added
FIN,ES,Admin,2021,s_treat_wtp_n,NA,100,added
FIN,ES,Admin,2022,s_imp_r,NA,100,added
FIN,ES,Admin,2022,s_imp_u,NA,100,added
FIN,ES,Admin,2022,s_lat_n,NA,0,added
FIN,ES,Admin,2022,s_sep_n,NA,15,added
FIN,ES,Admin,2022,s_sew_n,NA,85,added
FIN,ES,Admin,2022,s_treat_wtp_n,NA,100,added
FJI,CEN,Census,2007,s_imp_r,87.95523763959068,93.717859986186,changed
FJI,CEN,Census,2007,s_imp_u,97.150778802155,98.49660526784685,changed
FJI,HIES,Survey,2009,s_imp_r,91.70000000000002,95.93781407035178,changed
FJI,HIES,Survey,2009,s_imp_u,98.2,99.11193467336685,changed
FJI,HIES,Survey,2009,s_shared_r,NA,3.624675838538381,added
FJI,HIES,Survey,2009,s_shared_u,NA,1.90074647698888,added
FJI,VAW,Survey,2011,s_imp_r,NA,97.32719849246232,added
FJI,VAW,Survey,2011,s_imp_u,NA,99.27418341708544,added
FJI,VAW,Survey,2011,s_od_r,NA,0.2,added
FJI,VAW,Survey,2011,s_od_u,NA,0,added
FJI,MICS,Survey,2021,s_imp_r,NA,96.34014,added
FJI,MICS,Survey,2021,s_imp_u,NA,99.13823,added
FJI,MICS,Survey,2021,s_lat_ebo_r,NA,14.73763,added
FJI,MICS,Survey,2021,s_lat_ebo_u,NA,13.0639,added
FJI,MICS,Survey,2021,s_lat_edl_r,NA,2.57532,added
FJI,MICS,Survey,2021,s_lat_edl_u,NA,3.24176,added
FJI,MICS,Survey,2021,s_lat_ero_r,NA,0.22116,added
FJI,MICS,Survey,2021,s_lat_ero_u,NA,0.44567,added
FJI,MICS,Survey,2021,s_lat_nemp_r,NA,82.4659,added
FJI,MICS,Survey,2021,s_lat_nemp_u,NA,83.24867,added
FJI,MICS,Survey,2021,s_lat_r,NA,22.118139999999997,added
FJI,MICS,Survey,2021,s_lat_u,NA,4.6957200000000086,added
FJI,MICS,Survey,2021,s_od_r,NA,0.36054,added
FJI,MICS,Survey,2021,s_od_u,NA,0.08656,added
FJI,MICS,Survey,2021,s_sep_ebo_r,NA,11.55803,added
FJI,MICS,Survey,2021,s_sep_ebo_u,NA,7.98951,added
FJI,MICS,Survey,2021,s_sep_edl_r,NA,0.95507,added
FJI,MICS,Survey,2021,s_sep_edl_u,NA,1.30274,added
FJI,MICS,Survey,2021,s_sep_ero_r,NA,3.85414,added
FJI,MICS,Survey,2021,s_sep_ero_u,NA,21.61006,added
FJI,MICS,Survey,2021,s_sep_nemp_r,NA,83.63276,added
FJI,MICS,Survey,2021,s_sep_nemp_u,NA,69.09769,added
FJI,MICS,Survey,2021,s_sep_r,NA,69.19771,added
FJI,MICS,Survey,2021,s_sep_u,NA,59.2979,added
FJI,MICS,Survey,2021,s_sew_r,NA,5.02429,added
FJI,MICS,Survey,2021,s_sew_u,NA,35.14461,added
FJI,MICS,Survey,2021,s_shared_r,NA,10.86794,added
FJI,MICS,Survey,2021,s_shared_u,NA,10.31929,added
FRA,EU SILC,Admin,2012,s_imp_r,100,NA,removed
FRA,EUSILC,Admin,2012,s_imp_r,NA,100,added
FRA,EU SILC,Admin,2012,s_imp_u,100,NA,removed
FRA,EUSILC,Admin,2012,s_imp_u,NA,100,added
FRA,EU SILC,Admin,2012,s_shared_r,1.1077542799597182,NA,removed
FRA,EUSILC,Admin,2012,s_shared_r,NA,1.1077542799597182,added
FRA,EU SILC,Admin,2012,s_shared_u,1.4098690835850956,NA,removed
FRA,EUSILC,Admin,2012,s_shared_u,NA,1.4098690835850956,added
FRA,EU SILC,Admin,2013,s_imp_r,100,NA,removed
FRA,EUSILC,Admin,2013,s_imp_r,NA,100,added
FRA,EU SILC,Admin,2013,s_imp_u,100,NA,removed
FRA,EUSILC,Admin,2013,s_imp_u,NA,100,added
FRA,SIS,Admin,2013,s_lat_dtp_n,NA,100,added
FRA,SIS,Admin,2013,s_lat_ero_n,NA,50,added
FRA,SIS,Admin,2013,s_lat_nemp_n,100,50,changed
FRA,SIS,Admin,2013,s_sep_dtp_n,NA,100,added
FRA,SIS,Admin,2013,s_sep_ero_n,NA,50,added
FRA,SIS,Admin,2013,s_sep_nemp_n,100,50,changed
FRA,SIS,Admin,2013,s_treat_fstp_n,NA,100,added
FRA,EU SILC,Admin,2014,s_imp_r,100,NA,removed
FRA,EUSILC,Admin,2014,s_imp_r,NA,100,added
FRA,EU SILC,Admin,2014,s_imp_u,100,NA,removed
FRA,EUSILC,Admin,2014,s_imp_u,NA,100,added
FRA,SIS,Admin,2014,s_lat_dtp_n,NA,100,added
FRA,SIS,Admin,2014,s_lat_ero_n,NA,50,added
FRA,SIS,Admin,2014,s_lat_nemp_n,100,50,changed
FRA,SIS,Admin,2014,s_sep_dtp_n,NA,100,added
FRA,SIS,Admin,2014,s_sep_ero_n,NA,50,added
FRA,SIS,Admin,2014,s_sep_nemp_n,100,50,changed
FRA,SIS,Admin,2014,s_treat_fstp_n,NA,100,added
FRA,EU SILC,Admin,2015,s_imp_r,100,NA,removed
FRA,EUSILC,Admin,2015,s_imp_r,NA,100,added
FRA,EU SILC,Admin,2015,s_imp_u,100,NA,removed
FRA,EUSILC,Admin,2015,s_imp_u,NA,100,added
FRA,SIS,Admin,2015,s_lat_dtp_n,NA,100,added
FRA,SIS,Admin,2015,s_lat_ero_n,NA,50,added
FRA,SIS,Admin,2015,s_lat_nemp_n,100,50,changed
FRA,SIS,Admin,2015,s_sep_dtp_n,NA,100,added
FRA,SIS,Admin,2015,s_sep_ero_n,NA,50,added
FRA,SIS,Admin,2015,s_sep_nemp_n,100,50,changed
FRA,SIS,Admin,2015,s_treat_fstp_n,NA,100,added
FRA,SIS,Admin,2016,s_lat_dtp_n,NA,100,added
FRA,SIS,Admin,2016,s_lat_ero_n,NA,50,added
FRA,SIS,Admin,2016,s_lat_nemp_n,100,50,changed
FRA,SIS,Admin,2016,s_sep_dtp_n,NA,100,added
FRA,SIS,Admin,2016,s_sep_ero_n,NA,50,added
FRA,SIS,Admin,2016,s_sep_nemp_n,100,50,changed
FRA,SIS,Admin,2016,s_treat_fstp_n,NA,100,added
FRA,SIS,Admin,2017,s_lat_dtp_n,NA,100,added
FRA,SIS,Admin,2017,s_lat_ero_n,NA,50,added
FRA,SIS,Admin,2017,s_lat_nemp_n,100,50,changed
FRA,SIS,Admin,2017,s_sep_dtp_n,NA,100,added
FRA,SIS,Admin,2017,s_sep_ero_n,NA,50,added
FRA,SIS,Admin,2017,s_sep_nemp_n,100,50,changed
FRA,SIS,Admin,2017,s_treat_fstp_n,NA,100,added
FRA,SIS,Admin,2018,s_lat_con_n,NA,57.9,added
FRA,SIS,Admin,2018,s_lat_dtp_n,NA,100,added
FRA,SIS,Admin,2018,s_lat_ero_n,NA,50,added
FRA,ES,Admin,2018,s_lat_n,NA,0,added
FRA,SIS,Admin,2018,s_lat_nemp_n,NA,50,added
FRA,SIS,Admin,2018,s_sep_con_n,NA,57.9,added
FRA,SIS,Admin,2018,s_sep_dtp_n,NA,100,added
FRA,SIS,Admin,2018,s_sep_ero_n,NA,50,added
FRA,ES,Admin,2018,s_sep_n,NA,18,added
FRA,SIS,Admin,2018,s_sep_nemp_n,NA,50,added
FRA,ES,Admin,2018,s_sew_n,NA,82,added
FRA,SIS,Admin,2018,s_treat_fstp_n,NA,100,added
FRA,ES,Admin,2018,s_treat_wtp_n,NA,97.79268292682929,added
FRA,SIS,Admin,2019,s_lat_con_n,NA,58.8,added
FRA,SIS,Admin,2019,s_lat_dtp_n,NA,100,added
FRA,SIS,Admin,2019,s_lat_ero_n,NA,50,added
FRA,ES,Admin,2019,s_lat_n,NA,0,added
FRA,SIS,Admin,2019,s_lat_nemp_n,NA,50,added
FRA,SIS,Admin,2019,s_sep_con_n,NA,58.8,added
FRA,SIS,Admin,2019,s_sep_dtp_n,NA,100,added
FRA,SIS,Admin,2019,s_sep_ero_n,NA,50,added
FRA,ES,Admin,2019,s_sep_n,NA,18,added
FRA,SIS,Admin,2019,s_sep_nemp_n,NA,50,added
FRA,ES,Admin,2019,s_sew_n,NA,82,added
FRA,SIS,Admin,2019,s_treat_fstp_n,NA,100,added
FRA,ES,Admin,2019,s_treat_wtp_n,NA,97.58536585365852,added
FRA,SIS,Admin,2020,s_lat_con_n,NA,61.5,added
FRA,SIS,Admin,2020,s_lat_dtp_n,NA,100,added
FRA,SIS,Admin,2020,s_lat_ero_n,NA,50,added
FRA,ES,Admin,2020,s_lat_n,NA,0,added
FRA,SIS,Admin,2020,s_lat_nemp_n,NA,50,added
FRA,SIS,Admin,2020,s_sep_con_n,NA,61.5,added
FRA,SIS,Admin,2020,s_sep_dtp_n,NA,100,added
FRA,SIS,Admin,2020,s_sep_ero_n,NA,50,added
FRA,ES,Admin,2020,s_sep_n,NA,18,added
FRA,SIS,Admin,2020,s_sep_nemp_n,NA,50,added
FRA,ES,Admin,2020,s_sew_n,NA,82,added
FRA,SIS,Admin,2020,s_treat_fstp_n,NA,100,added
FRA,ES,Admin,2020,s_treat_wtp_n,NA,97.37836849164736,added
FRA,SIS,Admin,2021,s_lat_con_n,NA,63.4,added
FRA,SIS,Admin,2021,s_lat_dtp_n,NA,100,added
FRA,SIS,Admin,2021,s_lat_ero_n,NA,50,added
FRA,ES,Admin,2021,s_lat_n,NA,0,added
FRA,SIS,Admin,2021,s_lat_nemp_n,NA,50,added
FRA,SIS,Admin,2021,s_sep_con_n,NA,63.4,added
FRA,SIS,Admin,2021,s_sep_dtp_n,NA,100,added
FRA,SIS,Admin,2021,s_sep_ero_n,NA,50,added
FRA,ES,Admin,2021,s_sep_n,NA,18,added
FRA,SIS,Admin,2021,s_sep_nemp_n,NA,50,added
FRA,ES,Admin,2021,s_sew_n,NA,82,added
FRA,SIS,Admin,2021,s_treat_fstp_n,NA,100,added
FRA,ES,Admin,2021,s_treat_wtp_n,NA,97.17073170731707,added
FRA,SIS,Admin,2022,s_lat_con_n,NA,63,added
FRA,SIS,Admin,2022,s_lat_dtp_n,NA,100,added
FRA,SIS,Admin,2022,s_lat_ero_n,NA,50,added
FRA,ES,Admin,2022,s_lat_n,NA,0,added
FRA,SIS,Admin,2022,s_lat_nemp_n,NA,50,added
FRA,SIS,Admin,2022,s_sep_con_n,NA,63,added
FRA,SIS,Admin,2022,s_sep_dtp_n,NA,100,added
FRA,SIS,Admin,2022,s_sep_ero_n,NA,50,added
FRA,ES,Admin,2022,s_sep_n,NA,18,added
FRA,SIS,Admin,2022,s_sep_nemp_n,NA,100,added
FRA,ES,Admin,2022,s_sew_n,NA,82,added
FRA,SIS,Admin,2022,s_treat_fstp_n,NA,100,added
FRA,ES,Admin,2022,s_treat_wtp_n,NA,97.02439024390245,added
FSM,HIES,Survey,2013,s_imp_n,79.2,NA,removed
FSM,HIES,Survey,2014,s_imp_n,NA,79.2,added
FSM,FHSS,Survey,2014,s_imp_n,NA,83.89999999999999,added
FSM,FHSS,Survey,2014,s_lat_n,NA,9.099999999999994,added
FSM,FHSS,Survey,2014,s_sep_n,NA,46.5,added
FSM,FHSS,Survey,2014,s_sew_n,NA,28.3,added
GAB,DHS,Survey,2000,s_imp_r,53.74999999999999,22.220501706529657,changed
GAB,DHS,Survey,2000,s_imp_u,77.55000000000001,76.74509548376398,changed
GAB,DHS,Survey,2000,s_lat_r,50.14999999999999,18.620501706529655,changed
GAB,DHS,Survey,2000,s_lat_u,47.35000000000001,46.54509548376397,changed
GAB,QUIBB,Survey,2005,s_imp_r,54.849999999999994,17.03932177657931,changed
GAB,EGEP,Survey,2005,s_imp_r,56.648759746403215,19.29414751730676,changed
GAB,QUIBB,Survey,2005,s_imp_u,71.6,60.58889976458034,changed
GAB,EGEP,Survey,2005,s_imp_u,72.02872038686226,61.67793314580778,changed
GAB,QUIBB,Survey,2005,s_lat_r,48.55,10.73932177657931,changed
GAB,EGEP,Survey,2005,s_lat_r,47.832138934502,10.47752670540554,changed
GAB,QUIBB,Survey,2005,s_lat_u,45.7,34.68889976458034,changed
GAB,EGEP,Survey,2005,s_lat_u,44.46332677292716,34.11253953187268,changed
GAB,DHS,Survey,2012,s_imp_r,49.835890564687034,18.65306760902678,changed
GAB,DHS,Survey,2012,s_imp_u,82.02327063692671,70.87780593563056,changed
GAB,DHS,Survey,2012,s_lat_r,42.71948170991707,11.53665875425682,changed
GAB,DHS,Survey,2012,s_lat_u,44.04092102554511,32.89545632424896,changed
GAB,CEN,Census,2013,s_imp_r,53.7,37.00118470067713,changed
GAB,CEN,Census,2013,s_imp_u,75,74.43476928512457,changed
GAB,EGEP,Survey,2017,s_imp_r,58.400000000000006,36.897415915940414,changed
GAB,EGEP,Survey,2017,s_imp_u,82.60000000000001,82.06073394693865,changed
GAB,AFB,Survey,2017,s_od_r,NA,2.68501,added
GAB,AFB,Survey,2017,s_od_u,NA,0.91336,added
GAB,AFB,Survey,2020,s_od_r,NA,2.54786,added
GAB,AFB,Survey,2020,s_od_u,NA,2.78279,added
GAB,DHS,Survey,2021,s_imp_r,NA,20.0252,added
GAB,DHS,Survey,2021,s_imp_u,NA,79.24758,added
GAB,DHS,Survey,2021,s_lat_r,NA,13.695379999999998,added
GAB,DHS,Survey,2021,s_lat_u,NA,27.44282,added
GAB,DHS,Survey,2021,s_od_r,NA,2.88875,added
GAB,AFB,Survey,2021,s_od_r,NA,0.91511,added
GAB,DHS,Survey,2021,s_od_u,NA,0.63853,added
GAB,AFB,Survey,2021,s_od_u,NA,0.46546,added
GAB,DHS,Survey,2021,s_sep_r,NA,5.95624,added
GAB,DHS,Survey,2021,s_sep_u,NA,48.69386,added
GAB,DHS,Survey,2021,s_sew_r,NA,0.37358,added
GAB,DHS,Survey,2021,s_sew_u,NA,3.1109,added
GAB,DHS,Survey,2021,s_shared_r,NA,20.96106,added
GAB,DHS,Survey,2021,s_shared_u,NA,26.33465,added
GBR,ES,Admin,2008,s_sew_n,97,NA,removed
GBR,ES,Admin,2009,s_sew_n,97,NA,removed
GBR,ES,Admin,2010,s_sew_n,99.5,NA,removed
GBR,EU SILC,Admin,2012,s_imp_r,99.85,NA,removed
GBR,EUSILC,Admin,2012,s_imp_r,NA,99.85,added
GBR,EU SILC,Admin,2012,s_imp_u,99.85,NA,removed
GBR,EUSILC,Admin,2012,s_imp_u,NA,99.85,added
GBR,EUSILC,Admin,2012,s_lat_r,NA,0,added
GBR,EUSILC,Admin,2012,s_lat_u,NA,0,added
GBR,EU SILC,Admin,2012,s_sep_n,2.925154639175261,NA,removed
GBR,EU SILC,Admin,2012,s_sep_r,15.39810241305088,NA,removed
GBR,EUSILC,Admin,2012,s_sep_r,NA,15.39810241305088,added
GBR,EU SILC,Admin,2012,s_sep_u,0.15000000000000568,NA,removed
GBR,EUSILC,Admin,2012,s_sep_u,NA,0.15000000000000568,added
GBR,EU SILC,Admin,2012,s_sew_r,84.45189758694913,NA,removed
GBR,EUSILC,Admin,2012,s_sew_r,NA,84.45189758694913,added
GBR,EU SILC,Admin,2012,s_sew_u,99.7,NA,removed
GBR,EUSILC,Admin,2012,s_sew_u,NA,99.7,added
GBR,EU SILC,Admin,2012,s_shared_r,0.3009027081243731,NA,removed
GBR,EUSILC,Admin,2012,s_shared_r,NA,0.3009027081243731,added
GBR,EU SILC,Admin,2012,s_shared_u,0.802407221664995,NA,removed
GBR,EUSILC,Admin,2012,s_shared_u,NA,0.802407221664995,added
GBR,EU SILC,Admin,2013,s_imp_r,99.8,NA,removed
GBR,EUSILC,Admin,2013,s_imp_r,NA,99.8,added
GBR,EU SILC,Admin,2013,s_imp_u,99.9,NA,removed
GBR,EUSILC,Admin,2013,s_imp_u,NA,99.9,added
GBR,EU SILC,Admin,2013,s_lat_r,15.719207510222889,NA,removed
GBR,EUSILC,Admin,2013,s_lat_r,NA,0,added
GBR,EU SILC,Admin,2013,s_lat_u,0.09999999999999432,NA,removed
GBR,EUSILC,Admin,2013,s_lat_u,NA,0,added
GBR,EUSILC,Admin,2013,s_sep_r,NA,15.719207510222889,added
GBR,EUSILC,Admin,2013,s_sep_u,NA,0.09999999999999432,added
GBR,EU SILC,Admin,2013,s_sew_r,84.08079248977711,NA,removed
GBR,EUSILC,Admin,2013,s_sew_r,NA,84.08079248977711,added
GBR,EU SILC,Admin,2013,s_sew_u,99.8,NA,removed
GBR,EUSILC,Admin,2013,s_sew_u,NA,99.8,added
GBR,EU SILC,Admin,2014,s_imp_r,99.8,NA,removed
GBR,EUSILC,Admin,2014,s_imp_r,NA,99.8,added
GBR,EU SILC,Admin,2014,s_imp_u,99.8,NA,removed
GBR,EUSILC,Admin,2014,s_imp_u,NA,99.8,added
GBR,EU SILC,Admin,2014,s_lat_n,2.9723711340206194,NA,removed
GBR,EU SILC,Admin,2014,s_lat_r,15.863113751528928,NA,removed
GBR,EUSILC,Admin,2014,s_lat_r,NA,0,added
GBR,EU SILC,Admin,2014,s_lat_u,0.20000000000000284,NA,removed
GBR,EUSILC,Admin,2014,s_lat_u,NA,0,added
GBR,EUSILC,Admin,2014,s_sep_r,NA,15.863113751528928,added
GBR,EUSILC,Admin,2014,s_sep_u,NA,0.20000000000000284,added
GBR,ES,Admin,2014,s_sew_n,100,NA,removed
GBR,EU SILC,Admin,2014,s_sew_r,83.93688624847107,NA,removed
GBR,EUSILC,Admin,2014,s_sew_r,NA,83.93688624847107,added
GBR,EU SILC,Admin,2014,s_sew_u,99.6,NA,removed
GBR,EUSILC,Admin,2014,s_sew_u,NA,99.6,added
GBR,EU SILC,Admin,2015,s_imp_r,99.65,NA,removed
GBR,EUSILC,Admin,2015,s_imp_r,NA,99.65,added
GBR,EU SILC,Admin,2015,s_imp_u,99.8,NA,removed
GBR,EUSILC,Admin,2015,s_imp_u,NA,99.8,added
GBR,EU SILC,Admin,2015,s_lat_n,0.20000000000000284,NA,removed
GBR,EU SILC,Admin,2015,s_lat_r,0.3499999999999943,NA,removed
GBR,EUSILC,Admin,2015,s_lat_r,NA,0,added
GBR,EU SILC,Admin,2015,s_lat_u,0.20000000000000284,NA,removed
GBR,EUSILC,Admin,2015,s_lat_u,NA,0,added
GBR,EUSILC,Admin,2015,s_sep_r,NA,16.2831674369001,added
GBR,EUSILC,Admin,2015,s_sep_u,NA,0.20000000000000284,added
GBR,EU SILC,Admin,2015,s_sew_r,99.3,NA,removed
GBR,EUSILC,Admin,2015,s_sew_r,NA,83.36683256309989,added
GBR,EU SILC,Admin,2015,s_sew_u,99.6,NA,removed
GBR,EUSILC,Admin,2015,s_sew_u,NA,99.6,added
GEO,MICS,Survey,2000,s_imp_r,85.6569521072966,30.596983913228595,changed
GEO,MICS,Survey,2000,s_imp_u,98.58048037818486,92.22962771874688,changed
GEO,LCEE,Survey,2002,s_imp_r,84.97832225765546,30.381042871940956,changed
GEO,LCEE,Survey,2002,s_imp_u,97.488343008099,86.69872236088177,changed
GEO,LCEE,Survey,2002,s_lat_r,77.77832225765546,23.181042871940956,changed
GEO,LCEE,Survey,2002,s_lat_u,81.38834300809899,70.59872236088177,changed
GEO,IHS,Survey,2009,s_imp_r,77.32156242689496,77.17550306331165,changed
GEO,IHS,Survey,2009,s_imp_u,95.70369029532672,95.48519795613336,changed
GEO,IHS,Survey,2009,s_lat_r,71.51756644283573,70.67550306331165,changed
GEO,IHS,Survey,2009,s_lat_u,11.03790201144058,11.185197956133337,changed
GEO,IHS,Survey,2009,s_sew_r,5.803995984059231,6.5,changed
GEO,IHS,Survey,2009,s_sew_u,84.66578828388614,84.30000000000001,changed
GEO,IHS,Survey,2009,s_shared_r,0.8812570990353698,11.1,changed
GEO,IHS,Survey,2009,s_shared_u,5.7639251669191,6.4,changed
GEO,IHS,Survey,2010,s_imp_r,77.37464464844248,76.5222749214798,changed
GEO,IHS,Survey,2010,s_imp_u,95.46800529885464,95.20887969689596,changed
GEO,IHS,Survey,2010,s_lat_r,70.65746696885702,69.0222749214798,changed
GEO,IHS,Survey,2010,s_lat_u,11.574525550070703,11.608879696895968,changed
GEO,IHS,Survey,2010,s_sew_r,6.717177679585466,7.5,changed
GEO,IHS,Survey,2010,s_sew_u,83.89347974878393,83.6,changed
GEO,IHS,Survey,2010,s_shared_r,0.5270359368652405,5.7,changed
GEO,IHS,Survey,2010,s_shared_u,4.55968461631064,5.5,changed
GEO,IHS,Survey,2011,s_imp_r,79.10062378580488,78.7569521072966,changed
GEO,IHS,Survey,2011,s_imp_u,94.95812158407166,94.70730717091314,changed
GEO,IHS,Survey,2011,s_lat_r,70.78993016006591,68.85695210729659,changed
GEO,IHS,Survey,2011,s_lat_u,10.466343864653297,10.507307170913135,changed
GEO,IHS,Survey,2011,s_sew_r,8.310693625738981,9.9,changed
GEO,IHS,Survey,2011,s_sew_u,84.49177771941837,84.2,changed
GEO,IHS,Survey,2012,s_imp_r,78.09599528987339,77.84767662928911,changed
GEO,IHS,Survey,2012,s_imp_u,96.38078985123744,96.4004616079808,changed
GEO,STEPWB,Survey,2012,s_imp_u,NA,98.92732,added
GEO,IHS,Survey,2012,s_lat_r,69.56974191803174,67.9476766292891,changed
GEO,IHS,Survey,2012,s_lat_u,11.130364263080068,11.100461607980805,changed
GEO,STEPWB,Survey,2012,s_lat_u,NA,9.302949999999996,added
GEO,STEPWB,Survey,2012,s_od_u,NA,0.00288,added
GEO,STEPWB,Survey,2012,s_sep_u,NA,1.10587,added
GEO,IHS,Survey,2012,s_sew_r,8.526253371841648,9.9,changed
GEO,IHS,Survey,2012,s_sew_u,85.25042558815738,85.3,changed
GEO,STEPWB,Survey,2012,s_sew_u,NA,88.5185,added
GEO,IHS,Survey,2012,s_shared_r,0.933794212485138,9.1,changed
GEO,IHS,Survey,2012,s_shared_u,3.514603488905267,3.5,changed
GEO,STEPWB,Survey,2012,s_shared_u,NA,3.96314,added
GEO,IHS,Survey,2013,s_imp_r,77.32622860617612,76.90896788602184,changed
GEO,IHS,Survey,2013,s_imp_u,96.1481114291106,96.0057346449303,changed
GEO,IHS,Survey,2013,s_lat_r,70.18909177273866,68.60896788602184,changed
GEO,IHS,Survey,2013,s_lat_u,9.829105944767164,9.405734644930304,changed
GEO,IHS,Survey,2013,s_sew_r,7.137136833437446,8.3,changed
GEO,IHS,Survey,2013,s_sew_u,86.31900548434342,86.6,changed
GEO,IHS,Survey,2013,s_shared_r,0.6281540488374258,7.6,changed
GEO,IHS,Survey,2013,s_shared_u,2.495742668666883,2.3,changed
GEO,IHS,Survey,2014,s_imp_r,77.72997371328177,77.25816447040324,changed
GEO,IHS,Survey,2014,s_imp_u,95.99456194513895,95.87363481525252,changed
GEO,IHS,Survey,2014,s_lat_r,72.128322069034,70.75816447040324,changed
GEO,IHS,Survey,2014,s_lat_u,8.834100177290765,8.473634815252524,changed
GEO,IHS,Survey,2014,s_sew_r,5.6016516442477675,6.5,changed
GEO,IHS,Survey,2014,s_sew_u,87.16046176784819,87.39999999999999,changed
GEO,IHS,Survey,2014,s_shared_r,0.10362771896675846,0.9,changed
GEO,IHS,Survey,2014,s_shared_u,1.7629499469739802,1.5,changed
GEO,IHS,Survey,2015,s_imp_r,76.11951636861343,75.2593428890438,changed
GEO,IHS,Survey,2015,s_imp_u,96.36707221394452,96.0400404302548,changed
GEO,IHS,Survey,2015,s_lat_r,69.86100042367565,67.89749288904379,changed
GEO,IHS,Survey,2015,s_lat_u,7.951352214011536,7.700000430254789,changed
GEO,IHS,Survey,2015,s_sew_r,6.258515944937782,7.36185,changed
GEO,SWSE,Admin,2015,s_sew_rtp_n,NA,72.62443438914026,added
GEO,IHS,Survey,2015,s_sew_u,88.41571999993297,88.34004,changed
GEO,IHS,Survey,2015,s_shared_r,0.11154009226802816,1.08863,changed
GEO,IHS,Survey,2015,s_shared_u,1.8546209995712255,1.43986,changed
GEO,SWSE,Admin,2015,s_treat_wtp_n,7.878787878787879,10.903426791277258,changed
GEO,IHS,Survey,2016,s_imp_r,75.0947267321913,74.22724648785717,changed
GEO,IHS,Survey,2016,s_imp_u,96.88812489281398,96.7562577255379,changed
GEO,IHS,Survey,2016,s_lat_r,69.68796111921574,68.16154648785718,changed
GEO,IHS,Survey,2016,s_lat_u,6.397295417464235,6.4123977255379,changed
GEO,IHS,Survey,2016,s_sew_r,5.406765612975567,6.0657,changed
GEO,SWSE,Admin,2016,s_sew_rtp_n,NA,73.04347826086956,added
GEO,IHS,Survey,2016,s_sew_u,90.49082947534974,90.34386,changed
GEO,IHS,Survey,2016,s_shared_r,0.18656244628787705,1.59934,changed
GEO,IHS,Survey,2016,s_shared_u,1.6376541289291568,1.14203,changed
GEO,SWSE,Admin,2016,s_treat_wtp_n,11.904761904761909,11.607142857142858,changed
GEO,IHS,Survey,2017,s_imp_r,72.38716512290176,71.73181745395878,changed
GEO,IHS,Survey,2017,s_imp_u,96.24787470274548,96.22678506142029,changed
GEO,IHS,Survey,2017,s_lat_r,65.25301344032547,64.36395745395879,changed
GEO,IHS,Survey,2017,s_lat_u,9.097510280069288,8.738385061420274,changed
GEO,IHS,Survey,2017,s_sew_r,7.134151682576291,7.367859999999999,changed
GEO,SWSE,Admin,2017,s_sew_rtp_n,NA,74.53027139874739,added
GEO,IHS,Survey,2017,s_sew_u,87.15036442267619,87.4884,changed
GEO,IHS,Survey,2017,s_shared_r,0.5843369745840283,5.25092,changed
GEO,IHS,Survey,2017,s_shared_u,1.948552447078603,1.83821,changed
GEO,SWSE,Admin,2017,s_treat_wtp_n,12.781954887218047,12.640449438202248,changed
GEO,MICS,Survey,2018,s_lat_ebo_r,14.703600000000002,14.90533,changed
GEO,MICS,Survey,2018,s_lat_ebo_u,10.54591,9.74638,changed
GEO,MICS,Survey,2018,s_lat_edl_r,27.931670000000004,9.33925,changed
GEO,MICS,Survey,2018,s_lat_edl_u,30.645169999999993,11.10959,changed
GEO,MICS,Survey,2018,s_lat_ero_r,3.934769999999999,23.98195,changed
GEO,MICS,Survey,2018,s_lat_ero_u,10.297769999999998,32.48497,changed
GEO,MICS,Survey,2018,s_lat_nemp_r,53.42998,51.77347,changed
GEO,MICS,Survey,2018,s_lat_nemp_u,48.51116,46.65906,changed
GEO,MICS,Survey,2018,s_sep_ebo_r,5.841919999999999,5.84654,changed
GEO,MICS,Survey,2018,s_sep_ebo_u,5.36913,3.81925,changed
GEO,MICS,Survey,2018,s_sep_edl_r,9.278339999999998,8.3858,changed
GEO,MICS,Survey,2018,s_sep_edl_u,16.77851,8.33488,changed
GEO,MICS,Survey,2018,s_sep_ero_r,28.52233,32.95398,changed
GEO,MICS,Survey,2018,s_sep_ero_u,38.92617,45.68795,changed
GEO,MICS,Survey,2018,s_sep_nemp_r,56.35739,52.81368,changed
GEO,MICS,Survey,2018,s_sep_nemp_u,38.92617,42.15792,changed
GEO,SWSE,Admin,2018,s_sew_rtp_n,NA,74.07407407407408,added
GEO,HIES,Survey,2018,s_shared_r,0.4078899756040152,3.78504,changed
GEO,HIES,Survey,2018,s_shared_u,2.3717476512514284,2.60711,changed
GEO,SWSE,Admin,2018,s_treat_wtp_n,14.179104477611942,13.649025069637885,changed
GEO,PWH,Admin,2018,s_treat_wtp_n,NA,13.649025069637885,added
GEO,HIES,Survey,2019,s_imp_r,NA,70.88518717491112,added
GEO,HIES,Survey,2019,s_imp_u,NA,95.83779756209807,added
GEO,HIES,Survey,2019,s_lat_r,NA,59.91327717491112,added
GEO,HIES,Survey,2019,s_lat_u,NA,8.480947562098095,added
GEO,HIES,Survey,2019,s_sew_r,NA,10.97191,added
GEO,SWSE,Admin,2019,s_sew_rtp_n,NA,73.88663967611336,added
GEO,HIES,Survey,2019,s_sew_u,NA,87.35685,added
GEO,HIES,Survey,2019,s_shared_r,NA,4.31748,added
GEO,HIES,Survey,2019,s_shared_u,NA,2.65094,added
GEO,SWSE,Admin,2019,s_treat_wtp_n,98.52941176470588,98.62637362637363,changed
GEO,PWH,Admin,2019,s_treat_wtp_n,NA,98.62637362637363,added
GEO,HIES,Survey,2020,s_imp_r,NA,70.12651750072155,added
GEO,HIES,Survey,2020,s_imp_u,NA,96.38763504258056,added
GEO,HIES,Survey,2020,s_lat_r,NA,61.31424750072155,added
GEO,HIES,Survey,2020,s_lat_u,NA,5.861425042580549,added
GEO,HIES,Survey,2020,s_sew_r,NA,8.81227,added
GEO,SWSE,Admin,2020,s_sew_rtp_n,NA,72.85429141716565,added
GEO,HIES,Survey,2020,s_sew_u,NA,90.52621,added
GEO,HIES,Survey,2020,s_shared_r,NA,3.74596,added
GEO,HIES,Survey,2020,s_shared_u,NA,1.92968,added
GEO,SWSE,Admin,2020,s_treat_wtp_n,NA,98.9041095890411,added
GEO,PWH,Admin,2020,s_treat_wtp_n,NA,98.9041095890411,added
GEO,MICS+,Survey,2021,s_imp_r,NA,88.344334,added
GEO,HIES,Survey,2021,s_imp_r,NA,69.64913772394297,added
GEO,MICS+,Survey,2021,s_imp_u,NA,99.251346,added
GEO,HIES,Survey,2021,s_imp_u,NA,96.55694641815845,added
GEO,MICS+,Survey,2021,s_lat_r,NA,56.771066000000005,added
GEO,HIES,Survey,2021,s_lat_r,NA,61.10118772394297,added
GEO,MICS+,Survey,2021,s_lat_u,NA,5.702426000000003,added
GEO,HIES,Survey,2021,s_lat_u,NA,5.562246418158438,added
GEO,MICS+,Survey,2021,s_od_r,NA,0,added
GEO,MICS+,Survey,2021,s_od_u,NA,0,added
GEO,MICS+,Survey,2021,s_sep_r,NA,13.07997,added
GEO,MICS+,Survey,2021,s_sep_u,NA,3.906266,added
GEO,MICS+,Survey,2021,s_sew_r,NA,18.493298000000003,added
GEO,HIES,Survey,2021,s_sew_r,NA,8.54795,added
GEO,SWSE,Admin,2021,s_sew_rtp_n,NA,73.88663967611336,added
GEO,MICS+,Survey,2021,s_sew_u,NA,89.642654,added
GEO,HIES,Survey,2021,s_sew_u,NA,90.9947,added
GEO,HIES,Survey,2021,s_shared_r,NA,0.4493235813491178,added
GEO,HIES,Survey,2021,s_shared_u,NA,0.6044515921955885,added
GEO,SWSE,Admin,2021,s_treat_wtp_n,NA,98.91891891891892,added
GEO,HIES,Survey,2022,s_imp_r,NA,67.44275876931565,added
GEO,HIES,Survey,2022,s_imp_u,NA,96.39226419611389,added
GEO,HIES,Survey,2022,s_lat_r,NA,58.44440876931564,added
GEO,HIES,Survey,2022,s_lat_u,NA,5.473934196113873,added
GEO,HIES,Survey,2022,s_sew_r,NA,8.99835,added
GEO,SWSE,Admin,2022,s_sew_rtp_n,NA,72.85429141716565,added
GEO,HIES,Survey,2022,s_sew_u,NA,90.91833,added
GEO,HIES,Survey,2022,s_shared_r,NA,1.84239,added
GEO,HIES,Survey,2022,s_shared_u,NA,0.4474,added
GEO,SWSE,Admin,2022,s_treat_wtp_n,NA,98.74371859296484,added
GEO,SWSE,Admin,2023,s_sew_rtp_n,NA,71.84466019417476,added
GEO,SWSE,Admin,2023,s_treat_wtp_n,NA,98.7864077669903,added
GHA,GSPS,Survey,2010,s_imp_r,NA,43.620955,added
GHA,GSPS,Survey,2010,s_imp_u,NA,79.309295,added
GHA,GSPS,Survey,2010,s_od_r,NA,35.12456,added
GHA,GSPS,Survey,2010,s_od_u,NA,10.38714,added
GHA,AFB,Survey,2012,s_od_r,NA,13.01575,added
GHA,AFB,Survey,2012,s_od_u,NA,3.0528,added
GHA,GLSS,Survey,2013,s_od_r,NA,32.9,added
GHA,STEPSMS,Survey,2013,s_od_u,NA,11.2915,added
GHA,GLSS,Survey,2013,s_od_u,NA,7.4,added
GHA,STEPSMS,Survey,2013,s_shared_u,NA,63.84,added
GHA,AFB,Survey,2014,s_od_r,NA,12.53047,added
GHA,AFB,Survey,2014,s_od_u,NA,5.49645,added
GHA,AFB,Survey,2017,s_od_r,NA,10.20489,added
GHA,AFB,Survey,2017,s_od_u,NA,3.27268,added
GHA,AFB,Survey,2019,s_od_r,NA,40.07684,added
GHA,AFB,Survey,2019,s_od_u,NA,17.91473,added
GHA,PHC,Census,2021,s_imp_r,NA,61.40213000000001,added
GHA,PHC,Census,2021,s_imp_u,NA,88.30391,added
GHA,PHC,Census,2021,s_lat_r,NA,52.28289000000001,added
GHA,PHC,Census,2021,s_lat_u,NA,52.27468,added
GHA,PHC,Census,2021,s_od_r,NA,36.15349,added
GHA,PHC,Census,2021,s_od_u,NA,10.86188,added
GHA,PHC,Census,2021,s_sep_r,NA,9.04084,added
GHA,PHC,Census,2021,s_sep_u,NA,34.98344,added
GHA,PHC,Census,2021,s_sew_r,NA,0.0784,added
GHA,PHC,Census,2021,s_sew_u,NA,1.04579,added
GHA,PHC,Census,2021,s_shared_r,NA,52.1578,added
GHA,PHC,Census,2021,s_shared_u,NA,49.63863,added
GHA,DHS,Survey,2022,s_imp_r,NA,43.63687,added
GHA,DHS,Survey,2022,s_imp_u,NA,80.95624000000001,added
GHA,DHS,Survey,2022,s_lat_ebo_r,NA,3.12564,added
GHA,DHS,Survey,2022,s_lat_ebo_u,NA,1.10588,added
GHA,DHS,Survey,2022,s_lat_edl_r,NA,4.46999,added
GHA,DHS,Survey,2022,s_lat_edl_u,NA,21.37517,added
GHA,DHS,Survey,2022,s_lat_ero_r,NA,0.17674,added
GHA,DHS,Survey,2022,s_lat_ero_u,NA,2.81904,added
GHA,DHS,Survey,2022,s_lat_nemp_r,NA,92.22762,added
GHA,DHS,Survey,2022,s_lat_nemp_u,NA,74.69992,added
GHA,DHS,Survey,2022,s_lat_r,NA,38.38671,added
GHA,DHS,Survey,2022,s_lat_u,NA,44.03789,added
GHA,DHS,Survey,2022,s_od_r,NA,38.83893,added
GHA,AFB,Survey,2022,s_od_r,NA,26.7722,added
GHA,DHS,Survey,2022,s_od_u,NA,11.65006,added
GHA,AFB,Survey,2022,s_od_u,NA,9.69914,added
GHA,DHS,Survey,2022,s_sep_ebo_r,NA,1.61044,added
GHA,DHS,Survey,2022,s_sep_ebo_u,NA,0.45044,added
GHA,DHS,Survey,2022,s_sep_edl_r,NA,19.28249,added
GHA,DHS,Survey,2022,s_sep_edl_u,NA,35.47796,added
GHA,DHS,Survey,2022,s_sep_ero_r,NA,0.88422,added
GHA,DHS,Survey,2022,s_sep_ero_u,NA,6.97612,added
GHA,DHS,Survey,2022,s_sep_nemp_r,NA,78.22284,added
GHA,DHS,Survey,2022,s_sep_nemp_u,NA,57.09548,added
GHA,DHS,Survey,2022,s_sep_r,NA,4.99794,added
GHA,DHS,Survey,2022,s_sep_u,NA,34.67636,added
GHA,DHS,Survey,2022,s_sew_r,NA,0.25222,added
GHA,DHS,Survey,2022,s_sew_u,NA,2.24199,added
GHA,DHS,Survey,2022,s_shared_r,NA,67.53494,added
GHA,DHS,Survey,2022,s_shared_u,NA,58.61359,added
GHA,AHIES,Survey,2023,s_od_r,NA,33.86119,added
GHA,AHIES,Survey,2023,s_od_u,NA,9.37108,added
GHA,AHIES,Survey,2023,s_shared_r,NA,49.34196,added
GHA,AHIES,Survey,2023,s_shared_u,NA,52.89267,added
GIN,AFB,Survey,2013,s_od_u,NA,0.47679,added
GIN,EHCVM,Survey,2018,s_od_r,NA,16.9,added
GIN,AGVSAN,Survey,2018,s_od_r,NA,7.3,added
GIN,EHCVM,Survey,2018,s_od_u,NA,0.7,added
GIN,AGVSAN,Survey,2018,s_od_u,NA,0.4,added
GIN,DHS,Survey,2018,s_shared_n,47.82767,NA,removed
GIN,ENESIG,Survey,2019,s_od_r,NA,14.9,added
GIN,AFB,Survey,2019,s_od_r,NA,10.93348,added
GIN,ENESIG,Survey,2019,s_od_u,NA,0.5,added
GIN,AFB,Survey,2019,s_od_u,NA,3.84097,added
GIN,MIS,Survey,2021,s_imp_r,NA,33.60494,added
GIN,MIS,Survey,2021,s_imp_u,NA,95.40314,added
GIN,MIS,Survey,2021,s_lat_r,NA,32.29248,added
GIN,MIS,Survey,2021,s_lat_u,NA,71.03662,added
GIN,MIS,Survey,2021,s_od_r,NA,14.9248,added
GIN,MIS,Survey,2021,s_od_u,NA,0.20104,added
GIN,MIS,Survey,2021,s_sep_r,NA,1.26986,added
GIN,MIS,Survey,2021,s_sep_u,NA,23.37722,added
GIN,MIS,Survey,2021,s_sew_r,NA,0.0426,added
GIN,MIS,Survey,2021,s_sew_u,NA,0.9893,added
GIN,MIS,Survey,2021,s_shared_r,NA,44.66141,added
GIN,MIS,Survey,2021,s_shared_u,NA,52.71368,added
GIN,AFB,Survey,2022,s_od_r,NA,5.76477,added
GIN,AFB,Survey,2022,s_od_u,NA,0,added
GLP,UNSD,Admin,2010,s_sew_rtp_n,NA,100,added
GLP,UNSD,Admin,2010,s_treat_wtp_n,NA,52,added
GLP,CEN,Census,2018,s_imp_n,NA,98.91487271784696,added
GLP,CEN,Census,2018,s_lat_n,NA,12.226531884398897,added
GLP,CEN,Census,2018,s_sep_n,NA,47.50689834865616,added
GLP,CEN,Census,2018,s_sew_n,NA,39.18144248479189,added
GLP,CEN,Census,2019,s_imp_n,NA,99.32852888488848,added
GLP,CEN,Census,2019,s_lat_n,NA,58.44780973783075,added
GLP,CEN,Census,2019,s_sep_n,NA,3.377378282152832,added
GLP,CEN,Census,2019,s_sew_n,NA,37.503340864904885,added
GLP,CEN,Census,2020,s_imp_n,NA,98.94668026483606,added
GLP,CEN,Census,2020,s_lat_n,NA,11.908215865076585,added
GLP,CEN,Census,2020,s_sep_n,NA,47.62853147171485,added
GLP,CEN,Census,2020,s_sew_n,NA,39.409932928044626,added
GLP,CEN,Census,2021,s_imp_n,NA,98.91392006789684,added
GLP,CEN,Census,2021,s_lat_n,NA,11.403035689859834,added
GLP,CEN,Census,2021,s_sep_n,NA,48.71784218791013,added
GLP,CEN,Census,2021,s_sew_n,NA,38.79304219012686,added
GMB,AFB,Survey,2018,s_od_r,NA,0,added
GMB,AFB,Survey,2018,s_od_u,NA,0.42449,added
GMB,DHS,Survey,2020,s_imp_r,NA,44.35626,added
GMB,DHS,Survey,2020,s_imp_u,NA,78.15701,added
GMB,DHS,Survey,2020,s_lat_r,NA,41.57646,added
GMB,DHS,Survey,2020,s_lat_u,NA,37.79654,added
GMB,DHS,Survey,2020,s_od_r,NA,2.04804,added
GMB,DHS,Survey,2020,s_od_u,NA,0.21785,added
GMB,DHS,Survey,2020,s_sep_r,NA,2.77216,added
GMB,DHS,Survey,2020,s_sep_u,NA,38.24406,added
GMB,DHS,Survey,2020,s_sew_r,NA,0.00764,added
GMB,DHS,Survey,2020,s_sew_u,NA,2.11641,added
GMB,DHS,Survey,2020,s_shared_r,NA,27.1777,added
GMB,DHS,Survey,2020,s_shared_u,NA,24.03581,added
GMB,AFB,Survey,2021,s_od_r,NA,0.52693,added
GMB,AFB,Survey,2021,s_od_u,NA,0.30518,added
GMB,AFB,Survey,2022,s_od_r,NA,0.7242,added
GMB,AFB,Survey,2022,s_od_u,NA,0.30915,added
GNB,CEN,Census,2009,s_sep_r,1.6229777305154915,NA,removed
GNB,CEN,Census,2009,s_sep_u,24.54012380557753,NA,removed
GNB,ILAP,Survey,2010,s_imp_r,NA,24.1,added
GNB,ILAP,Survey,2010,s_imp_u,NA,59.3,added
GNB,ILAP,Survey,2010,s_lat_r,NA,19,added
GNB,ILAP,Survey,2010,s_lat_u,NA,24.4,added
GNB,ILAP,Survey,2010,s_od_r,NA,28.8,added
GNB,ILAP,Survey,2010,s_od_u,NA,0.2,added
GNB,ILAP,Survey,2010,s_sep_r,NA,4.1,added
GNB,ILAP,Survey,2010,s_sep_u,NA,23.2,added
GNB,ILAP,Survey,2010,s_sew_r,NA,1,added
GNB,ILAP,Survey,2010,s_sew_u,NA,11.7,added
GNB,EHCVM,Survey,2018,s_imp_r,NA,45.73174,added
GNB,EHCVM,Survey,2018,s_imp_u,NA,78.20067,added
GNB,EHCVM,Survey,2018,s_lat_r,NA,43.93739,added
GNB,EHCVM,Survey,2018,s_lat_u,NA,57.14639,added
GNB,EHCVM,Survey,2018,s_od_r,NA,18.71759,added
GNB,EHCVM,Survey,2018,s_od_u,NA,0.82535,added
GNB,EHCVM,Survey,2018,s_sep_r,NA,1.21773,added
GNB,EHCVM,Survey,2018,s_sep_u,NA,18.03721,added
GNB,EHCVM,Survey,2018,s_sew_r,NA,0.57662,added
GNB,EHCVM,Survey,2018,s_sew_u,NA,3.0170700000000004,added
GNB,EHCVM,Survey,2018,s_shared_r,NA,33.18573,added
GNB,EHCVM,Survey,2018,s_shared_u,NA,39.89109,added
GRC,HSB,Survey,2008,s_imp_r,100,NA,removed
GRC,HBS,Survey,2008,s_imp_r,NA,100,added
GRC,HSB,Survey,2008,s_imp_u,100,NA,removed
GRC,HBS,Survey,2008,s_imp_u,NA,100,added
GRC,HBS,Survey,2008,s_lat_r,NA,0,added
GRC,HBS,Survey,2008,s_lat_u,NA,0,added
GRC,HSB,Survey,2008,s_od_r,0,NA,removed
GRC,HBS,Survey,2008,s_od_r,NA,0,added
GRC,HSB,Survey,2008,s_od_u,0,NA,removed
GRC,HBS,Survey,2008,s_od_u,NA,0,added
GRC,HBS,Survey,2008,s_sep_r,NA,76.88904988286806,added
GRC,HBS,Survey,2008,s_sep_u,NA,16.384443872764052,added
GRC,HSB,Survey,2008,s_sew_r,23.110950117131935,NA,removed
GRC,HBS,Survey,2008,s_sew_r,NA,23.110950117131935,added
GRC,HSB,Survey,2008,s_sew_u,83.61555612723595,NA,removed
GRC,HBS,Survey,2008,s_sew_u,NA,83.61555612723595,added
GRC,HSB,Survey,2009,s_imp_r,100,NA,removed
GRC,HBS,Survey,2009,s_imp_r,NA,100,added
GRC,HSB,Survey,2009,s_imp_u,100,NA,removed
GRC,HBS,Survey,2009,s_imp_u,NA,100,added
GRC,HBS,Survey,2009,s_lat_r,NA,0,added
GRC,HBS,Survey,2009,s_lat_u,NA,0,added
GRC,HSB,Survey,2009,s_od_r,0,NA,removed
GRC,HBS,Survey,2009,s_od_r,NA,0,added
GRC,HSB,Survey,2009,s_od_u,0,NA,removed
GRC,HBS,Survey,2009,s_od_u,NA,0,added
GRC,HBS,Survey,2009,s_sep_r,NA,72.97719398650756,added
GRC,HBS,Survey,2009,s_sep_u,NA,14.962604713217274,added
GRC,HSB,Survey,2009,s_sew_r,27.022806013492445,NA,removed
GRC,HBS,Survey,2009,s_sew_r,NA,27.022806013492445,added
GRC,HSB,Survey,2009,s_sew_u,85.03739528678273,NA,removed
GRC,HBS,Survey,2009,s_sew_u,NA,85.03739528678273,added
GRC,HSB,Survey,2010,s_imp_r,100,NA,removed
GRC,HBS,Survey,2010,s_imp_r,NA,100,added
GRC,HSB,Survey,2010,s_imp_u,100,NA,removed
GRC,HBS,Survey,2010,s_imp_u,NA,100,added
GRC,HBS,Survey,2010,s_lat_r,NA,0,added
GRC,HBS,Survey,2010,s_lat_u,NA,0,added
GRC,HSB,Survey,2010,s_od_r,0,NA,removed
GRC,HBS,Survey,2010,s_od_r,NA,0,added
GRC,HSB,Survey,2010,s_od_u,0,NA,removed
GRC,HBS,Survey,2010,s_od_u,NA,0,added
GRC,HBS,Survey,2010,s_sep_r,NA,74.36724181335812,added
GRC,HBS,Survey,2010,s_sep_u,NA,13.329807870837072,added
GRC,HSB,Survey,2010,s_sew_r,25.63275818664188,NA,removed
GRC,HBS,Survey,2010,s_sew_r,NA,25.63275818664188,added
GRC,HSB,Survey,2010,s_sew_u,86.67019212916293,NA,removed
GRC,HBS,Survey,2010,s_sew_u,NA,86.67019212916293,added
GRC,ES,Admin,2010,s_treat_wtp_n,NA,100,added
GRC,HSB,Survey,2011,s_imp_r,100,NA,removed
GRC,HBS,Survey,2011,s_imp_r,NA,100,added
GRC,HSB,Survey,2011,s_imp_u,100,NA,removed
GRC,HBS,Survey,2011,s_imp_u,NA,100,added
GRC,HBS,Survey,2011,s_lat_r,NA,0,added
GRC,HBS,Survey,2011,s_lat_u,NA,0,added
GRC,HSB,Survey,2011,s_od_r,0,NA,removed
GRC,HBS,Survey,2011,s_od_r,NA,0,added
GRC,HSB,Survey,2011,s_od_u,0,NA,removed
GRC,HBS,Survey,2011,s_od_u,NA,0,added
GRC,HBS,Survey,2011,s_sep_r,NA,72.40627594630757,added
GRC,HBS,Survey,2011,s_sep_u,NA,12.457915449179753,added
GRC,HSB,Survey,2011,s_sew_r,27.59372405369242,NA,removed
GRC,HBS,Survey,2011,s_sew_r,NA,27.59372405369242,added
GRC,HSB,Survey,2011,s_sew_u,87.54208455082025,NA,removed
GRC,HBS,Survey,2011,s_sew_u,NA,87.54208455082025,added
GRC,HSB,Survey,2012,s_imp_r,100,NA,removed
GRC,EU SILC,Admin,2012,s_imp_r,99.51010410287812,NA,removed
GRC,HBS,Survey,2012,s_imp_r,NA,100,added
GRC,EUSILC,Admin,2012,s_imp_r,NA,99.51010410287812,added
GRC,HSB,Survey,2012,s_imp_u,100,NA,removed
GRC,EU SILC,Admin,2012,s_imp_u,99.78363493312352,NA,removed
GRC,HBS,Survey,2012,s_imp_u,NA,100,added
GRC,EUSILC,Admin,2012,s_imp_u,NA,99.78363493312352,added
GRC,HBS,Survey,2012,s_lat_r,NA,0,added
GRC,HBS,Survey,2012,s_lat_u,NA,0,added
GRC,HSB,Survey,2012,s_od_r,0,NA,removed
GRC,HBS,Survey,2012,s_od_r,NA,0,added
GRC,HSB,Survey,2012,s_od_u,0,NA,removed
GRC,HBS,Survey,2012,s_od_u,NA,0,added
GRC,HBS,Survey,2012,s_sep_r,NA,74.61513397501784,added
GRC,HBS,Survey,2012,s_sep_u,NA,11.806229105119442,added
GRC,HSB,Survey,2012,s_sew_r,25.384866024982166,NA,removed
GRC,HBS,Survey,2012,s_sew_r,NA,25.384866024982166,added
GRC,HSB,Survey,2012,s_sew_u,88.19377089488056,NA,removed
GRC,HBS,Survey,2012,s_sew_u,NA,88.19377089488056,added
GRC,EU SILC,Admin,2012,s_shared_r,1.855287569573284,NA,removed
GRC,EUSILC,Admin,2012,s_shared_r,NA,1.855287569573284,added
GRC,EU SILC,Admin,2012,s_shared_u,0.7902015013828527,NA,removed
GRC,EUSILC,Admin,2012,s_shared_u,NA,0.7902015013828527,added
GRC,HSB,Survey,2013,s_imp_r,100,NA,removed
GRC,HBS,Survey,2013,s_imp_r,NA,100,added
GRC,HSB,Survey,2013,s_imp_u,100,NA,removed
GRC,HBS,Survey,2013,s_imp_u,NA,100,added
GRC,HBS,Survey,2013,s_lat_r,NA,0,added
GRC,HBS,Survey,2013,s_lat_u,NA,0,added
GRC,HSB,Survey,2013,s_od_r,0,NA,removed
GRC,HBS,Survey,2013,s_od_r,NA,0,added
GRC,HSB,Survey,2013,s_od_u,0,NA,removed
GRC,HBS,Survey,2013,s_od_u,NA,0,added
GRC,HBS,Survey,2013,s_sep_r,NA,70.07212361700282,added
GRC,HBS,Survey,2013,s_sep_u,NA,11.065436117112,added
GRC,HSB,Survey,2013,s_sew_r,29.92787638299718,NA,removed
GRC,HBS,Survey,2013,s_sew_r,NA,29.92787638299718,added
GRC,HSB,Survey,2013,s_sew_u,88.934563882888,NA,removed
GRC,HBS,Survey,2013,s_sew_u,NA,88.934563882888,added
GRC,HSB,Survey,2014,s_imp_r,100,NA,removed
GRC,EU SILC,Admin,2014,s_imp_r,99.6,NA,removed
GRC,HBS,Survey,2014,s_imp_r,NA,100,added
GRC,EUSILC,Admin,2014,s_imp_r,NA,99.6,added
GRC,HSB,Survey,2014,s_imp_u,100,NA,removed
GRC,EU SILC,Admin,2014,s_imp_u,99.95,NA,removed
GRC,HBS,Survey,2014,s_imp_u,NA,100,added
GRC,EUSILC,Admin,2014,s_imp_u,NA,99.95,added
GRC,HBS,Survey,2014,s_lat_r,NA,0,added
GRC,HBS,Survey,2014,s_lat_u,NA,0,added
GRC,HSB,Survey,2014,s_od_r,0,NA,removed
GRC,HBS,Survey,2014,s_od_r,NA,0,added
GRC,HSB,Survey,2014,s_od_u,0,NA,removed
GRC,HBS,Survey,2014,s_od_u,NA,0,added
GRC,HBS,Survey,2014,s_sep_r,NA,64.74258474705718,added
GRC,HBS,Survey,2014,s_sep_u,NA,10.098634533334334,added
GRC,HSB,Survey,2014,s_sew_r,35.25741525294283,NA,removed
GRC,HBS,Survey,2014,s_sew_r,NA,35.25741525294283,added
GRC,HSB,Survey,2014,s_sew_u,89.90136546666567,NA,removed
GRC,HBS,Survey,2014,s_sew_u,NA,89.90136546666567,added
GRC,HSB,Survey,2015,s_imp_r,100,NA,removed
GRC,EU SILC,Admin,2015,s_imp_r,99.35,NA,removed
GRC,HBS,Survey,2015,s_imp_r,NA,100,added
GRC,EUSILC,Admin,2015,s_imp_r,NA,99.35,added
GRC,HSB,Survey,2015,s_imp_u,100,NA,removed
GRC,EU SILC,Admin,2015,s_imp_u,100,NA,removed
GRC,HBS,Survey,2015,s_imp_u,NA,100,added
GRC,EUSILC,Admin,2015,s_imp_u,NA,100,added
GRC,HBS,Survey,2015,s_lat_r,NA,0,added
GRC,HBS,Survey,2015,s_lat_u,NA,0,added
GRC,HSB,Survey,2015,s_od_r,0,NA,removed
GRC,HBS,Survey,2015,s_od_r,NA,0,added
GRC,HSB,Survey,2015,s_od_u,0,NA,removed
GRC,HBS,Survey,2015,s_od_u,NA,0,added
GRC,HBS,Survey,2015,s_sep_r,NA,67.17534013377642,added
GRC,HBS,Survey,2015,s_sep_u,NA,11.75373326381812,added
GRC,HSB,Survey,2015,s_sew_r,32.82465986622359,NA,removed
GRC,HBS,Survey,2015,s_sew_r,NA,32.82465986622359,added
GRC,HSB,Survey,2015,s_sew_u,88.24626673618188,NA,removed
GRC,HBS,Survey,2015,s_sew_u,NA,88.24626673618188,added
GRC,HSB,Survey,2016,s_imp_r,100,NA,removed
GRC,HBS,Survey,2016,s_imp_r,NA,100,added
GRC,HSB,Survey,2016,s_imp_u,100,NA,removed
GRC,HBS,Survey,2016,s_imp_u,NA,100,added
GRC,HBS,Survey,2016,s_lat_r,NA,0,added
GRC,HBS,Survey,2016,s_lat_u,NA,0,added
GRC,HSB,Survey,2016,s_od_r,0,NA,removed
GRC,HBS,Survey,2016,s_od_r,NA,0,added
GRC,HSB,Survey,2016,s_od_u,0,NA,removed
GRC,HBS,Survey,2016,s_od_u,NA,0,added
GRC,HBS,Survey,2016,s_sep_r,NA,61.5392423930921,added
GRC,HBS,Survey,2016,s_sep_u,NA,11.925472075931438,added
GRC,HSB,Survey,2016,s_sew_r,38.4607576069079,NA,removed
GRC,HBS,Survey,2016,s_sew_r,NA,38.4607576069079,added
GRC,HSB,Survey,2016,s_sew_u,88.07452792406856,NA,removed
GRC,HBS,Survey,2016,s_sew_u,NA,88.07452792406856,added
GRC,HBS,Survey,2017,s_lat_r,NA,0,added
GRC,HBS,Survey,2017,s_lat_u,NA,0,added
GRC,HBS,Survey,2017,s_sep_r,NA,60.43659740418013,added
GRC,HBS,Survey,2017,s_sep_u,NA,11.007679642264762,added
GRC,HBS,Survey,2018,s_lat_r,NA,0,added
GRC,HBS,Survey,2018,s_lat_u,NA,0,added
GRC,HBS,Survey,2018,s_sep_r,NA,61.595667599774345,added
GRC,HBS,Survey,2018,s_sep_u,NA,10.931856802973655,added
GRC,ES,Admin,2018,s_treat_wtp_n,NA,100,added
GRC,HBS,Survey,2019,s_imp_r,NA,100,added
GRC,HBS,Survey,2019,s_imp_u,NA,100,added
GRC,HBS,Survey,2019,s_lat_r,NA,0,added
GRC,HBS,Survey,2019,s_lat_u,NA,0,added
GRC,HBS,Survey,2019,s_od_r,NA,0,added
GRC,HBS,Survey,2019,s_od_u,NA,0,added
GRC,HBS,Survey,2019,s_sep_r,NA,56.53171191491912,added
GRC,HBS,Survey,2019,s_sep_u,NA,9.672969853543606,added
GRC,HBS,Survey,2019,s_sew_r,NA,43.46828808508088,added
GRC,HBS,Survey,2019,s_sew_u,NA,90.3270301464564,added
GRC,ES,Admin,2019,s_treat_wtp_n,NA,100,added
GRC,HBS,Survey,2020,s_imp_r,NA,100,added
GRC,HBS,Survey,2020,s_imp_u,NA,100,added
GRC,HBS,Survey,2020,s_lat_r,NA,0,added
GRC,HBS,Survey,2020,s_lat_u,NA,0,added
GRC,HBS,Survey,2020,s_od_r,NA,0,added
GRC,HBS,Survey,2020,s_od_u,NA,0,added
GRC,HBS,Survey,2020,s_sep_r,NA,59.43241989538174,added
GRC,HBS,Survey,2020,s_sep_u,NA,8.411284875377689,added
GRC,HBS,Survey,2020,s_sew_r,NA,40.56758010461826,added
GRC,HBS,Survey,2020,s_sew_u,NA,91.58871512462233,added
GRC,ES,Admin,2020,s_treat_wtp_n,NA,100,added
GRC,HBS,Survey,2021,s_imp_r,NA,100,added
GRC,HBS,Survey,2021,s_imp_u,NA,100,added
GRC,HBS,Survey,2021,s_lat_r,NA,0,added
GRC,HBS,Survey,2021,s_lat_u,NA,0,added
GRC,HBS,Survey,2021,s_od_r,NA,0,added
GRC,HBS,Survey,2021,s_od_u,NA,0,added
GRC,HBS,Survey,2021,s_sep_r,NA,62.27966470448183,added
GRC,HBS,Survey,2021,s_sep_u,NA,8.655266408751217,added
GRC,HBS,Survey,2021,s_sew_r,NA,37.72033529551817,added
GRC,HBS,Survey,2021,s_sew_u,NA,91.34473359124878,added
GRC,ES,Admin,2021,s_treat_wtp_n,NA,100,added
GRC,HBS,Survey,2022,s_imp_r,NA,100,added
GRC,HBS,Survey,2022,s_imp_u,NA,100,added
GRC,HBS,Survey,2022,s_lat_r,NA,0,added
GRC,HBS,Survey,2022,s_lat_u,NA,0,added
GRC,HBS,Survey,2022,s_od_r,NA,0,added
GRC,HBS,Survey,2022,s_od_u,NA,0,added
GRC,HBS,Survey,2022,s_sep_r,NA,54.721458189034486,added
GRC,HBS,Survey,2022,s_sep_u,NA,7.769493612143279,added
GRC,HBS,Survey,2022,s_sew_r,NA,45.278541810965514,added
GRC,HBS,Survey,2022,s_sew_u,NA,92.23050638785672,added
GRC,ES,Admin,2022,s_treat_wtp_n,NA,100,added
GRD,SLCHBS,Survey,2019,s_imp_n,NA,96.1,added
GRD,SLCHBS,Survey,2019,s_lat_n,NA,25.90000000000001,added
GRD,SLCHBS,Survey,2019,s_sep_n,NA,66.1,added
GRD,SLCHBS,Survey,2019,s_sew_n,NA,4.1,added
GRL,OECD,Admin,2002,s_imp_r,100,NA,removed
GRL,OECD,Admin,2002,s_imp_u,100,NA,removed
GRL,ES,Admin,2009,s_lat_n,0,NA,removed
GRL,ES,Admin,2009,s_sep_n,10.3,NA,removed
GRL,ES,Admin,2009,s_sew_n,89.7,NA,removed
GRL,ES,Admin,2010,s_lat_n,0,NA,removed
GRL,ES,Admin,2010,s_sep_n,9.7,NA,removed
GRL,ES,Admin,2010,s_sew_n,90.3,NA,removed
GRL,ES,Admin,2010,s_treat_wtp_n,97.34513274336284,NA,removed
GRL,ES,Admin,2011,s_lat_n,0,NA,removed
GRL,ES,Admin,2011,s_sep_n,9.3,NA,removed
GRL,ES,Admin,2011,s_sew_n,90.7,NA,removed
GRL,ES,Admin,2011,s_treat_wtp_n,97.3568281938326,NA,removed
GRL,EU SILC,Admin,2012,s_imp_r,100,NA,removed
GRL,EU SILC,Admin,2012,s_imp_u,100,NA,removed
GRL,ES,Admin,2012,s_lat_n,0,NA,removed
GRL,ES,Admin,2012,s_sep_n,9.3,NA,removed
GRL,ES,Admin,2012,s_sew_n,90.7,NA,removed
GRL,EU SILC,Admin,2012,s_shared_r,0.4024144869215292,NA,removed
GRL,EU SILC,Admin,2012,s_shared_u,0.4028197381671702,NA,removed
GRL,ES,Admin,2012,s_treat_wtp_n,97.46416758544652,NA,removed
GRL,EU SILC,Admin,2013,s_imp_r,100,NA,removed
GRL,EU SILC,Admin,2013,s_imp_u,100,NA,removed
GRL,ES,Admin,2013,s_lat_n,0,NA,removed
GRL,ES,Admin,2013,s_sep_n,9.2,NA,removed
GRL,ES,Admin,2013,s_sew_n,90.8,NA,removed
GRL,ES,Admin,2013,s_treat_wtp_n,99.11991199119912,NA,removed
GRL,EU SILC,Admin,2014,s_imp_r,100,NA,removed
GRL,EU SILC,Admin,2014,s_imp_u,100,NA,removed
GRL,ES,Admin,2014,s_lat_n,0,NA,removed
GRL,ES,Admin,2014,s_sep_n,9,NA,removed
GRL,ES,Admin,2014,s_sew_n,91,NA,removed
GRL,ES,Admin,2014,s_treat_wtp_n,100,NA,removed
GRL,EU SILC,Admin,2015,s_imp_r,100,NA,removed
GRL,EU SILC,Admin,2015,s_imp_u,100,NA,removed
GRL,ES,Admin,2015,s_lat_n,0,NA,removed
GRL,ES,Admin,2015,s_sep_n,9,NA,removed
GRL,ES,Admin,2015,s_sew_n,91,NA,removed
GRL,ES,Admin,2015,s_treat_wtp_n,99.78021978021978,NA,removed
GRL,ES,Admin,2016,s_lat_n,0,NA,removed
GRL,ES,Admin,2016,s_sep_n,8.3,NA,removed
GRL,ES,Admin,2016,s_sew_n,91.7,NA,removed
GRL,ES,Admin,2016,s_treat_wtp_n,99.78189749182114,NA,removed
GRL,ES,Admin,2017,s_lat_n,0,NA,removed
GRL,ES,Admin,2017,s_sep_n,8.091908091908092,NA,removed
GRL,ES,Admin,2017,s_sew_n,91.9080919080919,NA,removed
GRL,ES,Admin,2017,s_treat_wtp_n,99.7823721436344,NA,removed
GRL,JA,Other,2018,s_imp_n,NA,62.5,added
GRL,JA,Other,2018,s_lat_con_n,NA,0,added
GRL,JA,Other,2018,s_lat_dtp_n,NA,0,added
GRL,JA,Other,2018,s_lat_ero_n,NA,100,added
GRL,JA,Other,2018,s_lat_n,NA,25,added
GRL,JA,Other,2018,s_lat_nemp_n,NA,0,added
GRL,JA,Other,2018,s_sep_con_n,NA,0,added
GRL,JA,Other,2018,s_sep_dtp_n,NA,0,added
GRL,JA,Other,2018,s_sep_ero_n,NA,100,added
GRL,JA,Other,2018,s_sep_n,NA,37.5,added
GRL,JA,Other,2018,s_sep_nemp_n,NA,0,added
GRL,JA,Other,2018,s_sew_n,NA,0,added
GRL,JA,Other,2018,s_treat_wtp_n,NA,0,added
GTM,ENEI,Survey,2021,s_imp_r,NA,71.62224499999999,added
GTM,ENEI,Survey,2021,s_imp_u,NA,95.284295,added
GTM,ENEI,Survey,2021,s_lat_r,NA,34.367884999999994,added
GTM,ENEI,Survey,2021,s_lat_u,NA,10.415524999999988,added
GTM,ENEI,Survey,2021,s_od_r,NA,4.13497,added
GTM,ENEI,Survey,2021,s_od_u,NA,0.62158,added
GTM,ENEI,Survey,2021,s_sep_r,NA,17.25433,added
GTM,ENEI,Survey,2021,s_sep_u,NA,7.76221,added
GTM,ENEI,Survey,2021,s_sew_r,NA,20.00003,added
GTM,ENEI,Survey,2021,s_sew_u,NA,77.10656,added
GTM,ENEI,Survey,2022,s_imp_r,NA,76.90585,added
GTM,ENEI,Survey,2022,s_imp_u,NA,95.420795,added
GTM,ENEI,Survey,2022,s_lat_r,NA,32.29623,added
GTM,ENEI,Survey,2022,s_lat_u,NA,8.737504999999999,added
GTM,ENEI,Survey,2022,s_od_r,NA,1.11531,added
GTM,ENEI,Survey,2022,s_od_u,NA,0.20865,added
GTM,ENEI,Survey,2022,s_sep_r,NA,21.70244,added
GTM,ENEI,Survey,2022,s_sep_u,NA,8.75323,added
GTM,ENEI,Survey,2022,s_sew_r,NA,22.90718,added
GTM,ENEI,Survey,2022,s_sew_u,NA,77.93006,added
GTM,ENIGH,Survey,2023,s_imp_r,NA,68.829595,added
GTM,ENCOVI,Survey,2023,s_imp_r,NA,68.59025,added
GTM,ENCABIH,Survey,2023,s_imp_r,NA,69.92843,added
GTM,ENIGH,Survey,2023,s_imp_u,NA,92.01798,added
GTM,ENCOVI,Survey,2023,s_imp_u,NA,90.74162,added
GTM,ENCABIH,Survey,2023,s_imp_u,NA,91.77696,added
GTM,ENIGH,Survey,2023,s_lat_r,NA,36.654375,added
GTM,ENCOVI,Survey,2023,s_lat_r,NA,39.054599999999994,added
GTM,ENCABIH,Survey,2023,s_lat_r,NA,38.279340000000005,added
GTM,ENIGH,Survey,2023,s_lat_u,NA,11.658069999999997,added
GTM,ENCOVI,Survey,2023,s_lat_u,NA,18.115250000000003,added
GTM,ENCABIH,Survey,2023,s_lat_u,NA,15.951189999999997,added
GTM,ENIGH,Survey,2023,s_od_r,NA,4.95395,added
GTM,ENCOVI,Survey,2023,s_od_r,NA,5.68585,added
GTM,ENCABIH,Survey,2023,s_od_r,NA,4.23091,added
GTM,ENIGH,Survey,2023,s_od_u,NA,1.59844,added
GTM,ENCOVI,Survey,2023,s_od_u,NA,1.63432,added
GTM,ENCABIH,Survey,2023,s_od_u,NA,0.93011,added
GTM,ENIGH,Survey,2023,s_sep_r,NA,16.8967,added
GTM,ENCOVI,Survey,2023,s_sep_r,NA,15.56389,added
GTM,ENCABIH,Survey,2023,s_sep_r,NA,11.5059,added
GTM,ENIGH,Survey,2023,s_sep_u,NA,10.35659,added
GTM,ENCOVI,Survey,2023,s_sep_u,NA,9.68356,added
GTM,ENCABIH,Survey,2023,s_sep_u,NA,8.25055,added
GTM,ENIGH,Survey,2023,s_sew_r,NA,15.27852,added
GTM,ENCOVI,Survey,2023,s_sew_r,NA,13.97176,added
GTM,ENCABIH,Survey,2023,s_sew_r,NA,20.14319,added
GTM,ENIGH,Survey,2023,s_sew_u,NA,70.00332,added
GTM,ENCOVI,Survey,2023,s_sew_u,NA,62.94281,added
GTM,ENCABIH,Survey,2023,s_sew_u,NA,67.57522,added
GUF,CEN,Census,2018,s_imp_n,NA,94.12408083625176,added
GUF,CEN,Census,2018,s_lat_n,NA,9.176276088883183,added
GUF,CEN,Census,2018,s_sep_n,NA,38.148106411465896,added
GUF,CEN,Census,2018,s_sew_n,NA,46.79969833590268,added
GUF,CEN,Census,2019,s_imp_n,NA,94.0935086074893,added
GUF,CEN,Census,2019,s_lat_n,NA,9.146637368607928,added
GUF,CEN,Census,2019,s_sep_n,NA,38.457630026734094,added
GUF,CEN,Census,2019,s_sew_n,NA,46.48924121214728,added
GUF,CEN,Census,2020,s_imp_n,NA,94.38095756995402,added
GUF,CEN,Census,2020,s_lat_n,NA,9.008082740146309,added
GUF,CEN,Census,2020,s_sep_n,NA,37.210673818629246,added
GUF,CEN,Census,2020,s_sew_n,NA,48.16220101117847,added
GUF,BA,Admin,2020,s_treat_wtp_n,NA,100,added
GUF,CEN,Census,2021,s_imp_n,NA,93.91716453193445,added
GUF,CEN,Census,2021,s_lat_n,NA,9.603755696429133,added
GUF,CEN,Census,2021,s_sep_n,NA,35.830817330913185,added
GUF,CEN,Census,2021,s_sew_n,NA,48.48259150459211,added
GUM,CEN,Census,2020,s_imp_n,NA,98.8,added
GUM,CEN,Census,2020,s_lat_n,NA,0,added
GUM,CEN,Census,2020,s_sep_n,NA,30.7,added
GUM,CEN,Census,2020,s_sew_n,NA,68.1,added
GUY,CEN,Census,2002,s_imp_r,87.99587809904757,84.21718588424218,changed
GUY,CEN,Census,2002,s_imp_u,94.34623382908194,94.14441790241148,changed
GUY,CEN,Census,2002,s_lat_r,47.58354679885162,55.82805560717871,changed
GUY,CEN,Census,2002,s_lat_u,24.951787297438106,24.74997137076764,changed
GUY,CEN,Census,2002,s_od_r,1.7956006954985786,2.170881331065449,changed
GUY,CEN,Census,2002,s_sep_r,36.20070101840863,26.996154807297003,changed
GUY,CEN,Census,2002,s_sew_r,4.211630281787321,1.392975469766467,changed
GUY,MICS,Survey,2020,s_imp_r,NA,98.04392,added
GUY,MICS,Survey,2020,s_imp_u,NA,98.02185,added
GUY,MICS,Survey,2020,s_lat_ebo_r,NA,8.79053,added
GUY,MICS,Survey,2020,s_lat_ebo_u,NA,12.75576,added
GUY,MICS,Survey,2020,s_lat_edl_r,NA,0.36483,added
GUY,MICS,Survey,2020,s_lat_edl_u,NA,1.18851,added
GUY,MICS,Survey,2020,s_lat_ero_r,NA,1.24063,added
GUY,MICS,Survey,2020,s_lat_ero_u,NA,2.55669,added
GUY,MICS,Survey,2020,s_lat_nemp_r,NA,89.60401,added
GUY,MICS,Survey,2020,s_lat_nemp_u,NA,83.49904,added
GUY,MICS,Survey,2020,s_lat_r,NA,24.96520000000001,added
GUY,MICS,Survey,2020,s_lat_u,NA,15.382189999999994,added
GUY,MICS,Survey,2020,s_od_r,NA,0.39289,added
GUY,MICS,Survey,2020,s_od_u,NA,0.34255,added
GUY,MICS,Survey,2020,s_sep_ebo_r,NA,1.13999,added
GUY,MICS,Survey,2020,s_sep_ebo_u,NA,2.25905,added
GUY,MICS,Survey,2020,s_sep_edl_r,NA,0.62061,added
GUY,MICS,Survey,2020,s_sep_edl_u,NA,2.08431,added
GUY,MICS,Survey,2020,s_sep_ero_r,NA,20.89689,added
GUY,MICS,Survey,2020,s_sep_ero_u,NA,41.51721,added
GUY,MICS,Survey,2020,s_sep_nemp_r,NA,77.34251,added
GUY,MICS,Survey,2020,s_sep_nemp_u,NA,54.13944,added
GUY,MICS,Survey,2020,s_sep_r,NA,70.43613,added
GUY,MICS,Survey,2020,s_sep_u,NA,75.1085,added
GUY,MICS,Survey,2020,s_sew_r,NA,2.64259,added
GUY,MICS,Survey,2020,s_sew_u,NA,7.53116,added
GUY,MICS,Survey,2020,s_shared_r,NA,8.17921,added
GUY,MICS,Survey,2020,s_shared_u,NA,6.2874,added
HKG,DSD,Admin,2005,s_imp_n,97.5,NA,removed
HKG,DSD,NA,2005,s_imp_n,NA,97.5,added
HKG,DSD,Admin,2005,s_imp_u,97.5,NA,removed
HKG,DSD,NA,2005,s_imp_u,NA,97.5,added
HKG,DSD,Admin,2005,s_lat_n,2.5,NA,removed
HKG,DSD,NA,2005,s_lat_n,NA,2.5,added
HKG,DSD,Admin,2005,s_lat_u,2.5,NA,removed
HKG,DSD,NA,2005,s_lat_u,NA,2.5,added
HKG,DSD,Admin,2005,s_sew_n,95,NA,removed
HKG,DSD,NA,2005,s_sew_n,NA,95,added
HKG,DSD,Admin,2005,s_sew_u,95,NA,removed
HKG,DSD,NA,2005,s_sew_u,NA,95,added
HKG,DSD,Admin,2006,s_imp_n,96.5,NA,removed
HKG,DSD,NA,2006,s_imp_n,NA,96.5,added
HKG,DSD,Admin,2006,s_imp_u,96.5,NA,removed
HKG,DSD,NA,2006,s_imp_u,NA,96.5,added
HKG,DSD,Admin,2006,s_lat_n,3.5,NA,removed
HKG,DSD,NA,2006,s_lat_n,NA,3.5,added
HKG,DSD,Admin,2006,s_lat_u,3.5,NA,removed
HKG,DSD,NA,2006,s_lat_u,NA,3.5,added
HKG,DSD,Admin,2006,s_sew_n,93,NA,removed
HKG,DSD,NA,2006,s_sew_n,NA,93,added
HKG,DSD,Admin,2006,s_sew_u,93,NA,removed
HKG,DSD,NA,2006,s_sew_u,NA,93,added
HKG,DSD,Admin,2007,s_imp_n,96.5,NA,removed
HKG,DSD,NA,2007,s_imp_n,NA,96.5,added
HKG,DSD,Admin,2007,s_imp_u,96.5,NA,removed
HKG,DSD,NA,2007,s_imp_u,NA,96.5,added
HKG,DSD,Admin,2007,s_lat_n,3.5,NA,removed
HKG,DSD,NA,2007,s_lat_n,NA,3.5,added
HKG,DSD,Admin,2007,s_lat_u,3.5,NA,removed
HKG,DSD,NA,2007,s_lat_u,NA,3.5,added
HKG,DSD,Admin,2007,s_sew_n,93,NA,removed
HKG,DSD,NA,2007,s_sew_n,NA,93,added
HKG,DSD,Admin,2007,s_sew_u,93,NA,removed
HKG,DSD,NA,2007,s_sew_u,NA,93,added
HKG,DSD,Admin,2008,s_imp_n,96.5,NA,removed
HKG,DSD,NA,2008,s_imp_n,NA,96.5,added
HKG,DSD,Admin,2008,s_imp_u,96.5,NA,removed
HKG,DSD,NA,2008,s_imp_u,NA,96.5,added
HKG,DSD,Admin,2008,s_lat_n,3.5,NA,removed
HKG,DSD,NA,2008,s_lat_n,NA,3.5,added
HKG,DSD,Admin,2008,s_lat_u,3.5,NA,removed
HKG,DSD,NA,2008,s_lat_u,NA,3.5,added
HKG,DSD,Admin,2008,s_sew_n,93,NA,removed
HKG,DSD,NA,2008,s_sew_n,NA,93,added
HKG,DSD,Admin,2008,s_sew_u,93,NA,removed
HKG,DSD,NA,2008,s_sew_u,NA,93,added
HKG,DSD,Admin,2009,s_imp_n,96.5,NA,removed
HKG,DSD,NA,2009,s_imp_n,NA,96.5,added
HKG,DSD,Admin,2009,s_imp_u,96.5,NA,removed
HKG,DSD,NA,2009,s_imp_u,NA,96.5,added
HKG,DSD,Admin,2009,s_lat_n,3.5,NA,removed
HKG,DSD,NA,2009,s_lat_n,NA,3.5,added
HKG,DSD,Admin,2009,s_lat_u,3.5,NA,removed
HKG,DSD,NA,2009,s_lat_u,NA,3.5,added
HKG,DSD,Admin,2009,s_sew_n,93,NA,removed
HKG,DSD,NA,2009,s_sew_n,NA,93,added
HKG,DSD,Admin,2009,s_sew_u,93,NA,removed
HKG,DSD,NA,2009,s_sew_u,NA,93,added
HKG,DSD,Admin,2010,s_imp_n,96.5,NA,removed
HKG,DSD,NA,2010,s_imp_n,NA,96.5,added
HKG,DSD,Admin,2010,s_imp_u,96.5,NA,removed
HKG,DSD,NA,2010,s_imp_u,NA,96.5,added
HKG,DSD,Admin,2010,s_lat_n,3.5,NA,removed
HKG,DSD,NA,2010,s_lat_n,NA,3.5,added
HKG,DSD,Admin,2010,s_lat_u,3.5,NA,removed
HKG,DSD,NA,2010,s_lat_u,NA,3.5,added
HKG,DSD,Admin,2010,s_sew_n,93,NA,removed
HKG,DSD,NA,2010,s_sew_n,NA,93,added
HKG,DSD,Admin,2010,s_sew_u,93,NA,removed
HKG,DSD,NA,2010,s_sew_u,NA,93,added
HKG,DSD,Admin,2011,s_imp_n,96.5,NA,removed
HKG,DSD,NA,2011,s_imp_n,NA,96.5,added
HKG,DSD,Admin,2011,s_imp_u,96.5,NA,removed
HKG,DSD,NA,2011,s_imp_u,NA,96.5,added
HKG,DSD,Admin,2011,s_lat_n,3.5,NA,removed
HKG,DSD,NA,2011,s_lat_n,NA,3.5,added
HKG,DSD,Admin,2011,s_lat_u,3.5,NA,removed
HKG,DSD,NA,2011,s_lat_u,NA,3.5,added
HKG,DSD,Admin,2011,s_sew_n,93,NA,removed
HKG,DSD,NA,2011,s_sew_n,NA,93,added
HKG,DSD,Admin,2011,s_sew_u,93,NA,removed
HKG,DSD,NA,2011,s_sew_u,NA,93,added
HKG,DSD,Admin,2012,s_imp_n,96.5,NA,removed
HKG,DSD,NA,2012,s_imp_n,NA,96.5,added
HKG,DSD,Admin,2012,s_imp_u,96.5,NA,removed
HKG,DSD,NA,2012,s_imp_u,NA,96.5,added
HKG,DSD,Admin,2012,s_lat_n,3.5,NA,removed
HKG,DSD,NA,2012,s_lat_n,NA,3.5,added
HKG,DSD,Admin,2012,s_lat_u,3.5,NA,removed
HKG,DSD,NA,2012,s_lat_u,NA,3.5,added
HKG,DSD,Admin,2012,s_sew_n,93,NA,removed
HKG,DSD,NA,2012,s_sew_n,NA,93,added
HKG,DSD,Admin,2012,s_sew_u,93,NA,removed
HKG,DSD,NA,2012,s_sew_u,NA,93,added
HKG,DSD,Admin,2013,s_imp_n,96.5,NA,removed
HKG,DSD,NA,2013,s_imp_n,NA,96.5,added
HKG,DSD,Admin,2013,s_imp_u,96.5,NA,removed
HKG,DSD,NA,2013,s_imp_u,NA,96.5,added
HKG,DSD,Admin,2013,s_lat_n,3.5,NA,removed
HKG,DSD,NA,2013,s_lat_n,NA,3.5,added
HKG,DSD,Admin,2013,s_lat_u,3.5,NA,removed
HKG,DSD,NA,2013,s_lat_u,NA,3.5,added
HKG,DSD,Admin,2013,s_sew_n,93,NA,removed
HKG,DSD,NA,2013,s_sew_n,NA,93,added
HKG,DSD,Admin,2013,s_sew_u,93,NA,removed
HKG,DSD,NA,2013,s_sew_u,NA,93,added
HKG,DSD,Admin,2014,s_imp_n,96.5,NA,removed
HKG,DSD,NA,2014,s_imp_n,NA,96.5,added
HKG,DSD,Admin,2014,s_imp_u,96.5,NA,removed
HKG,DSD,NA,2014,s_imp_u,NA,96.5,added
HKG,DSD,Admin,2014,s_lat_n,3.5,NA,removed
HKG,DSD,NA,2014,s_lat_n,NA,3.5,added
HKG,DSD,Admin,2014,s_lat_u,3.5,NA,removed
HKG,DSD,NA,2014,s_lat_u,NA,3.5,added
HKG,DSD,Admin,2014,s_sew_n,93,NA,removed
HKG,DSD,NA,2014,s_sew_n,NA,93,added
HKG,DSD,Admin,2014,s_sew_u,93,NA,removed
HKG,DSD,NA,2014,s_sew_u,NA,93,added
HKG,DSD,NA,2015,s_imp_n,NA,96.7,added
HKG,DSD,NA,2015,s_imp_u,NA,96.7,added
HKG,DSD,NA,2015,s_lat_n,NA,3.299999999999997,added
HKG,DSD,NA,2015,s_lat_u,NA,3.299999999999997,added
HKG,DSD,NA,2015,s_sew_n,NA,93.4,added
HKG,DSD,NA,2015,s_sew_u,NA,93.4,added
HKG,DSD,Admin,2015,s_treat_wtp_n,76.95351137487637,NA,removed
HKG,DSD,NA,2015,s_treat_wtp_n,NA,76.95351137487637,added
HKG,DSD,Admin,2015,s_treat_wtp_u,76.95351137487637,NA,removed
HKG,DSD,NA,2015,s_treat_wtp_u,NA,76.95351137487637,added
HKG,DSD,Admin,2016,s_treat_wtp_n,85.79940417080437,NA,removed
HKG,DSD,NA,2016,s_treat_wtp_n,NA,85.79940417080437,added
HKG,DSD,Admin,2016,s_treat_wtp_u,85.79940417080437,NA,removed
HKG,DSD,NA,2016,s_treat_wtp_u,NA,85.79940417080437,added
HKG,DSD,Admin,2017,s_imp_n,96.75,NA,removed
HKG,DSD,NA,2017,s_imp_n,NA,96.75,added
HKG,DSD,Admin,2017,s_imp_u,96.75,NA,removed
HKG,DSD,NA,2017,s_imp_u,NA,96.75,added
HKG,DSD,Admin,2017,s_lat_n,3.25,NA,removed
HKG,DSD,NA,2017,s_lat_n,NA,3.25,added
HKG,DSD,Admin,2017,s_lat_u,3.25,NA,removed
HKG,DSD,NA,2017,s_lat_u,NA,3.25,added
HKG,DSD,Admin,2017,s_sew_n,93.5,NA,removed
HKG,DSD,NA,2017,s_sew_n,NA,93.5,added
HKG,DSD,Admin,2017,s_sew_u,93.5,NA,removed
HKG,DSD,NA,2017,s_sew_u,NA,93.5,added
HKG,DSD,Admin,2017,s_treat_wtp_n,95.56389162561575,NA,removed
HKG,DSD,NA,2017,s_treat_wtp_n,NA,95.56389162561575,added
HKG,DSD,Admin,2017,s_treat_wtp_u,95.56389162561575,NA,removed
HKG,DSD,NA,2017,s_treat_wtp_u,NA,95.56389162561575,added
HKG,DSD,Admin,2018,s_imp_n,96.75,NA,removed
HKG,DSD,NA,2018,s_imp_n,NA,96.75,added
HKG,DSD,Admin,2018,s_imp_u,96.75,NA,removed
HKG,DSD,NA,2018,s_imp_u,NA,96.75,added
HKG,DSD,Admin,2018,s_lat_n,3.25,NA,removed
HKG,DSD,NA,2018,s_lat_n,NA,3.25,added
HKG,DSD,Admin,2018,s_lat_u,3.25,NA,removed
HKG,DSD,NA,2018,s_lat_u,NA,3.25,added
HKG,DSD,Admin,2018,s_sew_n,93.5,NA,removed
HKG,DSD,NA,2018,s_sew_n,NA,93.5,added
HKG,DSD,Admin,2018,s_sew_u,93.5,NA,removed
HKG,DSD,NA,2018,s_sew_u,NA,93.5,added
HKG,DSD,Admin,2018,s_treat_wtp_n,93.74379344587884,NA,removed
HKG,DSD,NA,2018,s_treat_wtp_n,NA,93.74379344587884,added
HKG,DSD,Admin,2018,s_treat_wtp_u,93.74379344587884,NA,removed
HKG,DSD,NA,2018,s_treat_wtp_u,NA,93.74379344587884,added
HKG,DSD,NA,2019,s_imp_n,NA,93.6,added
HKG,DSD,NA,2019,s_imp_u,NA,93.6,added
HKG,DSD,NA,2019,s_sew_n,NA,93.6,added
HKG,DSD,NA,2019,s_sew_u,NA,93.6,added
HKG,DSD,Admin,2019,s_treat_wtp_n,92.1,NA,removed
HKG,DSD,NA,2019,s_treat_wtp_n,NA,92.1,added
HKG,DSD,Admin,2019,s_treat_wtp_u,92.1,NA,removed
HKG,DSD,NA,2019,s_treat_wtp_u,NA,92.1,added
HKG,DSD,NA,2020,s_imp_n,NA,93.7,added
HKG,DSD,NA,2020,s_imp_u,NA,93.7,added
HKG,DSD,NA,2020,s_sew_n,NA,93.7,added
HKG,DSD,NA,2020,s_sew_u,NA,93.7,added
HKG,DSD,NA,2020,s_treat_wtp_n,NA,94.68686302732884,added
HKG,DSD,NA,2020,s_treat_wtp_u,NA,94.68686302732884,added
HKG,DSD,NA,2021,s_imp_n,NA,93.8,added
HKG,DSD,NA,2021,s_imp_u,NA,93.8,added
HKG,DSD,NA,2021,s_sew_n,NA,93.8,added
HKG,DSD,NA,2021,s_sew_u,NA,93.8,added
HKG,DSD,NA,2021,s_treat_wtp_n,NA,97.50991246384584,added
HKG,DSD,NA,2021,s_treat_wtp_u,NA,97.50991246384584,added
HKG,DSD,NA,2022,s_imp_n,NA,96.9,added
HKG,DSD,NA,2022,s_imp_u,NA,96.9,added
HKG,DSD,NA,2022,s_lat_n,NA,3.1000000000000085,added
HKG,DSD,NA,2022,s_lat_u,NA,3.1000000000000085,added
HKG,DSD,NA,2022,s_sew_n,NA,93.8,added
HKG,DSD,NA,2022,s_sew_u,NA,93.8,added
HKG,DSD,NA,2022,s_treat_wtp_n,NA,99.59472759905049,added
HKG,DSD,NA,2022,s_treat_wtp_u,NA,99.59472759905049,added
HND,CREW,Survey,2010,s_sew_rtp_n,NA,38.2,added
HND,CREW,Survey,2010,s_sew_rtp_u,NA,38.2,added
HND,CREW,Survey,2010,s_treat_wtp_n,38.2,NA,removed
HND,CREW,Survey,2010,s_treat_wtp_u,38.2,NA,removed
HND,ERSAPS,Admin,2015,s_imp_r,80.62787639710588,NA,removed
HND,EPHPM,Survey,2015,s_imp_r,NA,80.62787639710588,added
HND,ERSAPS,Admin,2015,s_imp_u,94.46863077008403,NA,removed
HND,EPHPM,Survey,2015,s_imp_u,NA,94.46863077008403,added
HND,ERSAPS,Admin,2015,s_lat_r,43.54700854700776,NA,removed
HND,EPHPM,Survey,2015,s_lat_r,NA,43.54700854700776,added
HND,ERSAPS,Admin,2015,s_lat_u,15.045134811563386,NA,removed
HND,EPHPM,Survey,2015,s_lat_u,NA,15.045134811563386,added
HND,ERSAPS,Admin,2015,s_od_r,15.023011176858642,NA,removed
HND,EPHPM,Survey,2015,s_od_r,NA,15.023011176858642,added
HND,ERSAPS,Admin,2015,s_od_u,3.065916314449698,NA,removed
HND,EPHPM,Survey,2015,s_od_u,NA,3.065916314449698,added
HND,ERSAPS,Admin,2015,s_sep_r,29.29322813938155,NA,removed
HND,EPHPM,Survey,2015,s_sep_r,NA,29.29322813938155,added
HND,ERSAPS,Admin,2015,s_sep_u,20.262004038090954,NA,removed
HND,EPHPM,Survey,2015,s_sep_u,NA,20.262004038090954,added
HND,ERSAPS,Admin,2015,s_sew_r,7.78763971071657,NA,removed
HND,EPHPM,Survey,2015,s_sew_r,NA,7.78763971071657,added
HND,ERSAPS,Admin,2015,s_sew_u,59.1614919204297,NA,removed
HND,EPHPM,Survey,2015,s_sew_u,NA,59.1614919204297,added
HND,ERSAPS,Admin,2016,s_imp_r,81.33629191321361,NA,removed
HND,EPHPM,Survey,2016,s_imp_r,NA,81.33629191321361,added
HND,ERSAPS,Admin,2016,s_imp_u,94.51725495912248,NA,removed
HND,EPHPM,Survey,2016,s_imp_u,NA,94.51725495912248,added
HND,ERSAPS,Admin,2016,s_lat_r,40.39283366206363,NA,removed
HND,EPHPM,Survey,2016,s_lat_r,NA,40.39283366206363,added
HND,ERSAPS,Admin,2016,s_lat_u,12.128250735647327,NA,removed
HND,EPHPM,Survey,2016,s_lat_u,NA,12.128250735647327,added
HND,ERSAPS,Admin,2016,s_od_r,13.714661406970544,NA,removed
HND,EPHPM,Survey,2016,s_od_r,NA,13.714661406970544,added
HND,ERSAPS,Admin,2016,s_od_u,2.356161260571912,NA,removed
HND,EPHPM,Survey,2016,s_od_u,NA,2.356161260571912,added
HND,ERSAPS,Admin,2016,s_sep_r,34.142011834319035,NA,removed
HND,EPHPM,Survey,2016,s_sep_r,NA,34.142011834319035,added
HND,ERSAPS,Admin,2016,s_sep_u,18.942921981079905,NA,removed
HND,EPHPM,Survey,2016,s_sep_u,NA,18.942921981079905,added
HND,ERSAPS,Admin,2016,s_sew_r,6.801446416830951,NA,removed
HND,EPHPM,Survey,2016,s_sew_r,NA,6.801446416830951,added
HND,ERSAPS,Admin,2016,s_sew_u,63.44608224239524,NA,removed
HND,EPHPM,Survey,2016,s_sew_u,NA,63.44608224239524,added
HND,MICS,Survey,2019,s_imp_r,NA,85.91538999999999,added
HND,MICS,Survey,2019,s_imp_u,NA,96.71472,added
HND,MICS,Survey,2019,s_lat_ebo_r,NA,0.84338,added
HND,MICS,Survey,2019,s_lat_ebo_u,NA,1.57569,added
HND,MICS,Survey,2019,s_lat_edl_r,NA,0.14886,added
HND,MICS,Survey,2019,s_lat_edl_u,NA,0.91171,added
HND,MICS,Survey,2019,s_lat_ero_r,NA,0.15363,added
HND,MICS,Survey,2019,s_lat_ero_u,NA,0.44697,added
HND,MICS,Survey,2019,s_lat_nemp_r,NA,98.85413,added
HND,MICS,Survey,2019,s_lat_nemp_u,NA,97.06562,added
HND,MICS,Survey,2019,s_od_r,NA,12.61508,added
HND,MICS,Survey,2019,s_od_u,NA,1.88127,added
HND,MICS,Survey,2019,s_sep_ebo_r,NA,0.52918,added
HND,MICS,Survey,2019,s_sep_ebo_u,NA,0.4777,added
HND,MICS,Survey,2019,s_sep_edl_r,NA,0.60843,added
HND,MICS,Survey,2019,s_sep_edl_u,NA,0.92654,added
HND,MICS,Survey,2019,s_sep_ero_r,NA,1.03261,added
HND,MICS,Survey,2019,s_sep_ero_u,NA,2.24516,added
HND,MICS,Survey,2019,s_sep_nemp_r,NA,97.82978,added
HND,MICS,Survey,2019,s_sep_nemp_u,NA,96.35059,added
HND,MICS,Survey,2019,s_sew_r,NA,5.68524,added
HND,MICS,Survey,2019,s_sew_u,NA,64.9526,added
HND,MICS,Survey,2019,s_shared_r,NA,9.05622,added
HND,MICS,Survey,2019,s_shared_u,NA,9.12319,added
HND,EPHPM,Survey,2020,s_imp_r,NA,74.6151458721313,added
HND,EPHPM,Survey,2020,s_imp_u,NA,93.36737148071174,added
HND,EPHPM,Survey,2020,s_lat_r,NA,41.964618249535775,added
HND,EPHPM,Survey,2020,s_lat_u,NA,10.229096469973657,added
HND,EPHPM,Survey,2020,s_od_r,NA,17.281191806329097,added
HND,EPHPM,Survey,2020,s_od_u,NA,1.9504341982863969,added
HND,EPHPM,Survey,2020,s_sep_r,NA,28.21229050279399,added
HND,EPHPM,Survey,2020,s_sep_u,NA,14.86701304235667,added
HND,EPHPM,Survey,2020,s_sew_r,NA,4.438237119801528,added
HND,EPHPM,Survey,2020,s_sew_u,NA,68.27126196838141,added
HND,EPHPM,Survey,2021,s_imp_r,NA,85.25210084033455,added
HND,EPHPM,Survey,2021,s_imp_u,NA,94.05631469876806,added
HND,EPHPM,Survey,2021,s_lat_r,NA,45.462184873949056,added
HND,EPHPM,Survey,2021,s_lat_u,NA,9.531602607599922,added
HND,EPHPM,Survey,2021,s_od_r,NA,10.0000000000017,added
HND,EPHPM,Survey,2021,s_od_u,NA,1.857102543725973,added
HND,EPHPM,Survey,2021,s_sep_r,NA,35.88235294117551,added
HND,EPHPM,Survey,2021,s_sep_u,NA,22.371045787477545,added
HND,EPHPM,Survey,2021,s_sew_r,NA,3.9075630252099818,added
HND,EPHPM,Survey,2021,s_sew_u,NA,62.1536663036906,added
HND,EPHPM,Survey,2022,s_imp_r,NA,82.43875,added
HND,EPHPM,Survey,2022,s_imp_u,NA,94.11518,added
HND,EPHPM,Survey,2022,s_lat_r,NA,42.77161,added
HND,EPHPM,Survey,2022,s_lat_u,NA,8.356610000000003,added
HND,EPHPM,Survey,2022,s_od_r,NA,10.62208,added
HND,EPHPM,Survey,2022,s_od_u,NA,1.13541,added
HND,EPHPM,Survey,2022,s_sep_r,NA,34.1286,added
HND,EPHPM,Survey,2022,s_sep_u,NA,21.782960000000003,added
HND,EPHPM,Survey,2022,s_sew_r,NA,5.53854,added
HND,EPHPM,Survey,2022,s_sew_u,NA,63.97561,added
HND,EPHPM,Survey,2022,s_shared_r,NA,4.301808730302919,added
HND,EPHPM,Survey,2022,s_shared_u,NA,5.3142349509088325,added
HND,EPHPM,Survey,2023,s_imp_r,NA,79.56069000000001,added
HND,EPHPM,Survey,2023,s_imp_u,NA,92.86847,added
HND,EPHPM,Survey,2023,s_lat_r,NA,34.971610000000005,added
HND,EPHPM,Survey,2023,s_lat_u,NA,5.60587000000001,added
HND,EPHPM,Survey,2023,s_od_r,NA,8.88528,added
HND,EPHPM,Survey,2023,s_od_u,NA,1.65717,added
HND,EPHPM,Survey,2023,s_sep_r,NA,40.42179,added
HND,EPHPM,Survey,2023,s_sep_u,NA,26.10174,added
HND,EPHPM,Survey,2023,s_sew_r,NA,4.16729,added
HND,EPHPM,Survey,2023,s_sew_u,NA,61.16086,added
HND,EPHPM,Survey,2023,s_shared_r,NA,4.654495836825219,added
HND,EPHPM,Survey,2023,s_shared_u,NA,4.183375532701757,added
HRV,WHS,Survey,2003,s_imp_r,98.26000000000002,98.67477,changed
HRV,WHS,Survey,2003,s_imp_u,99.27,99.42884,changed
HRV,WHS,Survey,2003,s_lat_r,7.550000000000011,6.088769999999997,changed
HRV,WHS,Survey,2003,s_lat_u,3.269999999999996,2.219210000000004,changed
HRV,WHS,Survey,2003,s_od_r,NA,0.36188,added
HRV,WHS,Survey,2003,s_od_u,NA,0.13402,added
HRV,WHS,Survey,2003,s_sep_r,61.45000000000001,65.75654,changed
HRV,WHS,Survey,2003,s_sep_u,16.67,18.12811,changed
HRV,WHS,Survey,2003,s_sew_r,29.26,26.82946,changed
HRV,WHS,Survey,2003,s_sew_u,79.33,79.08152,changed
HRV,WHS,Survey,2003,s_shared_r,NA,0.55612,added
HRV,WHS,Survey,2003,s_shared_u,NA,0.47648,added
HRV,CEN,Census,2011,s_imp_r,NA,93.64656,added
HRV,CEN,Census,2011,s_imp_u,NA,99.52832,added
HRV,ES,Admin,2011,s_sew_rtp_n,NA,98.3,added
HRV,ES,Admin,2011,s_treat_wtp_n,96.88644688644688,100,changed
HRV,EU SILC,Survey,2012,s_imp_r,97.95,NA,removed
HRV,EUSILC,Survey,2012,s_imp_r,NA,97.95,added
HRV,EU SILC,Survey,2012,s_imp_u,99,NA,removed
HRV,EUSILC,Survey,2012,s_imp_u,NA,99,added
HRV,ES,Admin,2012,s_sew_rtp_n,NA,98.3,added
HRV,EU SILC,Survey,2012,s_shared_r,3.64963503649635,NA,removed
HRV,EUSILC,Survey,2012,s_shared_r,NA,3.64963503649635,added
HRV,EU SILC,Survey,2012,s_shared_u,1.6326530612244898,NA,removed
HRV,EUSILC,Survey,2012,s_shared_u,NA,1.6326530612244898,added
HRV,ES,Admin,2012,s_treat_wtp_n,96.88644688644688,100,changed
HRV,EU SILC,Survey,2013,s_imp_r,98.45,NA,removed
HRV,EUSILC,Survey,2013,s_imp_r,NA,98.45,added
HRV,EU SILC,Survey,2013,s_imp_u,99.5,NA,removed
HRV,EUSILC,Survey,2013,s_imp_u,NA,99.5,added
HRV,ES,Admin,2013,s_sew_rtp_n,NA,98.3,added
HRV,ES,Admin,2013,s_treat_wtp_n,96.88644688644688,100,changed
HRV,EU SILC,Survey,2014,s_imp_r,98.35,NA,removed
HRV,EUSILC,Survey,2014,s_imp_r,NA,98.35,added
HRV,EU SILC,Survey,2014,s_imp_u,99.5,NA,removed
HRV,EUSILC,Survey,2014,s_imp_u,NA,99.5,added
HRV,ES,Admin,2014,s_sew_rtp_n,NA,98.3,added
HRV,ES,Admin,2014,s_treat_wtp_n,96.88644688644688,100,changed
HRV,EU SILC,Survey,2015,s_imp_r,98.6,NA,removed
HRV,EUSILC,Survey,2015,s_imp_r,NA,98.6,added
HRV,EU SILC,Survey,2015,s_imp_u,99.55,NA,removed
HRV,EUSILC,Survey,2015,s_imp_u,NA,99.55,added
HRV,ES,Admin,2015,s_sew_rtp_n,NA,98.3,added
HRV,ES,Admin,2015,s_treat_wtp_n,96.88644688644688,100,changed
HRV,ES,Admin,2016,s_sew_rtp_n,NA,98.3,added
HRV,ES,Admin,2016,s_treat_wtp_n,96.88644688644688,100,changed
HRV,ES,Admin,2017,s_sew_rtp_n,NA,98.3,added
HRV,ES,Admin,2017,s_treat_wtp_n,96.88644688644688,100,changed
HRV,ES,Admin,2018,s_sew_rtp_n,NA,98.3,added
HRV,ES,Admin,2018,s_treat_wtp_n,NA,100,added
HRV,ES,Admin,2019,s_sew_rtp_n,NA,98.3,added
HRV,CC,Other,2019,s_treat_wtp_n,74.00000000000001,100,changed
HRV,ES,Admin,2019,s_treat_wtp_n,NA,100,added
HRV,ES,Admin,2020,s_sew_rtp_n,NA,98.3,added
HRV,ES,Admin,2020,s_treat_wtp_n,NA,100,added
HRV,ES,Admin,2021,s_lat_ero_n,NA,100,added
HRV,ES,Admin,2021,s_sew_rtp_n,NA,89.34,added
HRV,ES,Admin,2021,s_treat_wtp_n,NA,100,added
HTI,HFPS,Survey,2022,s_imp_r,NA,34.33006,added
HTI,HFPS,Survey,2022,s_imp_u,NA,45.64106,added
HTI,HFPS,Survey,2023,s_imp_r,NA,36.66019,added
HTI,HFPS,Survey,2023,s_imp_u,NA,48.81429,added
HUN,CSO,Admin,2000,s_sew_r,NA,16.6,added
HUN,CSO,Admin,2000,s_sew_rtp_n,NA,90.33123738415289,added
HUN,CSO,Admin,2000,s_sew_u,NA,69.8,added
HUN,CSO,Admin,2000,s_treat_fstp_n,NA,64.75111040993137,added
HUN,CSO,Admin,2000,s_treat_wtp_n,NA,64.75111040993137,added
HUN,CEN,Census,2001,s_imp_r,NA,100,added
HUN,CEN,Census,2001,s_imp_u,NA,100,added
HUN,CEN,Census,2001,s_sep_r,NA,65.4033590272892,added
HUN,CEN,Census,2001,s_sep_u,NA,28.335778653193845,added
HUN,CSO,Admin,2001,s_sew_r,NA,20.2,added
HUN,CEN,Census,2001,s_sew_r,NA,15.507002483491354,added
HUN,CSO,Admin,2001,s_sew_rtp_n,NA,92.42888018519128,added
HUN,CSO,Admin,2001,s_sew_u,NA,69.9,added
HUN,CEN,Census,2001,s_sew_u,NA,65.01693479028785,added
HUN,CSO,Admin,2001,s_treat_fstp_n,NA,58.84564702040925,added
HUN,CSO,Admin,2001,s_treat_wtp_n,NA,58.84564702040925,added
HUN,CSO,Admin,2002,s_sew_r,NA,23.2,added
HUN,CSO,Admin,2002,s_sew_rtp_n,NA,93.61904571493312,added
HUN,CSO,Admin,2002,s_sew_u,NA,72.2,added
HUN,CSO,Admin,2002,s_treat_fstp_n,NA,62.35981622524672,added
HUN,CSO,Admin,2002,s_treat_wtp_n,NA,62.35981622524672,added
HUN,CSO,Admin,2003,s_sew_r,NA,27.4,added
HUN,CSO,Admin,2003,s_sew_rtp_n,NA,92.99278969760914,added
HUN,CSO,Admin,2003,s_sew_u,NA,74.7,added
HUN,CSO,Admin,2003,s_treat_fstp_n,NA,70.82656479244642,added
HUN,CSO,Admin,2003,s_treat_wtp_n,NA,70.82656479244642,added
HUN,CSO,Admin,2004,s_sew_r,NA,31.9,added
HUN,CSO,Admin,2004,s_sew_rtp_n,NA,96.12145452092754,added
HUN,CSO,Admin,2004,s_sew_u,NA,76.9,added
HUN,CSO,Admin,2004,s_treat_fstp_n,NA,69.19310265544333,added
HUN,CSO,Admin,2004,s_treat_wtp_n,NA,69.19310265544333,added
HUN,CSO,Admin,2005,s_sew_r,NA,34.7,added
HUN,ES,Admin,2005,s_sew_rtp_n,NA,95.8,added
HUN,CSO,Admin,2005,s_sew_rtp_n,NA,95.29199202807858,added
HUN,CSO,Admin,2005,s_sew_u,NA,79,added
HUN,CSO,Admin,2005,s_treat_fstp_n,NA,68.80405169440121,added
HUN,CSO,Admin,2005,s_treat_wtp_n,NA,68.80405169440121,added
HUN,CSO,Admin,2006,s_sew_r,NA,36.7,added
HUN,ES,Admin,2006,s_sew_rtp_n,NA,95.9,added
HUN,CSO,Admin,2006,s_sew_rtp_n,NA,94.4748259925816,added
HUN,CSO,Admin,2006,s_sew_u,NA,81.1,added
HUN,CSO,Admin,2006,s_treat_fstp_n,NA,71.46436042017402,added
HUN,CSO,Admin,2006,s_treat_wtp_n,NA,71.46436042017402,added
HUN,CSO,Admin,2007,s_sew_r,NA,39.737319142615505,added
HUN,ES,Admin,2007,s_sew_rtp_n,NA,96.6,added
HUN,CSO,Admin,2007,s_sew_rtp_n,NA,95.70954208867978,added
HUN,CSO,Admin,2007,s_sew_u,NA,83.21188216384267,added
HUN,CSO,Admin,2007,s_treat_fstp_n,NA,74.92220388502086,added
HUN,CSO,Admin,2007,s_treat_wtp_n,NA,74.92220388502086,added
HUN,CSO,Admin,2008,s_sew_r,NA,41.10580152378759,added
HUN,ES,Admin,2008,s_sew_rtp_n,NA,96.7,added
HUN,CSO,Admin,2008,s_sew_rtp_n,NA,95.88287313445228,added
HUN,CSO,Admin,2008,s_sew_u,NA,83.97844509211532,added
HUN,CSO,Admin,2008,s_treat_fstp_n,NA,73.86529482268699,added
HUN,ES,Admin,2008,s_treat_wtp_n,73.85524372230428,70.4225352112676,changed
HUN,CSO,Admin,2008,s_treat_wtp_n,NA,73.86529482268699,added
HUN,CSO,Admin,2009,s_sew_r,NA,42.31730864442024,added
HUN,ES,Admin,2009,s_sew_rtp_n,NA,96.7,added
HUN,CSO,Admin,2009,s_sew_rtp_n,NA,95.93650323181146,added
HUN,CSO,Admin,2009,s_sew_u,NA,84.67430478316555,added
HUN,CSO,Admin,2009,s_treat_fstp_n,NA,75.66393721378279,added
HUN,CSO,Admin,2009,s_treat_wtp_n,NA,75.66393721378279,added
HUN,CSO,Admin,2010,s_sew_r,NA,43.17318263351785,added
HUN,ES,Admin,2010,s_sew_rtp_n,NA,99.4,added
HUN,CSO,Admin,2010,s_sew_rtp_n,NA,99.46728465984012,added
HUN,CSO,Admin,2010,s_sew_u,NA,84.6647318182116,added
HUN,CSO,Admin,2010,s_treat_fstp_n,NA,96.81817762900975,added
HUN,CSO,Admin,2010,s_treat_wtp_n,NA,96.81817762900975,added
HUN,CEN,Census,2011,s_imp_r,NA,100,added
HUN,CEN,Census,2011,s_imp_u,NA,100,added
HUN,CEN,Census,2011,s_sep_r,NA,45.123602878200735,added
HUN,CEN,Census,2011,s_sep_u,NA,14.91395546144376,added
HUN,CSO,Admin,2011,s_sew_r,NA,43.4,added
HUN,CEN,Census,2011,s_sew_r,NA,47.09422571075056,added
HUN,ES,Admin,2011,s_sew_rtp_n,NA,99.6,added
HUN,CSO,Admin,2011,s_sew_rtp_n,NA,99.65117174300782,added
HUN,CSO,Admin,2011,s_sew_u,NA,84.7,added
HUN,CEN,Census,2011,s_sew_u,NA,82.78584317356292,added
HUN,CSO,Admin,2011,s_treat_fstp_n,NA,98.08347402765328,added
HUN,ES,Admin,2011,s_treat_wtp_n,97.3901098901099,98.06362378976488,changed
HUN,CSO,Admin,2011,s_treat_wtp_n,NA,98.08347402765328,added
HUN,EU SILC,Admin,2012,s_imp_r,100,NA,removed
HUN,EUSILC,Admin,2012,s_imp_r,NA,100,added
HUN,EU SILC,Admin,2012,s_imp_u,100,NA,removed
HUN,EUSILC,Admin,2012,s_imp_u,NA,100,added
HUN,CSO,Admin,2012,s_sew_r,NA,46.7,added
HUN,ES,Admin,2012,s_sew_rtp_n,NA,98.9,added
HUN,CSO,Admin,2012,s_sew_rtp_n,NA,98.55849871790043,added
HUN,CSO,Admin,2012,s_sew_u,NA,85,added
HUN,EU SILC,Admin,2012,s_shared_r,1.4301430143014304,NA,removed
HUN,EUSILC,Admin,2012,s_shared_r,NA,1.4301430143014304,added
HUN,EU SILC,Admin,2012,s_shared_u,2.2448979591836737,NA,removed
HUN,EUSILC,Admin,2012,s_shared_u,NA,2.2448979591836737,added
HUN,CSO,Admin,2012,s_treat_fstp_n,NA,99.8000284575783,added
HUN,CSO,Admin,2012,s_treat_wtp_n,NA,99.8000284575783,added
HUN,EU SILC,Admin,2013,s_imp_r,100,NA,removed
HUN,EUSILC,Admin,2013,s_imp_r,NA,100,added
HUN,EU SILC,Admin,2013,s_imp_u,100,NA,removed
HUN,EUSILC,Admin,2013,s_imp_u,NA,100,added
HUN,CSO,Admin,2013,s_sew_r,NA,47.85200644708022,added
HUN,ES,Admin,2013,s_sew_rtp_n,NA,97.77,added
HUN,CSO,Admin,2013,s_sew_rtp_n,NA,97.02216747378966,added
HUN,CSO,Admin,2013,s_sew_u,NA,85.83642929120079,added
HUN,CSO,Admin,2013,s_treat_fstp_n,NA,99.8837506066337,added
HUN,ES,Admin,2013,s_treat_wtp_n,99.83516483516485,99.89004947773503,changed
HUN,CSO,Admin,2013,s_treat_wtp_n,NA,99.8837506066337,added
HUN,EU SILC,Admin,2014,s_imp_r,100,NA,removed
HUN,EUSILC,Admin,2014,s_imp_r,NA,100,added
HUN,EU SILC,Admin,2014,s_imp_u,100,NA,removed
HUN,EUSILC,Admin,2014,s_imp_u,NA,100,added
HUN,CSO,Admin,2014,s_sew_r,NA,50.23702227371204,added
HUN,ES,Admin,2014,s_sew_rtp_n,NA,96.95,added
HUN,CSO,Admin,2014,s_sew_rtp_n,NA,96.0258991720843,added
HUN,CSO,Admin,2014,s_sew_u,NA,86.75312519969076,added
HUN,CSO,Admin,2014,s_treat_fstp_n,NA,99.86530950318394,added
HUN,CSO,Admin,2014,s_treat_wtp_n,NA,99.86530950318394,added
HUN,EU SILC,Admin,2015,s_imp_r,100,NA,removed
HUN,EUSILC,Admin,2015,s_imp_r,NA,100,added
HUN,EU SILC,Admin,2015,s_imp_u,100,NA,removed
HUN,EUSILC,Admin,2015,s_imp_u,NA,100,added
HUN,CSO,Admin,2015,s_sew_r,NA,54.024922510425235,added
HUN,ES,Admin,2015,s_sew_rtp_n,NA,98.03,added
HUN,CSO,Admin,2015,s_sew_rtp_n,NA,97.4932308659177,added
HUN,CSO,Admin,2015,s_sew_u,NA,87.95025813501479,added
HUN,CSO,Admin,2015,s_treat_fstp_n,NA,99.84548708814496,added
HUN,CSO,Admin,2015,s_treat_wtp_n,NA,99.84548708814496,added
HUN,MCEN,Census,2016,s_sew_r,NA,92.2,added
HUN,CSO,Admin,2016,s_sew_r,NA,58.69115111296896,added
HUN,ES,Admin,2016,s_sew_rtp_n,NA,97.52,added
HUN,CSO,Admin,2016,s_sew_rtp_n,NA,96.9306737183417,added
HUN,MCEN,Census,2016,s_sew_u,NA,97.4,added
HUN,CSO,Admin,2016,s_sew_u,NA,89.04829981395409,added
HUN,CSO,Admin,2016,s_treat_fstp_n,NA,99.91318188634456,added
HUN,CSO,Admin,2016,s_treat_wtp_n,NA,99.91318188634456,added
HUN,CSO,Admin,2017,s_sew_r,NA,59.58170009208628,added
HUN,ES,Admin,2017,s_sew_rtp_n,NA,97.82,added
HUN,CSO,Admin,2017,s_sew_rtp_n,NA,97.32445943940256,added
HUN,CSO,Admin,2017,s_sew_u,NA,89.68946252998506,added
HUN,CSO,Admin,2017,s_treat_fstp_n,NA,99.90843037193297,added
HUN,ES,Admin,2017,s_treat_wtp_n,99.91169420966318,99.91160500063138,changed
HUN,CC,Admin,2017,s_treat_wtp_n,99.90559585049232,NA,removed
HUN,CSO,Admin,2017,s_treat_wtp_n,NA,99.90843037193297,added
HUN,CSO,Admin,2018,s_sew_r,NA,60.95,added
HUN,ES,Admin,2018,s_sew_rtp_n,NA,98.43,added
HUN,CSO,Admin,2018,s_sew_rtp_n,NA,98.08720090143925,added
HUN,CSO,Admin,2018,s_sew_u,NA,90.06,added
HUN,CSO,Admin,2018,s_treat_fstp_n,NA,99.90836537958164,added
HUN,CC,Admin,2018,s_treat_wtp_n,99.9020500970241,100,changed
HUN,ES,Admin,2018,s_treat_wtp_n,NA,99.91297861760316,added
HUN,CSO,Admin,2018,s_treat_wtp_n,NA,99.90836537958164,added
HUN,CSO,Admin,2019,s_sew_r,NA,61.75,added
HUN,ES,Admin,2019,s_sew_rtp_n,NA,97.76,added
HUN,CSO,Admin,2019,s_sew_rtp_n,NA,97.2910308794762,added
HUN,CC,Admin,2019,s_sew_rtp_n,NA,97.28955383498143,added
HUN,CSO,Admin,2019,s_sew_u,NA,90.84,added
HUN,CSO,Admin,2019,s_treat_fstp_n,NA,99.90567790017074,added
HUN,ES,Admin,2019,s_treat_wtp_n,NA,99.90042320139408,added
HUN,CSO,Admin,2019,s_treat_wtp_n,NA,99.90567790017074,added
HUN,CC,Admin,2019,s_treat_wtp_n,NA,100,added
HUN,HFCS,Survey,2020,s_imp_r,NA,100,added
HUN,HFCS,Survey,2020,s_imp_u,NA,100,added
HUN,CSO,Admin,2020,s_sew_r,NA,62.48,added
HUN,ES,Admin,2020,s_sew_rtp_n,NA,98.24,added
HUN,CSO,Admin,2020,s_sew_rtp_n,NA,97.87865635767746,added
HUN,CSO,Admin,2020,s_sew_u,NA,90.75,added
HUN,CSO,Admin,2020,s_treat_fstp_n,NA,99.89663080278255,added
HUN,ES,Admin,2020,s_treat_wtp_n,NA,99.86423105406072,added
HUN,CSO,Admin,2020,s_treat_wtp_n,NA,99.89663080278255,added
HUN,CSO,Admin,2021,s_sew_r,NA,63.68,added
HUN,ES,Admin,2021,s_sew_rtp_n,NA,98.27,added
HUN,CSO,Admin,2021,s_sew_rtp_n,NA,97.93423823467494,added
HUN,CSO,Admin,2021,s_sew_u,NA,90.9,added
HUN,CSO,Admin,2021,s_treat_fstp_n,NA,99.88811249637742,added
HUN,ES,Admin,2021,s_treat_wtp_n,NA,99.85369422092174,added
HUN,CSO,Admin,2021,s_treat_wtp_n,NA,99.88811249637742,added
HUN,CEN,Census,2022,s_imp_r,NA,100,added
HUN,CEN,Census,2022,s_imp_u,NA,100,added
HUN,CEN,Census,2022,s_sep_r,NA,23.99007653360834,added
HUN,CEN,Census,2022,s_sep_u,NA,5.637194495151033,added
HUN,CSO,Admin,2022,s_sew_r,NA,64.71,added
HUN,CEN,Census,2022,s_sew_r,NA,69.48614527710251,added
HUN,ES,Admin,2022,s_sew_rtp_n,NA,98.43,added
HUN,CSO,Admin,2022,s_sew_rtp_n,NA,98.10987507348844,added
HUN,CSO,Admin,2022,s_sew_u,NA,90.03,added
HUN,CEN,Census,2022,s_sew_u,NA,92.32293765846858,added
HUN,CSO,Admin,2022,s_treat_fstp_n,NA,99.93956938557314,added
HUN,ES,Admin,2022,s_treat_wtp_n,NA,99.926641398704,added
HUN,CSO,Admin,2022,s_treat_wtp_n,NA,99.93956938557314,added
HUN,CSO,Admin,2023,s_sew_r,NA,65.89,added
HUN,CSO,Admin,2023,s_sew_rtp_n,NA,95.81913301142151,added
HUN,CSO,Admin,2023,s_sew_u,NA,90.17,added
HUN,CSO,Admin,2023,s_treat_fstp_n,NA,99.94632236159234,added
HUN,CSO,Admin,2023,s_treat_wtp_n,NA,99.94632236159234,added
IDN,DHS,Survey,2003,s_shared_r,NA,14.83529426350438,added
IDN,DHS,Survey,2003,s_shared_u,NA,11.90233977619532,added
IDN,DHS,Survey,2007,s_shared_r,NA,16.139622758385727,added
IDN,DHS,Survey,2007,s_shared_u,NA,11.185824914751905,added
IDN,IFLS,Survey,2015,s_imp_u,95.66258,NA,removed
IDN,IFLS,Survey,2015,s_od_u,3.84746,NA,removed
IDN,PMA,Survey,2016,s_sew_r,13.53497,NA,removed
IDN,PMA,Survey,2016,s_sew_u,9.52458,NA,removed
IDN,SUS,Survey,2020,s_imp_r,NA,82.9654961874592,added
IDN,SUS,Survey,2020,s_imp_u,NA,90.4459348764915,added
IDN,SUS,Survey,2020,s_lat_r,NA,9.2554961874592,added
IDN,SUS,Survey,2020,s_lat_u,NA,2.5059348764915086,added
IDN,SUS,Survey,2020,s_od_r,NA,7.17,added
IDN,SUS,Survey,2020,s_od_u,NA,7.72,added
IDN,SUS,Survey,2020,s_sep_r,NA,73.39,added
IDN,SUS,Survey,2020,s_sep_u,NA,86.88,added
IDN,SUS,Survey,2020,s_sew_r,NA,0.32,added
IDN,SUS,Survey,2020,s_sew_u,NA,1.06,added
IDN,SUS,Survey,2021,s_sep_r,NA,71.56,added
IDN,SUS,Survey,2021,s_sep_u,NA,86.98,added
IDN,SUS,Survey,2022,s_sep_r,NA,73.98,added
IDN,SUS,Survey,2022,s_sep_u,NA,88.27,added
IDN,SUS,Survey,2023,s_imp_r,NA,79.85,added
IDN,SUS,Survey,2023,s_imp_u,NA,84.15,added
IDN,SUS,Survey,2023,s_od_r,NA,7.26,added
IDN,SUS,Survey,2023,s_od_u,NA,2.02,added
IMN,MUT,Other,2021,s_imp_n,NA,100,added
IMN,MUT,Other,2021,s_lat_n,NA,0,added
IMN,MUT,Other,2021,s_sep_n,NA,10.11904761904762,added
IMN,MUT,Other,2021,s_sew_n,NA,89.88095238095238,added
IMN,MUT,Other,2021,s_sew_rtp_n,NA,88.74172185430464,added
IMN,MUT,Other,2021,s_treat_wtp_n,NA,100,added
IND,SQUAT,Survey,2014,s_lat_ebo_r,2.14,2.1435503391,changed
IND,SQUAT,Survey,2014,s_lat_edl_r,6.88,7.4216006609,changed
IND,SQUAT,Survey,2014,s_lat_nemp_r,90.4,90.434849,changed
IND,SQUAT,Survey,2014,s_sep_ebo_r,2.14,2.1435503391,changed
IND,SQUAT,Survey,2014,s_sep_edl_r,6.88,7.4216006609,changed
IND,SQUAT,Survey,2014,s_sep_nemp_r,90.4,90.434849,changed
IND,NNDMS,Survey,2018,s_od_r,NA,38.2,added
IND,NNDMS,Survey,2018,s_od_u,NA,6.7,added
IND,NSS,Survey,2021,s_imp_r,NA,77.30595,added
IND,NFHS,Survey,2021,s_imp_r,NA,71.91363,added
IND,NSS,Survey,2021,s_imp_u,NA,96.12961,added
IND,NFHS,Survey,2021,s_imp_u,NA,91.379585,added
IND,NSS,Survey,2021,s_lat_r,NA,39.06634999999999,added
IND,NFHS,Survey,2021,s_lat_r,NA,28.8872,added
IND,NSS,Survey,2021,s_lat_u,NA,14.16274,added
IND,NFHS,Survey,2021,s_lat_u,NA,12.845614999999995,added
IND,NSS,Survey,2021,s_od_r,NA,20.69956,added
IND,NFHS,Survey,2021,s_od_r,NA,25.48196,added
IND,NSS,Survey,2021,s_od_u,NA,2.93833,added
IND,NFHS,Survey,2021,s_od_u,NA,6.09228,added
IND,NSS,Survey,2021,s_sep_r,NA,36.67128,added
IND,NFHS,Survey,2021,s_sep_r,NA,40.20964,added
IND,NSS,Survey,2021,s_sep_u,NA,46.95478,added
IND,NFHS,Survey,2021,s_sep_u,NA,53.25981,added
IND,NSS,Survey,2021,s_sew_r,NA,1.56832,added
IND,NFHS,Survey,2021,s_sew_r,NA,2.81679,added
IND,NSS,Survey,2021,s_sew_u,NA,35.01209,added
IND,NFHS,Survey,2021,s_sew_u,NA,25.27416,added
IND,NSS,Survey,2021,s_shared_r,NA,9.72946,added
IND,NFHS,Survey,2021,s_shared_r,NA,9.21178,added
IND,NSS,Survey,2021,s_shared_u,NA,12.75171,added
IND,NFHS,Survey,2021,s_shared_u,NA,10.74096,added
IND,SSG,Survey,2022,s_imp_r,NA,91.01160000000002,added
IND,SBMG,Admin,2022,s_imp_r,NA,99.96952928063544,added
IND,SBMG,Admin,2022,s_lat_r,NA,87.55960961312742,added
IND,SBMG,Admin,2022,s_sep_r,NA,12.40991966750802,added
IND,SSG,Survey,2022,s_shared_r,NA,5.8,added
IND,HCES,Survey,2023,s_imp_r,NA,78.27350000000001,added
IND,CAMS,Survey,2023,s_imp_r,NA,86.10745999999999,added
IND,HCES,Survey,2023,s_imp_u,NA,97.163570000000007,added
IND,CAMS,Survey,2023,s_imp_u,NA,97.25436999999998,added
IND,CAMS,Survey,2023,s_lat_ebo_r,NA,1.0712,added
IND,CAMS,Survey,2023,s_lat_ebo_u,NA,3.48018,added
IND,CAMS,Survey,2023,s_lat_edl_r,NA,6.56911,added
IND,CAMS,Survey,2023,s_lat_edl_u,NA,7.29114,added
IND,CAMS,Survey,2023,s_lat_ero_r,NA,0.87134,added
IND,CAMS,Survey,2023,s_lat_ero_u,NA,0.97784,added
IND,CAMS,Survey,2023,s_lat_nemp_r,NA,91.48835,added
IND,CAMS,Survey,2023,s_lat_nemp_u,NA,88.25084,added
IND,HCES,Survey,2023,s_lat_r,NA,34.56478000000001,added
IND,CAMS,Survey,2023,s_lat_r,NA,45.02301999999999,added
IND,HCES,Survey,2023,s_lat_u,NA,12.810489999999987,added
IND,CAMS,Survey,2023,s_lat_u,NA,14.027969999999982,added
IND,HCES,Survey,2023,s_od_r,NA,17.96882,added
IND,CAMS,Survey,2023,s_od_r,NA,11.3765,added
IND,HCES,Survey,2023,s_od_u,NA,1.84706,added
IND,CAMS,Survey,2023,s_od_u,NA,1.55799,added
IND,CAMS,Survey,2023,s_sep_ebo_r,NA,0.77299,added
IND,CAMS,Survey,2023,s_sep_ebo_u,NA,0.98786,added
IND,CAMS,Survey,2023,s_sep_edl_r,NA,8.04966,added
IND,CAMS,Survey,2023,s_sep_edl_u,NA,14.02393,added
IND,CAMS,Survey,2023,s_sep_ero_r,NA,1.22508,added
IND,CAMS,Survey,2023,s_sep_ero_u,NA,3.32252,added
IND,CAMS,Survey,2023,s_sep_nemp_r,NA,89.95227,added
IND,CAMS,Survey,2023,s_sep_nemp_u,NA,81.6657,added
IND,HCES,Survey,2023,s_sep_r,NA,40.61355,added
IND,CAMS,Survey,2023,s_sep_r,NA,38.84196,added
IND,HCES,Survey,2023,s_sep_u,NA,49.90673,added
IND,CAMS,Survey,2023,s_sep_u,NA,42.8334,added
IND,HCES,Survey,2023,s_sew_r,NA,3.09517,added
IND,CAMS,Survey,2023,s_sew_r,NA,2.24248,added
IND,HCES,Survey,2023,s_sew_u,NA,34.44635,added
IND,CAMS,Survey,2023,s_sew_u,NA,40.393,added
IND,HCES,Survey,2023,s_shared_r,NA,15.90132,added
IND,CAMS,Survey,2023,s_shared_r,NA,9.08813,added
IND,HCES,Survey,2023,s_shared_u,NA,14.46325,added
IND,CAMS,Survey,2023,s_shared_u,NA,12.40883,added
IND,NGT,Admin,2023,s_treat_wtp_u,NA,42.722817415090034,added
IND,SBMU,Admin,2024,s_imp_u,NA,99.86717763225398,added
IND,SBMG,Survey,2024,s_lat_dtp_r,NA,17.138756841343593,added
IND,SBMU,Admin,2024,s_lat_u,NA,17.375233550027232,added
IND,SBMG,Survey,2024,s_sep_con_r,NA,75.50907040526074,added
IND,SBMU,Admin,2024,s_sep_con_u,NA,86.21570388100682,added
IND,SBMG,Survey,2024,s_sep_dtp_r,NA,16.84155204103332,added
IND,SBMU,Admin,2024,s_sep_u,NA,32.324534084488334,added
IND,SBMU,Admin,2024,s_sew_u,NA,50.167409997738424,added
IRL,CEN,Census,2002,s_imp_r,96.39720343913376,97.69060277441709,changed
IRL,CEN,Census,2002,s_imp_u,96.4476588526232,96.76980931553884,changed
IRL,CEN,Census,2002,s_sew_r,18.643470698717472,19.9368700340008,changed
IRL,CEN,Census,2002,s_sew_u,93.24250444521654,93.5646549081322,changed
IRL,CEN,Census,2006,s_imp_r,96.76283404168608,97.5564559559851,changed
IRL,CEN,Census,2006,s_imp_u,95.78629155965396,96.07303454502424,changed
IRL,CEN,Census,2006,s_sew_r,19.84127561714019,20.634897531439215,changed
IRL,CEN,Census,2006,s_sew_u,92.82550862091637,93.11225160628663,changed
IRL,ES,Admin,2007,s_sew_rtp_n,NA,95.16129032258064,added
IRL,ES,Admin,2009,s_sew_rtp_n,NA,97.26027397260276,added
IRL,EPAWW,Admin,2009,s_treat_wtp_n,NA,93,added
IRL,ES,Admin,2011,s_sew_rtp_n,NA,94.18495297805644,added
IRL,EPA,Admin,2011,s_treat_wtp_n,92.7,NA,removed
IRL,ES,Admin,2011,s_treat_wtp_n,NA,96.78815110667333,added
IRL,EU SILC,Admin,2012,s_imp_r,98.9,NA,removed
IRL,EU SILC,Admin,2012,s_imp_u,98.55,NA,removed
IRL,EU SILC,Admin,2012,s_lat_r,1.0999999999999943,NA,removed
IRL,EU SILC,Admin,2012,s_lat_u,1.4500000000000028,NA,removed
IRL,ES,Admin,2012,s_sew_rtp_n,NA,94.8661762404132,added
IRL,EU SILC,Admin,2012,s_shared_r,4.703476482617586,NA,removed
IRL,EUSILC,Admin,2012,s_shared_r,NA,4.703476482617586,added
IRL,EU SILC,Admin,2012,s_shared_u,8.444902162718845,NA,removed
IRL,EUSILC,Admin,2012,s_shared_u,NA,8.444902162718845,added
IRL,EPA,Admin,2012,s_treat_wtp_n,93.9,NA,removed
IRL,ES,Admin,2012,s_treat_wtp_n,NA,96.98069625474344,added
IRL,EU SILC,Admin,2013,s_imp_r,99.05,NA,removed
IRL,EU SILC,Admin,2013,s_imp_u,98.9,NA,removed
IRL,EU SILC,Admin,2013,s_lat_r,0.9500000000000028,NA,removed
IRL,EU SILC,Admin,2013,s_lat_u,1.0999999999999943,NA,removed
IRL,ES,Admin,2013,s_sew_rtp_n,NA,95.56041894638112,added
IRL,EPA,Admin,2013,s_treat_wtp_n,93.8,NA,removed
IRL,ES,Admin,2013,s_treat_wtp_n,NA,97.15314136125656,added
IRL,EU SILC,Admin,2014,s_imp_r,99.9,NA,removed
IRL,EU SILC,Admin,2014,s_imp_u,99.95,NA,removed
IRL,EU SILC,Admin,2014,s_lat_r,0.09999999999999432,NA,removed
IRL,EU SILC,Admin,2014,s_lat_u,0.04999999999999716,NA,removed
IRL,NIPWW,Admin,2014,s_sep_nemp_n,100,NA,removed
IRL,NIPWW,Admin,2014,s_sep_nemp_r,100,NA,removed
IRL,EPAWW,Admin,2014,s_sep_nemp_r,NA,100,added
IRL,ES,Admin,2014,s_sew_rtp_n,NA,96.20668123634093,added
IRL,EPA,Admin,2014,s_treat_wtp_n,94.3,NA,removed
IRL,ES,Admin,2014,s_treat_wtp_n,NA,97.3227324355022,added
IRL,ES,Admin,2015,s_sew_rtp_n,NA,96.866230121609,added
IRL,EPAWW,Admin,2015,s_treat_wtp_n,82,NA,removed
IRL,ES,Admin,2015,s_treat_wtp_n,NA,97.47304039916304,added
IRL,NIPWW,Admin,2016,s_sep_nemp_n,100,NA,removed
IRL,NIPWW,Admin,2016,s_sep_nemp_r,100,NA,removed
IRL,ES,Admin,2016,s_sew_rtp_n,NA,97.5241357832451,added
IRL,EPAWW,Admin,2016,s_treat_wtp_n,96,NA,removed
IRL,ES,Admin,2016,s_treat_wtp_n,NA,97.63691521635,added
IRL,NIPWW,Admin,2017,s_sep_nemp_n,100,NA,removed
IRL,NIPWW,Admin,2017,s_sep_nemp_r,100,NA,removed
IRL,ES,Admin,2017,s_sew_rtp_n,NA,98.1314232326378,added
IRL,EPAWW,Admin,2017,s_treat_wtp_n,97,NA,removed
IRL,ES,Admin,2017,s_treat_wtp_n,NA,97.6832751507458,added
IRL,NIPWW,Admin,2018,s_sep_nemp_n,100,NA,removed
IRL,NIPWW,Admin,2018,s_sep_nemp_r,100,NA,removed
IRL,ES,Admin,2018,s_sew_rtp_n,NA,98.48956711304888,added
IRL,EPAWW,Admin,2018,s_treat_wtp_n,97,NA,removed
IRL,ES,Admin,2018,s_treat_wtp_n,NA,97.75494071146244,added
IRL,NIPWW,Admin,2019,s_sep_nemp_n,100,NA,removed
IRL,NIPWW,Admin,2019,s_sep_nemp_r,100,NA,removed
IRL,ES,Admin,2019,s_sew_rtp_n,NA,98.50513858611023,added
IRL,ES,Admin,2019,s_treat_wtp_n,NA,97.80237154150196,added
IRL,ES,Admin,2020,s_sew_rtp_n,NA,99.18,added
IRL,ES,Admin,2020,s_treat_wtp_n,NA,97.80757097791798,added
IRL,NIPWW,Admin,2021,s_sep_con_n,NA,70.61900610287707,added
IRL,NIPWW,Admin,2021,s_sep_con_r,NA,70.61900610287707,added
IRL,ES,Admin,2021,s_sew_rtp_n,NA,99.42,added
IRL,ES,Admin,2021,s_treat_wtp_n,NA,97.8790259230165,added
IRL,CEN,Census,2022,s_imp_r,NA,98.3861710492504,added
IRL,CEN,Census,2022,s_imp_u,NA,97.11777864843346,added
IRL,CEN,Census,2022,s_lat_r,NA,8.596932063155975,added
IRL,CEN,Census,2022,s_lat_u,NA,0.47204984644162096,added
IRL,NIPWW,Admin,2022,s_sep_con_n,NA,79.9,added
IRL,CEN,Census,2022,s_sep_r,NA,67.55431362260592,added
IRL,CEN,Census,2022,s_sep_u,NA,2.385062918915275,added
IRL,CEN,Census,2022,s_sew_r,NA,22.234925363488507,added
IRL,ES,Admin,2022,s_sew_rtp_n,NA,99.11517696460707,added
IRL,CEN,Census,2022,s_sew_u,NA,94.26066588307656,added
IRL,ES,Admin,2022,s_treat_wtp_n,NA,97.92706914813132,added
IRN,UNSD,Admin,2010,s_sew_rtp_n,NA,72,added
IRN,UNSD,Admin,2010,s_treat_wtp_n,NA,100,added
IRN,UNSD,Admin,2011,s_sew_rtp_n,NA,69.4,added
IRN,UNSD,Admin,2011,s_treat_wtp_n,NA,100,added
IRN,UNSD,Admin,2012,s_sew_rtp_n,NA,68,added
IRN,UNSD,Admin,2012,s_treat_wtp_n,NA,100,added
IRN,UNSD,Admin,2013,s_sew_rtp_n,NA,66.94664001464844,added
IRN,UNSD,Admin,2013,s_treat_wtp_n,NA,100,added
IRN,UNSD,Admin,2014,s_sew_rtp_n,NA,69.38087463378906,added
IRN,UNSD,Admin,2014,s_treat_wtp_n,NA,100,added
IRN,UNSD,Admin,2015,s_sew_rtp_n,NA,67.98096466064453,added
IRN,UNSD,Admin,2015,s_treat_wtp_n,NA,100,added
IRN,UNSD,Admin,2016,s_sew_rtp_n,NA,66.22516632080078,added
IRN,UNSD,Admin,2016,s_treat_wtp_n,NA,100,added
IRN,UNSD,Admin,2017,s_sew_rtp_n,NA,64.41717529296875,added
IRN,UNSD,Admin,2017,s_treat_wtp_n,NA,100,added
IRN,UNSD,Admin,2018,s_treat_wtp_n,NA,100,added
IRN,NWW,Other,2018,s_treat_wtp_u,90,NA,removed
IRN,HIES,Survey,2019,s_sew_r,1.03,0.32,changed
IRN,UNSD,Admin,2019,s_sew_rtp_n,NA,60.114501953125,added
IRN,NWW,Other,2019,s_sew_rtp_u,NA,65.8,added
IRN,HIES,Survey,2019,s_sew_u,42.74,45.38,changed
IRN,UNSD,Admin,2019,s_treat_wtp_n,NA,100,added
IRN,HIES,Survey,2020,s_sew_r,0.92,1.38,changed
IRN,HIES,Survey,2020,s_sew_u,45.38,45.49,changed
IRN,HIES,Survey,2021,s_imp_r,NA,96.51,added
IRN,HIES,Survey,2021,s_imp_u,NA,99.59,added
IRN,HIES,Survey,2021,s_sew_r,NA,1.71,added
IRN,CC,Admin,2021,s_sew_rtp_n,NA,63.4,added
IRN,HIES,Survey,2021,s_sew_u,NA,47.05,added
IRN,HIES,Survey,2022,s_sew_r,NA,2.8,added
IRN,HIES,Survey,2022,s_sew_u,NA,49.54,added
IRN,HIES,Survey,2023,s_sew_r,NA,2.07,added
IRN,HIES,Survey,2023,s_sew_u,NA,47.66,added
IRQ,ES,Admin,2010,s_treat_wtp_u,39.4,NA,removed
IRQ,ES,Admin,2011,s_treat_wtp_u,50.4,NA,removed
IRQ,ES,Admin,2012,s_treat_wtp_u,67,NA,removed
IRQ,ES,Admin,2013,s_treat_wtp_u,67.2,NA,removed
IRQ,UNSD,Admin,2014,s_sew_rtp_n,NA,64.2,added
IRQ,UNSD,Admin,2014,s_treat_wtp_n,NA,100,added
IRQ,ES,Admin,2014,s_treat_wtp_u,70.3,NA,removed
IRQ,UNSD,Admin,2015,s_sew_rtp_n,NA,70.6,added
IRQ,UNSD,Admin,2015,s_treat_wtp_n,NA,100,added
IRQ,ES,Admin,2015,s_treat_wtp_u,71.8,NA,removed
IRQ,UNSD,Admin,2016,s_sew_rtp_n,NA,78.4,added
IRQ,UNSD,Admin,2016,s_treat_wtp_n,NA,100,added
IRQ,ES,Admin,2016,s_treat_wtp_u,47.7,NA,removed
IRQ,UNSD,Admin,2017,s_sew_rtp_n,NA,84.1,added
IRQ,UNSD,Admin,2017,s_treat_wtp_n,NA,100,added
IRQ,ES,Admin,2017,s_treat_wtp_u,45,NA,removed
IRQ,MICS,Survey,2018,s_imp_r,96.4,89.19975,changed
IRQ,MICS,Survey,2018,s_imp_u,99.8,97.29633,changed
IRQ,MICS,Survey,2018,s_lat_r,23.40000000000001,16.20519999999999,changed
IRQ,MICS,Survey,2018,s_lat_u,4.700000000000003,2.272350000000003,changed
IRQ,MICS,Survey,2018,s_od_r,0.3,0.33801,changed
IRQ,MICS,Survey,2018,s_sep_r,70.2,70.17179,changed
IRQ,MICS,Survey,2018,s_sep_u,56.2,56.16484,changed
IRQ,MICS,Survey,2018,s_sew_r,2.8,2.82276,changed
IRQ,UNSD,Admin,2018,s_sew_rtp_n,NA,82.4,added
IRQ,ES,Admin,2018,s_sew_rtp_n,NA,82.35294117647058,added
IRQ,MICS,Survey,2018,s_sew_u,38.9,38.85914,changed
IRQ,UNSD,Admin,2018,s_treat_wtp_n,NA,99.61297607421876,added
IRQ,UNSD,Admin,2019,s_sew_rtp_n,NA,87,added
IRQ,ES,Admin,2019,s_sew_rtp_n,NA,86.95652173913044,added
IRQ,UNSD,Admin,2019,s_treat_wtp_n,NA,99.67313385009766,added
IRQ,ES,Admin,2020,s_sew_rtp_n,NA,85,added
IRQ,ES,Admin,2021,s_sew_rtp_n,NA,76.2,added
IRQ,ES,Admin,2021,s_treat_wtp_n,NA,99.74,added
IRQ,ES,Admin,2022,s_sew_rtp_n,NA,74.7,added
IRQ,ES,Admin,2022,s_treat_wtp_n,NA,99.99776,added
IRQ,ES,Admin,2023,s_sew_rtp_n,NA,75.3,added
IRQ,ES,Admin,2023,s_treat_wtp_n,NA,99.997594,added
ISL,OECD,Admin,2000,s_treat_wtp_n,36.666666666666664,NA,removed
ISL,OECD,Admin,2001,s_treat_wtp_n,36.666666666666664,NA,removed
ISL,OECD,Admin,2002,s_treat_wtp_n,56.17977528089888,NA,removed
ISL,OECD,Admin,2003,s_treat_wtp_n,56.17977528089888,NA,removed
ISL,OECD,Admin,2004,s_treat_wtp_n,56.17977528089888,NA,removed
ISL,OECD,Admin,2005,s_treat_wtp_n,64.04494382022472,NA,removed
ISL,OECD,Admin,2008,s_treat_wtp_n,64.13043478260869,NA,removed
ISL,OECD,Admin,2010,s_treat_wtp_n,72.52747252747253,NA,removed
ISL,EAI,Admin,2010,s_treat_wtp_n,70.96774193548387,NA,removed
ISL,EU SILC,Admin,2012,s_imp_r,100,NA,removed
ISL,EUSILC,Admin,2012,s_imp_r,NA,100,added
ISL,EU SILC,Admin,2012,s_imp_u,100.1,NA,removed
ISL,EUSILC,Admin,2012,s_imp_u,NA,100.1,added
ISL,EU SILC,Admin,2012,s_shared_r,0,NA,removed
ISL,EUSILC,Admin,2012,s_shared_r,NA,0,added
ISL,EU SILC,Admin,2012,s_shared_u,1.2987012987012987,NA,removed
ISL,EUSILC,Admin,2012,s_shared_u,NA,1.2987012987012987,added
ISL,EU SILC,Admin,2013,s_imp_r,100,NA,removed
ISL,EUSILC,Admin,2013,s_imp_r,NA,100,added
ISL,EU SILC,Admin,2013,s_imp_u,100,NA,removed
ISL,EUSILC,Admin,2013,s_imp_u,NA,100,added
ISL,EU SILC,Admin,2014,s_imp_r,100,NA,removed
ISL,EUSILC,Admin,2014,s_imp_r,NA,100,added
ISL,EU SILC,Admin,2014,s_imp_u,100,NA,removed
ISL,EUSILC,Admin,2014,s_imp_u,NA,100,added
ISL,EU SILC,Admin,2015,s_imp_r,100,NA,removed
ISL,EUSILC,Admin,2015,s_imp_r,NA,100,added
ISL,EU SILC,Admin,2015,s_imp_u,100,NA,removed
ISL,EUSILC,Admin,2015,s_imp_u,NA,100,added
ISL,MHCC,Admin,2017,s_treat_fstp_n,96,NA,removed
ISL,MHCC,Admin,2017,s_treat_wtp_n,78.125,NA,removed
ISR,OECD,Admin,2000,s_sew_rtp_n,NA,92.3,added
ISR,OECD,Admin,2000,s_treat_wtp_n,77.20042417815483,84.0646651270208,changed
ISR,OECD,Admin,2001,s_sew_rtp_n,NA,93,added
ISR,OECD,Admin,2001,s_treat_wtp_n,78.8421052631579,85.11363636363637,changed
ISR,OECD,Admin,2002,s_sew_rtp_n,NA,93.9,added
ISR,OECD,Admin,2002,s_treat_wtp_n,80.50314465408806,86.00223964165733,changed
ISR,OECD,Admin,2003,s_sew_rtp_n,NA,94.7,added
ISR,OECD,Admin,2003,s_treat_wtp_n,81.77083333333334,86.54906284454245,changed
ISR,OECD,Admin,2004,s_sew_rtp_n,NA,95.6,added
ISR,OECD,Admin,2004,s_treat_wtp_n,83.21243523316063,87.18783930510317,changed
ISR,OECD,Admin,2005,s_sew_rtp_n,NA,95.9,added
ISR,OECD,Admin,2005,s_treat_wtp_n,84.5360824742268,88.2669537136706,changed
ISR,OECD,Admin,2006,s_sew_rtp_n,NA,96.2,added
ISR,OECD,Admin,2006,s_treat_wtp_n,85.91983556012333,89.41176470588235,changed
ISR,OECD,Admin,2007,s_sew_rtp_n,NA,96.5,added
ISR,OECD,Admin,2007,s_treat_wtp_n,87.50000000000001,90.75451647183849,changed
ISR,OECD,Admin,2008,s_sew_rtp_n,NA,96.8,added
ISR,OECD,Admin,2008,s_treat_wtp_n,88.33162743091094,91.32275132275132,changed
ISR,OECD,Admin,2009,s_sew_rtp_n,NA,97,added
ISR,OECD,Admin,2009,s_treat_wtp_n,88.87755102040813,91.68421052631577,changed
ISR,OECD,Admin,2010,s_sew_rtp_n,NA,97.4,added
ISR,OECD,Admin,2010,s_treat_wtp_n,89.60244648318044,92.04188481675392,changed
ISR,OECD,Admin,2011,s_sew_rtp_n,NA,97.8,added
ISR,OECD,Admin,2011,s_treat_wtp_n,90.32586558044804,92.39583333333331,changed
ISR,OECD,Admin,2012,s_sew_rtp_n,NA,97.8,added
ISR,OECD,Admin,2012,s_treat_wtp_n,90.55837563451776,92.62720664589824,changed
ISR,OECD,Admin,2013,s_sew_rtp_n,NA,97.8,added
ISR,OECD,Admin,2013,s_treat_wtp_n,90.78947368421052,92.85714285714286,changed
ISR,OECD,Admin,2014,s_sew_rtp_n,NA,97.8,added
ISR,OECD,Admin,2014,s_treat_wtp_n,91.1021233569262,93.17476732161325,changed
ISR,OECD,Admin,2015,s_sew_rtp_n,NA,97.8,added
ISR,OECD,Admin,2015,s_treat_wtp_n,91.91919191919192,92.85714285714286,changed
ISR,OECD,Admin,2016,s_sew_rtp_n,NA,97.8,added
ISR,OECD,Admin,2016,s_treat_wtp_n,88.7878787878788,93.38842975206612,changed
ISR,OECD,Admin,2017,s_sew_rtp_n,NA,97.7,added
ISR,OECD,Admin,2017,s_treat_wtp_n,91.4141414141414,93.4917355371901,changed
ISR,OECD,Admin,2018,s_sew_rtp_n,NA,97.7,added
ISR,OECD,Admin,2018,s_treat_wtp_n,91.6161616161616,93.698347107438,changed
ISR,OECD,Admin,2019,s_sew_rtp_n,NA,97.7,added
ISR,OECD,Admin,2019,s_treat_wtp_n,NA,94.01444788441692,added
ISR,OECD,Admin,2020,s_sew_rtp_n,NA,97.8,added
ISR,OECD,Admin,2020,s_treat_wtp_n,NA,94.02061855670102,added
ISR,PWH,Admin,2021,s_imp_r,NA,98.95,added
ISR,PWH,Admin,2021,s_imp_u,NA,100,added
ISR,OECD,Admin,2021,s_sew_rtp_n,NA,97.8,added
ISR,PWH,Admin,2021,s_treat_wtp_n,NA,100,added
ISR,OECD,Admin,2021,s_treat_wtp_n,NA,96.71794871794872,added
ISR,OECD,Admin,2022,s_sew_rtp_n,NA,97.8,added
ISR,OECD,Admin,2022,s_treat_wtp_n,NA,96.71794871794872,added
ITA,EU SILC,Admin,2012,s_imp_r,100,NA,removed
ITA,EUSILC,Admin,2012,s_imp_r,NA,100,added
ITA,EU SILC,Admin,2012,s_imp_u,99.9,NA,removed
ITA,EUSILC,Admin,2012,s_imp_u,NA,99.9,added
ITA,EU SILC,Admin,2012,s_lat_r,0,NA,removed
ITA,EUSILC,Admin,2012,s_lat_r,NA,0,added
ITA,EU SILC,Admin,2012,s_lat_u,0,NA,removed
ITA,EUSILC,Admin,2012,s_lat_u,NA,0,added
ITA,EU SILC,Admin,2012,s_sep_r,5.582983791621355,NA,removed
ITA,EUSILC,Admin,2012,s_sep_r,NA,5.582983791621355,added
ITA,EU SILC,Admin,2012,s_sep_u,0.6,NA,removed
ITA,EUSILC,Admin,2012,s_sep_u,NA,0.6,added
ITA,EU SILC,Admin,2012,s_sew_r,94.41701620837864,NA,removed
ITA,EUSILC,Admin,2012,s_sew_r,NA,94.41701620837864,added
ITA,EU SILC,Admin,2012,s_sew_u,99.3,NA,removed
ITA,EUSILC,Admin,2012,s_sew_u,NA,99.3,added
ITA,EU SILC,Admin,2012,s_shared_n,0.1006036217303823,NA,removed
ITA,EUSILC,Admin,2012,s_shared_n,NA,0.1006036217303823,added
ITA,EU SILC,Admin,2012,s_shared_r,0.10050251256281408,NA,removed
ITA,EUSILC,Admin,2012,s_shared_r,NA,0.10050251256281408,added
ITA,EU SILC,Admin,2012,s_shared_u,0.10070493454179257,NA,removed
ITA,EUSILC,Admin,2012,s_shared_u,NA,0.10070493454179257,added
ITA,EU SILC,Admin,2013,s_imp_r,100,NA,removed
ITA,EUSILC,Admin,2013,s_imp_r,NA,100,added
ITA,EU SILC,Admin,2013,s_imp_u,100,NA,removed
ITA,EUSILC,Admin,2013,s_imp_u,NA,100,added
ITA,EU SILC,Admin,2013,s_lat_r,0,NA,removed
ITA,EUSILC,Admin,2013,s_lat_r,NA,0,added
ITA,EU SILC,Admin,2013,s_lat_u,0,NA,removed
ITA,EUSILC,Admin,2013,s_lat_u,NA,0,added
ITA,EU SILC,Admin,2013,s_sep_r,6.573573339567262,NA,removed
ITA,EUSILC,Admin,2013,s_sep_r,NA,6.573573339567262,added
ITA,EU SILC,Admin,2013,s_sep_u,1.2000000000000028,NA,removed
ITA,EUSILC,Admin,2013,s_sep_u,NA,1.2000000000000028,added
ITA,EU SILC,Admin,2013,s_sew_r,93.42642666043274,NA,removed
ITA,EUSILC,Admin,2013,s_sew_r,NA,93.42642666043274,added
ITA,EU SILC,Admin,2013,s_sew_u,98.8,NA,removed
ITA,EUSILC,Admin,2013,s_sew_u,NA,98.8,added
ITA,EU SILC,Admin,2014,s_imp_r,100,NA,removed
ITA,EUSILC,Admin,2014,s_imp_r,NA,100,added
ITA,EU SILC,Admin,2014,s_imp_u,100,NA,removed
ITA,EUSILC,Admin,2014,s_imp_u,NA,100,added
ITA,EU SILC,Admin,2014,s_lat_r,1.4210854715202004e-14,NA,removed
ITA,EUSILC,Admin,2014,s_lat_r,NA,1.4210854715202004e-14,added
ITA,EU SILC,Admin,2014,s_lat_u,0,NA,removed
ITA,EUSILC,Admin,2014,s_lat_u,NA,0,added
ITA,EU SILC,Admin,2014,s_sep_r,6.305274129664373,NA,removed
ITA,EUSILC,Admin,2014,s_sep_r,NA,6.305274129664373,added
ITA,EU SILC,Admin,2014,s_sep_u,0.8,NA,removed
ITA,EUSILC,Admin,2014,s_sep_u,NA,0.8,added
ITA,EU SILC,Admin,2014,s_sew_r,93.69472587033562,NA,removed
ITA,EUSILC,Admin,2014,s_sew_r,NA,93.69472587033562,added
ITA,EU SILC,Admin,2014,s_sew_u,99.2,NA,removed
ITA,EUSILC,Admin,2014,s_sew_u,NA,99.2,added
ITA,EU SILC,Admin,2015,s_imp_r,100,NA,removed
ITA,EUSILC,Admin,2015,s_imp_r,NA,100,added
ITA,EU SILC,Admin,2015,s_imp_u,100,NA,removed
ITA,EUSILC,Admin,2015,s_imp_u,NA,100,added
ITA,EU SILC,Admin,2015,s_lat_r,0.7999999999999972,NA,removed
ITA,EUSILC,Admin,2015,s_lat_r,NA,0.7999999999999972,added
ITA,EU SILC,Admin,2015,s_lat_u,0.7000000000000028,NA,removed
ITA,EUSILC,Admin,2015,s_lat_u,NA,0.7000000000000028,added
ITA,EU SILC,Admin,2015,s_sep_r,5.14857067925518,NA,removed
ITA,EUSILC,Admin,2015,s_sep_r,NA,5.14857067925518,added
ITA,EU SILC,Admin,2015,s_sep_u,0,NA,removed
ITA,EUSILC,Admin,2015,s_sep_u,NA,0,added
ITA,EU SILC,Admin,2015,s_sew_r,94.05142932074482,NA,removed
ITA,EUSILC,Admin,2015,s_sew_r,NA,94.05142932074482,added
ITA,EU SILC,Admin,2015,s_sew_u,99.3,NA,removed
ITA,EUSILC,Admin,2015,s_sew_u,NA,99.3,added
ITA,ES,Admin,2018,s_sew_rtp_n,NA,82.2,added
ITA,CA,Census,2020,s_treat_wtp_n,NA,95.99040095990402,added
JAM,NEPA,Admin,2010,s_treat_wtp_n,40,NA,removed
JAM,SLC,Survey,2017,s_imp_r,98.95233666666668,97.27019959965088,changed
JAM,SLC,Survey,2017,s_imp_u,98.50140746987952,97.271330249279,changed
JAM,MICS,Survey,2022,s_imp_r,NA,98.17801,added
JAM,MICS,Survey,2022,s_imp_u,NA,98.94073000000002,added
JAM,MICS,Survey,2022,s_lat_ebo_r,NA,0.04712,added
JAM,MICS,Survey,2022,s_lat_ebo_u,NA,0.41708,added
JAM,MICS,Survey,2022,s_lat_edl_r,NA,0.02048,added
JAM,MICS,Survey,2022,s_lat_edl_u,NA,0.24041,added
JAM,MICS,Survey,2022,s_lat_ero_r,NA,2.23472,added
JAM,MICS,Survey,2022,s_lat_ero_u,NA,15.99118,added
JAM,MICS,Survey,2022,s_lat_nemp_r,NA,97.69767,added
JAM,MICS,Survey,2022,s_lat_nemp_u,NA,83.35134,added
JAM,MICS,Survey,2022,s_lat_r,NA,89.10869,added
JAM,MICS,Survey,2022,s_lat_u,NA,58.746040000000015,added
JAM,MICS,Survey,2022,s_od_r,NA,0.36321,added
JAM,MICS,Survey,2022,s_od_u,NA,0.24886,added
JAM,MICS,Survey,2022,s_sep_ebo_r,NA,0,added
JAM,MICS,Survey,2022,s_sep_ebo_u,NA,0.10063,added
JAM,MICS,Survey,2022,s_sep_edl_r,NA,0,added
JAM,MICS,Survey,2022,s_sep_edl_u,NA,0,added
JAM,MICS,Survey,2022,s_sep_ero_r,NA,8.65966,added
JAM,MICS,Survey,2022,s_sep_ero_u,NA,27.01687,added
JAM,MICS,Survey,2022,s_sep_nemp_r,NA,91.34034,added
JAM,MICS,Survey,2022,s_sep_nemp_u,NA,72.8825,added
JAM,MICS,Survey,2022,s_sep_r,NA,5.40529,added
JAM,MICS,Survey,2022,s_sep_u,NA,7.93275,added
JAM,MICS,Survey,2022,s_sew_r,NA,3.66403,added
JAM,MICS,Survey,2022,s_sew_u,NA,32.26194,added
JAM,MICS,Survey,2022,s_shared_r,NA,4.65414,added
JAM,MICS,Survey,2022,s_shared_u,NA,6.04218,added
JAM,MICS+,Survey,2024,s_imp_r,NA,96.20503670382588,added
JAM,MICS+,Survey,2024,s_imp_u,NA,98.70905723783356,added
JAM,MICS+,Survey,2024,s_lat_r,NA,88.92724528177831,added
JAM,MICS+,Survey,2024,s_lat_u,NA,67.41761949980217,added
JAM,MICS+,Survey,2024,s_od_r,NA,0.3224269757322703,added
JAM,MICS+,Survey,2024,s_od_u,NA,0.4248859908029403,added
JAM,MICS+,Survey,2024,s_sep_r,NA,1.954888844899174,added
JAM,MICS+,Survey,2024,s_sep_u,NA,2.8543423861743844,added
JAM,MICS+,Survey,2024,s_sew_r,NA,5.322902577148392,added
JAM,MICS+,Survey,2024,s_sew_u,NA,28.437095351856993,added
JAM,MICS+,Survey,2024,s_shared_r,NA,4.63356575876739,added
JAM,MICS+,Survey,2024,s_shared_u,NA,4.555960961510098,added
JEY,KC,Admin,2013,s_imp_n,NA,100,added
JEY,KC,Admin,2013,s_sep_n,NA,10,added
JEY,KC,Admin,2013,s_sew_n,NA,90,added
JEY,JW,Admin,2013,s_treat_wtp_n,NA,100,added
JOR,DHS,Survey,2002,s_lat_r,22.923952876760183,NA,removed
JOR,DHS,Survey,2002,s_lat_u,7.877641918295268,NA,removed
JOR,HIES,Survey,2006,s_imp_r,NA,99.8,added
JOR,HIES,Survey,2006,s_imp_u,NA,100,added
JOR,HIES,Survey,2006,s_lat_r,NA,0,added
JOR,HIES,Survey,2006,s_lat_u,NA,0,added
JOR,HIES,Survey,2006,s_sep_r,NA,97.7,added
JOR,HIES,Survey,2006,s_sep_u,NA,28.8,added
JOR,HIES,Survey,2006,s_sew_r,NA,2.1,added
JOR,HIES,Survey,2006,s_sew_u,NA,71.2,added
JOR,HIES,Survey,2008,s_imp_r,NA,99.9,added
JOR,HIES,Survey,2008,s_imp_u,NA,100,added
JOR,HIES,Survey,2008,s_lat_r,NA,0,added
JOR,HIES,Survey,2008,s_lat_u,NA,0,added
JOR,HIES,Survey,2008,s_sep_r,NA,97.3,added
JOR,HIES,Survey,2008,s_sep_u,NA,28.7,added
JOR,HIES,Survey,2008,s_sew_r,NA,2.6,added
JOR,HIES,Survey,2008,s_sew_u,NA,71.3,added
JOR,HIES,Survey,2010,s_imp_r,NA,100,added
JOR,HIES,Survey,2010,s_imp_u,NA,100,added
JOR,HIES,Survey,2010,s_lat_r,NA,0,added
JOR,HIES,Survey,2010,s_lat_u,NA,0,added
JOR,HIES,Survey,2010,s_sep_r,NA,97.5,added
JOR,HIES,Survey,2010,s_sep_u,NA,29.4,added
JOR,HIES,Survey,2010,s_sew_r,NA,2.5,added
JOR,HIES,Survey,2010,s_sew_u,NA,70.6,added
JOR,MOH,Admin,2015,s_imp_r,91.89012912859651,NA,removed
JOR,CEN,Census,2015,s_imp_r,NA,91.89012912859651,added
JOR,MOH,Admin,2015,s_imp_u,95.42423409257307,NA,removed
JOR,CEN,Census,2015,s_imp_u,NA,95.42423409257307,added
JOR,MOH,Admin,2015,s_lat_r,0,NA,removed
JOR,CEN,Census,2015,s_lat_r,NA,0,added
JOR,MOH,Admin,2015,s_lat_u,0,NA,removed
JOR,CEN,Census,2015,s_lat_u,NA,0,added
JOR,MOH,Admin,2015,s_sep_r,86.38571518476775,NA,removed
JOR,CEN,Census,2015,s_sep_r,NA,86.38571518476775,added
JOR,MOH,Admin,2015,s_sep_u,28.9548070596013,NA,removed
JOR,CEN,Census,2015,s_sep_u,NA,28.9548070596013,added
JOR,MOH,Admin,2015,s_sew_r,5.504413943828775,NA,removed
JOR,CEN,Census,2015,s_sew_r,NA,5.504413943828775,added
JOR,MOH,Admin,2015,s_sew_u,66.46942703297178,NA,removed
JOR,CEN,Census,2015,s_sew_u,NA,66.46942703297178,added
JOR,WSFF,Admin,2017,s_treat_wtp_n,NA,100,added
JOR,SYPJ,Survey,2021,s_imp_r,NA,99.04675000000002,added
JOR,SYPJ,Survey,2021,s_imp_u,NA,99.66426,added
JOR,SYPJ,Survey,2021,s_lat_r,NA,0.22320000000001983,added
JOR,SYPJ,Survey,2021,s_lat_u,NA,0.29248000000001184,added
JOR,SYPJ,Survey,2021,s_od_r,NA,0.14556,added
JOR,SYPJ,Survey,2021,s_od_u,NA,0.04241,added
JOR,SYPJ,Survey,2021,s_sep_r,NA,56.10787,added
JOR,SYPJ,Survey,2021,s_sep_u,NA,27.40459,added
JOR,SYPJ,Survey,2021,s_sew_r,NA,42.71568,added
JOR,SYPJ,Survey,2021,s_sew_u,NA,71.96719,added
JOR,SYPJ,Survey,2021,s_shared_r,NA,3.86387,added
JOR,SYPJ,Survey,2021,s_shared_u,NA,3.34594,added
JOR,JPFHS,Survey,2023,s_imp_r,NA,99.8607,added
JOR,JPFHS,Survey,2023,s_imp_u,NA,99.88524,added
JOR,JPFHS,Survey,2023,s_lat_ebo_r,NA,1.12943,added
JOR,JPFHS,Survey,2023,s_lat_ebo_u,NA,1.62465,added
JOR,JPFHS,Survey,2023,s_lat_edl_r,NA,14.52878,added
JOR,JPFHS,Survey,2023,s_lat_edl_u,NA,14.28973,added
JOR,JPFHS,Survey,2023,s_lat_ero_r,NA,23.69238,added
JOR,JPFHS,Survey,2023,s_lat_ero_u,NA,28.42847,added
JOR,JPFHS,Survey,2023,s_lat_nemp_r,NA,60.64941,added
JOR,JPFHS,Survey,2023,s_lat_nemp_u,NA,55.65715,added
JOR,JPFHS,Survey,2023,s_lat_r,NA,22.93593,added
JOR,JPFHS,Survey,2023,s_lat_u,NA,9.257099999999994,added
JOR,JPFHS,Survey,2023,s_od_r,NA,0.08799,added
JOR,JPFHS,Survey,2023,s_od_u,NA,0.00907,added
JOR,JPFHS,Survey,2023,s_sep_ebo_r,NA,1.12943,added
JOR,JPFHS,Survey,2023,s_sep_ebo_u,NA,1.62465,added
JOR,JPFHS,Survey,2023,s_sep_edl_r,NA,14.52878,added
JOR,JPFHS,Survey,2023,s_sep_edl_u,NA,14.28973,added
JOR,JPFHS,Survey,2023,s_sep_ero_r,NA,23.69238,added
JOR,JPFHS,Survey,2023,s_sep_ero_u,NA,28.42847,added
JOR,JPFHS,Survey,2023,s_sep_nemp_r,NA,60.64941,added
JOR,JPFHS,Survey,2023,s_sep_nemp_u,NA,55.65715,added
JOR,JPFHS,Survey,2023,s_sew_r,NA,18.70666,added
JOR,JPFHS,Survey,2023,s_sew_u,NA,77.81791,added
JOR,JPFHS,Survey,2023,s_shared_r,NA,4.25107,added
JOR,JPFHS,Survey,2023,s_shared_u,NA,2.53681,added
JPN,SDGW,Survey,2001,s_imp_n,99.9904059931856,100.03981962272998,changed
JPN,SDGW,Survey,2001,s_sep_n,26.4,26.44941362954438,changed
JPN,STIR,Admin,2008,s_sep_con_n,95.64330780564804,92.5,changed
JPN,STIR,Admin,2009,s_sep_con_n,95.76094805064088,92.7,changed
JPN,STIR,Admin,2010,s_sep_con_n,100,93.5,changed
JPN,STIR,Admin,2011,s_sep_con_n,95.39466316980187,93.7,changed
JPN,STIR,Admin,2012,s_sep_con_n,95.5,93.7,changed
JPN,STIR,Admin,2013,s_sep_con_n,95.4849049825208,93.3,changed
JPN,STIR,Admin,2014,s_sep_con_n,94.84838153584924,94.8,changed
JPN,OECD,Admin,2017,s_lat_n,0,NA,removed
JPN,OECD,Admin,2017,s_sew_n,78.8,NA,removed
JPN,OECD,Admin,2018,s_treat_fstp_n,NA,100,added
JPN,OECD,Admin,2018,s_treat_wtp_n,NA,100,added
JPN,OECD,Admin,2019,s_treat_fstp_n,NA,100,added
JPN,OECD,Admin,2019,s_treat_wtp_n,NA,100,added
JPN,SDGW,Survey,2020,s_imp_n,NA,100,added
JPN,SDGW,Survey,2020,s_lat_ebo_n,NA,1.028026872156348,added
JPN,SDGW,Survey,2020,s_lat_edl_n,NA,0.23777611479736904,added
JPN,SDGW,Survey,2020,s_lat_ero_n,NA,98.73419701304628,added
JPN,SDGW,Survey,2020,s_lat_n,NA,4.574968717367099,added
JPN,SDGW,Survey,2020,s_lat_nemp_n,NA,0,added
JPN,STIR,Admin,2020,s_sep_con_n,NA,95.1,added
JPN,SDGW,Survey,2020,s_sep_ebo_n,NA,0.34023933558238334,added
JPN,SDGW,Survey,2020,s_sep_edl_n,NA,0.3942450343584771,added
JPN,SDGW,Survey,2020,s_sep_ero_n,NA,99.26551563005914,added
JPN,SDGW,Survey,2020,s_sep_n,NA,19.07714992362493,added
JPN,SDGW,Survey,2020,s_sep_nemp_n,NA,0,added
JPN,SDGW,Survey,2020,s_sew_n,NA,76.34788135900796,added
JPN,OECD,Admin,2020,s_treat_fstp_n,NA,100,added
JPN,OECD,Admin,2020,s_treat_wtp_n,NA,100,added
JPN,SDGW,Survey,2021,s_imp_n,NA,100,added
JPN,SDGW,Survey,2021,s_lat_ebo_n,NA,0.5696011141974827,added
JPN,SDGW,Survey,2021,s_lat_edl_n,NA,0.33489019204511755,added
JPN,SDGW,Survey,2021,s_lat_ero_n,NA,99.0955086937574,added
JPN,SDGW,Survey,2021,s_lat_n,NA,4.371971999605762,added
JPN,SDGW,Survey,2021,s_lat_nemp_n,NA,0,added
JPN,STIR,Admin,2021,s_sep_con_n,NA,94.8,added
JPN,SDGW,Survey,2021,s_sep_ebo_n,NA,0.02439916020453558,added
JPN,SDGW,Survey,2021,s_sep_edl_n,NA,0.3942450343584771,added
JPN,SDGW,Survey,2021,s_sep_ero_n,NA,99.52642136768544,added
JPN,SDGW,Survey,2021,s_sep_n,NA,18.731378331888784,added
JPN,SDGW,Survey,2021,s_sep_nemp_n,NA,0,added
JPN,SDGW,Survey,2021,s_sew_n,NA,76.89664966850545,added
JPN,OECD,Admin,2021,s_treat_fstp_n,NA,100,added
JPN,OECD,Admin,2021,s_treat_wtp_n,NA,100,added
JPN,SDGW,Survey,2022,s_imp_n,NA,100,added
JPN,SDGW,Survey,2022,s_lat_ebo_n,NA,0.5696011141974827,added
JPN,SDGW,Survey,2022,s_lat_edl_n,NA,0.38314231713432806,added
JPN,SDGW,Survey,2022,s_lat_ero_n,NA,99.05651278470503,added
JPN,SDGW,Survey,2022,s_lat_n,NA,3.900754270669452,added
JPN,SDGW,Survey,2022,s_sep_ebo_n,NA,0.02088038986097146,added
JPN,SDGW,Survey,2022,s_sep_edl_n,NA,0.5069794658916045,added
JPN,SDGW,Survey,2022,s_sep_ero_n,NA,99.47214014424742,added
JPN,SDGW,Survey,2022,s_sep_n,NA,18.40687780728873,added
JPN,SDGW,Survey,2022,s_sew_n,NA,77.69236792204183,added
JPN,OECD,Admin,2022,s_treat_fstp_n,NA,100,added
JPN,OECD,Admin,2022,s_treat_wtp_n,NA,100,added
KAZ,SC,Admin,2000,s_treat_wtp_n,95.48,89.39979444881625,changed
KAZ,SC,Admin,2001,s_treat_wtp_n,95.34,92.54333532832396,changed
KAZ,SC,Admin,2002,s_treat_wtp_n,95.48,92.06430890107804,changed
KAZ,SC,Admin,2003,s_treat_wtp_n,97.89,93.57675737864264,changed
KAZ,SC,Admin,2004,s_treat_wtp_n,96.1,93.43578289198996,changed
KAZ,SC,Admin,2005,s_treat_wtp_n,96.54,93.8208416325953,changed
KAZ,SC,Admin,2006,s_treat_wtp_n,94.42,88.2300242700436,changed
KAZ,SC,Admin,2007,s_treat_wtp_n,96.06,88.92587481887135,changed
KAZ,SC,Admin,2008,s_treat_wtp_n,95.77,88.88315307458421,changed
KAZ,SC,Admin,2009,s_treat_wtp_n,96.93,90.15518836783858,changed
KAZ,SC,Admin,2010,s_treat_wtp_n,95.8,89.20728612287202,changed
KAZ,SC,Admin,2011,s_treat_wtp_n,96.14,89.64382735945013,changed
KAZ,SC,Admin,2012,s_treat_wtp_n,96.64,90.7292257395115,changed
KAZ,UNSD,Admin,2013,s_sew_rtp_n,NA,91.46589660644533,added
KAZ,SC,Admin,2013,s_treat_wtp_n,97.12,90.8607085545078,changed
KAZ,UNSD,Admin,2014,s_sew_rtp_n,NA,91.26881408691406,added
KAZ,IBNET,Other,2014,s_treat_wtp_n,97.53,NA,removed
KAZ,SC,Admin,2014,s_treat_wtp_n,NA,88.88315307458421,added
KAZ,UNSD,Admin,2015,s_sew_rtp_n,NA,91.13157653808594,added
KAZ,SC,Admin,2015,s_treat_wtp_n,96.7,90.9905331490464,changed
KAZ,UNSD,Admin,2016,s_sew_rtp_n,NA,92.31465911865234,added
KAZ,SC,Admin,2016,s_treat_wtp_n,97.1,91.925977962137,changed
KAZ,UNSD,Admin,2017,s_sew_rtp_n,NA,91.957366943359375,added
KAZ,SC,Admin,2017,s_treat_wtp_n,99.1,91.69181370259524,changed
KAZ,UNSD,Admin,2018,s_sew_rtp_n,NA,92.074981689453125,added
KAZ,SC,Admin,2018,s_treat_wtp_n,99.1,91.76855519200964,changed
KAZ,UNSD,Admin,2019,s_sew_rtp_n,NA,86.02149963378906,added
KAZ,SC,Admin,2019,s_treat_wtp_n,NA,85.5342654928362,added
KAZ,SC,Admin,2020,s_treat_wtp_n,NA,86.60559972347045,added
KAZ,CEN,Census,2021,s_imp_r,NA,100,added
KAZ,CEN,Census,2021,s_imp_u,NA,100,added
KAZ,CEN,Census,2021,s_sew_r,NA,2.6377448638318204,added
KAZ,CEN,Census,2021,s_sew_u,NA,64.56259316393978,added
KAZ,SC,Admin,2021,s_treat_wtp_n,NA,86.64767967833808,added
KAZ,SC,Admin,2022,s_treat_wtp_n,NA,86.35048231511254,added
KAZ,SC,Admin,2023,s_sew_rtp_n,NA,87.49123274157913,added
KAZ,SC,Admin,2023,s_treat_wtp_n,NA,87.6336149787975,added
KEN,FHS,Survey,2006,s_imp_r,NA,19.36323,added
KEN,FHS,Survey,2006,s_imp_u,NA,63.80933999999999,added
KEN,FHS,Survey,2006,s_od_r,NA,13.89189,added
KEN,FHS,Survey,2006,s_od_u,NA,0.87841,added
KEN,FHS,Survey,2009,s_imp_r,NA,55.10173,added
KEN,FHS,Survey,2009,s_imp_u,NA,77.22261,added
KEN,FHS,Survey,2009,s_od_r,NA,8.91201,added
KEN,FHS,Survey,2009,s_od_u,NA,1.18932,added
KEN,KHHEUS,Survey,2013,s_imp_r,NA,14.91519,added
KEN,FHS,Survey,2013,s_imp_r,NA,65.07147,added
KEN,STEP-HH,Survey,2013,s_imp_u,NA,92.28973,added
KEN,KHHEUS,Survey,2013,s_imp_u,NA,52.28841,added
KEN,FHS,Survey,2013,s_imp_u,NA,86.66355,added
KEN,STEP-HH,Survey,2013,s_lat_u,NA,34.93117999999999,added
KEN,KHHEUS,Survey,2013,s_od_r,NA,16.8164,added
KEN,FHS,Survey,2013,s_od_r,NA,11.59646,added
KEN,STEP-HH,Survey,2013,s_od_u,NA,0.16452,added
KEN,KHHEUS,Survey,2013,s_od_u,NA,2.13333,added
KEN,FHS,Survey,2013,s_od_u,NA,1.66724,added
KEN,STEP-HH,Survey,2013,s_sep_u,NA,14.07161,added
KEN,STEP-HH,Survey,2013,s_sew_u,NA,43.28694,added
KEN,STEP-HH,Survey,2013,s_shared_u,NA,70.72208,added
KEN,UNSD,Admin,2014,s_sew_rtp_n,NA,100,added
KEN,UNSD,Admin,2015,s_sew_rtp_n,NA,100,added
KEN,UNSD,Admin,2016,s_sew_rtp_n,NA,100,added
KEN,MTF,Survey,2018,s_imp_r,NA,60.329550000000005,added
KEN,KHHEUS,Survey,2018,s_imp_r,NA,49.44062999999999,added
KEN,MTF,Survey,2018,s_imp_u,NA,82.04428,added
KEN,KHHEUS,Survey,2018,s_imp_u,NA,80.90169,added
KEN,PMA,Survey,2018,s_lat_ebo_r,NA,1.36377,added
KEN,PMA,Survey,2018,s_lat_ebo_u,NA,1.34509,added
KEN,PMA,Survey,2018,s_lat_edl_r,NA,0.47896,added
KEN,PMA,Survey,2018,s_lat_edl_u,NA,0.337,added
KEN,PMA,Survey,2018,s_lat_ero_r,NA,0.75587,added
KEN,PMA,Survey,2018,s_lat_ero_u,NA,8.37666,added
KEN,PMA,Survey,2018,s_lat_nemp_r,NA,97.4014,added
KEN,PMA,Survey,2018,s_lat_nemp_u,NA,89.94126,added
KEN,MTF,Survey,2018,s_lat_r,NA,57.11205,added
KEN,KHHEUS,Survey,2018,s_lat_r,NA,47.95631999999999,added
KEN,MTF,Survey,2018,s_lat_u,NA,34.37926,added
KEN,KHHEUS,Survey,2018,s_lat_u,NA,54.25376,added
KEN,MTF,Survey,2018,s_od_r,NA,7.55505,added
KEN,KHHEUS,Survey,2018,s_od_r,NA,13.4246,added
KEN,MTF,Survey,2018,s_od_u,NA,1.21934,added
KEN,KHHEUS,Survey,2018,s_od_u,NA,2.79308,added
KEN,PMA,Survey,2018,s_sep_ebo_r,NA,18.3405,added
KEN,PMA,Survey,2018,s_sep_ebo_u,NA,3.59448,added
KEN,PMA,Survey,2018,s_sep_edl_r,NA,0,added
KEN,PMA,Survey,2018,s_sep_edl_u,NA,0.23882,added
KEN,PMA,Survey,2018,s_sep_ero_r,NA,16.37239,added
KEN,PMA,Survey,2018,s_sep_ero_u,NA,22.49347,added
KEN,PMA,Survey,2018,s_sep_nemp_r,NA,65.28711,added
KEN,PMA,Survey,2018,s_sep_nemp_u,NA,73.67323,added
KEN,MTF,Survey,2018,s_sep_r,NA,2.21017,added
KEN,KHHEUS,Survey,2018,s_sep_r,NA,1.10834,added
KEN,MTF,Survey,2018,s_sep_u,NA,20.00331,added
KEN,KHHEUS,Survey,2018,s_sep_u,NA,15.5447,added
KEN,MTF,Survey,2018,s_sew_r,NA,1.00733,added
KEN,KHHEUS,Survey,2018,s_sew_r,NA,0.37597,added
KEN,MTF,Survey,2018,s_sew_u,NA,27.66171,added
KEN,KHHEUS,Survey,2018,s_sew_u,NA,11.10323,added
KEN,KHHEUS,Survey,2018,s_shared_r,NA,33.08845,added
KEN,KHHEUS,Survey,2018,s_shared_u,NA,58.36008,added
KEN,PMA,Survey,2019,s_imp_r,NA,45.39593,added
KEN,KCHSP,Survey,2019,s_imp_r,NA,72.91859000000001,added
KEN,FHS,Survey,2019,s_imp_r,NA,72.63935,added
KEN,PMA,Survey,2019,s_imp_u,NA,80.91664,added
KEN,KCHSP,Survey,2019,s_imp_u,NA,93.51681,added
KEN,FHS,Survey,2019,s_imp_u,NA,94.37726,added
KEN,PMA,Survey,2019,s_lat_r,NA,43.22695,added
KEN,KCHSP,Survey,2019,s_lat_r,NA,70.59174000000002,added
KEN,PMA,Survey,2019,s_lat_u,NA,44.09955,added
KEN,KCHSP,Survey,2019,s_lat_u,NA,54.23132000000001,added
KEN,PMA,Survey,2019,s_od_r,NA,12.61443,added
KEN,KCHSP,Survey,2019,s_od_r,NA,13.13397,added
KEN,FHS,Survey,2019,s_od_r,NA,10.65664,added
KEN,AFB,Survey,2019,s_od_r,NA,5.87918,added
KEN,PMA,Survey,2019,s_od_u,NA,0.96923,added
KEN,KCHSP,Survey,2019,s_od_u,NA,1.23668,added
KEN,FHS,Survey,2019,s_od_u,NA,1.19264,added
KEN,AFB,Survey,2019,s_od_u,NA,1.08951,added
KEN,PMA,Survey,2019,s_sep_r,NA,1.91176,added
KEN,KCHSP,Survey,2019,s_sep_r,NA,2.02333,added
KEN,PMA,Survey,2019,s_sep_u,NA,15.1054,added
KEN,KCHSP,Survey,2019,s_sep_u,NA,17.47956,added
KEN,PMA,Survey,2019,s_sew_r,NA,0.25722,added
KEN,KCHSP,Survey,2019,s_sew_r,NA,0.30352,added
KEN,UNSD,Admin,2019,s_sew_rtp_n,NA,100,added
KEN,PMA,Survey,2019,s_sew_u,NA,21.71169,added
KEN,KCHSP,Survey,2019,s_sew_u,NA,21.80593,added
KEN,CEN,Census,2019,s_shared_r,NA,38.02617,added
KEN,CEN,Census,2019,s_shared_u,NA,69.40735,added
KEN,PMA,Survey,2020,s_imp_r,NA,48.77524999999999,added
KEN,MIS,Survey,2020,s_imp_r,NA,55.13881000000001,added
KEN,PMA,Survey,2020,s_imp_u,NA,82.04105000000001,added
KEN,MIS,Survey,2020,s_imp_u,NA,80.18294,added
KEN,PMA,Survey,2020,s_lat_r,NA,46.410999999999994,added
KEN,MIS,Survey,2020,s_lat_r,NA,52.2578,added
KEN,PMA,Survey,2020,s_lat_u,NA,46.86532000000001,added
KEN,MIS,Survey,2020,s_lat_u,NA,42.46023,added
KEN,PMA,Survey,2020,s_od_r,NA,10.27714,added
KEN,MIS,Survey,2020,s_od_r,NA,9.16518,added
KEN,PMA,Survey,2020,s_od_u,NA,0.25083,added
KEN,MIS,Survey,2020,s_od_u,NA,1.77176,added
KEN,PMA,Survey,2020,s_sep_r,NA,2.05453,added
KEN,MIS,Survey,2020,s_sep_r,NA,1.85934,added
KEN,PMA,Survey,2020,s_sep_u,NA,16.02068,added
KEN,MIS,Survey,2020,s_sep_u,NA,13.78713,added
KEN,PMA,Survey,2020,s_sew_r,NA,0.30972,added
KEN,MIS,Survey,2020,s_sew_r,NA,1.02167,added
KEN,UNSD,Admin,2020,s_sew_rtp_n,NA,100,added
KEN,PMA,Survey,2020,s_sew_u,NA,19.15505,added
KEN,MIS,Survey,2020,s_sew_u,NA,23.93558,added
KEN,MIS,Survey,2020,s_shared_r,NA,22.73745,added
KEN,MIS,Survey,2020,s_shared_u,NA,37.47312,added
KEN,FHS,Survey,2021,s_imp_r,NA,72.63935,added
KEN,FHS,Survey,2021,s_imp_u,NA,94.37726,added
KEN,FHS,Survey,2021,s_od_r,NA,10.65664,added
KEN,AFB,Survey,2021,s_od_r,NA,4.15202,added
KEN,FHS,Survey,2021,s_od_u,NA,1.19264,added
KEN,AFB,Survey,2021,s_od_u,NA,0.17035,added
KEN,PMA,Survey,2022,s_imp_r,NA,52.62351,added
KEN,DHS,Survey,2022,s_imp_r,NA,53.94481,added
KEN,PMA,Survey,2022,s_imp_u,NA,78.39487,added
KEN,DHS,Survey,2022,s_imp_u,NA,91.75029,added
KEN,DHS,Survey,2022,s_lat_ebo_r,NA,1.66143,added
KEN,DHS,Survey,2022,s_lat_ebo_u,NA,1.15079,added
KEN,DHS,Survey,2022,s_lat_edl_r,NA,0.64159,added
KEN,DHS,Survey,2022,s_lat_edl_u,NA,6.78753,added
KEN,DHS,Survey,2022,s_lat_ero_r,NA,0.15927,added
KEN,DHS,Survey,2022,s_lat_ero_u,NA,1.85414,added
KEN,DHS,Survey,2022,s_lat_nemp_r,NA,97.53772,added
KEN,DHS,Survey,2022,s_lat_nemp_u,NA,90.20754,added
KEN,PMA,Survey,2022,s_lat_r,NA,49.80776,added
KEN,DHS,Survey,2022,s_lat_r,NA,51.70671,added
KEN,PMA,Survey,2022,s_lat_u,NA,41.424949999999995,added
KEN,DHS,Survey,2022,s_lat_u,NA,43.48995000000001,added
KEN,PMA,Survey,2022,s_od_r,NA,9.84855,added
KEN,DHS,Survey,2022,s_od_r,NA,10.44595,added
KEN,PMA,Survey,2022,s_od_u,NA,0.28609,added
KEN,DHS,Survey,2022,s_od_u,NA,0.85207,added
KEN,DHS,Survey,2022,s_sep_ebo_r,NA,0.35108,added
KEN,DHS,Survey,2022,s_sep_ebo_u,NA,0.25062,added
KEN,DHS,Survey,2022,s_sep_edl_r,NA,5.01039,added
KEN,DHS,Survey,2022,s_sep_edl_u,NA,21.86688,added
KEN,DHS,Survey,2022,s_sep_ero_r,NA,1.88193,added
KEN,DHS,Survey,2022,s_sep_ero_u,NA,4.73102,added
KEN,DHS,Survey,2022,s_sep_nemp_r,NA,92.7566,added
KEN,DHS,Survey,2022,s_sep_nemp_u,NA,73.15148,added
KEN,PMA,Survey,2022,s_sep_r,NA,2.50068,added
KEN,DHS,Survey,2022,s_sep_r,NA,1.96055,added
KEN,PMA,Survey,2022,s_sep_u,NA,14.17709,added
KEN,DHS,Survey,2022,s_sep_u,NA,20.11244,added
KEN,PMA,Survey,2022,s_sew_r,NA,0.31507,added
KEN,DHS,Survey,2022,s_sew_r,NA,0.27755,added
KEN,PMA,Survey,2022,s_sew_u,NA,22.79283,added
KEN,DHS,Survey,2022,s_sew_u,NA,28.1479,added
KEN,DHS,Survey,2022,s_shared_r,NA,30.16933,added
KEN,DHS,Survey,2022,s_shared_u,NA,48.48185,added
KEN,KHSB,Survey,2024,s_imp_r,NA,60.49999999999999,added
KEN,KHSB,Survey,2024,s_imp_u,NA,93.6,added
KEN,KHSB,Survey,2024,s_lat_r,NA,57.599999999999994,added
KEN,KHSB,Survey,2024,s_lat_u,NA,48.49999999999999,added
KEN,KHSB,Survey,2024,s_od_r,NA,8.1,added
KEN,KHSB,Survey,2024,s_od_u,NA,0.7,added
KEN,KHSB,Survey,2024,s_sep_r,NA,2.5,added
KEN,KHSB,Survey,2024,s_sep_u,NA,19.6,added
KEN,KHSB,Survey,2024,s_sew_r,NA,0.4,added
KEN,KHSB,Survey,2024,s_sew_u,NA,25.5,added
KEN,KHSB,Survey,2024,s_shared_r,NA,24.5,added
KEN,KHSB,Survey,2024,s_shared_u,NA,58.1,added
KGZ,WW,Admin,2017,s_treat_wtp_n,97.9,96,changed
KGZ,WW,Admin,2018,s_treat_wtp_n,NA,96,added
KGZ,WW,Admin,2019,s_treat_wtp_n,NA,95.1,added
KGZ,WW,Admin,2020,s_treat_wtp_n,NA,98.1,added
KGZ,WW,Admin,2021,s_treat_wtp_n,NA,98.3,added
KGZ,WW,Admin,2022,s_treat_wtp_n,NA,98.3,added
KGZ,MICS,Survey,2023,s_imp_r,NA,99.28211,added
KGZ,MICS,Survey,2023,s_imp_u,NA,99.73089,added
KGZ,MICS,Survey,2023,s_lat_ebo_r,NA,3.90177,added
KGZ,MICS,Survey,2023,s_lat_ebo_u,NA,2.09492,added
KGZ,MICS,Survey,2023,s_lat_edl_r,NA,0.0793,added
KGZ,MICS,Survey,2023,s_lat_edl_u,NA,1.02476,added
KGZ,MICS,Survey,2023,s_lat_ero_r,NA,4.04086,added
KGZ,MICS,Survey,2023,s_lat_ero_u,NA,10.53446,added
KGZ,MICS,Survey,2023,s_lat_nemp_r,NA,91.97808,added
KGZ,MICS,Survey,2023,s_lat_nemp_u,NA,86.34587,added
KGZ,MICS,Survey,2023,s_lat_r,NA,92.60887,added
KGZ,MICS,Survey,2023,s_lat_u,NA,45.43938,added
KGZ,MICS,Survey,2023,s_sep_dtp_r,NA,0,added
KGZ,MICS,Survey,2023,s_sep_dtp_u,NA,0,added
KGZ,MICS,Survey,2023,s_sep_edl_r,NA,12.69632,added
KGZ,MICS,Survey,2023,s_sep_edl_u,NA,4.2962,added
KGZ,MICS,Survey,2023,s_sep_ero_r,NA,24.85621,added
KGZ,MICS,Survey,2023,s_sep_ero_u,NA,41.65385,added
KGZ,MICS,Survey,2023,s_sep_nemp_r,NA,62.44747,added
KGZ,MICS,Survey,2023,s_sep_nemp_u,NA,54.04995,added
KGZ,MICS,Survey,2023,s_sep_r,NA,0.43042,added
KGZ,MICS,Survey,2023,s_sep_u,NA,2.95369,added
KGZ,MICS,Survey,2023,s_sew_r,NA,6.24282,added
KGZ,MICS,Survey,2023,s_sew_u,NA,51.33782,added
KGZ,MICS,Survey,2023,s_shared_r,NA,0.47084,added
KGZ,MICS,Survey,2023,s_shared_u,NA,2.95434,added
KGZ,WW,Admin,2023,s_treat_wtp_n,NA,98.3,added
KHM,CLS,Survey,2001,s_lat_r,3.9700000000000006,NA,removed
KHM,CLS,Survey,2001,s_lat_u,4.841999999999999,NA,removed
KHM,HSES,Survey,2004,s_imp_r,18.813205364091186,18.97317139894102,changed
KHM,HSES,Survey,2004,s_imp_u,63.798949508025345,64.05993277659488,changed
KHM,ICPS,Survey,2004,s_lat_r,3.1999999999999993,11.154853273137697,changed
KHM,HSES,Survey,2004,s_lat_r,4.0560101808980935,17.25616612651879,changed
KHM,ICPS,Survey,2004,s_lat_u,5.799999999999997,20.8225641025641,changed
KHM,HSES,Survey,2004,s_lat_u,4.576851874462221,33.064155493176685,changed
KHM,ICPS,Survey,2004,s_sep_r,8,NA,removed
KHM,HSES,Survey,2004,s_sep_r,13.114197799027218,0.07400788825636129,changed
KHM,ICPS,Survey,2004,s_sep_u,15.1,NA,removed
KHM,HSES,Survey,2004,s_sep_u,28.371816846795163,0.1454964966502316,changed
KHM,DHS,Survey,2005,s_lat_r,2.8000000000000007,19.306320541760723,changed
KHM,DHS,Survey,2005,s_lat_u,2.0999999999999943,33.23948717948718,changed
KHM,DHS,Survey,2005,s_sep_r,16.6,0.09367945823927767,changed
KHM,DHS,Survey,2005,s_sep_u,31.3,0.1605128205128205,changed
KHM,SES,Survey,2007,s_lat_r,2.877404979217552,19.330016263158516,changed
KHM,SES,Survey,2007,s_lat_u,2.3924669226652497,29.231631640896033,changed
KHM,SES,Survey,2007,s_sep_r,16.545985922328825,0.0933746383878602,changed
KHM,SES,Survey,2007,s_sep_u,26.97751092811857,0.1383462098877875,changed
KHM,CEN,Census,2008,s_lat_r,1.1309167882663118,11.47222604334532,changed
KHM,CEN,Census,2008,s_lat_u,0.43297811440397993,32.8657986272245,changed
KHM,CEN,Census,2008,s_sep_r,10.4,0.05869074492099323,changed
KHM,CEN,Census,2008,s_sep_u,32.6,0.1671794871794872,changed
KHM,HSES,Survey,2009,s_lat_r,1.8999999999999984,22.284311512415343,changed
KHM,HSES,Survey,2009,s_lat_u,3.119210245464245,43.358748323892414,changed
KHM,HSES,Survey,2009,s_sep_r,20.5,0.11568848758465013,changed
KHM,HSES,Survey,2009,s_sep_u,40.4469583778015,0.20742029937334103,changed
KHM,SES,Survey,2010,s_lat_r,2.599999999999998,29.54706546275395,changed
KHM,SES,Survey,2010,s_lat_u,2.9306620209059275,44.67333333333333,changed
KHM,SES,Survey,2010,s_sep_r,27.1,0.15293453724604966,changed
KHM,SES,Survey,2010,s_sep_u,41.95783972125435,0.21516840882694535,changed
KHM,SES,Survey,2011,s_imp_r,34.20831811485565,33.1,changed
KHM,SES,Survey,2011,s_imp_u,89.01492056874758,83.6,changed
KHM,SES,Survey,2011,s_lat_r,2.0432215612409195,32.22336343115124,changed
KHM,DHS,Survey,2011,s_lat_r,3.6746753591672814,31.615297916117605,changed
KHM,SES,Survey,2011,s_lat_u,5.392725607651641,39.300512820512814,changed
KHM,DHS,Survey,2011,s_lat_u,1.436137319862823,46.316657199403096,changed
KHM,SES,Survey,2011,s_od_r,62.96667173723295,64.4,changed
KHM,SES,Survey,2011,s_od_u,9.930871403040564,11.9,changed
KHM,SES,Survey,2011,s_sep_r,31.465765136250457,0.17663656884875847,changed
KHM,DHS,Survey,2011,s_sep_r,28.1056188747319,0.1649963177815759,changed
KHM,SES,Survey,2011,s_sep_u,39.792169981855025,0.19948717948717945,changed
KHM,DHS,Survey,2011,s_sep_u,45.1161558179594,0.23563593841912436,changed
KHM,SES,Survey,2011,s_sew_r,0.6993314173642763,0.7,changed
KHM,SES,Survey,2011,s_sew_u,43.83002497924092,44.1,changed
KHM,SES,Survey,2012,s_imp_r,34.400000000000006,33.199999999999996,changed
KHM,SES,Survey,2012,s_imp_u,87.1,86.3,changed
KHM,SES,Survey,2012,s_lat_r,2.3000000000000043,32.225056433408575,changed
KHM,SES,Survey,2012,s_lat_u,1.7999999999999972,41.88974358974358,changed
KHM,SES,Survey,2012,s_od_r,62.60128085017831,64.3,changed
KHM,SES,Survey,2012,s_od_u,10.564925937155015,11.1,changed
KHM,SES,Survey,2012,s_sep_r,31.2,0.17494356659142213,changed
KHM,SES,Survey,2012,s_sep_u,41.8,0.21025641025641023,changed
KHM,SES,Survey,2012,s_sew_r,0.9,0.8,changed
KHM,SES,Survey,2012,s_sew_u,43.5,44.2,changed
KHM,SES,Survey,2013,s_imp_r,40.099999999999994,41.7,changed
KHM,IPS,Survey,2013,s_imp_r,35.453396940286225,36.8,changed
KHM,SES,Survey,2013,s_imp_u,92.72435158501442,93.2,changed
KHM,IPS,Survey,2013,s_imp_u,85.86135877611449,86.39999999999999,changed
KHM,SES,Survey,2013,s_lat_r,0.5,39.877088036117385,changed
KHM,IPS,Survey,2013,s_lat_r,0.6533969402862283,23.47810383747178,changed
KHM,SES,Survey,2013,s_lat_u,0.5723342939481313,46.36410256410255,changed
KHM,IPS,Survey,2013,s_lat_u,0.2613587761144913,32.83487179487179,changed
KHM,SES,Survey,2013,s_od_r,56,55.7,changed
KHM,SES,Survey,2013,s_od_u,5.172478386167147,5.4,changed
KHM,SES,Survey,2013,s_sep_r,37.8,0.22291196388261852,changed
KHM,IPS,Survey,2013,s_sep_r,21.6,NA,removed
KHM,SES,Survey,2013,s_sep_u,47.3456772334294,0.23589743589743584,changed
KHM,IPS,Survey,2013,s_sep_u,32.2,NA,removed
KHM,SES,Survey,2013,s_sew_r,1.8,1.6,changed
KHM,SES,Survey,2013,s_sew_u,44.80634005763689,46.6,changed
KHM,SES,Survey,2014,s_lat_r,2.097982683760243,44.55701202913271,changed
KHM,DHS,Survey,2014,s_lat_r,2.1000000000000014,48.72968397291197,changed
KHM,SES,Survey,2014,s_lat_u,0.6201284656333428,43.897051542556426,changed
KHM,DHS,Survey,2014,s_lat_u,1.5999999999999943,52.53487179487179,changed
KHM,SES,Survey,2014,s_sep_r,42.7,0.24097065462753953,changed
KHM,DHS,Survey,2014,s_sep_r,46.900000000000006,0.2703160270880362,changed
KHM,SES,Survey,2014,s_sep_u,43.5,0.22307692307692303,changed
KHM,DHS,Survey,2014,s_sep_u,51.2,0.2651282051282051,changed
KHM,SES,Survey,2015,s_lat_r,1.2000000000000028,50.52009029345373,changed
KHM,SES,Survey,2015,s_lat_u,0.09999999999999432,44.47128205128205,changed
KHM,SES,Survey,2015,s_sep_r,49.6,0.27990970654627545,changed
KHM,SES,Survey,2015,s_sep_u,44.6,0.22871794871794873,changed
KHM,SES,Survey,2016,s_lat_r,2.4542609768003416,65.59590883233082,changed
KHM,SES,Survey,2016,s_lat_u,0.7284727703235916,42.61257533442615,changed
KHM,SES,Survey,2016,s_sep_r,63.5,0.35835214446952596,changed
KHM,SES,Survey,2016,s_sep_u,42.1,0.21589743589743587,changed
KHM,SES,Survey,2017,s_lat_r,2.274365285306885,70.28836077063421,changed
KHM,SES,Survey,2017,s_lat_u,1.1189818468824058,43.89846902636958,changed
KHM,SES,Survey,2017,s_sep_r,68.4,0.38600451467268626,changed
KHM,SES,Survey,2017,s_sep_u,43,0.2205128205128205,changed
KHM,LSMS,Survey,2019,s_imp_r,NA,67.46807000000001,added
KHM,LSMS,Survey,2019,s_imp_u,NA,90.3764,added
KHM,LSMS,Survey,2019,s_lat_edl_r,NA,1.54004,added
KHM,LSMS,Survey,2019,s_lat_edl_u,NA,1.57171,added
KHM,LSMS,Survey,2019,s_lat_ero_r,NA,3.62703,added
KHM,LSMS,Survey,2019,s_lat_ero_u,NA,7.92963,added
KHM,LSMS,Survey,2019,s_lat_nemp_r,NA,94.83294,added
KHM,LSMS,Survey,2019,s_lat_nemp_u,NA,90.49866,added
KHM,LSMS,Survey,2019,s_lat_r,NA,62.306536331828454,added
KHM,LSMS,Survey,2019,s_lat_u,NA,43.425019692307686,added
KHM,LSMS,Survey,2019,s_od_r,NA,28.32477,added
KHM,LSMS,Survey,2019,s_od_u,NA,7.33942,added
KHM,LSMS,Survey,2019,s_sep_edl_r,NA,1.54004,added
KHM,LSMS,Survey,2019,s_sep_edl_u,NA,1.57171,added
KHM,LSMS,Survey,2019,s_sep_ero_r,NA,3.62703,added
KHM,LSMS,Survey,2019,s_sep_ero_u,NA,7.92963,added
KHM,LSMS,Survey,2019,s_sep_nemp_r,NA,94.83294,added
KHM,LSMS,Survey,2019,s_sep_nemp_u,NA,90.49866,added
KHM,LSMS,Survey,2019,s_sep_r,NA,0.3450536681715576,added
KHM,CEN,Census,2019,s_sep_r,NA,0.22351234196301523,added
KHM,LSMS,Survey,2019,s_sep_u,NA,0.22384030769230764,added
KHM,CEN,Census,2019,s_sep_u,NA,0.1779449168649478,added
KHM,LSMS,Survey,2019,s_sew_r,NA,4.81648,added
KHM,LSMS,Survey,2019,s_sew_u,NA,46.72754,added
KHM,LSMS,Survey,2019,s_shared_r,NA,11.24127,added
KHM,LSMS,Survey,2019,s_shared_u,NA,9.27823,added
KHM,SES,Survey,2020,s_lat_ebo_r,NA,0.16494,added
KHM,SES,Survey,2020,s_lat_ebo_u,NA,0.22904,added
KHM,SES,Survey,2020,s_lat_edl_r,NA,0.30631,added
KHM,SES,Survey,2020,s_lat_edl_u,NA,0.5497,added
KHM,SES,Survey,2020,s_lat_ero_r,NA,1.81433,added
KHM,SES,Survey,2020,s_lat_ero_u,NA,3.52726,added
KHM,SES,Survey,2020,s_lat_nemp_r,NA,97.71442,added
KHM,SES,Survey,2020,s_lat_nemp_u,NA,95.694,added
KHM,SES,Survey,2020,s_lat_r,NA,66.67217269751694,added
KHM,SES,Survey,2020,s_lat_u,NA,57.996366512820515,added
KHM,SES,Survey,2020,s_sep_ebo_r,NA,0.16494,added
KHM,SES,Survey,2020,s_sep_ebo_u,NA,0.22904,added
KHM,SES,Survey,2020,s_sep_edl_r,NA,0.30631,added
KHM,SES,Survey,2020,s_sep_edl_u,NA,0.5497,added
KHM,SES,Survey,2020,s_sep_ero_r,NA,1.81433,added
KHM,SES,Survey,2020,s_sep_ero_u,NA,3.52726,added
KHM,SES,Survey,2020,s_sep_nemp_r,NA,97.71442,added
KHM,SES,Survey,2020,s_sep_nemp_u,NA,95.694,added
KHM,SES,Survey,2020,s_sep_r,NA,0.37363730248307,added
KHM,SES,Survey,2020,s_sep_u,NA,0.29468348717948717,added
KHM,SES,Survey,2021,s_imp_r,NA,83.65686,added
KHM,SES,Survey,2021,s_imp_u,NA,94.97967,added
KHM,SES,Survey,2021,s_lat_ebo_r,NA,2.10128,added
KHM,SES,Survey,2021,s_lat_ebo_u,NA,4.68636,added
KHM,SES,Survey,2021,s_lat_edl_r,NA,0.32163,added
KHM,SES,Survey,2021,s_lat_edl_u,NA,0.05579,added
KHM,SES,Survey,2021,s_lat_ero_r,NA,0.36104,added
KHM,SES,Survey,2021,s_lat_ero_u,NA,0.47953,added
KHM,SES,Survey,2021,s_lat_nemp_r,NA,97.21605,added
KHM,SES,Survey,2021,s_lat_nemp_u,NA,94.77832,added
KHM,SES,Survey,2021,s_lat_r,NA,81.21948565462753,added
KHM,SES,Survey,2021,s_lat_u,NA,58.82116717948718,added
KHM,SES,Survey,2021,s_od_r,NA,13.63402,added
KHM,SES,Survey,2021,s_od_u,NA,3.97883,added
KHM,SES,Survey,2021,s_sep_ebo_r,NA,2.10128,added
KHM,SES,Survey,2021,s_sep_ebo_u,NA,4.68636,added
KHM,SES,Survey,2021,s_sep_edl_r,NA,0.32163,added
KHM,SES,Survey,2021,s_sep_edl_u,NA,0.05579,added
KHM,SES,Survey,2021,s_sep_ero_r,NA,0.36104,added
KHM,SES,Survey,2021,s_sep_ero_u,NA,0.47953,added
KHM,SES,Survey,2021,s_sep_nemp_r,NA,97.21605,added
KHM,SES,Survey,2021,s_sep_nemp_u,NA,94.77832,added
KHM,SES,Survey,2021,s_sep_r,NA,0.4561543453724605,added
KHM,SES,Survey,2021,s_sep_u,NA,0.3030528205128205,added
KHM,SES,Survey,2021,s_sew_r,NA,1.98122,added
KHM,SES,Survey,2021,s_sew_u,NA,35.85545,added
KHM,SES,Survey,2021,s_shared_r,NA,9.07854,added
KHM,SES,Survey,2021,s_shared_u,NA,7.242990000000001,added
KHM,DHS,Survey,2022,s_imp_r,NA,84.93154,added
KHM,DHS,Survey,2022,s_imp_u,NA,95.95767,added
KHM,DHS,Survey,2022,s_lat_ebo_r,NA,2.23105,added
KHM,DHS,Survey,2022,s_lat_ebo_u,NA,3.01802,added
KHM,DHS,Survey,2022,s_lat_edl_r,NA,9.21717,added
KHM,DHS,Survey,2022,s_lat_edl_u,NA,12.5508,added
KHM,DHS,Survey,2022,s_lat_ero_r,NA,0.47035,added
KHM,DHS,Survey,2022,s_lat_ero_u,NA,0.73661,added
KHM,DHS,Survey,2022,s_lat_nemp_r,NA,88.08143,added
KHM,DHS,Survey,2022,s_lat_nemp_u,NA,83.69457,added
KHM,DHS,Survey,2022,s_lat_r,NA,81.94311357787811,added
KHM,DHS,Survey,2022,s_lat_u,NA,58.587860205128216,added
KHM,DHS,Survey,2022,s_od_r,NA,13.77891,added
KHM,DHS,Survey,2022,s_od_u,NA,2.86888,added
KHM,DHS,Survey,2022,s_sep_ebo_r,NA,2.23105,added
KHM,DHS,Survey,2022,s_sep_ebo_u,NA,3.01802,added
KHM,DHS,Survey,2022,s_sep_edl_r,NA,9.21717,added
KHM,DHS,Survey,2022,s_sep_edl_u,NA,12.5508,added
KHM,DHS,Survey,2022,s_sep_ero_r,NA,0.47035,added
KHM,DHS,Survey,2022,s_sep_ero_u,NA,0.73661,added
KHM,DHS,Survey,2022,s_sep_nemp_r,NA,88.08143,added
KHM,DHS,Survey,2022,s_sep_nemp_u,NA,83.69457,added
KHM,DHS,Survey,2022,s_sep_r,NA,0.46296642212189615,added
KHM,DHS,Survey,2022,s_sep_u,NA,0.3014097948717948,added
KHM,DHS,Survey,2022,s_sew_r,NA,2.52546,added
KHM,DHS,Survey,2022,s_sew_u,NA,37.0684,added
KHM,DHS,Survey,2022,s_shared_r,NA,12.83031,added
KHM,DHS,Survey,2022,s_shared_u,NA,6.75291,added
KHM,WHS,Survey,2023,s_imp_r,NA,96.69163000000005,added
KHM,SES,Survey,2023,s_imp_r,NA,87.16350000000001,added
KHM,NSSC,Survey,2023,s_imp_r,NA,88.6,added
KHM,WHS,Survey,2023,s_imp_u,NA,99.28681,added
KHM,SES,Survey,2023,s_imp_u,NA,95.73483,added
KHM,NSSC,Survey,2023,s_imp_u,NA,97,added
KHM,NSSC,Survey,2023,s_lat_con_r,NA,69,added
KHM,NSSC,Survey,2023,s_lat_con_u,NA,66.5,added
KHM,WHS,Survey,2023,s_lat_ebo_r,NA,0.73943,added
KHM,SES,Survey,2023,s_lat_ebo_r,NA,1.99032,added
KHM,WHS,Survey,2023,s_lat_ebo_u,NA,0.70295,added
KHM,SES,Survey,2023,s_lat_ebo_u,NA,2.95558,added
KHM,WHS,Survey,2023,s_lat_edl_r,NA,12.66683,added
KHM,SES,Survey,2023,s_lat_edl_r,NA,0.17342,added
KHM,WHS,Survey,2023,s_lat_edl_u,NA,16.12163,added
KHM,SES,Survey,2023,s_lat_edl_u,NA,0.00881,added
KHM,WHS,Survey,2023,s_lat_ero_r,NA,6.66082,added
KHM,SES,Survey,2023,s_lat_ero_r,NA,0.44356,added
KHM,WHS,Survey,2023,s_lat_ero_u,NA,7.65584,added
KHM,SES,Survey,2023,s_lat_ero_u,NA,0.35175,added
KHM,WHS,Survey,2023,s_lat_nemp_r,NA,79.93293,added
KHM,SES,Survey,2023,s_lat_nemp_r,NA,97.3927,added
KHM,WHS,Survey,2023,s_lat_nemp_u,NA,75.51957,added
KHM,SES,Survey,2023,s_lat_nemp_u,NA,96.68386,added
KHM,WHS,Survey,2023,s_lat_r,NA,85.08894000000004,added
KHM,SES,Survey,2023,s_lat_r,NA,84.08394218961627,added
KHM,NSSC,Survey,2023,s_lat_r,NA,88.1,added
KHM,WHS,Survey,2023,s_lat_u,NA,64.34120999999999,added
KHM,SES,Survey,2023,s_lat_u,NA,58.248939794871795,added
KHM,NSSC,Survey,2023,s_lat_u,NA,77.6,added
KHM,WHS,Survey,2023,s_od_r,NA,2.61524,added
KHM,SES,Survey,2023,s_od_r,NA,9.39383,added
KHM,NSSC,Survey,2023,s_od_r,NA,11,added
KHM,WHS,Survey,2023,s_od_u,NA,0.5277,added
KHM,SES,Survey,2023,s_od_u,NA,2.53523,added
KHM,NSSC,Survey,2023,s_od_u,NA,3.1,added
KHM,NSSC,Survey,2023,s_sep_con_r,NA,69,added
KHM,NSSC,Survey,2023,s_sep_con_u,NA,66.5,added
KHM,WHS,Survey,2023,s_sep_ebo_r,NA,0.47337,added
KHM,SES,Survey,2023,s_sep_ebo_r,NA,1.99032,added
KHM,WHS,Survey,2023,s_sep_ebo_u,NA,0,added
KHM,SES,Survey,2023,s_sep_ebo_u,NA,2.95558,added
KHM,WHS,Survey,2023,s_sep_edl_r,NA,7.08692,added
KHM,SES,Survey,2023,s_sep_edl_r,NA,0.17342,added
KHM,WHS,Survey,2023,s_sep_edl_u,NA,5.2412,added
KHM,SES,Survey,2023,s_sep_edl_u,NA,0.00881,added
KHM,WHS,Survey,2023,s_sep_ero_r,NA,9.19564,added
KHM,SES,Survey,2023,s_sep_ero_r,NA,0.44356,added
KHM,WHS,Survey,2023,s_sep_ero_u,NA,8.43924,added
KHM,SES,Survey,2023,s_sep_ero_u,NA,0.35175,added
KHM,WHS,Survey,2023,s_sep_nemp_r,NA,83.24407,added
KHM,SES,Survey,2023,s_sep_nemp_r,NA,97.3927,added
KHM,WHS,Survey,2023,s_sep_nemp_u,NA,86.31956,added
KHM,SES,Survey,2023,s_sep_nemp_u,NA,96.68386,added
KHM,WHS,Survey,2023,s_sep_r,NA,10.60456,added
KHM,SES,Survey,2023,s_sep_r,NA,0.4747378103837472,added
KHM,NSSC,Survey,2023,s_sep_r,NA,0.5,added
KHM,WHS,Survey,2023,s_sep_u,NA,11.24205,added
KHM,SES,Survey,2023,s_sep_u,NA,0.2998002051282051,added
KHM,NSSC,Survey,2023,s_sep_u,NA,0.4,added
KHM,WHS,Survey,2023,s_sew_r,NA,0.99813,added
KHM,SES,Survey,2023,s_sew_r,NA,2.60482,added
KHM,NSSC,Survey,2023,s_sew_r,NA,0,added
KHM,WHS,Survey,2023,s_sew_u,NA,23.70355,added
KHM,SES,Survey,2023,s_sew_u,NA,37.18609,added
KHM,NSSC,Survey,2023,s_sew_u,NA,19,added
KHM,WHS,Survey,2023,s_shared_r,NA,18.1555,added
KHM,SES,Survey,2023,s_shared_r,NA,9.22187,added
KHM,WHS,Survey,2023,s_shared_u,NA,11.32826,added
KHM,SES,Survey,2023,s_shared_u,NA,4.50449,added
KHM,ICEN,Census,2024,s_imp_r,NA,90.1558,added
KHM,ICEN,Census,2024,s_imp_u,NA,95.7222,added
KHM,ICEN,Census,2024,s_lat_r,NA,87.03463487584652,added
KHM,ICEN,Census,2024,s_lat_u,NA,64.38173538461538,added
KHM,ICEN,Census,2024,s_od_r,NA,9.3,added
KHM,ICEN,Census,2024,s_od_u,NA,3.7,added
KHM,ICEN,Census,2024,s_sep_r,NA,0.4908651241534989,added
KHM,ICEN,Census,2024,s_sep_u,NA,0.33186461538461537,added
KHM,ICEN,Census,2024,s_sew_r,NA,2.6302999999999996,added
KHM,ICEN,Census,2024,s_sew_u,NA,31.0086,added
KIR,CEN,Census,2005,s_imp_r,NA,15.464797317890886,added
KIR,CEN,Census,2005,s_imp_u,NA,50.358600222579454,added
KIR,CEN,Census,2005,s_od_r,NA,73.31301432490095,added
KIR,CEN,Census,2005,s_od_u,NA,36.23098800544083,added
KIR,CEN,Census,2015,s_imp_r,NA,31.961739758166395,added
KIR,CEN,Census,2015,s_imp_u,NA,70.68409742120343,added
KIR,CEN,Census,2015,s_od_r,NA,66.7117848763761,added
KIR,CEN,Census,2015,s_od_u,NA,22.313753581661892,added
KIR,CEN,Census,2015,s_shared_r,NA,19.174597965211685,added
KIR,CEN,Census,2015,s_shared_u,NA,23.83595988538682,added
KIR,HEALE,Survey,2016,s_imp_u,NA,72.19959266802444,added
KIR,HEALE,Survey,2016,s_od_u,NA,20.672097759674138,added
KIR,HIES,Survey,2020,s_imp_r,NA,45.39786,added
KIR,CEN,Census,2020,s_imp_r,NA,45.983024082116074,added
KIR,HIES,Survey,2020,s_imp_u,NA,66.4387472315557,added
KIR,CEN,Census,2020,s_imp_u,NA,72.21770917952884,added
KIR,HIES,Survey,2020,s_lat_r,NA,15.504740000000002,added
KIR,CEN,Census,2020,s_lat_r,NA,9.76115278326096,added
KIR,HIES,Survey,2020,s_lat_u,NA,9.394417231555693,added
KIR,CEN,Census,2020,s_lat_u,NA,12.040797905948182,added
KIR,HIES,Survey,2020,s_od_r,NA,49.20643,added
KIR,CEN,Census,2020,s_od_r,NA,48.884721673904465,added
KIR,HIES,Survey,2020,s_od_u,NA,27.13281,added
KIR,CEN,Census,2020,s_od_u,NA,25.697265096127808,added
KIR,HIES,Survey,2020,s_sep_r,NA,28.82837,added
KIR,CEN,Census,2020,s_sep_r,NA,36.22187129885511,added
KIR,HIES,Survey,2020,s_sep_u,NA,49.08065,added
KIR,CEN,Census,2020,s_sep_u,NA,53.75033847820201,added
KIR,HIES,Survey,2020,s_sew_r,NA,1.06475,added
KIR,CEN,Census,2020,s_sew_r,NA,0,added
KIR,HIES,Survey,2020,s_sew_u,NA,7.96368,added
KIR,CEN,Census,2020,s_sew_u,NA,6.426572795378645,added
KIR,HIES,Survey,2020,s_shared_r,NA,17.76873,added
KIR,CEN,Census,2020,s_shared_r,NA,12.592592592592592,added
KIR,HIES,Survey,2020,s_shared_u,NA,33.92897,added
KIR,CEN,Census,2020,s_shared_u,NA,30.87378640776699,added
KNA,UNSD,Admin,2010,s_treat_wtp_n,NA,50,added
KNA,UNSD,Admin,2011,s_treat_wtp_n,NA,50,added
KNA,UNSD,Admin,2012,s_treat_wtp_n,NA,50,added
KOR,OECD,Admin,2000,s_treat_fstp_n,97.58865241667166,NA,removed
KOR,OECD,Admin,2001,s_treat_fstp_n,97.5409836419314,NA,removed
KOR,OECD,Admin,2002,s_treat_fstp_n,97.88918201924912,NA,removed
KOR,OECD,Admin,2003,s_treat_fstp_n,98.8578679979508,NA,removed
KOR,SK,Admin,2004,s_sep_ebo_n,0,NA,removed
KOR,SK,Admin,2004,s_sep_edl_n,0,NA,removed
KOR,SK,Admin,2004,s_sep_ero_n,4.668491484184916,NA,removed
KOR,SK,Admin,2004,s_sep_nemp_n,95.33150851581507,NA,removed
KOR,OECD,Admin,2004,s_treat_fstp_n,98.64864862292116,NA,removed
KOR,SK,Admin,2005,s_sep_ebo_n,0,NA,removed
KOR,SK,Admin,2005,s_sep_edl_n,0,NA,removed
KOR,SK,Admin,2005,s_sep_ero_n,5.3,NA,removed
KOR,SK,Admin,2005,s_sep_nemp_n,94.7,NA,removed
KOR,OECD,Admin,2005,s_treat_fstp_n,98.56287421960982,NA,removed
KOR,SK,Admin,2006,s_sep_ebo_n,0,NA,removed
KOR,SK,Admin,2006,s_sep_edl_n,0,NA,removed
KOR,SK,Admin,2006,s_sep_ero_n,5.3,NA,removed
KOR,SK,Admin,2006,s_sep_nemp_n,94.7,NA,removed
KOR,OECD,Admin,2006,s_treat_fstp_n,99.41520021672837,NA,removed
KOR,SK,Admin,2007,s_sep_ebo_n,0,NA,removed
KOR,SK,Admin,2007,s_sep_edl_n,0,NA,removed
KOR,SK,Admin,2007,s_sep_ero_n,4.9,NA,removed
KOR,SK,Admin,2007,s_sep_nemp_n,95.1,NA,removed
KOR,OECD,Admin,2007,s_treat_fstp_n,99.31113617453391,NA,removed
KOR,SK,Admin,2008,s_lat_n,5.781987148009819,2.200000000000003,changed
KOR,SK,Admin,2008,s_sew_n,88.56422544310205,92.14621259111186,changed
KOR,OECD,Admin,2008,s_treat_fstp_n,99.32280080761362,NA,removed
KOR,SK,Admin,2008,s_treat_wtp_n,99.92748150533612,96.0430141526364,changed
KOR,SK,Admin,2009,s_lat_n,5,2,changed
KOR,SK,Admin,2009,s_sew_n,89.37759208776296,92.37759208776296,changed
KOR,OECD,Admin,2009,s_treat_fstp_n,99.32885651165824,NA,removed
KOR,SK,Admin,2009,s_treat_wtp_n,99.91318619583444,96.6684647020902,changed
KOR,ESY,Admin,2010,s_imp_n,100,NA,removed
KOR,OECD,Admin,2010,s_imp_n,NA,100,added
KOR,SK,Admin,2010,s_lat_n,4.400000000000006,1.4000000000000057,changed
KOR,ESY,Admin,2010,s_lat_n,0,NA,removed
KOR,OECD,Admin,2010,s_lat_n,NA,0,added
KOR,ESY,Admin,2010,s_sep_n,9.9,NA,removed
KOR,OECD,Admin,2010,s_sep_n,NA,9.9,added
KOR,SK,Admin,2010,s_sew_n,90.12905752787104,93.12905752787104,changed
KOR,ESY,Admin,2010,s_sew_n,90.1,NA,removed
KOR,OECD,Admin,2010,s_sew_n,NA,90.1,added
KOR,ESY,Admin,2010,s_treat_fstp_n,99.44506103388711,NA,removed
KOR,SK,Admin,2010,s_treat_wtp_n,99.96776008906777,96.74746249100124,changed
KOR,ESY,Admin,2010,s_treat_wtp_n,99.44506103388711,NA,removed
KOR,OECD,Admin,2010,s_treat_wtp_n,NA,98.64864862292116,added
KOR,SK,Admin,2011,s_lat_n,3.9000000000000057,1.2000000000000028,changed
KOR,SK,Admin,2011,s_sew_n,90.94465245250838,93.64465245250838,changed
KOR,OECD,Admin,2011,s_treat_fstp_n,99.33993148652748,NA,removed
KOR,SK,Admin,2011,s_treat_wtp_n,99.95090150844032,97.06907721837044,changed
KOR,SK,Admin,2012,s_lat_n,3.5,1,changed
KOR,SK,Admin,2012,s_sew_n,91.62806296802188,94.12806296802188,changed
KOR,OECD,Admin,2012,s_treat_fstp_n,99.34498190309252,NA,removed
KOR,SK,Admin,2013,s_lat_n,3.299999999999997,1,changed
KOR,SK,Admin,2013,s_sew_n,92.11294615847416,94.41294615847416,changed
KOR,OECD,Admin,2013,s_treat_fstp_n,99.98914213152618,NA,removed
KOR,SK,Admin,2013,s_treat_wtp_n,99.9859453431748,97.55018114296334,changed
KOR,SK,Admin,2014,s_lat_n,3,0.9000000000000057,changed
KOR,SK,Admin,2014,s_sew_n,92.53615552258688,94.63615552258688,changed
KOR,OECD,Admin,2014,s_treat_fstp_n,99.24357156503991,NA,removed
KOR,SK,Admin,2014,s_treat_wtp_n,99.96092822056126,97.74277018039152,changed
KOR,SK,Admin,2015,s_lat_ebo_n,0,NA,removed
KOR,SK,Admin,2015,s_lat_edl_n,0,NA,removed
KOR,SK,Admin,2015,s_lat_ero_n,70.89714309733645,NA,removed
KOR,SK,Admin,2015,s_lat_n,2.8281202166028976,0.8281202166028976,changed
KOR,SK,Admin,2015,s_lat_nemp_n,29.102856902663547,NA,removed
KOR,SK,Admin,2015,s_sep_ebo_n,0,NA,removed
KOR,SK,Admin,2015,s_sep_edl_n,0,NA,removed
KOR,SK,Admin,2015,s_sep_ero_n,70.89714309733645,NA,removed
KOR,SK,Admin,2015,s_sep_nemp_n,29.102856902663547,NA,removed
KOR,SK,Admin,2015,s_sew_n,92.88550698017036,94.88550698017036,changed
KOR,SK,Admin,2015,s_treat_fstp_n,99.99314052807593,NA,removed
KOR,OECD,Admin,2015,s_treat_fstp_n,99.98923535847882,NA,removed
KOR,SK,Admin,2016,s_lat_ebo_n,0,NA,removed
KOR,SK,Admin,2016,s_lat_edl_n,0,NA,removed
KOR,SK,Admin,2016,s_lat_ero_n,77.00913879213995,NA,removed
KOR,SK,Admin,2016,s_lat_n,2.969005916126733,0.6826000294298495,changed
KOR,SK,Admin,2016,s_lat_nemp_n,22.99086120786005,NA,removed
KOR,SK,Admin,2016,s_sep_ebo_n,0,NA,removed
KOR,SK,Admin,2016,s_sep_edl_n,0,NA,removed
KOR,SK,Admin,2016,s_sep_ero_n,77.00913879213995,NA,removed
KOR,SK,Admin,2016,s_sep_nemp_n,22.99086120786005,NA,removed
KOR,SK,Admin,2016,s_sew_n,93.2218733497025,95.5082792363994,changed
KOR,SK,Admin,2016,s_treat_fstp_n,99.99873364080564,NA,removed
KOR,OECD,Admin,2016,s_treat_fstp_n,100,NA,removed
KOR,SK,Admin,2017,s_lat_ebo_n,0,NA,removed
KOR,SK,Admin,2017,s_lat_edl_n,0,NA,removed
KOR,SK,Admin,2017,s_lat_ero_n,82.04775502584278,NA,removed
KOR,SK,Admin,2017,s_lat_n,2.802218816129922,0.5030611865835652,changed
KOR,SK,Admin,2017,s_lat_nemp_n,17.952244974157225,NA,removed
KOR,SK,Admin,2017,s_sep_ebo_n,0,NA,removed
KOR,SK,Admin,2017,s_sep_edl_n,0,NA,removed
KOR,SK,Admin,2017,s_sep_ero_n,82.04775502584278,NA,removed
KOR,SK,Admin,2017,s_sep_nemp_n,17.952244974157225,NA,removed
KOR,SK,Admin,2017,s_sew_n,93.20827738219552,95.50743501174186,changed
KOR,OECD,Admin,2017,s_sew_rtp_n,NA,99.63,added
KOR,SK,Admin,2017,s_treat_fstp_n,99.60862537899077,NA,removed
KOR,OECD,Admin,2017,s_treat_fstp_n,100,NA,removed
KOR,SK,Admin,2018,s_imp_n,99.82324240802969,99.65216947286537,changed
KOR,SK,Admin,2018,s_lat_ebo_n,0,NA,removed
KOR,SK,Admin,2018,s_lat_edl_n,0,NA,removed
KOR,SK,Admin,2018,s_lat_ero_n,78.81868069495027,NA,removed
KOR,SK,Admin,2018,s_lat_n,2.821688783976171,0.42659797596446936,changed
KOR,SK,Admin,2018,s_lat_nemp_n,21.18131930504973,NA,removed
KOR,SK,Admin,2018,s_sep_ebo_n,0,NA,removed
KOR,SK,Admin,2018,s_sep_edl_n,0,NA,removed
KOR,SK,Admin,2018,s_sep_ero_n,78.81868069495027,NA,removed
KOR,SK,Admin,2018,s_sep_nemp_n,21.18131930504973,NA,removed
KOR,SK,Admin,2018,s_sew_n,93.5491072290765,95.7731251019239,changed
KOR,OECD,Admin,2018,s_sew_rtp_n,NA,99.65,added
KOR,SK,Admin,2018,s_treat_fstp_n,99.62648714344006,NA,removed
KOR,OECD,Admin,2018,s_treat_fstp_n,100,NA,removed
KOR,SK,Admin,2019,s_imp_n,NA,99.65014464530744,added
KOR,SK,Admin,2019,s_lat_n,NA,0.3759426379457693,added
KOR,SK,Admin,2019,s_sep_n,NA,3.2683216950190643,added
KOR,SK,Admin,2019,s_sew_n,NA,96.0058803123426,added
KOR,OECD,Admin,2019,s_sew_n,NA,94.3,added
KOR,OECD,Admin,2019,s_sew_rtp_n,NA,99.61,added
KOR,SK,Admin,2019,s_treat_wtp_n,NA,99.62579618486288,added
KOR,OECD,Admin,2019,s_treat_wtp_n,NA,100,added
KOR,SK,Admin,2020,s_imp_n,NA,99.52494558567666,added
KOR,SK,Admin,2020,s_lat_n,NA,0.37837971405257065,added
KOR,SK,Admin,2020,s_sep_n,NA,3.1826671227094407,added
KOR,SK,Admin,2020,s_sew_n,NA,95.96389874891464,added
KOR,OECD,Admin,2020,s_sew_rtp_n,NA,99.5,added
KOR,SK,Admin,2020,s_treat_wtp_n,NA,99.494443793727,added
KOR,OECD,Admin,2020,s_treat_wtp_n,NA,100,added
KOR,SK,Admin,2021,s_imp_n,NA,99.60130810673454,added
KOR,SK,Admin,2021,s_lat_n,NA,0.4042576996816081,added
KOR,SK,Admin,2021,s_sep_n,NA,3.0012876260840047,added
KOR,SK,Admin,2021,s_sew_n,NA,96.19576278096892,added
KOR,OECD,Admin,2021,s_sew_rtp_n,NA,99.6,added
KOR,SK,Admin,2021,s_treat_wtp_n,NA,99.22767689581818,added
KOR,OECD,Admin,2021,s_treat_wtp_n,NA,100,added
KOR,SK,Admin,2022,s_imp_n,NA,99.58148249480136,added
KOR,SK,Admin,2022,s_lat_n,NA,0.4069458553000658,added
KOR,SK,Admin,2022,s_sep_n,NA,2.6691597080166813,added
KOR,SK,Admin,2022,s_sew_n,NA,96.5053769314846,added
KOR,SK,Admin,2022,s_treat_wtp_n,NA,99.20800761975993,added
KWT,ASBE,Admin,2005,s_imp_u,NA,100,added
KWT,ASBE,Admin,2005,s_lat_u,NA,0,added
KWT,ASBE,Admin,2005,s_sew_u,NA,100,added
KWT,ASBE,Admin,2005,s_treat_wtp_u,NA,100,added
KWT,ASBE,Admin,2006,s_imp_u,NA,100,added
KWT,ASBE,Admin,2006,s_lat_u,NA,0,added
KWT,ASBE,Admin,2006,s_sew_u,NA,100,added
KWT,ASBE,Admin,2006,s_treat_wtp_u,NA,100,added
KWT,ASBE,Admin,2007,s_imp_u,NA,100,added
KWT,ASBE,Admin,2007,s_lat_u,NA,0,added
KWT,ASBE,Admin,2007,s_sew_u,NA,100,added
KWT,ASBE,Admin,2007,s_treat_wtp_u,NA,100,added
KWT,ASBE,Admin,2008,s_imp_u,NA,100,added
KWT,ASBE,Admin,2008,s_lat_u,NA,0,added
KWT,ASBE,Admin,2008,s_sew_u,NA,100,added
KWT,ASBE,Admin,2008,s_treat_wtp_u,NA,100,added
KWT,ASBE,Admin,2009,s_imp_u,NA,100,added
KWT,ASBE,Admin,2009,s_lat_u,NA,0,added
KWT,ASBE,Admin,2009,s_sew_u,NA,100,added
KWT,ASBE,Admin,2009,s_treat_wtp_u,NA,100,added
KWT,ASBE,Admin,2010,s_imp_u,NA,100,added
KWT,ASBE,Admin,2010,s_lat_u,NA,0,added
KWT,ASBE,Admin,2010,s_sew_u,NA,100,added
KWT,ASBE,Admin,2010,s_treat_wtp_u,NA,100,added
KWT,ASBE,Admin,2011,s_imp_u,NA,100,added
KWT,ASBE,Admin,2011,s_lat_u,NA,0,added
KWT,ASBE,Admin,2011,s_sew_u,NA,100,added
KWT,ASBE,Admin,2011,s_treat_wtp_u,NA,100,added
KWT,ASBE,Admin,2012,s_imp_u,NA,100,added
KWT,ASBE,Admin,2012,s_lat_u,NA,0,added
KWT,ASBE,Admin,2012,s_sew_u,NA,100,added
KWT,MDG+,Admin,2012,s_treat_wtp_u,NA,99.97586351987148,added
KWT,ASBE,Admin,2012,s_treat_wtp_u,NA,100,added
KWT,ASBE,Admin,2013,s_imp_u,NA,100,added
KWT,ASBE,Admin,2013,s_lat_u,NA,0,added
KWT,ASBE,Admin,2013,s_sew_u,NA,100,added
KWT,ASBE,Admin,2013,s_treat_wtp_u,NA,100,added
KWT,ASBE,Admin,2014,s_imp_u,NA,100,added
KWT,ASBE,Admin,2014,s_lat_u,NA,0,added
KWT,ASBE,Admin,2014,s_sew_u,NA,100,added
KWT,ASBE,Admin,2014,s_treat_wtp_u,NA,100,added
KWT,ASBE,Admin,2015,s_imp_u,NA,100,added
KWT,ASBE,Admin,2015,s_lat_u,NA,0,added
KWT,ASBE,Admin,2015,s_sew_u,NA,100,added
KWT,ASBE,Admin,2015,s_treat_wtp_u,NA,100,added
KWT,ASBE,Admin,2016,s_imp_u,NA,100,added
KWT,ASBE,Admin,2016,s_lat_u,NA,0,added
KWT,ASBE,Admin,2016,s_sew_u,NA,100,added
KWT,ASBE,Admin,2016,s_treat_wtp_u,NA,100,added
KWT,ASBE,Admin,2017,s_imp_u,NA,100,added
KWT,ASBE,Admin,2017,s_lat_u,NA,0,added
KWT,ASBE,Admin,2017,s_sew_u,NA,100,added
KWT,ASBE,Admin,2018,s_imp_u,NA,100,added
KWT,ASBE,Admin,2018,s_lat_u,NA,0,added
KWT,ASBE,Admin,2018,s_sew_u,NA,100,added
KWT,ASBE,Admin,2018,s_treat_wtp_n,NA,100,added
KWT,ASBE,Admin,2018,s_treat_wtp_u,NA,100,added
KWT,ASBE,Admin,2019,s_lat_n,NA,0,added
KWT,ASBE,Admin,2019,s_lat_u,NA,0,added
KWT,ASBE,Admin,2019,s_sew_n,NA,100,added
KWT,ASBE,Admin,2019,s_sew_u,NA,100,added
KWT,ASBE,Admin,2019,s_treat_wtp_n,NA,100,added
KWT,ASBE,Admin,2019,s_treat_wtp_u,NA,100,added
KWT,ASBE,Admin,2020,s_lat_n,NA,0,added
KWT,ASBE,Admin,2020,s_lat_u,NA,0,added
KWT,ASBE,Admin,2020,s_sew_n,NA,100,added
KWT,ASBE,Admin,2020,s_sew_u,NA,100,added
KWT,ASBE,Admin,2020,s_treat_wtp_n,NA,100,added
KWT,ASBE,Admin,2020,s_treat_wtp_u,NA,100,added
KWT,ASBE,Admin,2021,s_lat_n,NA,0,added
KWT,ASBE,Admin,2021,s_lat_u,NA,0,added
KWT,ASBE,Admin,2021,s_sew_n,NA,100,added
KWT,ASBE,Admin,2021,s_sew_u,NA,100,added
LAO,MICS,Survey,2000,s_imp_r,12.330841121495329,12.277258566978194,changed
LAO,MICS,Survey,2000,s_imp_u,58.80357142857143,58.537499999999994,changed
LAO,MICS,Survey,2000,s_lat_r,12.298926227878306,12.245343673361171,changed
LAO,MICS,Survey,2000,s_lat_u,57.80058635394457,57.57630597014925,changed
LAO,MICS,Survey,2000,s_od_r,78.9,79.2,changed
LAO,MICS,Survey,2000,s_sew_u,1.0029850746268656,0.9611940298507462,changed
LAO,MICS,Survey,2006,s_imp_r,32.400000000000006,31.7,changed
LAO,MICS,Survey,2006,s_lat_r,24.700000000000006,24.299999999999997,changed
LAO,MICS,Survey,2006,s_lat_u,38.4,38.2,changed
LAO,MICS,Survey,2006,s_od_r,61.7,62.4,changed
LAO,MICS,Survey,2006,s_od_u,13.7,13.6,changed
LAO,MICS,Survey,2006,s_sep_r,7.3,7,changed
LAO,MICS,Survey,2006,s_sep_u,38.4,38.6,changed
LAO,MICS,Survey,2006,s_shared_r,2.1604938271604937,2,changed
LAO,MICS,Survey,2006,s_shared_u,5.263157894736843,5.3,changed
LAO,LSIS,Survey,2017,s_shared_r,NA,4.26335,added
LAO,LSIS,Survey,2017,s_shared_u,NA,3.1278599999999996,added
LAO,LECS,Survey,2019,s_imp_r,NA,74.3,added
LAO,LECS,Survey,2019,s_imp_u,NA,97,added
LAO,LSIS,Survey,2023,s_imp_r,NA,80.61175999999999,added
LAO,LSIS,Survey,2023,s_imp_u,NA,96.19931,added
LAO,LSIS,Survey,2023,s_lat_ebo_r,NA,0.3162,added
LAO,LSIS,Survey,2023,s_lat_ebo_u,NA,0.3516,added
LAO,LSIS,Survey,2023,s_lat_edl_r,NA,1.85389,added
LAO,LSIS,Survey,2023,s_lat_edl_u,NA,3.82085,added
LAO,LSIS,Survey,2023,s_lat_ero_r,NA,2.92839,added
LAO,LSIS,Survey,2023,s_lat_ero_u,NA,11.19768,added
LAO,LSIS,Survey,2023,s_lat_nemp_r,NA,94.90152,added
LAO,LSIS,Survey,2023,s_lat_nemp_u,NA,84.62987,added
LAO,LSIS,Survey,2023,s_lat_r,NA,68.81136999999998,added
LAO,LSIS,Survey,2023,s_lat_u,NA,71.59397999999999,added
LAO,LSIS,Survey,2023,s_od_r,NA,17.6549,added
LAO,LSIS,Survey,2023,s_od_u,NA,2.59177,added
LAO,LSIS,Survey,2023,s_sep_ebo_r,NA,0.0837,added
LAO,LSIS,Survey,2023,s_sep_ebo_u,NA,0.23255,added
LAO,LSIS,Survey,2023,s_sep_edl_r,NA,2.58412,added
LAO,LSIS,Survey,2023,s_sep_edl_u,NA,21.28676,added
LAO,LSIS,Survey,2023,s_sep_ero_r,NA,3.36279,added
LAO,LSIS,Survey,2023,s_sep_ero_u,NA,7.34908,added
LAO,LSIS,Survey,2023,s_sep_nemp_r,NA,93.96939,added
LAO,LSIS,Survey,2023,s_sep_nemp_u,NA,71.13161,added
LAO,LSIS,Survey,2023,s_sep_r,NA,9.95544,added
LAO,LSIS,Survey,2023,s_sep_u,NA,19.43804,added
LAO,LSIS,Survey,2023,s_sew_r,NA,1.84495,added
LAO,LSIS,Survey,2023,s_sew_u,NA,5.16729,added
LAO,LSIS,Survey,2023,s_shared_r,NA,2.94709,added
LAO,LSIS,Survey,2023,s_shared_u,NA,1.66807,added
LBN,ES,Admin,2004,s_treat_wtp_n,14.491,21.5,changed
LBR,DHS,Survey,2000,s_lat_u,45.8505323855274,NA,removed
LBR,CEN,Census,2008,s_sew_r,NA,0.84375,added
LBR,CEN,Census,2008,s_sew_u,NA,5.612501256155161,added
LBR,DHS,Survey,2020,s_imp_r,NA,21.96213,added
LBR,DHS,Survey,2020,s_imp_u,NA,66.57879,added
LBR,DHS,Survey,2020,s_lat_r,NA,15.44246,added
LBR,DHS,Survey,2020,s_lat_u,NA,21.742380000000004,added
LBR,DHS,Survey,2020,s_od_r,NA,60.6857,added
LBR,DHS,Survey,2020,s_od_u,NA,15.65198,added
LBR,DHS,Survey,2020,s_sep_r,NA,6.31191,added
LBR,DHS,Survey,2020,s_sep_u,NA,43.45119,added
LBR,DHS,Survey,2020,s_sew_r,NA,0.20776,added
LBR,DHS,Survey,2020,s_sew_u,NA,1.38522,added
LBR,DHS,Survey,2020,s_shared_r,NA,60.52348,added
LBR,DHS,Survey,2020,s_shared_u,NA,47.44419,added
LBR,MIS,Survey,2022,s_imp_r,NA,24.19434,added
LBR,MIS,Survey,2022,s_imp_u,NA,68.82052,added
LBR,MIS,Survey,2022,s_lat_r,NA,17.95723,added
LBR,MIS,Survey,2022,s_lat_u,NA,29.161330000000007,added
LBR,MIS,Survey,2022,s_od_r,NA,62.56589,added
LBR,MIS,Survey,2022,s_od_u,NA,13.84653,added
LBR,MIS,Survey,2022,s_sep_r,NA,6.04647,added
LBR,MIS,Survey,2022,s_sep_u,NA,38.68991,added
LBR,MIS,Survey,2022,s_sew_r,NA,0.19064,added
LBR,MIS,Survey,2022,s_sew_u,NA,0.96928,added
LBR,MIS,Survey,2022,s_shared_r,NA,62.07896,added
LBR,MIS,Survey,2022,s_shared_u,NA,52.45449,added
LBY,MSNA,Survey,2020,s_imp_n,NA,94.75646,added
LBY,MSNA,Survey,2020,s_od_n,NA,0,added
LBY,MSNA,Survey,2021,s_imp_n,NA,94.05953,added
LBY,MSNA,Survey,2021,s_od_n,NA,0.5243,added
LBY,MSNA,Survey,2022,s_imp_n,NA,92.99,added
LBY,MSNA,Survey,2022,s_od_n,NA,0.83,added
LIE,WWT,Admin,2006,s_treat_wtp_n,100,98,changed
LIE,UNSD,Admin,2015,s_sew_rtp_n,NA,98.798797607421875,added
LIE,UNSD,Admin,2016,s_sew_rtp_n,NA,98.80794525146484,added
LIE,UNSD,Admin,2017,s_sew_rtp_n,NA,98.8235321044922,added
LIE,UNSD,Admin,2018,s_sew_rtp_n,NA,98.82659912109376,added
LIE,UNSD,Admin,2019,s_sew_rtp_n,NA,98.838714599609375,added
LIE,UNSD,Admin,2020,s_sew_rtp_n,NA,98.838714599609375,added
LIE,UNSD,Admin,2021,s_sew_rtp_n,NA,98.9,added
LKA,STEPWB,Survey,2012,s_imp_r,NA,93.14262999999998,added
LKA,STEPWB,Survey,2012,s_imp_u,NA,97.53944,added
LKA,STEPWB,Survey,2012,s_lat_u,NA,68.24543,added
LKA,STEPWB,Survey,2012,s_od_r,NA,4.97545,added
LKA,STEPWB,Survey,2012,s_od_u,NA,0.11933,added
LKA,STEPWB,Survey,2012,s_sep_u,NA,9.72347,added
LKA,STEPWB,Survey,2012,s_sew_u,NA,19.57054,added
LKA,STEPWB,Survey,2012,s_shared_r,NA,13.58606,added
LKA,STEPWB,Survey,2012,s_shared_u,NA,12.3841,added
LKA,HIES,Survey,2016,s_imp_r,NA,95.68436732689474,added
LKA,HIES,Survey,2016,s_imp_u,NA,96.8,added
LKA,HIES,Survey,2019,s_imp_r,NA,99.45421,added
LKA,HIES,Survey,2019,s_imp_u,NA,99.22535,added
LKA,HIES,Survey,2019,s_lat_r,NA,77.88265,added
LKA,HIES,Survey,2019,s_lat_u,NA,63.04466000000001,added
LKA,HIES,Survey,2019,s_od_r,NA,0.26961,added
LKA,HIES,Survey,2019,s_od_u,NA,0,added
LKA,HIES,Survey,2019,s_sep_r,NA,20.601680000000002,added
LKA,HIES,Survey,2019,s_sep_u,NA,28.83667,added
LKA,HIES,Survey,2019,s_sew_r,NA,0.96988,added
LKA,HIES,Survey,2019,s_sew_u,NA,7.34402,added
LKA,HIES,Survey,2019,s_shared_r,NA,7.1424,added
LKA,HIES,Survey,2019,s_shared_u,NA,5.10977,added
LKA,WQS,Survey,2021,s_imp_r,NA,99.37018,added
LKA,WQS,Survey,2021,s_imp_u,NA,98.2853,added
LKA,WQS,Survey,2021,s_lat_r,NA,89.74180000000001,added
LKA,WQS,Survey,2021,s_lat_u,NA,68.05412,added
LKA,WQS,Survey,2021,s_od_r,NA,0.13767,added
LKA,WQS,Survey,2021,s_od_u,NA,0.05254,added
LKA,WQS,Survey,2021,s_sep_r,NA,8.73543,added
LKA,WQS,Survey,2021,s_sep_u,NA,23.16548,added
LKA,WQS,Survey,2021,s_sew_r,NA,0.89295,added
LKA,WQS,Survey,2021,s_sew_u,NA,7.0657,added
LKA,WQS,Survey,2021,s_shared_r,NA,6.16353,added
LKA,WQS,Survey,2021,s_shared_u,NA,5.41353,added
LSO,AFB,Survey,2012,s_od_r,NA,19.65073,added
LSO,AFB,Survey,2012,s_od_u,NA,2.47473,added
LSO,AFB,Survey,2014,s_od_r,NA,26.53107,added
LSO,AFB,Survey,2014,s_od_u,NA,3.89326,added
LSO,AFB,Survey,2017,s_od_r,NA,23.79231,added
LSO,AFB,Survey,2017,s_od_u,NA,4.24548,added
LSO,HBS,Survey,2018,s_imp_r,NA,52.400000000000006,added
LSO,HBS,Survey,2018,s_imp_u,NA,81.89999999999999,added
LSO,HBS,Survey,2018,s_lat_r,NA,51.10000000000001,added
LSO,HBS,Survey,2018,s_lat_u,NA,74.8,added
LSO,HBS,Survey,2018,s_od_r,NA,30.7,added
LSO,HBS,Survey,2018,s_od_u,NA,4.8,added
LSO,HBS,Survey,2018,s_sep_r,NA,0.2,added
LSO,HBS,Survey,2018,s_sep_u,NA,2.1,added
LSO,HBS,Survey,2018,s_sew_r,NA,1.1,added
LSO,HBS,Survey,2018,s_sew_u,NA,5,added
LSO,AFB,Survey,2020,s_od_r,NA,20.09265,added
LSO,AFB,Survey,2020,s_od_u,NA,6.55903,added
LSO,LDS,Survey,2021,s_imp_r,NA,26,added
LSO,LDS,Survey,2021,s_imp_u,NA,45.902862387604614,added
LSO,LDS,Survey,2021,s_lat_r,NA,25.8,added
LSO,LDS,Survey,2021,s_lat_u,NA,40.25994835257148,added
LSO,LDS,Survey,2021,s_od_r,NA,28.3,added
LSO,LDS,Survey,2021,s_od_u,NA,4.317292554680937,added
LSO,LDS,Survey,2021,s_sep_r,NA,0.2,added
LSO,LDS,Survey,2021,s_sep_u,NA,2.1369310226813103,added
LSO,LDS,Survey,2021,s_sew_r,NA,0,added
LSO,LDS,Survey,2021,s_sew_u,NA,3.505983012351825,added
LSO,AFB,Survey,2022,s_od_r,NA,21.47589,added
LSO,AFB,Survey,2022,s_od_u,NA,5.76672,added
LSO,DHS,Survey,2024,s_imp_r,NA,57.51276999999999,added
LSO,DHS,Survey,2024,s_imp_u,NA,79.15020999999999,added
LSO,DHS,Survey,2024,s_lat_ebo_r,NA,0.61879,added
LSO,DHS,Survey,2024,s_lat_ebo_u,NA,2.16167,added
LSO,DHS,Survey,2024,s_lat_edl_r,NA,1.28717,added
LSO,DHS,Survey,2024,s_lat_edl_u,NA,11.70065,added
LSO,DHS,Survey,2024,s_lat_ero_r,NA,0.61117,added
LSO,DHS,Survey,2024,s_lat_ero_u,NA,7.37624,added
LSO,DHS,Survey,2024,s_lat_nemp_r,NA,97.48287,added
LSO,DHS,Survey,2024,s_lat_nemp_u,NA,78.76145,added
LSO,DHS,Survey,2024,s_lat_r,NA,56.12903999999999,added
LSO,DHS,Survey,2024,s_lat_u,NA,66.01926999999999,added
LSO,DHS,Survey,2024,s_od_r,NA,24.23511,added
LSO,DHS,Survey,2024,s_od_u,NA,3.25559,added
LSO,DHS,Survey,2024,s_sep_ebo_r,NA,33.07067,added
LSO,DHS,Survey,2024,s_sep_ebo_u,NA,31.51115,added
LSO,DHS,Survey,2024,s_sep_ero_r,NA,16.52205,added
LSO,DHS,Survey,2024,s_sep_ero_u,NA,28.02691,added
LSO,DHS,Survey,2024,s_sep_nemp_r,NA,50.40728,added
LSO,DHS,Survey,2024,s_sep_nemp_u,NA,40.46194,added
LSO,DHS,Survey,2024,s_sep_r,NA,1.00972,added
LSO,DHS,Survey,2024,s_sep_u,NA,8.37899,added
LSO,DHS,Survey,2024,s_sew_r,NA,0.37401,added
LSO,DHS,Survey,2024,s_sew_u,NA,4.75195,added
LSO,DHS,Survey,2024,s_shared_r,NA,16.65498,added
LSO,DHS,Survey,2024,s_shared_u,NA,44.86965,added
LTU,SILC,Survey,2010,s_imp_r,NA,78.45575477154425,added
LTU,SILC,Survey,2010,s_imp_u,NA,96.76429567642955,added
LTU,ES,Admin,2010,s_sep_ero_n,NA,100,added
LTU,ES,Admin,2010,s_sew_rtp_n,NA,99.94,added
LTU,SILC,Survey,2010,s_shared_r,NA,4.573170731707317,added
LTU,SILC,Survey,2010,s_shared_u,NA,1.938562481359976,added
LTU,ES,Admin,2010,s_treat_fstp_n,NA,99.96860775388478,added
LTU,ES,Admin,2010,s_treat_wtp_n,NA,99.96860775388478,added
LTU,SILC,Survey,2011,s_imp_r,NA,78.55450236966826,added
LTU,SILC,Survey,2011,s_imp_u,NA,96.5119589977221,added
LTU,ES,Admin,2011,s_sep_ero_n,NA,100,added
LTU,ES,Admin,2011,s_sew_rtp_n,NA,99.95,added
LTU,SILC,Survey,2011,s_shared_r,NA,1.3485477178423235,added
LTU,SILC,Survey,2011,s_shared_u,NA,1.3774104683195594,added
LTU,ES,Admin,2011,s_treat_fstp_n,NA,100,added
LTU,ES,Admin,2011,s_treat_wtp_n,NA,100,added
LTU,EU SILC,Admin,2012,s_imp_r,82.3,NA,removed
LTU,EUSILC,Admin,2012,s_imp_r,NA,82.3,added
LTU,EU SILC,Admin,2012,s_imp_u,98.55,NA,removed
LTU,EUSILC,Admin,2012,s_imp_u,NA,98.55,added
LTU,ES,Admin,2012,s_sew_rtp_n,NA,99.95,added
LTU,EU SILC,Admin,2012,s_shared_r,1.2383900928792573,NA,removed
LTU,EUSILC,Admin,2012,s_shared_r,NA,1.2383900928792573,added
LTU,EU SILC,Admin,2012,s_shared_u,2.265705458290422,NA,removed
LTU,EUSILC,Admin,2012,s_shared_u,NA,2.265705458290422,added
LTU,ES,Admin,2012,s_treat_fstp_n,94.17910447761194,94.17562724014336,changed
LTU,MOE,Admin,2012,s_treat_fstp_n,NA,94.17562724014336,added
LTU,ES,Admin,2012,s_treat_wtp_n,94.17910447761194,94.17562724014336,changed
LTU,MOE,Admin,2012,s_treat_wtp_n,NA,94.17562724014336,added
LTU,EU SILC,Admin,2013,s_imp_r,79.35,NA,removed
LTU,EUSILC,Admin,2013,s_imp_r,NA,79.35,added
LTU,EU SILC,Admin,2013,s_imp_u,97.8,NA,removed
LTU,EUSILC,Admin,2013,s_imp_u,NA,97.8,added
LTU,ES,Admin,2013,s_sep_ero_n,100,NA,removed
LTU,ES,Admin,2013,s_sew_rtp_n,NA,99.98,added
LTU,EU SILC,Admin,2013,s_shared_r,4.258943781942079,NA,removed
LTU,EUSILC,Admin,2013,s_shared_r,NA,4.258943781942079,added
LTU,EU SILC,Admin,2013,s_shared_u,1.6736401673640169,NA,removed
LTU,EUSILC,Admin,2013,s_shared_u,NA,1.6736401673640169,added
LTU,ES,Admin,2013,s_treat_fstp_n,95.97014925373134,NA,removed
LTU,ES,Admin,2013,s_treat_wtp_n,95.97014925373134,NA,removed
LTU,EU SILC,Admin,2014,s_imp_r,87.85000000000001,NA,removed
LTU,EUSILC,Admin,2014,s_imp_r,NA,87.85000000000001,added
LTU,EU SILC,Admin,2014,s_imp_u,99.15,NA,removed
LTU,EUSILC,Admin,2014,s_imp_u,NA,99.15,added
LTU,ES,Admin,2014,s_lat_ero_n,NA,100,added
LTU,ES,Admin,2014,s_lat_n,NA,5.840000000000003,added
LTU,ES,Admin,2014,s_sep_ero_n,100,NA,removed
LTU,ES,Admin,2014,s_sew_rtp_n,NA,99.96,added
LTU,ES,Admin,2014,s_treat_fstp_n,99.71264367816094,99.7412677878396,changed
LTU,ES,Admin,2014,s_treat_wtp_n,99.71264367816094,99.7412677878396,changed
LTU,EU SILC,Admin,2015,s_imp_r,90.75,NA,removed
LTU,EUSILC,Admin,2015,s_imp_r,NA,90.75,added
LTU,EU SILC,Admin,2015,s_imp_u,99.4,NA,removed
LTU,EUSILC,Admin,2015,s_imp_u,NA,99.4,added
LTU,ES,Admin,2015,s_lat_ero_n,NA,100,added
LTU,ES,Admin,2015,s_lat_n,NA,4.25,added
LTU,ES,Admin,2015,s_sep_ero_n,100,NA,removed
LTU,ES,Admin,2015,s_sew_rtp_n,NA,99.96,added
LTU,ES,Admin,2015,s_treat_fstp_n,99.86187845303868,99.82049157691246,changed
LTU,ES,Admin,2015,s_treat_wtp_n,99.86187845303868,99.82049157691246,changed
LTU,ES,Admin,2016,s_lat_ero_n,NA,100,added
LTU,ES,Admin,2016,s_lat_n,NA,3.8400000000000034,added
LTU,ES,Admin,2016,s_sep_ero_n,100,NA,removed
LTU,ES,Admin,2016,s_sew_rtp_n,NA,99.97,added
LTU,ES,Admin,2016,s_treat_fstp_n,99.85197859800648,99.8506246605106,changed
LTU,ES,Admin,2016,s_treat_wtp_n,99.85197859800648,99.8506246605106,changed
LTU,SILC,Survey,2017,s_imp_r,NA,83.69896404631324,added
LTU,SILC,Survey,2017,s_imp_u,NA,98.25915834090225,added
LTU,ES,Admin,2017,s_lat_ero_n,NA,100,added
LTU,ES,Admin,2017,s_lat_n,NA,3.719999999999999,added
LTU,ES,Admin,2017,s_sep_ero_n,100,NA,removed
LTU,ES,Admin,2017,s_sew_rtp_n,NA,99.97,added
LTU,SILC,Survey,2017,s_shared_r,NA,1.8083182640144664,added
LTU,SILC,Survey,2017,s_shared_u,NA,1.4742785445420326,added
LTU,SILC,Survey,2018,s_imp_r,NA,85.16676418958455,added
LTU,SILC,Survey,2018,s_imp_u,NA,98.35732165206508,added
LTU,ES,Admin,2018,s_lat_ero_n,NA,100,added
LTU,ES,Admin,2018,s_lat_n,NA,2.9099999999999966,added
LTU,ES,Admin,2018,s_sep_ero_n,89.35135135135135,NA,removed
LTU,ES,Admin,2018,s_sep_nemp_n,10.648648648648653,NA,removed
LTU,ES,Admin,2018,s_sew_rtp_n,NA,99.98,added
LTU,SILC,Survey,2018,s_shared_r,NA,2.329450915141431,added
LTU,SILC,Survey,2018,s_shared_u,NA,1.6175994823681656,added
LTU,ES,Admin,2018,s_treat_fstp_n,99.90905376372432,99.90773691841308,changed
LTU,ES,Admin,2018,s_treat_wtp_n,99.90905376372432,99.90773691841308,changed
LTU,SILC,Survey,2019,s_imp_r,NA,92.59801053247514,added
LTU,SILC,Survey,2019,s_imp_u,NA,95.57259073842302,added
LTU,ES,Admin,2019,s_lat_ero_n,NA,100,added
LTU,ES,Admin,2019,s_lat_n,NA,2.799999999999997,added
LTU,ES,Admin,2019,s_sew_rtp_n,NA,99.99,added
LTU,SILC,Survey,2019,s_shared_r,NA,1.3736263736263736,added
LTU,SILC,Survey,2019,s_shared_u,NA,1.9567456230690012,added
LTU,ES,Admin,2019,s_treat_fstp_n,NA,99.89560224455174,added
LTU,ES,Admin,2019,s_treat_wtp_n,NA,99.89560224455174,added
LTU,SILC,Survey,2020,s_imp_r,NA,88.51872246696036,added
LTU,SILC,Survey,2020,s_imp_u,NA,98.63363363363364,added
LTU,ES,Admin,2020,s_lat_ero_n,NA,100,added
LTU,ES,Admin,2020,s_lat_n,NA,2.680000000000007,added
LTU,ES,Admin,2020,s_sew_rtp_n,NA,99.99,added
LTU,SILC,Survey,2020,s_shared_r,NA,2.072909220872051,added
LTU,SILC,Survey,2020,s_shared_u,NA,1.2966965112689102,added
LTU,ES,Admin,2020,s_treat_fstp_n,NA,99.89564309939996,added
LTU,ES,Admin,2020,s_treat_wtp_n,NA,99.89564309939996,added
LTU,CEN,Census,2021,s_imp_r,NA,98.1,added
LTU,CEN,Census,2021,s_imp_u,NA,100,added
LTU,ES,Admin,2021,s_lat_ero_n,NA,100,added
LTU,ES,Admin,2021,s_lat_n,NA,2.760000000000005,added
LTU,ES,Admin,2021,s_sew_rtp_n,NA,99.99,added
LTU,ES,Admin,2021,s_treat_fstp_n,NA,99.89613087509738,added
LTU,ES,Admin,2021,s_treat_wtp_n,NA,99.89613087509738,added
LTU,ES,Admin,2022,s_lat_ero_n,NA,100,added
LTU,ES,Admin,2022,s_lat_n,NA,2.799999999999997,added
LTU,ES,Admin,2022,s_sew_rtp_n,NA,99.99,added
LTU,ES,Admin,2022,s_treat_fstp_n,NA,99.90801576872536,added
LTU,ES,Admin,2022,s_treat_wtp_n,NA,99.90801576872536,added
LUX,ES,Admin,2010,s_treat_wtp_n,95.40668536484436,NA,removed
LUX,ES,Admin,2011,s_treat_wtp_n,95.73258067233972,NA,removed
LUX,EU SILC,Admin,2012,s_imp_r,99.55,NA,removed
LUX,EUSILC,Admin,2012,s_imp_r,NA,99.55,added
LUX,EU SILC,Admin,2012,s_imp_u,100,NA,removed
LUX,EUSILC,Admin,2012,s_imp_u,NA,100,added
LUX,EU SILC,Admin,2012,s_lat_r,0,NA,removed
LUX,EUSILC,Admin,2012,s_lat_r,NA,0,added
LUX,EU SILC,Admin,2012,s_lat_u,0,NA,removed
LUX,EUSILC,Admin,2012,s_lat_u,NA,0,added
LUX,EU SILC,Admin,2012,s_sep_r,19.618223997417896,NA,removed
LUX,EUSILC,Admin,2012,s_sep_r,NA,19.618223997417896,added
LUX,EU SILC,Admin,2012,s_sep_u,0,NA,removed
LUX,EUSILC,Admin,2012,s_sep_u,NA,0,added
LUX,EU SILC,Admin,2012,s_sew_r,79.9317760025821,NA,removed
LUX,EUSILC,Admin,2012,s_sew_r,NA,79.9317760025821,added
LUX,EU SILC,Admin,2012,s_sew_u,100,NA,removed
LUX,EUSILC,Admin,2012,s_sew_u,NA,100,added
LUX,EU SILC,Admin,2012,s_shared_r,1.1111111111111112,NA,removed
LUX,EUSILC,Admin,2012,s_shared_r,NA,1.1111111111111112,added
LUX,EU SILC,Admin,2012,s_shared_u,2.5,NA,removed
LUX,EUSILC,Admin,2012,s_shared_u,NA,2.5,added
LUX,ES,Admin,2012,s_treat_wtp_n,97.98643484360916,NA,removed
LUX,EU SILC,Admin,2013,s_imp_r,99.95,NA,removed
LUX,EUSILC,Admin,2013,s_imp_r,NA,99.95,added
LUX,EU SILC,Admin,2013,s_imp_u,100,NA,removed
LUX,EUSILC,Admin,2013,s_imp_u,NA,100,added
LUX,EU SILC,Admin,2013,s_lat_r,0,NA,removed
LUX,EUSILC,Admin,2013,s_lat_r,NA,0,added
LUX,EU SILC,Admin,2013,s_lat_u,0,NA,removed
LUX,EUSILC,Admin,2013,s_lat_u,NA,0,added
LUX,EU SILC,Admin,2013,s_sep_r,17.80193492339283,NA,removed
LUX,EUSILC,Admin,2013,s_sep_r,NA,17.80193492339283,added
LUX,EU SILC,Admin,2013,s_sep_u,0,NA,removed
LUX,EUSILC,Admin,2013,s_sep_u,NA,0,added
LUX,EU SILC,Admin,2013,s_sew_r,82.14806507660717,NA,removed
LUX,EUSILC,Admin,2013,s_sew_r,NA,82.14806507660717,added
LUX,EU SILC,Admin,2013,s_sew_u,100,NA,removed
LUX,EUSILC,Admin,2013,s_sew_u,NA,100,added
LUX,ES,Admin,2013,s_treat_wtp_n,98.08594895863892,NA,removed
LUX,EU SILC,Admin,2014,s_imp_r,99.95,NA,removed
LUX,EUSILC,Admin,2014,s_imp_r,NA,99.95,added
LUX,EU SILC,Admin,2014,s_imp_u,99.95,NA,removed
LUX,EUSILC,Admin,2014,s_imp_u,NA,99.95,added
LUX,EU SILC,Admin,2014,s_lat_r,0,NA,removed
LUX,EUSILC,Admin,2014,s_lat_r,NA,0,added
LUX,EU SILC,Admin,2014,s_lat_u,0,NA,removed
LUX,EUSILC,Admin,2014,s_lat_u,NA,0,added
LUX,EU SILC,Admin,2014,s_sep_r,18.32922011913717,NA,removed
LUX,EUSILC,Admin,2014,s_sep_r,NA,18.32922011913717,added
LUX,EU SILC,Admin,2014,s_sep_u,0.05,NA,removed
LUX,EUSILC,Admin,2014,s_sep_u,NA,0.05,added
LUX,EU SILC,Admin,2014,s_sew_r,81.62077988086284,NA,removed
LUX,EUSILC,Admin,2014,s_sew_r,NA,81.62077988086284,added
LUX,ES,Admin,2014,s_sew_rtp_n,NA,98.4,added
LUX,EU SILC,Admin,2014,s_sew_u,99.9,NA,removed
LUX,EUSILC,Admin,2014,s_sew_u,NA,99.9,added
LUX,EU SILC,Admin,2015,s_imp_r,100,NA,removed
LUX,EUSILC,Admin,2015,s_imp_r,NA,100,added
LUX,EU SILC,Admin,2015,s_imp_u,100,NA,removed
LUX,EUSILC,Admin,2015,s_imp_u,NA,100,added
LUX,EU SILC,Admin,2015,s_lat_r,0,NA,removed
LUX,EUSILC,Admin,2015,s_lat_r,NA,0,added
LUX,EU SILC,Admin,2015,s_lat_u,0,NA,removed
LUX,EUSILC,Admin,2015,s_lat_u,NA,0,added
LUX,EU SILC,Admin,2015,s_sep_r,20.35296565323974,NA,removed
LUX,EUSILC,Admin,2015,s_sep_r,NA,20.35296565323974,added
LUX,EU SILC,Admin,2015,s_sep_u,0,NA,removed
LUX,EUSILC,Admin,2015,s_sep_u,NA,0,added
LUX,EU SILC,Admin,2015,s_sew_r,79.64703434676026,NA,removed
LUX,EUSILC,Admin,2015,s_sew_r,NA,79.64703434676026,added
LUX,ES,Admin,2015,s_sew_rtp_n,NA,98.5,added
LUX,EU SILC,Admin,2015,s_sew_u,100,NA,removed
LUX,EUSILC,Admin,2015,s_sew_u,NA,100,added
LUX,ES,Admin,2016,s_sew_rtp_n,NA,98.5,added
LUX,ES,Admin,2016,s_treat_wtp_n,100,98.37563451776649,changed
LUX,ES,Admin,2017,s_sew_rtp_n,NA,98.6,added
LUX,ES,Admin,2017,s_treat_wtp_n,100,98.37728194726164,changed
LUX,ES,Admin,2018,s_sew_rtp_n,NA,99.2,added
LUX,ES,Admin,2018,s_treat_wtp_n,NA,98.58870967741936,added
LUX,ES,Admin,2019,s_sew_rtp_n,NA,99.3,added
LUX,ES,Admin,2019,s_treat_wtp_n,NA,98.7915407854985,added
LUX,ES,Admin,2020,s_imp_r,NA,100,added
LUX,ES,Admin,2020,s_imp_u,NA,100,added
LUX,ES,Admin,2020,s_sew_rtp_n,NA,99.3,added
LUX,ES,Admin,2020,s_treat_wtp_n,NA,98.99295065458207,added
LUX,ES,Admin,2021,s_imp_r,NA,100,added
LUX,ES,Admin,2021,s_imp_u,NA,100,added
LUX,ES,Admin,2021,s_sew_rtp_n,NA,99.4,added
LUX,ES,Admin,2021,s_treat_wtp_n,NA,99.09456740442656,added
LUX,ES,Admin,2022,s_imp_r,NA,100,added
LUX,ES,Admin,2022,s_imp_u,NA,100,added
LUX,ES,Admin,2022,s_sew_rtp_n,NA,99.5,added
LUX,ES,Admin,2022,s_treat_wtp_n,NA,99.19597989949747,added
LUX,AGE,Admin,2023,s_treat_wtp_n,NA,99.40357852882704,added
LVA,ES,Admin,2007,s_lat_ero_n,NA,100,added
LVA,ES,Admin,2007,s_lat_n,NA,7.560667695328931,added
LVA,ES,Admin,2007,s_sep_con_n,NA,70.00000000000001,added
LVA,ES,Admin,2007,s_sep_ero_n,41.9,29.999999999999982,changed
LVA,ES,Admin,2007,s_sep_n,35.9,0.7013606396409034,changed
LVA,ES,Admin,2007,s_sep_nemp_n,58.1,70.00000000000001,changed
LVA,ES,Admin,2007,s_sew_n,64.1,91.73797166503016,changed
LVA,ES,Admin,2007,s_treat_wtp_n,95.02340093603746,94.84709480122324,changed
LVA,ES,Admin,2008,s_lat_ero_n,NA,100,added
LVA,ES,Admin,2008,s_lat_n,NA,2.0290307476197853,added
LVA,ES,Admin,2008,s_sep_con_n,NA,67.24137931034483,added
LVA,ES,Admin,2008,s_sep_ero_n,48.3,32.758620689655174,changed
LVA,ES,Admin,2008,s_sep_n,38.7,0.4526299360074918,changed
LVA,ES,Admin,2008,s_sep_nemp_n,51.7,67.24137931034483,changed
LVA,ES,Admin,2008,s_sew_n,61.3,97.5183393163727,changed
LVA,ES,Admin,2008,s_treat_wtp_n,88.58075040783035,87.9481434058899,changed
LVA,ES,Admin,2009,s_lat_ero_n,NA,100,added
LVA,ES,Admin,2009,s_lat_n,NA,1.8444146958203191,added
LVA,ES,Admin,2009,s_sep_con_n,7.237256135934548,67.85714285714286,changed
LVA,ES,Admin,2009,s_sep_ero_n,NA,32.14285714285714,added
LVA,ES,Admin,2009,s_sep_n,31.78,0.4164807377658784,changed
LVA,ES,Admin,2009,s_sep_nemp_n,NA,67.85714285714286,added
LVA,ES,Admin,2009,s_sew_n,66.5,97.7391045664138,changed
LVA,ES,Admin,2009,s_treat_wtp_n,91.57894736842104,91.23421092679956,changed
LVA,ES,Admin,2010,s_lat_ero_n,NA,100,added
LVA,ES,Admin,2010,s_lat_n,NA,2.280858676207515,added
LVA,ES,Admin,2010,s_sep_con_n,6.796416434970654,67.1875,changed
LVA,ES,Admin,2010,s_sep_ero_n,NA,32.8125,added
LVA,ES,Admin,2010,s_sep_n,32.37,0.4770423375074538,changed
LVA,ES,Admin,2010,s_sep_nemp_n,NA,67.1875,added
LVA,ES,Admin,2010,s_sew_n,64.3,97.24209898628504,changed
LVA,ES,Admin,2010,s_treat_wtp_n,90.35769828926908,90.09658132761,changed
LVA,ES,Admin,2011,s_lat_ero_n,NA,100,added
LVA,ES,Admin,2011,s_lat_n,NA,2.0046365743897354,added
LVA,ES,Admin,2011,s_sep_con_n,22.545238801542567,65.90909090909092,changed
LVA,ES,Admin,2011,s_sep_ero_n,NA,34.09090909090908,added
LVA,ES,Admin,2011,s_sep_n,33.71,0.6000272739669985,changed
LVA,ES,Admin,2011,s_sep_nemp_n,NA,65.90909090909092,added
LVA,ES,Admin,2011,s_sew_n,67.8,97.39533615164326,changed
LVA,ES,Admin,2011,s_treat_wtp_n,94.24778761061948,94.13329599551945,changed
LVA,EU SILC,Admin,2012,s_imp_r,80.86820809248555,NA,removed
LVA,EUSILC,Survey,2012,s_imp_r,NA,80.86820809248555,added
LVA,EU SILC,Admin,2012,s_imp_u,97.79404945904172,NA,removed
LVA,EUSILC,Survey,2012,s_imp_u,NA,97.79404945904172,added
LVA,ES,Admin,2012,s_lat_ero_n,NA,100,added
LVA,ES,Admin,2012,s_lat_n,NA,1.4991896272285177,added
LVA,ES,Admin,2012,s_sep_con_n,49.65461194636327,66.17647058823529,changed
LVA,ES,Admin,2012,s_sep_ero_n,NA,33.82352941176471,added
LVA,ES,Admin,2012,s_sep_n,24.61,0.4592112371690978,changed
LVA,ES,Admin,2012,s_sep_nemp_n,NA,66.17647058823529,added
LVA,ES,Admin,2012,s_sew_n,75.10000000000001,98.04159913560235,changed
LVA,EU SILC,Admin,2012,s_shared_r,1.1412268188302428,NA,removed
LVA,EUSILC,Survey,2012,s_shared_r,NA,1.1412268188302428,added
LVA,EU SILC,Admin,2012,s_shared_u,2.2222222222222223,NA,removed
LVA,EUSILC,Survey,2012,s_shared_u,NA,2.2222222222222223,added
LVA,ES,Admin,2012,s_treat_wtp_n,92.06391478029292,92.96046287367406,changed
LVA,EU SILC,Admin,2013,s_imp_r,82.7877858758482,NA,removed
LVA,EUSILC,Admin,2013,s_imp_r,NA,82.7877858758482,added
LVA,EU SILC,Admin,2013,s_imp_u,97.553400309119,NA,removed
LVA,EUSILC,Admin,2013,s_imp_u,NA,97.553400309119,added
LVA,ES,Admin,2013,s_lat_ero_n,NA,100,added
LVA,ES,Admin,2013,s_lat_n,NA,2.109872611464951,added
LVA,ES,Admin,2013,s_sep_con_n,51.72558922558922,66.66666666666667,changed
LVA,ES,Admin,2013,s_sep_ero_n,NA,33.33333333333333,added
LVA,ES,Admin,2013,s_sep_n,23.76,0.5573248407643312,changed
LVA,ES,Admin,2013,s_sep_nemp_n,NA,66.66666666666667,added
LVA,ES,Admin,2013,s_sew_n,76.25000000000001,97.3328025477707,changed
LVA,ES,Admin,2013,s_treat_wtp_n,93.27213114754096,94.00136332651672,changed
LVA,EU SILC,Admin,2014,s_imp_r,83.23568735863282,NA,removed
LVA,EUSILC,Admin,2014,s_imp_r,NA,83.23568735863282,added
LVA,EU SILC,Admin,2014,s_imp_u,97.91437403400307,NA,removed
LVA,EUSILC,Admin,2014,s_imp_u,NA,97.91437403400307,added
LVA,ES,Admin,2014,s_lat_ero_n,NA,100,added
LVA,ES,Admin,2014,s_lat_n,NA,2.4302788844621546,added
LVA,ES,Admin,2014,s_sep_con_n,49.71145919208574,66.66666666666666,changed
LVA,ES,Admin,2014,s_sep_ero_n,NA,33.33333333333334,added
LVA,ES,Admin,2014,s_sep_n,24.26,0.4382470119521913,changed
LVA,ES,Admin,2014,s_sep_nemp_n,NA,66.66666666666666,added
LVA,ES,Admin,2014,s_sew_n,75.75,97.13147410358567,changed
LVA,ES,Admin,2014,s_treat_wtp_n,96.4224422442244,97.22450095706864,changed
LVA,EU SILC,Admin,2015,s_imp_r,83.8755466197537,NA,removed
LVA,EUSILC,Admin,2015,s_imp_r,NA,83.8755466197537,added
LVA,EU SILC,Admin,2015,s_imp_u,98.15502318392582,NA,removed
LVA,EUSILC,Admin,2015,s_imp_u,NA,98.15502318392582,added
LVA,ES,Admin,2015,s_lat_ero_n,NA,100,added
LVA,ES,Admin,2015,s_lat_n,NA,2.9407971107958275,added
LVA,ES,Admin,2015,s_sep_con_n,65.99208095028597,69.51219512195122,changed
LVA,ES,Admin,2015,s_sep_ero_n,NA,30.487804878048777,added
LVA,ES,Admin,2015,s_sep_n,22.73,0.5288275506255643,changed
LVA,ES,Admin,2015,s_sep_nemp_n,NA,69.51219512195122,added
LVA,ES,Admin,2015,s_sew_n,77.26,96.53037533857862,changed
LVA,ES,Admin,2015,s_treat_wtp_n,97.450168263008,97.82202030999466,changed
LVA,ES,Admin,2016,s_lat_ero_n,NA,100,added
LVA,ES,Admin,2016,s_lat_n,NA,2.802008987576002,added
LVA,ES,Admin,2016,s_sep_con_n,69.75199291408326,70.2127659574468,changed
LVA,ES,Admin,2016,s_sep_ero_n,NA,29.787234042553195,added
LVA,ES,Admin,2016,s_sep_n,22.58,0.6212001057361882,changed
LVA,ES,Admin,2016,s_sep_nemp_n,NA,70.2127659574468,added
LVA,ES,Admin,2016,s_sew_n,77.41,96.5767909066878,changed
LVA,ES,Admin,2016,s_treat_wtp_n,98.01059294664772,98.50827973176406,changed
LVA,ES,Admin,2017,s_lat_ero_n,NA,100,added
LVA,ES,Admin,2017,s_lat_n,NA,2.8652939717191828,added
LVA,ES,Admin,2017,s_sep_con_n,79.19647771051183,72.22222222222221,changed
LVA,ES,Admin,2017,s_sep_ero_n,NA,27.777777777777786,added
LVA,ES,Admin,2017,s_sep_n,18.17,0.6698089804018854,changed
LVA,ES,Admin,2017,s_sep_nemp_n,NA,72.22222222222221,added
LVA,ES,Admin,2017,s_sew_n,81.83,96.46489704787894,changed
LVA,ES,Admin,2017,s_treat_wtp_n,98.44800195527311,98.88131670309888,changed
LVA,ES,Admin,2018,s_lat_ero_n,NA,100,added
LVA,ES,Admin,2018,s_lat_n,NA,2.5876354365838097,added
LVA,ES,Admin,2018,s_sep_con_n,98.70324189526184,72.1311475409836,changed
LVA,ES,Admin,2018,s_sep_ero_n,NA,27.868852459016395,added
LVA,ES,Admin,2018,s_sep_n,20.05,0.7775653282345443,changed
LVA,ES,Admin,2018,s_sep_nemp_n,NA,72.1311475409836,added
LVA,ES,Admin,2018,s_sew_n,79.94999999999999,96.63479923518165,changed
LVA,ES,Admin,2018,s_treat_wtp_n,98.68667917448408,99.15578419733544,changed
LVA,ES,Admin,2019,s_lat_ero_n,NA,100,added
LVA,ES,Admin,2019,s_lat_n,NA,3.7267839687194737,added
LVA,ES,Admin,2019,s_sep_con_n,NA,72.64150943396226,added
LVA,ES,Admin,2019,s_sep_ero_n,NA,27.358490566037744,added
LVA,CC,Admin,2019,s_sep_n,17.8,NA,removed
LVA,ES,Admin,2019,s_sep_n,NA,0.6476050830889541,added
LVA,ES,Admin,2019,s_sep_nemp_n,NA,72.64150943396226,added
LVA,CC,Admin,2019,s_sew_n,82.2,NA,removed
LVA,ES,Admin,2019,s_sew_n,NA,95.6256109481916,added
LVA,CC,Admin,2019,s_treat_wtp_n,98.54014598540148,NA,removed
LVA,ES,Admin,2019,s_treat_wtp_n,NA,98.74776386404297,added
LVA,ES,Admin,2020,s_lat_ero_n,NA,100,added
LVA,ES,Admin,2020,s_lat_n,NA,4.047384007897335,added
LVA,ES,Admin,2020,s_sep_con_n,NA,72.95081967213115,added
LVA,ES,Admin,2020,s_sep_ero_n,NA,27.049180327868857,added
LVA,ES,Admin,2020,s_sep_n,NA,0.7527147087857848,added
LVA,ES,Admin,2020,s_sep_nemp_n,NA,72.95081967213115,added
LVA,ES,Admin,2020,s_sew_n,NA,95.19990128331688,added
LVA,ES,Admin,2020,s_treat_wtp_n,NA,99.40375891121192,added
LVA,CEN,Census,2021,s_imp_r,NA,82.21371282052093,added
LVA,CEN,Census,2021,s_imp_u,NA,97.0094738511838,added
LVA,ES,Admin,2021,s_lat_ero_n,NA,100,added
LVA,ES,Admin,2021,s_lat_n,NA,3.6264282165921458,added
LVA,ES,Admin,2021,s_sep_con_n,NA,72.79411764705883,added
LVA,ES,Admin,2021,s_sep_ero_n,NA,27.205882352941178,added
LVA,ES,Admin,2021,s_sep_n,NA,0.8415621755725005,added
LVA,ES,Admin,2021,s_sep_nemp_n,NA,72.79411764705883,added
LVA,ES,Admin,2021,s_sew_n,NA,94.91609081934844,added
LVA,ES,Admin,2021,s_treat_wtp_n,NA,99.02496099843997,added
LVA,ES,Admin,2022,s_lat_ero_n,NA,100,added
LVA,ES,Admin,2022,s_lat_n,NA,3.209815342669472,added
LVA,ES,Admin,2022,s_sep_con_n,NA,72.79411764705883,added
LVA,ES,Admin,2022,s_sep_ero_n,NA,27.205882352941178,added
LVA,ES,Admin,2022,s_sep_n,NA,0.8799107696120957,added
LVA,ES,Admin,2022,s_sep_nemp_n,NA,72.79411764705883,added
LVA,ES,Admin,2022,s_sew_n,NA,95.91027388771842,added
LVA,ES,Admin,2022,s_treat_wtp_n,NA,99.32807856312186,added
MAC,CEN,Census,1991,s_imp_n,99.3,NA,removed
MAC,CEN,NA,1991,s_imp_n,NA,99.3,added
MAC,CEN,Census,1991,s_imp_u,99.3,NA,removed
MAC,CEN,NA,1991,s_imp_u,NA,99.3,added
MAC,CEN,Census,1991,s_lat_n,6.400000000000006,NA,removed
MAC,CEN,NA,1991,s_lat_n,NA,6.400000000000006,added
MAC,CEN,Census,1991,s_lat_u,6.400000000000006,NA,removed
MAC,CEN,NA,1991,s_lat_u,NA,6.400000000000006,added
MAC,CEN,Census,1991,s_od_n,0.7,NA,removed
MAC,CEN,NA,1991,s_od_n,NA,0.7,added
MAC,CEN,Census,1991,s_od_u,0.7,NA,removed
MAC,CEN,NA,1991,s_od_u,NA,0.7,added
MAC,CEN,Census,1991,s_sew_n,92.9,NA,removed
MAC,CEN,NA,1991,s_sew_n,NA,92.9,added
MAC,CEN,Census,1991,s_sew_u,92.9,NA,removed
MAC,CEN,NA,1991,s_sew_u,NA,92.9,added
MAC,BCEN,Census,1996,s_imp_n,99.85500114241523,NA,removed
MAC,BCEN,NA,1996,s_imp_n,NA,99.85500114241523,added
MAC,BCEN,Census,1996,s_imp_u,99.85500114241523,NA,removed
MAC,BCEN,NA,1996,s_imp_u,NA,99.85500114241523,added
MAC,BCEN,Census,1996,s_lat_n,1.3093836230381155,NA,removed
MAC,BCEN,NA,1996,s_lat_n,NA,1.3093836230381155,added
MAC,BCEN,Census,1996,s_lat_u,1.3093836230381155,NA,removed
MAC,BCEN,NA,1996,s_lat_u,NA,1.3093836230381155,added
MAC,BCEN,Census,1996,s_od_n,0.14499885758475842,NA,removed
MAC,BCEN,NA,1996,s_od_n,NA,0.14499885758475842,added
MAC,BCEN,Census,1996,s_od_u,0.14499885758475842,NA,removed
MAC,BCEN,NA,1996,s_od_u,NA,0.14499885758475842,added
MAC,BCEN,Census,1996,s_sew_n,98.54561751937712,NA,removed
MAC,BCEN,NA,1996,s_sew_n,NA,98.54561751937712,added
MAC,BCEN,Census,1996,s_sew_u,98.54561751937712,NA,removed
MAC,BCEN,NA,1996,s_sew_u,NA,98.54561751937712,added
MAC,ES,Admin,2011,s_treat_wtp_n,64.5,NA,removed
MAC,ES,NA,2011,s_treat_wtp_n,NA,64.5,added
MAC,ES,Admin,2011,s_treat_wtp_u,64.5,NA,removed
MAC,ES,NA,2011,s_treat_wtp_u,NA,64.5,added
MAC,ES,Admin,2012,s_treat_wtp_n,54.9,NA,removed
MAC,ES,NA,2012,s_treat_wtp_n,NA,54.9,added
MAC,ES,Admin,2012,s_treat_wtp_u,54.9,NA,removed
MAC,ES,NA,2012,s_treat_wtp_u,NA,54.9,added
MAC,ES,Admin,2013,s_treat_wtp_n,58.3,NA,removed
MAC,ES,NA,2013,s_treat_wtp_n,NA,58.3,added
MAC,ES,Admin,2013,s_treat_wtp_u,58.3,NA,removed
MAC,ES,NA,2013,s_treat_wtp_u,NA,58.3,added
MAC,ES,Admin,2014,s_treat_wtp_n,50.3,NA,removed
MAC,ES,NA,2014,s_treat_wtp_n,NA,50.3,added
MAC,ES,Admin,2014,s_treat_wtp_u,50.3,NA,removed
MAC,ES,NA,2014,s_treat_wtp_u,NA,50.3,added
MAC,ES,Admin,2015,s_treat_wtp_n,65.2,NA,removed
MAC,ES,NA,2015,s_treat_wtp_n,NA,65.2,added
MAC,ES,Admin,2015,s_treat_wtp_u,65.2,NA,removed
MAC,ES,NA,2015,s_treat_wtp_u,NA,65.2,added
MAC,YS,Admin,2017,s_treat_wtp_n,62.69250397050617,NA,removed
MAC,YS,NA,2017,s_treat_wtp_n,NA,62.69250397050617,added
MAC,YS,Admin,2017,s_treat_wtp_u,62.69250397050617,NA,removed
MAC,YS,NA,2017,s_treat_wtp_u,NA,62.69250397050617,added
MAC,YS,Admin,2018,s_treat_wtp_n,63.38052338052338,NA,removed
MAC,YS,NA,2018,s_treat_wtp_n,NA,63.38052338052338,added
MAC,YS,Admin,2018,s_treat_wtp_u,63.38052338052338,NA,removed
MAC,YS,NA,2018,s_treat_wtp_u,NA,63.38052338052338,added
MAC,ES,Admin,2019,s_treat_wtp_n,69.10190702138834,NA,removed
MAC,ES,NA,2019,s_treat_wtp_n,NA,69.10190702138834,added
MAC,ES,Admin,2019,s_treat_wtp_u,69.10190702138834,NA,removed
MAC,ES,NA,2019,s_treat_wtp_u,NA,69.10190702138834,added
MAC,YS,NA,2020,s_treat_wtp_n,NA,65.30953484155604,added
MAC,YS,NA,2020,s_treat_wtp_u,NA,65.30953484155604,added
MAC,YS,NA,2021,s_treat_wtp_n,NA,73.36084725836363,added
MAC,YS,NA,2021,s_treat_wtp_u,NA,73.36084725836363,added
MAC,YS,NA,2022,s_treat_wtp_n,NA,80.50093614040759,added
MAC,YS,NA,2022,s_treat_wtp_u,NA,80.50093614040759,added
MAC,YS,NA,2023,s_treat_wtp_n,NA,85.3,added
MAC,YS,NA,2023,s_treat_wtp_u,NA,85.3,added
MAF,CEN,Census,2006,s_imp_n,NA,99.34994908382512,added
MAF,CEN,Census,2006,s_imp_u,NA,99.34994908382512,added
MAF,CEN,Census,2006,s_lat_n,NA,1.7164443432446037,added
MAF,CEN,Census,2006,s_lat_u,NA,1.7164443432446037,added
MAF,CEN,Census,2006,s_sep_n,NA,40.47408967571773,added
MAF,CEN,Census,2006,s_sep_u,NA,40.47408967571773,added
MAF,CEN,Census,2006,s_sew_n,NA,57.159415064862785,added
MAF,CEN,Census,2006,s_sew_u,NA,57.159415064862785,added
MAF,CEN,Census,2007,s_imp_n,NA,99.28215353938184,added
MAF,CEN,Census,2007,s_imp_u,NA,99.28215353938184,added
MAF,CEN,Census,2007,s_lat_n,NA,1.764705882352942,added
MAF,CEN,Census,2007,s_lat_u,NA,1.764705882352942,added
MAF,CEN,Census,2007,s_sep_n,NA,38.1655034895314,added
MAF,CEN,Census,2007,s_sep_u,NA,38.1655034895314,added
MAF,CEN,Census,2007,s_sew_n,NA,59.35194416749751,added
MAF,CEN,Census,2007,s_sew_u,NA,59.35194416749751,added
MAF,CEN,Census,2008,s_imp_n,NA,99.16799635286073,added
MAF,CEN,Census,2008,s_imp_u,NA,99.16799635286073,added
MAF,CEN,Census,2008,s_lat_n,NA,2.169288048020661,added
MAF,CEN,Census,2008,s_lat_u,NA,2.169288048020661,added
MAF,CEN,Census,2008,s_sep_n,NA,40.66560291771142,added
MAF,CEN,Census,2008,s_sep_u,NA,40.66560291771142,added
MAF,CEN,Census,2008,s_sew_n,NA,56.33310538712863,added
MAF,CEN,Census,2008,s_sew_u,NA,56.33310538712863,added
MAF,CEN,Census,2009,s_imp_n,NA,99.32614555256065,added
MAF,CEN,Census,2009,s_imp_u,NA,99.32614555256065,added
MAF,CEN,Census,2009,s_lat_n,NA,2.096436058700206,added
MAF,CEN,Census,2009,s_lat_u,NA,2.096436058700206,added
MAF,CEN,Census,2009,s_sep_n,NA,39.79484875711291,added
MAF,CEN,Census,2009,s_sep_u,NA,39.79484875711291,added
MAF,CEN,Census,2009,s_sew_n,NA,57.43486073674753,added
MAF,CEN,Census,2009,s_sew_u,NA,57.43486073674753,added
MAF,CEN,Census,2010,s_imp_n,NA,99.45250073986384,added
MAF,CEN,Census,2010,s_imp_u,NA,99.45250073986384,added
MAF,CEN,Census,2010,s_lat_n,NA,1.6129032258064484,added
MAF,CEN,Census,2010,s_lat_u,NA,1.6129032258064484,added
MAF,CEN,Census,2010,s_sep_n,NA,36.49008582420834,added
MAF,CEN,Census,2010,s_sep_u,NA,36.49008582420834,added
MAF,CEN,Census,2010,s_sew_n,NA,61.349511689849066,added
MAF,CEN,Census,2010,s_sew_u,NA,61.349511689849066,added
MAF,CEN,Census,2012,s_imp_n,NA,99.63358409126025,added
MAF,CEN,Census,2012,s_imp_u,NA,99.63358409126025,added
MAF,CEN,Census,2012,s_lat_n,NA,1.6121126039647464,added
MAF,CEN,Census,2012,s_lat_u,NA,1.6121126039647464,added
MAF,CEN,Census,2012,s_sep_n,NA,38.99748586830937,added
MAF,CEN,Census,2012,s_sep_u,NA,38.99748586830937,added
MAF,CEN,Census,2012,s_sew_n,NA,59.02398561898612,added
MAF,CEN,Census,2012,s_sew_u,NA,59.02398561898612,added
MAF,CEN,Census,2013,s_imp_n,NA,99.74054570506284,added
MAF,CEN,Census,2013,s_imp_u,NA,99.74054570506284,added
MAF,CEN,Census,2013,s_lat_n,NA,0.9711244430373682,added
MAF,CEN,Census,2013,s_lat_u,NA,0.9711244430373682,added
MAF,CEN,Census,2013,s_sep_n,NA,38.2599472510332,added
MAF,CEN,Census,2013,s_sep_u,NA,38.2599472510332,added
MAF,CEN,Census,2013,s_sew_n,NA,60.50947401099227,added
MAF,CEN,Census,2013,s_sew_u,NA,60.50947401099227,added
MAF,CEN,Census,2014,s_imp_n,NA,99.83038006236356,added
MAF,CEN,Census,2014,s_imp_u,NA,99.83038006236356,added
MAF,CEN,Census,2014,s_lat_n,NA,0.701576831104191,added
MAF,CEN,Census,2014,s_lat_u,NA,0.701576831104191,added
MAF,CEN,Census,2014,s_sep_n,NA,39.69427502462288,added
MAF,CEN,Census,2014,s_sep_u,NA,39.69427502462288,added
MAF,CEN,Census,2014,s_sew_n,NA,59.43452820663649,added
MAF,CEN,Census,2014,s_sew_u,NA,59.43452820663649,added
MAF,CEN,Census,2015,s_imp_n,NA,99.82361916891476,added
MAF,CEN,Census,2015,s_imp_u,NA,99.82361916891476,added
MAF,CEN,Census,2015,s_lat_n,NA,0.7929807235310875,added
MAF,CEN,Census,2015,s_lat_u,NA,0.7929807235310875,added
MAF,CEN,Census,2015,s_sep_n,NA,39.33445607635061,added
MAF,CEN,Census,2015,s_sep_u,NA,39.33445607635061,added
MAF,CEN,Census,2015,s_sew_n,NA,59.69618236903307,added
MAF,CEN,Census,2015,s_sew_u,NA,59.69618236903307,added
MAF,CEN,Census,2016,s_imp_n,NA,99.90244937670522,added
MAF,CEN,Census,2016,s_imp_u,NA,99.90244937670522,added
MAF,CEN,Census,2016,s_lat_n,NA,0.5933168799539459,added
MAF,CEN,Census,2016,s_lat_u,NA,0.5933168799539459,added
MAF,CEN,Census,2016,s_sep_n,NA,41.47800181284672,added
MAF,CEN,Census,2016,s_sep_u,NA,41.47800181284672,added
MAF,CEN,Census,2016,s_sew_n,NA,57.831130683904554,added
MAF,CEN,Census,2016,s_sew_u,NA,57.831130683904554,added
MAF,CEN,Census,2017,s_imp_n,NA,99.87219701807288,added
MAF,CEN,Census,2017,s_imp_u,NA,99.87219701807288,added
MAF,CEN,Census,2017,s_lat_n,NA,0.5661856167344865,added
MAF,CEN,Census,2017,s_lat_u,NA,0.5661856167344865,added
MAF,CEN,Census,2017,s_sep_n,NA,39.34788816861741,added
MAF,CEN,Census,2017,s_sep_u,NA,39.34788816861741,added
MAF,CEN,Census,2017,s_sew_n,NA,59.95812323272097,added
MAF,CEN,Census,2017,s_sew_u,NA,59.95812323272097,added
MAF,CEN,Census,2018,s_imp_n,NA,99.9177692289,added
MAF,CEN,Census,2018,s_imp_u,NA,99.9177692289,added
MAF,CEN,Census,2018,s_lat_n,NA,0.34290717764625356,added
MAF,CEN,Census,2018,s_lat_u,NA,0.34290717764625356,added
MAF,CEN,Census,2018,s_sep_n,NA,40.277090940235325,added
MAF,CEN,Census,2018,s_sep_u,NA,40.277090940235325,added
MAF,CEN,Census,2018,s_sew_n,NA,59.29777111101843,added
MAF,CEN,Census,2018,s_sew_u,NA,59.29777111101843,added
MAF,CEN,Census,2019,s_imp_n,NA,99.91627899983489,added
MAF,CEN,Census,2019,s_imp_u,NA,99.91627899983489,added
MAF,CEN,Census,2019,s_lat_n,NA,0.3465393804438861,added
MAF,CEN,Census,2019,s_lat_u,NA,0.3465393804438861,added
MAF,CEN,Census,2019,s_sep_n,NA,40.04603676295577,added
MAF,CEN,Census,2019,s_sep_u,NA,40.04603676295577,added
MAF,CEN,Census,2019,s_sew_n,NA,59.52370285643522,added
MAF,CEN,Census,2019,s_sew_u,NA,59.52370285643522,added
MAF,CEN,Census,2020,s_imp_n,NA,99.90602581283952,added
MAF,CEN,Census,2020,s_imp_u,NA,99.90602581283952,added
MAF,CEN,Census,2020,s_lat_n,NA,0.3194703246198287,added
MAF,CEN,Census,2020,s_lat_u,NA,0.3194703246198287,added
MAF,CEN,Census,2020,s_sep_n,NA,40.285407191993286,added
MAF,CEN,Census,2020,s_sep_u,NA,40.285407191993286,added
MAF,CEN,Census,2020,s_sew_n,NA,59.301148296226415,added
MAF,CEN,Census,2020,s_sew_u,NA,59.301148296226415,added
MAF,CEN,Census,2021,s_imp_n,NA,99.86333487978597,added
MAF,CEN,Census,2021,s_imp_u,NA,99.86333487978597,added
MAF,CEN,Census,2021,s_lat_n,NA,0.3283889946383596,added
MAF,CEN,Census,2021,s_lat_u,NA,0.3283889946383596,added
MAF,CEN,Census,2021,s_sep_n,NA,38.173108445578194,added
MAF,CEN,Census,2021,s_sep_u,NA,38.173108445578194,added
MAF,CEN,Census,2021,s_sew_n,NA,61.36183743956942,added
MAF,CEN,Census,2021,s_sew_u,NA,61.36183743956942,added
MAR,ENE,Survey,2008,s_sew_u,NA,86,added
MAR,ENE,Survey,2009,s_sew_u,NA,88.4,added
MAR,ENE,Survey,2010,s_sew_r,NA,4.2,added
MAR,ENE,Survey,2010,s_sew_u,NA,89.3,added
MAR,ENE,Survey,2011,s_sew_u,NA,88.7,added
MAR,UNSD,Admin,2012,s_sew_rtp_n,NA,68.05555725097656,added
MAR,ENE,Survey,2012,s_sew_u,NA,89.8,added
MAR,AFB,Survey,2013,s_od_r,NA,1.18917,added
MAR,AFB,Survey,2013,s_od_u,NA,0,added
MAR,UNSD,Admin,2013,s_sew_rtp_n,NA,76.388885498046875,added
MAR,ENE,Survey,2013,s_sew_u,NA,91.5,added
MAR,UNSD,Admin,2014,s_sew_rtp_n,NA,82.19178009033203,added
MAR,ENE,Survey,2014,s_sew_u,NA,91.5,added
MAR,AFB,Survey,2015,s_od_r,NA,12.05563,added
MAR,AFB,Survey,2015,s_od_u,NA,0.88606,added
MAR,ENE,Survey,2015,s_sew_r,NA,6.6,added
MAR,UNSD,Admin,2015,s_sew_rtp_n,NA,81.0810775756836,added
MAR,ENE,Survey,2015,s_sew_u,NA,92.6,added
MAR,UNSD,Admin,2015,s_treat_wtp_n,NA,86.00702667236328,added
MAR,UNSD,Admin,2016,s_sew_rtp_n,NA,95.9459457397461,added
MAR,ENE,Survey,2016,s_sew_u,NA,92.6,added
MAR,UNSD,Admin,2016,s_treat_wtp_n,NA,85.91270446777344,added
MAR,ENE,Survey,2017,s_sew_u,NA,91,added
MAR,UNSD,Admin,2017,s_treat_wtp_n,NA,86.14705657958984,added
MAR,ENE,Survey,2018,s_sew_r,NA,4.8,added
MAR,ENE,Survey,2018,s_sew_u,NA,92.1,added
MAR,UNSD,Admin,2018,s_treat_wtp_n,NA,86.41093444824219,added
MAR,ENE,Survey,2019,s_sew_r,NA,5.6,added
MAR,ENE,Survey,2019,s_sew_u,NA,92.6,added
MAR,UNSD,Admin,2019,s_treat_wtp_n,NA,86.863372802734375,added
MAR,AFB,Survey,2020,s_od_n,NA,1.50144,added
MAR,AFB,Survey,2020,s_od_r,NA,3.15229,added
MAR,AFB,Survey,2020,s_od_u,NA,0.74554,added
MAR,ENE,Survey,2021,s_sew_r,NA,6.6,added
MAR,ENE,Survey,2021,s_sew_u,NA,93.3,added
MAR,AFB,Survey,2022,s_od_n,NA,3.38107,added
MAR,AFB,Survey,2022,s_od_r,NA,8.55132,added
MAR,AFB,Survey,2022,s_od_u,NA,0.56588,added
MCO,UNSD,Admin,2013,s_treat_wtp_n,NA,100,added
MCO,UNSD,Admin,2013,s_treat_wtp_u,NA,100,added
MCO,UNSD,Admin,2014,s_treat_wtp_n,NA,100,added
MCO,UNSD,Admin,2014,s_treat_wtp_u,NA,100,added
MCO,UNSD,Admin,2015,s_treat_wtp_n,NA,100,added
MCO,UNSD,Admin,2015,s_treat_wtp_u,NA,100,added
MCO,UNSD,Admin,2016,s_treat_wtp_n,NA,100,added
MCO,UNSD,Admin,2016,s_treat_wtp_u,NA,100,added
MCO,UNSD,Admin,2017,s_treat_wtp_n,NA,100,added
MCO,UNSD,Admin,2017,s_treat_wtp_u,NA,100,added
MCO,CC,Other,2020,s_imp_n,NA,100,added
MCO,CC,Other,2020,s_imp_u,NA,100,added
MDA,WW,Admin,2017,s_treat_wtp_n,NA,81.55922038980509,added
MDA,WW,Admin,2018,s_treat_wtp_n,NA,80.50221565731167,added
MDA,VACS,Survey,2019,s_imp_r,NA,59.210530000000006,added
MDA,VACS,Survey,2019,s_imp_u,NA,92.77688,added
MDA,VACS,Survey,2019,s_shared_r,NA,0.79491,added
MDA,VACS,Survey,2019,s_shared_u,NA,7.10572,added
MDA,WW,Admin,2019,s_treat_wtp_n,NA,80.53097345132744,added
MDA,PWH,Admin,2019,s_treat_wtp_n,NA,96.2,added
MDA,HBS,Survey,2020,s_imp_r,NA,85.96912899669239,added
MDA,HBS,Survey,2020,s_imp_u,NA,99.3008,added
MDA,HBS,Survey,2020,s_sew_r,NA,2.8,added
MDA,HBS,Survey,2020,s_sew_u,NA,79.4,added
MDA,WW,Admin,2020,s_treat_wtp_n,NA,80.98068350668647,added
MDA,PWH,Admin,2020,s_treat_wtp_n,NA,95.5,added
MDA,HBS,Survey,2021,s_imp_r,NA,87.39305402425579,added
MDA,HBS,Survey,2021,s_imp_u,NA,99.3376,added
MDA,HBS,Survey,2021,s_sew_r,NA,2.9,added
MDA,HBS,Survey,2021,s_sew_u,NA,78.6,added
MDA,WW,Admin,2021,s_treat_wtp_n,NA,80.64992614475628,added
MDA,HBS,Survey,2022,s_imp_r,NA,88.13217859315556,added
MDA,HBS,Survey,2022,s_imp_u,NA,99.47704703219075,added
MDA,HBS,Survey,2022,s_sew_r,NA,3.2926964463118797,added
MDA,HBS,Survey,2022,s_sew_u,NA,79.01844547527377,added
MDA,WW,Admin,2022,s_treat_wtp_n,NA,80.74074074074075,added
MDA,HBS,Survey,2023,s_imp_r,NA,89.47684674751929,added
MDA,HBS,Survey,2023,s_imp_u,NA,99.6504,added
MDA,HBS,Survey,2023,s_sew_r,NA,3,added
MDA,HBS,Survey,2023,s_sew_u,NA,84.3,added
MDG,AFB,Survey,2015,s_od_r,NA,24.55023,added
MDG,AFB,Survey,2015,s_od_u,NA,6.13957,added
MDG,CEN,Census,2018,s_od_r,NA,46.78655,added
MDG,CEN,Census,2018,s_od_u,NA,14.5577,added
MDG,CEN,Census,2018,s_shared_r,NA,53.247310000000006,added
MDG,CEN,Census,2018,s_shared_u,NA,52.22706,added
MDG,DHS,Survey,2021,s_imp_r,NA,26.903240000000004,added
MDG,DHS,Survey,2021,s_imp_u,NA,56.487860000000005,added
MDG,DHS,Survey,2021,s_lat_r,NA,25.18773000000001,added
MDG,DHS,Survey,2021,s_lat_u,NA,33.75354,added
MDG,DHS,Survey,2021,s_od_r,NA,38.36187,added
MDG,DHS,Survey,2021,s_od_u,NA,13.19506,added
MDG,DHS,Survey,2021,s_sep_r,NA,1.38055,added
MDG,DHS,Survey,2021,s_sep_u,NA,20.10497,added
MDG,DHS,Survey,2021,s_sew_r,NA,0.33496,added
MDG,DHS,Survey,2021,s_sew_u,NA,2.62935,added
MDG,DHS,Survey,2021,s_shared_r,NA,60.9129,added
MDG,DHS,Survey,2021,s_shared_u,NA,62.51323,added
MDG,AFB,Survey,2022,s_od_r,NA,13.91853,added
MDG,AFB,Survey,2022,s_od_u,NA,5.18771,added
MDV,HIES,Survey,2019,s_imp_r,90.74309133050976,90.35658,changed
MDV,HIES,Survey,2019,s_imp_u,NA,100,added
MDV,HIES,Survey,2019,s_lat_r,0.10833579681292348,0,changed
MDV,HIES,Survey,2019,s_od_u,NA,0,added
MDV,HIES,Survey,2019,s_sep_r,42.50830632077448,42.37784,changed
MDV,HIES,Survey,2019,s_sew_r,48.12644921292237,47.97874,changed
MDV,CEN,Census,2022,s_imp_r,NA,90.36176026993252,added
MDV,CEN,Census,2022,s_imp_u,NA,98.08842928152696,added
MDV,CEN,Census,2022,s_lat_r,NA,0,added
MDV,CEN,Census,2022,s_lat_u,NA,0,added
MDV,CEN,Census,2022,s_sep_r,NA,23.07241748063794,added
MDV,CEN,Census,2022,s_sep_u,NA,0,added
MDV,CEN,Census,2022,s_sew_r,NA,67.2893427892946,added
MDV,CEN,Census,2022,s_sew_u,NA,98.08842928152696,added
MEX,ENDIREH,Survey,2003,s_imp_r,NA,58.62384,added
MEX,ENDIREH,Survey,2003,s_imp_u,NA,92.1517,added
MEX,ENDIREH,Survey,2003,s_lat_r,NA,0,added
MEX,ENDIREH,Survey,2003,s_lat_u,NA,0,added
MEX,ENDIREH,Survey,2003,s_sep_r,NA,40.2716,added
MEX,ENDIREH,Survey,2003,s_sep_u,NA,12.21334,added
MEX,ENDIREH,Survey,2003,s_sew_r,NA,18.35224,added
MEX,ENDIREH,Survey,2003,s_sew_u,NA,79.93836,added
MEX,ENDIREH,Survey,2006,s_imp_r,NA,67.76765,added
MEX,ENDIREH,Survey,2006,s_imp_u,NA,96.14318,added
MEX,ENDIREH,Survey,2006,s_lat_r,NA,0,added
MEX,ENDIREH,Survey,2006,s_lat_u,NA,0,added
MEX,ENDIREH,Survey,2006,s_sep_r,NA,42.15127,added
MEX,ENDIREH,Survey,2006,s_sep_u,NA,9.65846,added
MEX,ENDIREH,Survey,2006,s_sew_r,NA,25.61638,added
MEX,ENDIREH,Survey,2006,s_sew_u,NA,86.48472,added
MEX,GATS,Survey,2009,s_imp_r,NA,92.77301,added
MEX,GATS,Survey,2009,s_imp_u,NA,98.71238,added
MEX,GATS,Survey,2009,s_lat_r,NA,24.486400000000003,added
MEX,GATS,Survey,2009,s_lat_u,NA,2.931740000000019,added
MEX,GATS,Survey,2009,s_od_r,NA,5.12428,added
MEX,GATS,Survey,2009,s_od_u,NA,0.46856,added
MEX,GATS,Survey,2009,s_sep_r,NA,35.714710000000004,added
MEX,GATS,Survey,2009,s_sep_u,NA,10.01105,added
MEX,GATS,Survey,2009,s_sew_r,NA,32.5719,added
MEX,GATS,Survey,2009,s_sew_u,NA,85.76959,added
MEX,GATS,Survey,2009,s_shared_r,NA,3.77521,added
MEX,GATS,Survey,2009,s_shared_u,NA,1.77505,added
MEX,ENDIREH,Survey,2011,s_imp_r,NA,92.19230145434643,added
MEX,ENDIREH,Survey,2011,s_imp_u,NA,98.71540292925734,added
MEX,ENDIREH,Survey,2011,s_lat_r,NA,11.280531454346445,added
MEX,ENDIREH,Survey,2011,s_lat_u,NA,1.1548429292573417,added
MEX,ENDIREH,Survey,2011,s_sep_r,NA,50.99844,added
MEX,ENDIREH,Survey,2011,s_sep_u,NA,9.00594,added
MEX,ENDIREH,Survey,2011,s_sew_r,NA,29.91333,added
MEX,ENDIREH,Survey,2011,s_sew_u,NA,88.55462,added
MEX,ELCOS,Survey,2012,s_imp_u,NA,98.9765907340611,added
MEX,ELCOS,Survey,2012,s_lat_u,NA,0.3226707340611057,added
MEX,ELCOS,Survey,2012,s_sep_u,NA,5.33121,added
MEX,ELCOS,Survey,2012,s_sew_u,NA,93.32271,added
MEX,ELCOS,Survey,2012,s_shared_u,NA,0,added
MEX,SAGE,Survey,2014,s_imp_r,NA,94.24715,added
MEX,SAGE,Survey,2014,s_imp_u,NA,99.57967,added
MEX,SAGE,Survey,2014,s_lat_r,NA,10.05028999999999,added
MEX,SAGE,Survey,2014,s_lat_u,NA,0.3451599999999928,added
MEX,SAGE,Survey,2014,s_od_r,NA,3.78926,added
MEX,SAGE,Survey,2014,s_od_u,NA,0.1423,added
MEX,SAGE,Survey,2014,s_sep_r,NA,38.0935,added
MEX,SAGE,Survey,2014,s_sep_u,NA,7.85038,added
MEX,SAGE,Survey,2014,s_sew_r,NA,46.10336,added
MEX,SAGE,Survey,2014,s_sew_u,NA,91.38413,added
MEX,SAGE,Survey,2014,s_shared_r,NA,12.897586941827589,added
MEX,SAGE,Survey,2014,s_shared_u,NA,14.569536294901749,added
MEX,GATS,Survey,2015,s_imp_r,NA,94.11467,added
MEX,ENDUTIH,Survey,2015,s_imp_r,NA,94.0440823504696,added
MEX,GATS,Survey,2015,s_imp_u,NA,98.43845,added
MEX,ENDUTIH,Survey,2015,s_imp_u,NA,99.05806784159044,added
MEX,GATS,Survey,2015,s_lat_r,NA,19.35006,added
MEX,ENDUTIH,Survey,2015,s_lat_r,NA,9.4716623504696,added
MEX,GATS,Survey,2015,s_lat_u,NA,0.7775000000000034,added
MEX,ENDUTIH,Survey,2015,s_lat_u,NA,0.9022078415904248,added
MEX,GATS,Survey,2015,s_od_r,NA,4.08248,added
MEX,GATS,Survey,2015,s_od_u,NA,0.16044,added
MEX,GATS,Survey,2015,s_sep_r,NA,38.76256,added
MEX,ENDUTIH,Survey,2015,s_sep_r,NA,52.77673,added
MEX,GATS,Survey,2015,s_sep_u,NA,7.31728,added
MEX,ENDUTIH,Survey,2015,s_sep_u,NA,10.64863,added
MEX,GATS,Survey,2015,s_sew_r,NA,36.00205,added
MEX,ENDUTIH,Survey,2015,s_sew_r,NA,31.79569,added
MEX,GATS,Survey,2015,s_sew_u,NA,90.34367,added
MEX,ENDUTIH,Survey,2015,s_sew_u,NA,87.50723,added
MEX,GATS,Survey,2015,s_shared_r,NA,6.66509,added
MEX,GATS,Survey,2015,s_shared_u,NA,3.911350000000001,added
MEX,ENDUTIH,Survey,2016,s_imp_r,NA,94.08633746063131,added
MEX,ENDIREH,Survey,2016,s_imp_r,NA,93.37906106313112,added
MEX,ENDUTIH,Survey,2016,s_imp_u,NA,98.8064756342116,added
MEX,ENDIREH,Survey,2016,s_imp_u,NA,99.47385374776056,added
MEX,ENDUTIH,Survey,2016,s_lat_r,NA,7.723747460631316,added
MEX,ENDIREH,Survey,2016,s_lat_r,NA,7.850421063131137,added
MEX,ENDUTIH,Survey,2016,s_lat_u,NA,0.8642256342115928,added
MEX,ENDIREH,Survey,2016,s_lat_u,NA,0.22755374776055248,added
MEX,ENDUTIH,Survey,2016,s_sep_r,NA,52.56947,added
MEX,ENDIREH,Survey,2016,s_sep_r,NA,51.6329,added
MEX,ENDUTIH,Survey,2016,s_sep_u,NA,10.15805,added
MEX,ENDIREH,Survey,2016,s_sep_u,NA,6.50264,added
MEX,ENDUTIH,Survey,2016,s_sew_r,NA,33.79312,added
MEX,ENDIREH,Survey,2016,s_sew_r,NA,33.89574,added
MEX,ENDUTIH,Survey,2016,s_sew_u,NA,87.7842,added
MEX,ENDIREH,Survey,2016,s_sew_u,NA,92.74366,added
MEX,ENDUTIH,Survey,2017,s_imp_r,NA,91.21204305522208,added
MEX,ENADIS,Survey,2017,s_imp_r,NA,86.79176,added
MEX,ENDUTIH,Survey,2017,s_imp_u,NA,98.95657607057544,added
MEX,ENADIS,Survey,2017,s_imp_u,NA,98.17256,added
MEX,ENDUTIH,Survey,2017,s_lat_r,NA,4.883533055222088,added
MEX,ENADIS,Survey,2017,s_lat_r,NA,12.52037,added
MEX,ENDUTIH,Survey,2017,s_lat_u,NA,0.4003160705754425,added
MEX,ENADIS,Survey,2017,s_lat_u,NA,0.9386300000000034,added
MEX,ENADIS,Survey,2017,s_od_r,NA,4.65497,added
MEX,ENADIS,Survey,2017,s_od_u,NA,0.71583,added
MEX,ENDUTIH,Survey,2017,s_sep_r,NA,52.25509,added
MEX,ENADIS,Survey,2017,s_sep_r,NA,42.69751,added
MEX,ENDUTIH,Survey,2017,s_sep_u,NA,9.53238,added
MEX,ENADIS,Survey,2017,s_sep_u,NA,8.20327,added
MEX,ENDUTIH,Survey,2017,s_sew_r,NA,34.07342,added
MEX,ENADIS,Survey,2017,s_sew_r,NA,31.57388,added
MEX,ENDUTIH,Survey,2017,s_sew_u,NA,89.02388,added
MEX,ENADIS,Survey,2017,s_sew_u,NA,89.03066,added
MEX,ENDUTIH,Survey,2018,s_imp_r,NA,94.50053236141515,added
MEX,ENDUTIH,Survey,2018,s_imp_u,NA,99.18096605397368,added
MEX,ENDUTIH,Survey,2018,s_lat_r,NA,7.37837236141516,added
MEX,ENDUTIH,Survey,2018,s_lat_u,NA,0.5989960539736785,added
MEX,ENASEM,Survey,2018,s_od_r,NA,3.29923,added
MEX,ENASEM,Survey,2018,s_od_u,NA,0.93372,added
MEX,ENDUTIH,Survey,2018,s_sep_r,NA,53.99469,added
MEX,ENDUTIH,Survey,2018,s_sep_u,NA,9.97154,added
MEX,ENDUTIH,Survey,2018,s_sew_r,NA,33.12747,added
MEX,ENDUTIH,Survey,2018,s_sew_u,NA,88.61043,added
MEX,ENFIH,Survey,2019,s_imp_r,NA,83.12918,added
MEX,ENDUTIH,Survey,2019,s_imp_r,NA,93.79158473942518,added
MEX,ENFIH,Survey,2019,s_imp_u,NA,97.10907,added
MEX,ENDUTIH,Survey,2019,s_imp_u,NA,98.7357330462461,added
MEX,ENFIH,Survey,2019,s_lat_r,NA,0,added
MEX,ENDUTIH,Survey,2019,s_lat_r,NA,5.787374739425175,added
MEX,ENFIH,Survey,2019,s_lat_u,NA,0,added
MEX,ENDUTIH,Survey,2019,s_lat_u,NA,1.011683046246091,added
MEX,ENFIH,Survey,2019,s_od_r,NA,7.04921,added
MEX,ENFIH,Survey,2019,s_od_u,NA,1.07216,added
MEX,ENFIH,Survey,2019,s_sep_r,NA,44.08991,added
MEX,ENDUTIH,Survey,2019,s_sep_r,NA,51.37029,added
MEX,ENFIH,Survey,2019,s_sep_u,NA,10.45766,added
MEX,ENDUTIH,Survey,2019,s_sep_u,NA,10.61583,added
MEX,ENFIH,Survey,2019,s_sew_r,NA,39.03927,added
MEX,ENDUTIH,Survey,2019,s_sew_r,NA,36.63392,added
MEX,ENFIH,Survey,2019,s_sew_u,NA,86.65141,added
MEX,ENDUTIH,Survey,2019,s_sew_u,NA,87.10822,added
MEX,CNA,Admin,2019,s_treat_wtp_n,NA,65.2662,added
MEX,ENVI,Survey,2020,s_imp_r,NA,88.72643677141444,added
MEX,ENIGH,Survey,2020,s_imp_r,NA,90.41616360603066,added
MEX,ENDUTIH,Survey,2020,s_imp_r,NA,95.22395018148435,added
MEX,CEN,Census,2020,s_imp_r,NA,86.0056885509498,added
MEX,ENVI,Survey,2020,s_imp_u,NA,98.25476081181472,added
MEX,ENIGH,Survey,2020,s_imp_u,NA,98.69664375438931,added
MEX,ENDUTIH,Survey,2020,s_imp_u,NA,99.26754724715144,added
MEX,CEN,Census,2020,s_imp_u,NA,97.5812112366529,added
MEX,ENVI,Survey,2020,s_lat_r,NA,4.9132367714144465,added
MEX,ENIGH,Survey,2020,s_lat_r,NA,6.743403606030654,added
MEX,ENDUTIH,Survey,2020,s_lat_r,NA,7.466250181484355,added
MEX,CEN,Census,2020,s_lat_r,NA,13.847008550949797,added
MEX,ENVI,Survey,2020,s_lat_u,NA,0.3942908118147273,added
MEX,ENIGH,Survey,2020,s_lat_u,NA,0.42753375438931585,added
MEX,ENDUTIH,Survey,2020,s_lat_u,NA,0.5445772471514232,added
MEX,CEN,Census,2020,s_lat_u,NA,1.1014912366529046,added
MEX,ENVI,Survey,2020,s_od_r,NA,6.915989999999999,added
MEX,ENIGH,Survey,2020,s_od_r,NA,3.89852,added
MEX,CEN,Census,2020,s_od_r,NA,5.779719999999999,added
MEX,ENVI,Survey,2020,s_od_u,NA,1.04257,added
MEX,ENIGH,Survey,2020,s_od_u,NA,0.53478,added
MEX,CEN,Census,2020,s_od_u,NA,0.5332,added
MEX,ENVI,Survey,2020,s_sep_r,NA,43.9827,added
MEX,ENIGH,Survey,2020,s_sep_r,NA,47.81419,added
MEX,ENDUTIH,Survey,2020,s_sep_r,NA,48.2205,added
MEX,CEN,Census,2020,s_sep_r,NA,40.86781,added
MEX,ENVI,Survey,2020,s_sep_u,NA,8.92535,added
MEX,ENIGH,Survey,2020,s_sep_u,NA,8.98741,added
MEX,ENDUTIH,Survey,2020,s_sep_u,NA,9.44999,added
MEX,CEN,Census,2020,s_sep_u,NA,8.01686,added
MEX,ENVI,Survey,2020,s_sew_r,NA,39.8305,added
MEX,ENIGH,Survey,2020,s_sew_r,NA,35.85857,added
MEX,ENDUTIH,Survey,2020,s_sew_r,NA,39.5372,added
MEX,CEN,Census,2020,s_sew_r,NA,31.29087,added
MEX,ENVI,Survey,2020,s_sew_u,NA,88.93512,added
MEX,ENIGH,Survey,2020,s_sew_u,NA,89.2817,added
MEX,ENDUTIH,Survey,2020,s_sew_u,NA,89.27298,added
MEX,CEN,Census,2020,s_sew_u,NA,88.46286,added
MEX,ENIGH,Survey,2020,s_shared_r,NA,8.053939656029915,added
MEX,ENIGH,Survey,2020,s_shared_u,NA,5.446769340889533,added
MEX,CNA,Admin,2020,s_treat_wtp_n,NA,68.34239999999998,added
MEX,ENSANUT,Survey,2021,s_imp_r,NA,95.35203124179084,added
MEX,ENDUTIH,Survey,2021,s_imp_r,NA,94.43526247334228,added
MEX,ENDIREH,Survey,2021,s_imp_r,NA,95.30570171139044,added
MEX,ENSANUT,Survey,2021,s_imp_u,NA,98.81160995939136,added
MEX,ENDUTIH,Survey,2021,s_imp_u,NA,99.30658977133746,added
MEX,ENDIREH,Survey,2021,s_imp_u,NA,99.59049978985024,added
MEX,ENSANUT,Survey,2021,s_lat_r,NA,1.96351124179084,added
MEX,ENDUTIH,Survey,2021,s_lat_r,NA,6.630032473342283,added
MEX,ENDIREH,Survey,2021,s_lat_r,NA,6.117631711390445,added
MEX,ENSANUT,Survey,2021,s_lat_u,NA,0.3363499593913417,added
MEX,ENDUTIH,Survey,2021,s_lat_u,NA,0.7214797713374566,added
MEX,ENDIREH,Survey,2021,s_lat_u,NA,0.18071978985022952,added
MEX,ENSANUT,Survey,2021,s_od_r,NA,2.1432599999999997,added
MEX,ENASEM,Survey,2021,s_od_r,NA,4.34773,added
MEX,ENSANUT,Survey,2021,s_od_u,NA,0.16424,added
MEX,ENASEM,Survey,2021,s_od_u,NA,1.08415,added
MEX,ENSANUT,Survey,2021,s_sep_r,NA,52.74966,added
MEX,ENDUTIH,Survey,2021,s_sep_r,NA,50.3591,added
MEX,ENDIREH,Survey,2021,s_sep_r,NA,52.82964,added
MEX,ENSANUT,Survey,2021,s_sep_u,NA,7.61829,added
MEX,ENDUTIH,Survey,2021,s_sep_u,NA,8.48526,added
MEX,ENDIREH,Survey,2021,s_sep_u,NA,6.06045,added
MEX,ENSANUT,Survey,2021,s_sew_r,NA,40.63886,added
MEX,ENDUTIH,Survey,2021,s_sew_r,NA,37.44613,added
MEX,ENDIREH,Survey,2021,s_sew_r,NA,36.35843,added
MEX,ENSANUT,Survey,2021,s_sew_u,NA,90.85697,added
MEX,ENDUTIH,Survey,2021,s_sew_u,NA,90.09985,added
MEX,ENDIREH,Survey,2021,s_sew_u,NA,93.34933,added
MEX,ENSANUT,Survey,2021,s_shared_r,NA,8.62740119919804,added
MEX,ENSANUT,Survey,2021,s_shared_u,NA,7.546541722828485,added
MEX,ENDUTIH,Survey,2022,s_imp_r,NA,96.08692305522209,added
MEX,ENADIS,Survey,2022,s_imp_r,NA,92.0489474588659,added
MEX,ENDUTIH,Survey,2022,s_imp_u,NA,99.17035607057544,added
MEX,ENADIS,Survey,2022,s_imp_u,NA,98.6635754137902,added
MEX,ENDUTIH,Survey,2022,s_lat_r,NA,4.883533055222088,added
MEX,ENADIS,Survey,2022,s_lat_r,NA,10.784667458865895,added
MEX,ENDUTIH,Survey,2022,s_lat_u,NA,0.4003160705754425,added
MEX,ENADIS,Survey,2022,s_lat_u,NA,0.7887054137902112,added
MEX,ENADIS,Survey,2022,s_od_r,NA,3.46139,added
MEX,ENADIS,Survey,2022,s_od_u,NA,0.52389,added
MEX,ENDUTIH,Survey,2022,s_sep_r,NA,53.6957,added
MEX,ENADIS,Survey,2022,s_sep_r,NA,44.21446,added
MEX,ENDUTIH,Survey,2022,s_sep_u,NA,9.08443,added
MEX,ENADIS,Survey,2022,s_sep_u,NA,7.71577,added
MEX,ENDUTIH,Survey,2022,s_sew_r,NA,37.50769,added
MEX,ENADIS,Survey,2022,s_sew_r,NA,37.04982,added
MEX,ENDUTIH,Survey,2022,s_sew_u,NA,89.68561,added
MEX,ENADIS,Survey,2022,s_sew_u,NA,90.1591,added
MHL,CS,Survey,2006,s_imp_r,NA,58.55263157894736,added
MHL,CS,Survey,2006,s_imp_u,NA,93.56270810210876,added
MHL,CS,Survey,2006,s_lat_r,NA,44.07894736842105,added
MHL,CS,Survey,2006,s_lat_u,NA,12.541620421753606,added
MHL,CS,Survey,2006,s_od_r,NA,33.881578947368425,added
MHL,CS,Survey,2006,s_od_u,NA,3.7735849056603774,added
MHL,CS,Survey,2006,s_sep_r,NA,14.473684210526317,added
MHL,CS,Survey,2006,s_sep_u,NA,10.654827968923415,added
MHL,CS,Survey,2006,s_sew_r,NA,0,added
MHL,CS,Survey,2006,s_sew_u,NA,70.36625971143174,added
MHL,DHS,Survey,2007,s_shared_r,NA,11.8,added
MHL,DHS,Survey,2007,s_shared_u,NA,11.8,added
MHL,HIES,Survey,2020,s_imp_r,NA,72.14737420951334,added
MHL,HIES,Survey,2020,s_imp_u,NA,90.9661451427561,added
MHL,HIES,Survey,2020,s_lat_r,NA,4.81165795985703,added
MHL,HIES,Survey,2020,s_lat_u,NA,0.5392026871740399,added
MHL,HIES,Survey,2020,s_od_r,NA,17.32196865548529,added
MHL,HIES,Survey,2020,s_od_u,NA,5.895872005657209,added
MHL,HIES,Survey,2020,s_sep_r,NA,64.47621666208414,added
MHL,HIES,Survey,2020,s_sep_u,NA,15.097675240873333,added
MHL,HIES,Survey,2020,s_sew_r,NA,2.859499587572175,added
MHL,HIES,Survey,2020,s_sew_u,NA,75.32926721470874,added
MHL,HIES,Survey,2020,s_shared_r,NA,13.39608,added
MHL,HIES,Survey,2020,s_shared_u,NA,18.30348,added
MHL,CEN,Census,2021,s_imp_r,NA,77.003869541182965,added
MHL,CEN,Census,2021,s_imp_u,NA,96.23947614593077,added
MHL,CEN,Census,2021,s_lat_r,NA,25.373134328358205,added
MHL,CEN,Census,2021,s_lat_u,NA,7.090739008419078,added
MHL,CEN,Census,2021,s_od_r,NA,18.407960199004975,added
MHL,CEN,Census,2021,s_od_u,NA,1.9083255378858748,added
MHL,CEN,Census,2021,s_sep_r,NA,46.15809839690437,added
MHL,CEN,Census,2021,s_sep_u,NA,33.05893358278765,added
MHL,CEN,Census,2021,s_sew_r,NA,5.472636815920398,added
MHL,CEN,Census,2021,s_sew_u,NA,56.089803554724035,added
MHL,CEN,Census,2021,s_shared_r,NA,8.088642659279778,added
MHL,CEN,Census,2021,s_shared_u,NA,12.57991726212862,added
MKD,STEPWB,Survey,2013,s_imp_u,NA,99.34825,added
MKD,STEPWB,Survey,2013,s_shared_u,NA,1.59417,added
MLI,AFB,Survey,2013,s_od_r,NA,7.17116,added
MLI,AFB,Survey,2013,s_od_u,NA,0.70412,added
MLI,AFB,Survey,2014,s_od_r,NA,2.071,added
MLI,AFB,Survey,2014,s_od_u,NA,0,added
MLI,AFB,Survey,2017,s_od_r,NA,4.0109,added
MLI,AFB,Survey,2017,s_od_u,NA,0,added
MLI,EHCVM,Survey,2018,s_imp_r,NA,67.51150000000001,added
MLI,EHCVM,Survey,2018,s_imp_u,NA,91.4405,added
MLI,EHCVM,Survey,2018,s_lat_r,NA,64.46596000000001,added
MLI,EHCVM,Survey,2018,s_lat_u,NA,64.32025999999999,added
MLI,EHCVM,Survey,2018,s_od_r,NA,9.58905,added
MLI,EHCVM,Survey,2018,s_od_u,NA,1.23097,added
MLI,EHCVM,Survey,2018,s_sep_r,NA,1.98204,added
MLI,EHCVM,Survey,2018,s_sep_u,NA,20.6371,added
MLI,EHCVM,Survey,2018,s_sew_r,NA,1.0635,added
MLI,EHCVM,Survey,2018,s_sew_u,NA,6.48314,added
MLI,EHCVM,Survey,2018,s_shared_r,NA,26.58751,added
MLI,EHCVM,Survey,2018,s_shared_u,NA,31.90963,added
MLI,EMOP,Survey,2019,s_imp_r,NA,46.52600100076052,added
MLI,EMOP,Survey,2019,s_imp_u,NA,84.194367897438525,added
MLI,EMOP,Survey,2019,s_od_r,NA,15.4,added
MLI,EMOP,Survey,2019,s_od_u,NA,2.2,added
MLI,EMOP,Survey,2020,s_imp_r,NA,43.14175654083368,added
MLI,EMOP,Survey,2020,s_imp_u,NA,89.37552701073113,added
MLI,EMOP,Survey,2020,s_od_r,NA,9.4,added
MLI,AFB,Survey,2020,s_od_r,NA,15.30373,added
MLI,EMOP,Survey,2020,s_od_u,NA,1.5,added
MLI,AFB,Survey,2020,s_od_u,NA,6.03823,added
MLI,EMOP,Survey,2020,s_shared_r,NA,30.25,added
MLI,EMOP,Survey,2020,s_shared_u,NA,32.65,added
MLI,MIS,Survey,2021,s_imp_r,NA,41.22189,added
MLI,EMOP,Survey,2021,s_imp_r,NA,40.88166904449996,added
MLI,MIS,Survey,2021,s_imp_u,NA,90.69484,added
MLI,EMOP,Survey,2021,s_imp_u,NA,86.40574185062823,added
MLI,MIS,Survey,2021,s_lat_r,NA,40.94566,added
MLI,MIS,Survey,2021,s_lat_u,NA,74.02642,added
MLI,MIS,Survey,2021,s_od_r,NA,11.23775,added
MLI,EMOP,Survey,2021,s_od_r,NA,13.1,added
MLI,MIS,Survey,2021,s_od_u,NA,0.80468,added
MLI,EMOP,Survey,2021,s_od_u,NA,4.7,added
MLI,MIS,Survey,2021,s_sep_r,NA,0.24495,added
MLI,MIS,Survey,2021,s_sep_u,NA,11.53679,added
MLI,MIS,Survey,2021,s_sew_r,NA,0.03128,added
MLI,MIS,Survey,2021,s_sew_u,NA,5.13163,added
MLI,MIS,Survey,2021,s_shared_r,NA,13.37052,added
MLI,MIS,Survey,2021,s_shared_u,NA,32.5286,added
MLI,EMOP,Survey,2022,s_od_r,NA,9.879551798107771,added
MLI,EMOP,Survey,2022,s_od_u,NA,0.6066140388309575,added
MLI,EMOP,Survey,2022,s_shared_r,NA,35.859904263014535,added
MLI,EMOP,Survey,2022,s_shared_u,NA,38.03405042910019,added
MLI,EMOP,Survey,2023,s_od_r,NA,7.330728525111237,added
MLI,EMOP,Survey,2023,s_od_u,NA,0.29049160875165125,added
MLI,EMOP,Survey,2023,s_shared_r,NA,32.73171460861838,added
MLI,EMOP,Survey,2023,s_shared_u,NA,34.90656155515122,added
MLI,EMOP,Survey,2024,s_imp_r,NA,48.8,added
MLI,EMOP,Survey,2024,s_imp_u,NA,56.75,added
MLI,EMOP,Survey,2024,s_od_r,NA,6.6,added
MLI,EMOP,Survey,2024,s_od_u,NA,5.6,added
MLI,EMOP,Survey,2024,s_shared_r,NA,36.75,added
MLI,EMOP,Survey,2024,s_shared_u,NA,33.15,added
MLT,NSO,Admin,2000,s_imp_n,NA,98.03463106244853,added
MLT,NSO,Admin,2000,s_sew_n,NA,98.03463106244853,added
MLT,NSO,Admin,2000,s_sew_rtp_n,NA,10.832782406702393,added
MLT,NSO,Admin,2000,s_treat_wtp_n,NA,100,added
MLT,NSO,Admin,2001,s_imp_n,NA,98.07640383886567,added
MLT,NSO,Admin,2001,s_sew_n,NA,98.07640383886567,added
MLT,NSO,Admin,2001,s_sew_rtp_n,NA,11.01198965398548,added
MLT,NSO,Admin,2001,s_treat_wtp_n,NA,100,added
MLT,NSO,Admin,2002,s_imp_n,NA,98.1146383537742,added
MLT,NSO,Admin,2002,s_sew_n,NA,98.1146383537742,added
MLT,NSO,Admin,2002,s_sew_rtp_n,NA,12.47120019075965,added
MLT,NSO,Admin,2002,s_treat_wtp_n,NA,100,added
MLT,NSO,Admin,2003,s_imp_n,NA,98.15182281456126,added
MLT,NSO,Admin,2003,s_sew_n,NA,98.15182281456126,added
MLT,NSO,Admin,2003,s_sew_rtp_n,NA,12.67417469544439,added
MLT,NSO,Admin,2003,s_treat_wtp_n,NA,100,added
MLT,NSO,Admin,2004,s_imp_n,NA,98.18941363441112,added
MLT,NSO,Admin,2004,s_sew_n,NA,98.18941363441112,added
MLT,NSO,Admin,2004,s_sew_rtp_n,NA,10.395736945125533,added
MLT,NSO,Admin,2004,s_treat_wtp_n,NA,100,added
MLT,NSO,Admin,2005,s_imp_n,NA,98.22427459636624,added
MLT,NSO,Admin,2005,s_sew_n,NA,98.22427459636624,added
MLT,NSO,Admin,2005,s_sew_rtp_n,NA,12.51638880119329,added
MLT,NSO,Admin,2005,s_treat_wtp_n,NA,100,added
MLT,NSO,Admin,2006,s_imp_n,NA,98.244304553842,added
MLT,NSO,Admin,2006,s_sew_n,NA,98.244304553842,added
MLT,NSO,Admin,2006,s_sew_rtp_n,NA,9.017466340112312,added
MLT,NSO,Admin,2006,s_treat_wtp_n,NA,100,added
MLT,NSO,Admin,2007,s_imp_n,NA,98.26700387093248,added
MLT,NSO,Admin,2007,s_sew_n,NA,98.26700387093248,added
MLT,NSO,Admin,2007,s_sew_rtp_n,NA,8.177189974824174,added
MLT,NSO,Admin,2007,s_treat_wtp_n,NA,100,added
MLT,NSO,Admin,2008,s_imp_n,NA,98.50760493822575,added
MLT,NSO,Admin,2008,s_lat_dtp_n,NA,100,added
MLT,NSO,Admin,2008,s_lat_ero_n,NA,100,added
MLT,NSO,Admin,2008,s_lat_n,NA,0.211658558896616,added
MLT,NSO,Admin,2008,s_sew_n,NA,98.29594637932917,added
MLT,NSO,Admin,2008,s_sew_rtp_n,NA,14.492152441859254,added
MLT,NSO,Admin,2008,s_treat_fstp_n,NA,100,added
MLT,NSO,Admin,2008,s_treat_wtp_n,NA,100,added
MLT,NSO,Admin,2009,s_imp_n,NA,99.01060243800453,added
MLT,NSO,Admin,2009,s_lat_dtp_n,NA,100,added
MLT,NSO,Admin,2009,s_lat_ero_n,NA,100,added
MLT,NSO,Admin,2009,s_lat_n,NA,0.6867034612961049,added
MLT,NSO,Admin,2009,s_sew_n,NA,98.32389897670842,added
MLT,NSO,Admin,2009,s_sew_rtp_n,NA,20.619554402360635,added
MLT,NSO,Admin,2009,s_treat_fstp_n,NA,100,added
MLT,NSO,Admin,2009,s_treat_wtp_n,NA,100,added
MLT,NSO,Admin,2010,s_imp_n,NA,99.0222485114064,added
MLT,NSO,Admin,2010,s_lat_dtp_n,NA,100,added
MLT,NSO,Admin,2010,s_lat_ero_n,NA,100,added
MLT,NSO,Admin,2010,s_lat_n,NA,0.6779143966897863,added
MLT,NSO,Admin,2010,s_sew_n,NA,98.34433411471662,added
MLT,NSO,Admin,2010,s_sew_rtp_n,NA,20.11513867584675,added
MLT,NSO,Admin,2010,s_treat_fstp_n,NA,100,added
MLT,NSO,Admin,2010,s_treat_wtp_n,NA,100,added
MLT,NSO,Admin,2011,s_imp_n,NA,100,added
MLT,NSO,Admin,2011,s_lat_dtp_n,NA,100,added
MLT,NSO,Admin,2011,s_lat_ero_n,NA,100,added
MLT,NSO,Admin,2011,s_lat_n,NA,1.6283774717907846,added
MLT,ES,Admin,2011,s_sep_ero_n,100,NA,removed
MLT,ES,Admin,2011,s_sep_n,1.5,NA,removed
MLT,ES,Admin,2011,s_sew_n,98.5,NA,removed
MLT,NSO,Admin,2011,s_sew_n,NA,98.37162252820922,added
MLT,NSO,Admin,2011,s_sew_rtp_n,NA,100,added
MLT,NSO,Admin,2011,s_treat_fstp_n,NA,100,added
MLT,ES,Admin,2011,s_treat_wtp_n,93.70558375634518,NA,removed
MLT,NSO,Admin,2011,s_treat_wtp_n,NA,100,added
MLT,NSO,Admin,2012,s_imp_n,NA,100,added
MLT,EU SILC,Admin,2012,s_imp_u,100,NA,removed
MLT,EUSILC,Admin,2012,s_imp_u,NA,100,added
MLT,NSO,Admin,2012,s_lat_dtp_n,NA,100,added
MLT,NSO,Admin,2012,s_lat_ero_n,NA,100,added
MLT,NSO,Admin,2012,s_lat_n,NA,1.5986707368143414,added
MLT,EU SILC,Admin,2012,s_lat_u,0,NA,removed
MLT,EUSILC,Admin,2012,s_lat_u,NA,0,added
MLT,ES,Admin,2012,s_sep_ero_n,100,NA,removed
MLT,ES,Admin,2012,s_sep_n,1.61,NA,removed
MLT,ES,Admin,2012,s_sew_n,98.39,NA,removed
MLT,NSO,Admin,2012,s_sew_n,NA,98.40132926318566,added
MLT,NSO,Admin,2012,s_sew_rtp_n,NA,100,added
MLT,EU SILC,Admin,2012,s_shared_u,0,NA,removed
MLT,EUSILC,Admin,2012,s_shared_u,NA,0,added
MLT,NSO,Admin,2012,s_treat_fstp_n,NA,100,added
MLT,ES,Admin,2012,s_treat_wtp_n,93.40380119930887,NA,removed
MLT,NSO,Admin,2012,s_treat_wtp_n,NA,100,added
MLT,NSO,Admin,2013,s_imp_n,NA,100,added
MLT,EU SILC,Admin,2013,s_imp_r,100,NA,removed
MLT,EUSILC,Admin,2013,s_imp_r,NA,100,added
MLT,EU SILC,Admin,2013,s_imp_u,99.9,NA,removed
MLT,EUSILC,Admin,2013,s_imp_u,NA,99.9,added
MLT,NSO,Admin,2013,s_lat_dtp_n,NA,100,added
MLT,NSO,Admin,2013,s_lat_ero_n,NA,100,added
MLT,NSO,Admin,2013,s_lat_n,NA,1.556257393022534,added
MLT,EU SILC,Admin,2013,s_lat_r,0,NA,removed
MLT,EUSILC,Admin,2013,s_lat_r,NA,0,added
MLT,EU SILC,Admin,2013,s_lat_u,0.09999999999999432,NA,removed
MLT,EUSILC,Admin,2013,s_lat_u,NA,0.09999999999999432,added
MLT,ES,Admin,2013,s_sep_ero_n,100,NA,removed
MLT,ES,Admin,2013,s_sep_n,1.61,NA,removed
MLT,ES,Admin,2013,s_sew_n,98.39,NA,removed
MLT,NSO,Admin,2013,s_sew_n,NA,98.44374260697748,added
MLT,NSO,Admin,2013,s_sew_rtp_n,NA,100,added
MLT,NSO,Admin,2013,s_treat_fstp_n,NA,100,added
MLT,ES,Admin,2013,s_treat_wtp_n,93.2229221702906,NA,removed
MLT,NSO,Admin,2013,s_treat_wtp_n,NA,100,added
MLT,NSO,Admin,2014,s_imp_n,NA,100,added
MLT,EU SILC,Admin,2014,s_imp_r,100,NA,removed
MLT,EUSILC,Admin,2014,s_imp_r,NA,100,added
MLT,EU SILC,Admin,2014,s_imp_u,99.95,NA,removed
MLT,EUSILC,Admin,2014,s_imp_u,NA,99.95,added
MLT,NSO,Admin,2014,s_lat_dtp_n,NA,100,added
MLT,NSO,Admin,2014,s_lat_ero_n,NA,100,added
MLT,NSO,Admin,2014,s_lat_n,NA,1.500263817422706,added
MLT,EU SILC,Admin,2014,s_lat_r,0,NA,removed
MLT,EUSILC,Admin,2014,s_lat_r,NA,0,added
MLT,EU SILC,Admin,2014,s_lat_u,0.04999999999999716,NA,removed
MLT,EUSILC,Admin,2014,s_lat_u,NA,0.04999999999999716,added
MLT,ES,Admin,2014,s_sep_ero_n,100,NA,removed
MLT,ES,Admin,2014,s_sep_n,1.52,NA,removed
MLT,ES,Admin,2014,s_sew_n,98.47,NA,removed
MLT,NSO,Admin,2014,s_sew_n,NA,98.4997361825773,added
MLT,NSO,Admin,2014,s_sew_rtp_n,NA,100,added
MLT,NSO,Admin,2014,s_treat_fstp_n,NA,100,added
MLT,ES,Admin,2014,s_treat_wtp_n,92.97247892759216,NA,removed
MLT,NSO,Admin,2014,s_treat_wtp_n,NA,100,added
MLT,NSO,Admin,2015,s_imp_n,NA,100,added
MLT,EU SILC,Admin,2015,s_imp_r,100,NA,removed
MLT,EUSILC,Admin,2015,s_imp_r,NA,100,added
MLT,EU SILC,Admin,2015,s_imp_u,100,NA,removed
MLT,EUSILC,Admin,2015,s_imp_u,NA,100,added
MLT,NSO,Admin,2015,s_lat_dtp_n,NA,100,added
MLT,NSO,Admin,2015,s_lat_ero_n,NA,100,added
MLT,NSO,Admin,2015,s_lat_n,NA,1.4698251677352516,added
MLT,EU SILC,Admin,2015,s_lat_r,0,NA,removed
MLT,EUSILC,Admin,2015,s_lat_r,NA,0,added
MLT,EU SILC,Admin,2015,s_lat_u,0,NA,removed
MLT,EUSILC,Admin,2015,s_lat_u,NA,0,added
MLT,NSO,Admin,2015,s_sew_n,NA,98.53017483226476,added
MLT,NSO,Admin,2015,s_sew_rtp_n,NA,100,added
MLT,NSO,Admin,2015,s_treat_fstp_n,NA,100,added
MLT,NSO,Admin,2015,s_treat_wtp_n,NA,100,added
MLT,NSO,Admin,2016,s_imp_n,NA,100,added
MLT,NSO,Admin,2016,s_lat_dtp_n,NA,100,added
MLT,NSO,Admin,2016,s_lat_ero_n,NA,100,added
MLT,NSO,Admin,2016,s_lat_n,NA,1.446395106389602,added
MLT,NSO,Admin,2016,s_sew_n,NA,98.5536048936104,added
MLT,NSO,Admin,2016,s_sew_rtp_n,NA,100,added
MLT,NSO,Admin,2016,s_treat_fstp_n,NA,100,added
MLT,NSO,Admin,2016,s_treat_wtp_n,NA,100,added
MLT,NSO,Admin,2017,s_imp_n,NA,100,added
MLT,NSO,Admin,2017,s_lat_dtp_n,NA,100,added
MLT,NSO,Admin,2017,s_lat_ero_n,NA,100,added
MLT,NSO,Admin,2017,s_lat_n,NA,1.1721867978171474,added
MLT,NSO,Admin,2017,s_sew_n,NA,98.82781320218284,added
MLT,NSO,Admin,2017,s_sew_rtp_n,NA,100,added
MLT,NSO,Admin,2017,s_treat_fstp_n,NA,100,added
MLT,NSO,Admin,2017,s_treat_wtp_n,NA,100,added
MLT,NSO,Admin,2018,s_imp_n,NA,100,added
MLT,NSO,Admin,2018,s_lat_dtp_n,NA,100,added
MLT,NSO,Admin,2018,s_lat_ero_n,NA,100,added
MLT,NSO,Admin,2018,s_lat_n,NA,1.1254156102551462,added
MLT,NSO,Admin,2018,s_sew_n,NA,98.87458438974484,added
MLT,NSO,Admin,2018,s_sew_rtp_n,NA,100,added
MLT,NSO,Admin,2018,s_treat_fstp_n,NA,100,added
MLT,NSO,Admin,2018,s_treat_wtp_n,NA,100,added
MLT,NSO,Admin,2019,s_imp_n,NA,100,added
MLT,NSO,Admin,2019,s_lat_dtp_n,NA,100,added
MLT,NSO,Admin,2019,s_lat_ero_n,NA,100,added
MLT,NSO,Admin,2019,s_lat_n,NA,1.0736448395728075,added
MLT,NSO,Admin,2019,s_sew_n,NA,98.9263551604272,added
MLT,NSO,Admin,2019,s_sew_rtp_n,NA,100,added
MLT,NSO,Admin,2019,s_treat_fstp_n,NA,100,added
MLT,NSO,Admin,2019,s_treat_wtp_n,NA,100,added
MLT,NSO,Admin,2020,s_imp_n,NA,100,added
MLT,NSO,Admin,2020,s_lat_dtp_n,NA,100,added
MLT,NSO,Admin,2020,s_lat_ero_n,NA,100,added
MLT,NSO,Admin,2020,s_lat_n,NA,1.0756453104209245,added
MLT,NSO,Admin,2020,s_sew_n,NA,98.92435468957908,added
MLT,NSO,Admin,2020,s_sew_rtp_n,NA,100,added
MLT,NSO,Admin,2020,s_treat_fstp_n,NA,100,added
MLT,NSO,Admin,2020,s_treat_wtp_n,NA,100,added
MLT,NSO,Admin,2021,s_imp_n,NA,100,added
MLT,CEN,Census,2021,s_imp_r,NA,100,added
MLT,CEN,Census,2021,s_imp_u,NA,100,added
MLT,NSO,Admin,2021,s_lat_dtp_n,NA,100,added
MLT,NSO,Admin,2021,s_lat_ero_n,NA,100,added
MLT,NSO,Admin,2021,s_lat_n,NA,1.0735861316755262,added
MLT,NSO,Admin,2021,s_sew_n,NA,98.92641386832447,added
MLT,NSO,Admin,2021,s_sew_rtp_n,NA,100,added
MLT,NSO,Admin,2021,s_treat_fstp_n,NA,100,added
MLT,NSO,Admin,2021,s_treat_wtp_n,NA,100,added
MLT,NSO,Admin,2022,s_imp_n,NA,100,added
MLT,NSO,Admin,2022,s_lat_dtp_n,NA,100,added
MLT,NSO,Admin,2022,s_lat_ero_n,NA,100,added
MLT,NSO,Admin,2022,s_lat_n,NA,0.973188273865972,added
MLT,NSO,Admin,2022,s_sew_n,NA,99.02681172613404,added
MLT,NSO,Admin,2022,s_sew_rtp_n,NA,100,added
MLT,NSO,Admin,2022,s_treat_fstp_n,NA,100,added
MLT,NSO,Admin,2022,s_treat_wtp_n,NA,100,added
MNE,WW,Admin,2020,s_treat_wtp_n,NA,78.8,added
MNE,WW,Admin,2023,s_treat_wtp_n,NA,43.523944931858374,added
MNG,HSES,Survey,2008,s_imp_r,59.908058202898545,53.07691402140672,changed
MNG,HSES,Survey,2009,s_imp_r,57.202405623188405,50.24830120795107,changed
MNG,HSES,Survey,2010,s_imp_r,64.58047139130434,56.666987935779815,changed
MNG,CEN,Census,2010,s_imp_r,60.87956195286224,53.02033098163961,changed
MNG,CEN,Census,2010,s_lat_r,59.29102384748392,51.43179287626129,changed
MNG,HSES,Survey,2011,s_imp_r,58.999038202898554,51.4949903058104,changed
MNG,MET,Admin,2012,s_treat_wtp_n,30,NA,removed
MNG,UNSD,Admin,2013,s_treat_wtp_n,NA,93.58918762207033,added
MNG,UNSD,Admin,2014,s_treat_wtp_n,NA,93.563720703125,added
MNG,UNSD,Admin,2015,s_treat_wtp_n,NA,93.67720794677734,added
MNG,UNSD,Admin,2016,s_treat_wtp_n,NA,94,added
MNG,GBVS,Survey,2017,s_imp_r,NA,58.36893162128028,added
MNG,GBVS,Survey,2017,s_imp_u,NA,93.38423530569791,added
MNG,GBVS,Survey,2017,s_lat_r,NA,53.08683162128028,added
MNG,GBVS,Survey,2017,s_lat_u,NA,62.18349530569793,added
MNG,GBVS,Survey,2017,s_od_r,NA,31.97316,added
MNG,GBVS,Survey,2017,s_od_u,NA,1.2931,added
MNG,GBVS,Survey,2017,s_sew_r,NA,5.2821,added
MNG,GBVS,Survey,2017,s_sew_u,NA,31.20074,added
MNG,MET,Admin,2017,s_treat_wtp_n,44,NA,removed
MNG,UNSD,Admin,2017,s_treat_wtp_n,NA,93.86705780029295,added
MNG,UNSD,Admin,2018,s_treat_wtp_n,NA,94,added
MNG,UNSD,Admin,2019,s_treat_wtp_n,NA,93.9,added
MNG,HSES,Survey,2020,s_imp_r,NA,59.38984000000001,added
MNG,MICS+,Survey,2020,s_imp_u,NA,99.01094,added
MNG,HSES,Survey,2020,s_imp_u,NA,97.73574,added
MNG,HSES,Survey,2020,s_lat_r,NA,55.02456000000001,added
MNG,MICS+,Survey,2020,s_lat_u,NA,57.008280000000006,added
MNG,HSES,Survey,2020,s_lat_u,NA,55.646460000000005,added
MNG,HSES,Survey,2020,s_od_r,NA,15.63827,added
MNG,CEN,Census,2020,s_od_r,NA,3.1,added
MNG,MICS+,Survey,2020,s_od_u,NA,0.08581,added
MNG,HSES,Survey,2020,s_od_u,NA,0.23085,added
MNG,CEN,Census,2020,s_od_u,NA,0.1,added
MNG,HSES,Survey,2020,s_sep_r,NA,0.20877,added
MNG,MICS+,Survey,2020,s_sep_u,NA,1.66003,added
MNG,HSES,Survey,2020,s_sep_u,NA,0.32725,added
MNG,HSES,Survey,2020,s_sew_r,NA,4.15651,added
MNG,MICS+,Survey,2020,s_sew_u,NA,40.34263,added
MNG,HSES,Survey,2020,s_sew_u,NA,41.76203,added
MNG,HSES,Survey,2020,s_shared_r,NA,23.07125,added
MNG,HSES,Survey,2020,s_shared_u,NA,23.27018,added
MNG,UNSD,Admin,2020,s_treat_wtp_n,NA,93.7,added
MNG,MICS+,Survey,2021,s_imp_u,NA,99.149966,added
MNG,HSES,Survey,2021,s_imp_u,NA,97.75156,added
MNG,MICS+,Survey,2021,s_lat_u,NA,58.690797999999994,added
MNG,HSES,Survey,2021,s_lat_u,NA,53.9642,added
MNG,HSES,Survey,2021,s_od_r,NA,18.0079,added
MNG,MICS+,Survey,2021,s_od_u,NA,0.12869,added
MNG,HSES,Survey,2021,s_od_u,NA,0.18521,added
MNG,HSES,Survey,2021,s_sep_r,NA,0.1342,added
MNG,MICS+,Survey,2021,s_sep_u,NA,1.71827,added
MNG,HSES,Survey,2021,s_sep_u,NA,0.14176,added
MNG,HSES,Survey,2021,s_sew_r,NA,3.51557,added
MNG,MICS+,Survey,2021,s_sew_u,NA,38.740898,added
MNG,HSES,Survey,2021,s_sew_u,NA,43.6456,added
MNG,UNSD,Admin,2021,s_treat_wtp_n,NA,93.6,added
MNG,HSES,Survey,2022,s_imp_r,NA,62.85909950579104,added
MNG,HSES,Survey,2022,s_imp_u,NA,98.68929901630732,added
MNG,HSES,Survey,2022,s_lat_r,NA,57.56842950579104,added
MNG,HSES,Survey,2022,s_lat_u,NA,53.24480901630733,added
MNG,HSES,Survey,2022,s_od_r,NA,16.06057,added
MNG,HSES,Survey,2022,s_od_u,NA,0.25434,added
MNG,HSES,Survey,2022,s_sep_r,NA,0.10088,added
MNG,HSES,Survey,2022,s_sep_u,NA,0.37109,added
MNG,HSES,Survey,2022,s_sew_r,NA,5.18979,added
MNG,HSES,Survey,2022,s_sew_u,NA,45.0734,added
MNG,HSES,Survey,2022,s_shared_r,NA,21.92963,added
MNG,HSES,Survey,2022,s_shared_u,NA,13.56937,added
MNG,MICS+,Survey,2023,s_imp_u,NA,99.35072417342884,added
MNG,MICS+,Survey,2023,s_lat_u,NA,55.65372600479453,added
MNG,MICS+,Survey,2023,s_od_u,NA,0.21470354735780933,added
MNG,MICS+,Survey,2023,s_sep_u,NA,1.201240106741086,added
MNG,MICS+,Survey,2023,s_sew_u,NA,42.49575806189321,added
MNG,MICS+,Survey,2023,s_shared_u,NA,14.135623898237684,added
MNP,CS,Survey,2000,s_imp_n,95.21174561015198,NA,removed
MNP,LFS,Survey,2000,s_imp_n,NA,95.21174561015198,added
MNP,CS,Survey,2000,s_lat_n,0,NA,removed
MNP,LFS,Survey,2000,s_lat_n,NA,0,added
MNP,CS,Survey,2000,s_sep_n,54.89892282720968,NA,removed
MNP,LFS,Survey,2000,s_sep_n,NA,54.89892282720968,added
MNP,CS,Survey,2000,s_sew_n,40.312822782942305,NA,removed
MNP,LFS,Survey,2000,s_sew_n,NA,40.312822782942305,added
MNP,LFS,Survey,2003,s_imp_n,NA,96.23355014369989,added
MNP,LFS,Survey,2003,s_lat_n,NA,0,added
MNP,LFS,Survey,2003,s_sep_n,NA,43.91922553320224,added
MNP,LFS,Survey,2003,s_sew_n,NA,52.31432461049765,added
MNP,HIES,Survey,2005,s_imp_n,96.08158220024724,97.92336217552534,changed
MNP,HIES,Survey,2005,s_lat_n,0,1.841779975278115,changed
MNP,CEN,Census,2010,s_shared_n,19.212240537879897,NA,removed
MNP,LFS,Survey,2017,s_imp_n,NA,99.25,added
MNP,LFS,Survey,2017,s_lat_n,NA,0.6500000000000057,added
MNP,LFS,Survey,2017,s_sep_n,NA,51.9,added
MNP,LFS,Survey,2017,s_sew_n,NA,46.7,added
MNP,CEN,Census,2020,s_imp_n,NA,99.1,added
MNP,CEN,Census,2020,s_lat_n,NA,0.9000000000000057,added
MNP,CEN,Census,2020,s_sep_n,NA,47.6,added
MNP,CEN,Census,2020,s_sew_n,NA,50.6,added
MOZ,IOF,Survey,2020,s_imp_r,NA,15.6,added
MOZ,IOF,Survey,2020,s_imp_u,NA,60.3,added
MOZ,IOF,Survey,2020,s_od_r,NA,39.3,added
MOZ,IOF,Survey,2020,s_od_u,NA,11.9,added
MOZ,AFB,Survey,2021,s_od_r,NA,17.94749,added
MOZ,AFB,Survey,2021,s_od_u,NA,7.29765,added
MOZ,DHS,Survey,2023,s_imp_r,NA,21.46414,added
MOZ,DHS,Survey,2023,s_imp_u,NA,68.30139,added
MOZ,DHS,Survey,2023,s_lat_con_r,NA,96.47149,added
MOZ,DHS,Survey,2023,s_lat_con_u,NA,92.89707,added
MOZ,DHS,Survey,2023,s_lat_ebo_r,NA,0.63773,added
MOZ,DHS,Survey,2023,s_lat_ebo_u,NA,3.63837,added
MOZ,DHS,Survey,2023,s_lat_edl_r,NA,0.87029,added
MOZ,DHS,Survey,2023,s_lat_edl_u,NA,2.57533,added
MOZ,DHS,Survey,2023,s_lat_ero_r,NA,0,added
MOZ,DHS,Survey,2023,s_lat_ero_u,NA,0,added
MOZ,DHS,Survey,2023,s_lat_nemp_r,NA,98.49198,added
MOZ,DHS,Survey,2023,s_lat_nemp_u,NA,93.7863,added
MOZ,DHS,Survey,2023,s_lat_r,NA,18.72049,added
MOZ,DHS,Survey,2023,s_lat_u,NA,37.591629999999995,added
MOZ,DHS,Survey,2023,s_od_r,NA,33.64493,added
MOZ,DHS,Survey,2023,s_od_u,NA,7.18941,added
MOZ,DHS,Survey,2023,s_sep_con_r,NA,85.10509,added
MOZ,DHS,Survey,2023,s_sep_con_u,NA,86.36901,added
MOZ,DHS,Survey,2023,s_sep_ebo_r,NA,4.11061,added
MOZ,DHS,Survey,2023,s_sep_ebo_u,NA,3.64617,added
MOZ,DHS,Survey,2023,s_sep_edl_r,NA,5.82783,added
MOZ,DHS,Survey,2023,s_sep_edl_u,NA,10.02082,added
MOZ,DHS,Survey,2023,s_sep_ero_r,NA,0,added
MOZ,DHS,Survey,2023,s_sep_ero_u,NA,0.49088,added
MOZ,DHS,Survey,2023,s_sep_nemp_r,NA,90.06156,added
MOZ,DHS,Survey,2023,s_sep_nemp_u,NA,85.84213,added
MOZ,DHS,Survey,2023,s_sep_r,NA,2.71903,added
MOZ,DHS,Survey,2023,s_sep_u,NA,28.664430000000003,added
MOZ,DHS,Survey,2023,s_sew_r,NA,0.02462,added
MOZ,DHS,Survey,2023,s_sew_u,NA,2.04533,added
MOZ,DHS,Survey,2023,s_shared_r,NA,15.53225,added
MOZ,DHS,Survey,2023,s_shared_u,NA,13.26859,added
MRT,EPCV,Survey,2004,s_imp_r,NA,14.09977240776699,added
MRT,EPCV,Survey,2004,s_imp_u,NA,58.321655300970875,added
MRT,EPCV,Survey,2004,s_od_r,70.1,74.10314,changed
MRT,EPCV,Survey,2004,s_od_u,15.1,16.55286,changed
MRT,EPCV,Survey,2008,s_imp_r,NA,20.885872058252428,added
MRT,EPCV,Survey,2008,s_imp_u,NA,62.03535436893204,added
MRT,EPCV,Survey,2008,s_od_r,NA,67.31652,added
MRT,EPCV,Survey,2008,s_od_u,NA,13.10529,added
MRT,EPCV,Survey,2014,s_imp_r,NA,27.721655664739885,added
MRT,EPCV,Survey,2014,s_imp_u,NA,75.1831372061657,added
MRT,EPCV,Survey,2014,s_od_r,57.7,55.84723,changed
MRT,EPCV,Survey,2014,s_od_u,11.6,10.13493,changed
MRT,DHS,Survey,2021,s_imp_r,NA,35.04014,added
MRT,DHS,Survey,2021,s_imp_u,NA,85.55595999999998,added
MRT,DHS,Survey,2021,s_lat_r,NA,22.55241,added
MRT,DHS,Survey,2021,s_lat_u,NA,51.679079999999985,added
MRT,DHS,Survey,2021,s_od_r,NA,58.76171,added
MRT,DHS,Survey,2021,s_od_u,NA,6.08486,added
MRT,DHS,Survey,2021,s_sep_r,NA,10.90211,added
MRT,DHS,Survey,2021,s_sep_u,NA,23.03962,added
MRT,DHS,Survey,2021,s_sew_r,NA,1.58562,added
MRT,DHS,Survey,2021,s_sew_u,NA,10.83726,added
MRT,DHS,Survey,2021,s_shared_r,NA,27.04981,added
MRT,DHS,Survey,2021,s_shared_u,NA,14.83131,added
MRT,AFB,Survey,2022,s_od_r,NA,15.735290000000001,added
MRT,AFB,Survey,2022,s_od_u,NA,1.88273,added
MSR,CEN,Census,2011,s_imp_n,95.80299785867236,96.98072805139184,changed
MSR,CEN,Census,2011,s_lat_n,0,1.17773019271948,changed
MSR,CLFS,Survey,2018,s_imp_n,97.8876404494382,98.1123595505618,changed
MSR,CLFS,Survey,2018,s_lat_n,0,0.22471910112359697,changed
MTQ,UNSD,Admin,2013,s_treat_wtp_n,NA,98,added
MTQ,CEN,Census,2018,s_imp_n,NA,98.95273330866802,added
MTQ,CEN,Census,2018,s_lat_n,NA,1.6229855092444012,added
MTQ,CEN,Census,2018,s_sep_n,NA,51.84565088359948,added
MTQ,CEN,Census,2018,s_sew_n,NA,45.48409691582413,added
MTQ,UNSD,Admin,2018,s_treat_wtp_n,NA,100,added
MTQ,CEN,Census,2019,s_imp_n,NA,98.95169161823117,added
MTQ,CEN,Census,2019,s_lat_n,NA,1.6281696310241074,added
MTQ,CEN,Census,2019,s_sep_n,NA,51.93901504901008,added
MTQ,CEN,Census,2019,s_sew_n,NA,45.38450693819698,added
MTQ,CEN,Census,2020,s_imp_n,NA,98.9657725386502,added
MTQ,CEN,Census,2020,s_lat_n,NA,1.6245217474825466,added
MTQ,CEN,Census,2020,s_sep_n,NA,51.82045840569081,added
MTQ,CEN,Census,2020,s_sew_n,NA,45.52079238547685,added
MTQ,CEN,Census,2021,s_imp_n,NA,99.06045682034387,added
MTQ,CEN,Census,2021,s_lat_n,NA,1.602309081158694,added
MTQ,CEN,Census,2021,s_sep_n,NA,51.68262456228043,added
MTQ,CEN,Census,2021,s_sew_n,NA,45.77552317690476,added
MUS,AFB,Survey,2012,s_od_r,NA,0.09269,added
MUS,AFB,Survey,2012,s_od_u,NA,0.32199,added
MUS,AFB,Survey,2014,s_od_r,NA,0.04544,added
MUS,AFB,Survey,2014,s_od_u,NA,0,added
MUS,AFB,Survey,2017,s_od_r,NA,0.28876,added
MUS,AFB,Survey,2017,s_od_u,NA,0.31641,added
MUS,UNSD,Admin,2017,s_treat_wtp_n,NA,40.138282775878906,added
MUS,DES,Admin,2019,s_treat_wtp_n,NA,75.20169851380042,added
MUS,DES,Admin,2019,s_treat_wtp_u,NA,75.20169851380042,added
MUS,AFB,Survey,2020,s_od_r,NA,0.23731,added
MUS,AFB,Survey,2020,s_od_u,NA,0.25876,added
MUS,DES,Admin,2020,s_treat_wtp_n,NA,73.7880496054115,added
MUS,DES,Admin,2020,s_treat_wtp_u,NA,73.7880496054115,added
MUS,DES,Admin,2021,s_treat_wtp_n,NA,77.34075211051419,added
MUS,DES,Admin,2021,s_treat_wtp_u,NA,77.34075211051419,added
MUS,CEN,Census,2022,s_imp_r,NA,98.11582640692288,added
MUS,CEN,Census,2022,s_imp_u,NA,99.74890252344365,added
MUS,CEN,Census,2022,s_lat_r,NA,77.45857043230029,added
MUS,CEN,Census,2022,s_lat_u,NA,28.418085897694965,added
MUS,CEN,Census,2022,s_od_r,NA,0.3150465243123112,added
MUS,AFB,Survey,2022,s_od_r,NA,0.23731,added
MUS,CEN,Census,2022,s_od_u,NA,0.07158857850450814,added
MUS,AFB,Survey,2022,s_od_u,NA,0.25876,added
MUS,CEN,Census,2022,s_sep_r,NA,16.19151898012846,added
MUS,CEN,Census,2022,s_sep_u,NA,9.73325192730212,added
MUS,CEN,Census,2022,s_sew_r,NA,4.465736994494149,added
MUS,CEN,Census,2022,s_sew_u,NA,61.59756469844655,added
MUS,CEN,Census,2022,s_shared_r,NA,2.7399007372794197,added
MUS,CEN,Census,2022,s_shared_u,NA,2.1424978179457304,added
MUS,DES,Admin,2022,s_treat_wtp_n,NA,71.95902688860434,added
MUS,DES,Admin,2022,s_treat_wtp_u,NA,71.95902688860434,added
MWI,DHS,Survey,2000,s_imp_r,26.894652406417112,NA,removed
MWI,DHS,Survey,2000,s_imp_u,58.12089728453365,NA,removed
MWI,CWIQ,Survey,2002,s_imp_r,29.645454545454545,NA,removed
MWI,CWIQ,Survey,2002,s_imp_u,56.61806375442739,NA,removed
MWI,AFB,Survey,2003,s_sew_r,NA,0,added
MWI,IHS,Survey,2004,s_imp_r,29.028235294117646,NA,removed
MWI,DHS,Survey,2004,s_imp_r,28.566310160427808,NA,removed
MWI,IHS,Survey,2004,s_imp_u,58.29480519480519,NA,removed
MWI,DHS,Survey,2004,s_imp_u,57.31369539551358,NA,removed
MWI,WMS,Survey,2008,s_imp_r,32.56042780748663,NA,removed
MWI,CEN,Census,2008,s_imp_r,29.5962065240714,NA,removed
MWI,WMS,Survey,2008,s_imp_u,57.3530106257379,NA,removed
MWI,CEN,Census,2008,s_imp_u,57.88431640747192,NA,removed
MWI,CEN,Census,2008,s_sew_r,NA,0.7749248308859634,added
MWI,CEN,Census,2008,s_sew_u,NA,16.03199425744097,added
MWI,WMS,Survey,2009,s_imp_r,37.5379679144385,NA,removed
MWI,WMS,Survey,2009,s_imp_u,55.84297520661157,NA,removed
MWI,DHS,Survey,2010,s_sew_r,NA,0.480113134763781,added
MWI,DHS,Survey,2010,s_sew_u,NA,10.1064948836337,added
MWI,WMS,Survey,2011,s_imp_r,36.970160427807485,NA,removed
MWI,IHS,Survey,2011,s_imp_r,32.953867035055154,NA,removed
MWI,WMS,Survey,2011,s_imp_u,64.3775678866588,NA,removed
MWI,IHS,Survey,2011,s_imp_u,59.39559672904435,NA,removed
MWI,AFB,Survey,2012,s_od_r,NA,4.43216,added
MWI,AFB,Survey,2012,s_od_u,NA,1.42336,added
MWI,IHPS,Survey,2013,s_imp_r,31.80030896256684,NA,removed
MWI,IHPS,Survey,2013,s_imp_u,58.01510208972846,NA,removed
MWI,UNSD,Admin,2013,s_sew_rtp_n,NA,100,added
MWI,WMS,Survey,2014,s_imp_r,33.87016042780749,NA,removed
MWI,WMS,Survey,2014,s_imp_u,60.00885478158206,NA,removed
MWI,AFB,Survey,2014,s_od_r,NA,0.45603,added
MWI,AFB,Survey,2014,s_od_u,NA,0.31545,added
MWI,UNSD,Admin,2014,s_sew_rtp_n,NA,100,added
MWI,UNSD,Admin,2015,s_sew_rtp_n,NA,100,added
MWI,DHS,Survey,2016,s_imp_r,32.49035513368984,81.27179611433773,changed
MWI,DHS,Survey,2016,s_imp_u,58.8087968713105,88.62284629599235,changed
MWI,DHS,Survey,2016,s_lat_r,31.99035513368984,80.77179611433773,changed
MWI,DHS,Survey,2016,s_lat_u,44.6087968713105,74.42284629599234,changed
MWI,UNSD,Admin,2016,s_sew_rtp_n,NA,100,added
MWI,MIS,Survey,2017,s_imp_r,31.930762192513367,NA,removed
MWI,IHS,Survey,2017,s_imp_r,47.311879799291624,NA,removed
MWI,MIS,Survey,2017,s_imp_u,58.903836363636366,NA,removed
MWI,IHS,Survey,2017,s_imp_u,51.75461832349468,NA,removed
MWI,MIS,Survey,2017,s_lat_r,31.825742192513367,80.719657412627555,changed
MWI,MIS,Survey,2017,s_lat_u,42.71479636363637,71.84788143251637,changed
MWI,AFB,Survey,2017,s_od_r,NA,1.96167,added
MWI,AFB,Survey,2017,s_od_u,NA,2.48541,added
MWI,UNSD,Admin,2017,s_sew_rtp_n,NA,100,added
MWI,UNSD,Admin,2018,s_sew_rtp_n,NA,100,added
MWI,AFB,Survey,2019,s_od_r,NA,5.5051,added
MWI,AFB,Survey,2019,s_od_u,NA,0.95074,added
MWI,UNSD,Admin,2019,s_sew_rtp_n,NA,100,added
MWI,IHS,Survey,2020,s_imp_r,30.828149999999997,NA,removed
MWI,MICS,Survey,2020,s_imp_r,NA,77.89195,added
MWI,IHS,Survey,2020,s_imp_u,66.86985,NA,removed
MWI,MICS,Survey,2020,s_imp_u,NA,91.91657,added
MWI,MICS,Survey,2020,s_lat_ebo_r,NA,0.13828,added
MWI,MICS,Survey,2020,s_lat_ebo_u,NA,1.47841,added
MWI,MICS,Survey,2020,s_lat_edl_r,NA,0.38085,added
MWI,MICS,Survey,2020,s_lat_edl_u,NA,1.08759,added
MWI,MICS,Survey,2020,s_lat_ero_r,NA,0.05456,added
MWI,MICS,Survey,2020,s_lat_ero_u,NA,1.66293,added
MWI,MICS,Survey,2020,s_lat_nemp_r,NA,99.42631,added
MWI,MICS,Survey,2020,s_lat_nemp_u,NA,95.77108,added
MWI,IHS,Survey,2020,s_lat_r,30.531729999999996,78.58881850207742,changed
MWI,MICS,Survey,2020,s_lat_r,NA,77.17375,added
MWI,IHS,Survey,2020,s_lat_u,55.74952,75.72989269226333,changed
MWI,MICS,Survey,2020,s_lat_u,NA,80.86479999999999,added
MWI,MICS,Survey,2020,s_od_r,NA,7.70652,added
MWI,MICS,Survey,2020,s_od_u,NA,1.34852,added
MWI,MICS,Survey,2020,s_sep_ebo_r,NA,2.12054,added
MWI,MICS,Survey,2020,s_sep_ebo_u,NA,0.47515,added
MWI,MICS,Survey,2020,s_sep_edl_r,NA,0,added
MWI,MICS,Survey,2020,s_sep_edl_u,NA,1.10656,added
MWI,MICS,Survey,2020,s_sep_ero_r,NA,10.94321,added
MWI,MICS,Survey,2020,s_sep_ero_u,NA,7.09966,added
MWI,MICS,Survey,2020,s_sep_nemp_r,NA,86.93625,added
MWI,MICS,Survey,2020,s_sep_nemp_u,NA,91.31863,added
MWI,MICS,Survey,2020,s_sep_r,NA,0.46003,added
MWI,MICS,Survey,2020,s_sep_u,NA,10.59091,added
MWI,MICS,Survey,2020,s_sew_r,NA,0.25817,added
MWI,MICS,Survey,2020,s_sew_u,NA,0.46086,added
MWI,MICS,Survey,2020,s_shared_r,NA,40.48741,added
MWI,MICS,Survey,2020,s_shared_u,NA,53.36823,added
MWI,AFB,Survey,2022,s_od_r,NA,6.09922,added
MWI,AFB,Survey,2022,s_od_u,NA,0.23033,added
MYS,WHS,Survey,2003,s_shared_r,NA,4.119464469618949,added
MYS,WHS,Survey,2003,s_shared_u,NA,3.943377148634984,added
MYS,HIBAS,Survey,2016,s_imp_r,NA,99.1,added
MYS,HIBAS,Survey,2016,s_imp_u,NA,99.8,added
MYS,HIBAS,Survey,2019,s_imp_r,NA,99.1,added
MYS,HIBAS,Survey,2019,s_imp_u,NA,99.8,added
MYS,REG,Admin,2019,s_lat_n,NA,0,added
MYS,REG,Admin,2019,s_sep_n,NA,21.86972968495777,added
MYS,REG,Admin,2019,s_sew_n,NA,78.13027031504222,added
MYS,REG,Admin,2019,s_treat_wtp_n,NA,97.7,added
MYS,REG,Admin,2020,s_lat_n,NA,0,added
MYS,REG,Admin,2020,s_sep_n,NA,21.643255002954284,added
MYS,REG,Admin,2020,s_sew_n,NA,78.35674499704571,added
MYS,REG,Admin,2020,s_treat_wtp_n,NA,95.4,added
MYS,REG,Admin,2021,s_treat_wtp_n,NA,95.8,added
MYS,REG,Admin,2022,s_treat_wtp_n,NA,97.4,added
NAM,HIES,Survey,2004,s_imp_r,NA,15.55677918918919,added
NAM,HIES,Survey,2004,s_imp_u,NA,78.86720210526315,added
NAM,HIES,Survey,2004,s_lat_r,NA,4.61578918918919,added
NAM,HIES,Survey,2004,s_lat_u,NA,4.335102105263147,added
NAM,HIES,Survey,2004,s_od_r,NA,78.56158,added
NAM,HIES,Survey,2004,s_od_u,NA,15.98753,added
NAM,HIES,Survey,2004,s_sep_r,NA,3.27987,added
NAM,HIES,Survey,2004,s_sep_u,NA,1.34376,added
NAM,HIES,Survey,2004,s_sew_r,NA,7.66112,added
NAM,HIES,Survey,2004,s_sew_u,NA,73.18834,added
NAM,HIES,Survey,2010,s_imp_r,13.551470588235292,17.181003529411765,changed
NAM,HIES,Survey,2010,s_imp_u,80.06,82.40121470588235,changed
NAM,HIES,Survey,2010,s_lat_r,6.20633784487246,7.145483529411765,changed
NAM,HIES,Survey,2010,s_lat_u,5.293187772925776,4.061384705882361,changed
NAM,HIES,Survey,2010,s_od_r,76.7,76.69572,changed
NAM,HIES,Survey,2010,s_od_u,13.5,13.47647,changed
NAM,HIES,Survey,2010,s_sep_r,NA,3.45408,added
NAM,HIES,Survey,2010,s_sep_u,NA,3.39272,added
NAM,HIES,Survey,2010,s_sew_r,7.345132743362833,6.58144,changed
NAM,HIES,Survey,2010,s_sew_u,74.76681222707423,74.94711,changed
NAM,AFB,Survey,2012,s_od_r,NA,55.21342,added
NAM,AFB,Survey,2012,s_od_u,NA,12.8017,added
NAM,AFB,Survey,2017,s_od_r,NA,31.68402,added
NAM,AFB,Survey,2017,s_od_u,NA,11.21367,added
NAM,AFB,Survey,2019,s_od_r,NA,55.19832,added
NAM,AFB,Survey,2019,s_od_u,NA,14.61236,added
NAM,AFB,Survey,2021,s_od_r,NA,47.42565,added
NAM,AFB,Survey,2021,s_od_u,NA,14.08222,added
NAM,CEN,Census,2023,s_imp_r,NA,33.4,added
NAM,CEN,Census,2023,s_imp_u,NA,76.39999999999998,added
NAM,CEN,Census,2023,s_lat_r,NA,20.2,added
NAM,CEN,Census,2023,s_lat_u,NA,10.799999999999985,added
NAM,CEN,Census,2023,s_od_r,NA,63.8,added
NAM,CEN,Census,2023,s_od_u,NA,20.3,added
NAM,CEN,Census,2023,s_sep_r,NA,3.2,added
NAM,CEN,Census,2023,s_sep_u,NA,3.5999999999999996,added
NAM,CEN,Census,2023,s_sew_r,NA,10,added
NAM,CEN,Census,2023,s_sew_u,NA,62,added
NER,MTF,Survey,2018,s_imp_r,NA,28.74265,added
NER,EHCVM,Survey,2018,s_imp_r,NA,10.63564,added
NER,MTF,Survey,2018,s_imp_u,NA,68.04543000000001,added
NER,EHCVM,Survey,2018,s_imp_u,NA,70.80712,added
NER,PROSEHA,Survey,2018,s_lat_ebo_r,NA,1.457,added
NER,EHCVM,Survey,2018,s_lat_ebo_r,NA,45.31482,added
NER,PROSEHA,Survey,2018,s_lat_ebo_u,NA,10.60871,added
NER,EHCVM,Survey,2018,s_lat_ebo_u,NA,32.34274,added
NER,PROSEHA,Survey,2018,s_lat_edl_r,NA,8.65227,added
NER,EHCVM,Survey,2018,s_lat_edl_r,NA,54.68518,added
NER,PROSEHA,Survey,2018,s_lat_edl_u,NA,36.24141,added
NER,EHCVM,Survey,2018,s_lat_edl_u,NA,44.54546,added
NER,PROSEHA,Survey,2018,s_lat_ero_r,NA,0.18165,added
NER,EHCVM,Survey,2018,s_lat_ero_r,NA,0,added
NER,PROSEHA,Survey,2018,s_lat_ero_u,NA,4.24834,added
NER,EHCVM,Survey,2018,s_lat_ero_u,NA,23.11179,added
NER,MTF,Survey,2018,s_lat_r,NA,10.61939,added
NER,EHCVM,Survey,2018,s_lat_r,NA,10.18722,added
NER,MTF,Survey,2018,s_lat_u,NA,46.88873000000001,added
NER,EHCVM,Survey,2018,s_lat_u,NA,56.42346,added
NER,EHCVM,Survey,2018,s_od_r,NA,85.33202,added
NER,EHCVM,Survey,2018,s_od_u,NA,11.93137,added
NER,PROSEHA,Survey,2018,s_sep_ebo_r,NA,5.13059,added
NER,EHCVM,Survey,2018,s_sep_ebo_r,NA,45.94947,added
NER,PROSEHA,Survey,2018,s_sep_ebo_u,NA,5.70096,added
NER,EHCVM,Survey,2018,s_sep_ebo_u,NA,21.11436,added
NER,PROSEHA,Survey,2018,s_sep_edl_r,NA,9.74184,added
NER,EHCVM,Survey,2018,s_sep_edl_r,NA,45.70277,added
NER,PROSEHA,Survey,2018,s_sep_edl_u,NA,38.11702,added
NER,EHCVM,Survey,2018,s_sep_edl_u,NA,25.98253,added
NER,PROSEHA,Survey,2018,s_sep_ero_r,NA,4.4825,added
NER,EHCVM,Survey,2018,s_sep_ero_r,NA,8.34776,added
NER,PROSEHA,Survey,2018,s_sep_ero_u,NA,3.93349,added
NER,EHCVM,Survey,2018,s_sep_ero_u,NA,52.90311,added
NER,MTF,Survey,2018,s_sep_r,NA,7.40024,added
NER,EHCVM,Survey,2018,s_sep_r,NA,0.44842,added
NER,MTF,Survey,2018,s_sep_u,NA,10.97207,added
NER,EHCVM,Survey,2018,s_sep_u,NA,14.24537,added
NER,MTF,Survey,2018,s_sew_r,NA,10.72302,added
NER,EHCVM,Survey,2018,s_sew_r,NA,0,added
NER,MTF,Survey,2018,s_sew_u,NA,10.18463,added
NER,EHCVM,Survey,2018,s_sew_u,NA,0.13829,added
NER,EHCVM,Survey,2018,s_shared_r,NA,27.08913,added
NER,EHCVM,Survey,2018,s_shared_u,NA,34.22031,added
NER,PROSEHA,Survey,2019,s_lat_ebo_r,NA,0,added
NER,PROSEHA,Survey,2019,s_lat_ebo_u,NA,10.42599,added
NER,PROSEHA,Survey,2019,s_lat_edl_r,NA,17.79614,added
NER,PROSEHA,Survey,2019,s_lat_edl_u,NA,42.86834,added
NER,PROSEHA,Survey,2019,s_lat_ero_r,NA,0,added
NER,PROSEHA,Survey,2019,s_lat_ero_u,NA,0.51425,added
NER,PROSEHA,Survey,2019,s_sep_ebo_r,NA,0,added
NER,PROSEHA,Survey,2019,s_sep_ebo_u,NA,7.81488,added
NER,PROSEHA,Survey,2019,s_sep_edl_r,NA,0,added
NER,PROSEHA,Survey,2019,s_sep_edl_u,NA,40.80037,added
NER,PROSEHA,Survey,2019,s_sep_ero_r,NA,0,added
NER,PROSEHA,Survey,2019,s_sep_ero_u,NA,2.84436,added
NER,AFB,Survey,2020,s_od_r,NA,69.04289,added
NER,AFB,Survey,2020,s_od_u,NA,9.8424,added
NER,PROSEHA,Survey,2021,s_imp_r,NA,19.90957,added
NER,PMA,Survey,2021,s_imp_r,NA,6.382049999999999,added
NER,MIS,Survey,2021,s_imp_r,NA,11.90661,added
NER,ENAFEME,Survey,2021,s_imp_r,NA,10.476110000000002,added
NER,PROSEHA,Survey,2021,s_imp_u,NA,79.32625,added
NER,PMA,Survey,2021,s_imp_u,NA,75.93848,added
NER,MIS,Survey,2021,s_imp_u,NA,86.46258,added
NER,ENAFEME,Survey,2021,s_imp_u,NA,72.56686,added
NER,PMA,Survey,2021,s_lat_r,NA,5.8877099999999984,added
NER,MIS,Survey,2021,s_lat_r,NA,11.19786,added
NER,ENAFEME,Survey,2021,s_lat_r,NA,10.1511,added
NER,PMA,Survey,2021,s_lat_u,NA,61.832939999999994,added
NER,MIS,Survey,2021,s_lat_u,NA,66.66641,added
NER,ENAFEME,Survey,2021,s_lat_u,NA,58.48828,added
NER,PMA,Survey,2021,s_od_r,NA,75.40956,added
NER,MIS,Survey,2021,s_od_r,NA,85.13088,added
NER,ENAFEME,Survey,2021,s_od_r,NA,80.46486,added
NER,PMA,Survey,2021,s_od_u,NA,8.30682,added
NER,MIS,Survey,2021,s_od_u,NA,9.30504,added
NER,ENAFEME,Survey,2021,s_od_u,NA,9.37024,added
NER,PMA,Survey,2021,s_sep_r,NA,0.32684,added
NER,MIS,Survey,2021,s_sep_r,NA,0.70114,added
NER,ENAFEME,Survey,2021,s_sep_r,NA,0.32501,added
NER,PMA,Survey,2021,s_sep_u,NA,9.39165,added
NER,MIS,Survey,2021,s_sep_u,NA,15.99648,added
NER,ENAFEME,Survey,2021,s_sep_u,NA,11.80124,added
NER,PMA,Survey,2021,s_sew_r,NA,0.1675,added
NER,MIS,Survey,2021,s_sew_r,NA,0.00761,added
NER,ENAFEME,Survey,2021,s_sew_r,NA,0,added
NER,PMA,Survey,2021,s_sew_u,NA,4.71389,added
NER,MIS,Survey,2021,s_sew_u,NA,3.79969,added
NER,ENAFEME,Survey,2021,s_sew_u,NA,2.27734,added
NER,PROSEHA,Survey,2021,s_shared_r,NA,29.18739,added
NER,MIS,Survey,2021,s_shared_r,NA,44.7735,added
NER,ENAFEME,Survey,2021,s_shared_r,NA,36.95924,added
NER,PROSEHA,Survey,2021,s_shared_u,NA,30.7155,added
NER,MIS,Survey,2021,s_shared_u,NA,46.75822,added
NER,ENAFEME,Survey,2021,s_shared_u,NA,44.37462,added
NER,PROSEHA,Survey,2022,s_imp_r,NA,11.93222,added
NER,PMA,Survey,2022,s_imp_r,NA,10.13553,added
NER,PROSEHA,Survey,2022,s_imp_u,NA,87.35013,added
NER,PMA,Survey,2022,s_imp_u,NA,79.70801,added
NER,PROSEHA,Survey,2022,s_lat_ebo_r,NA,7.0209,added
NER,PROSEHA,Survey,2022,s_lat_ebo_u,NA,10.12934,added
NER,PROSEHA,Survey,2022,s_lat_edl_r,NA,13.07218,added
NER,PROSEHA,Survey,2022,s_lat_edl_u,NA,27.68898,added
NER,PROSEHA,Survey,2022,s_lat_ero_r,NA,0.84281,added
NER,PROSEHA,Survey,2022,s_lat_ero_u,NA,11.16026,added
NER,PROSEHA,Survey,2022,s_lat_nemp_r,NA,79.06411,added
NER,PROSEHA,Survey,2022,s_lat_nemp_u,NA,51.02142,added
NER,PROSEHA,Survey,2022,s_lat_r,NA,11.13412,added
NER,PMA,Survey,2022,s_lat_r,NA,8.400879999999999,added
NER,PROSEHA,Survey,2022,s_lat_u,NA,65.64578999999999,added
NER,PMA,Survey,2022,s_lat_u,NA,68.53531,added
NER,PROSEHA,Survey,2022,s_od_r,NA,80.78141,added
NER,PMA,Survey,2022,s_od_r,NA,79.82193,added
NER,PROSEHA,Survey,2022,s_od_u,NA,8.06481,added
NER,PMA,Survey,2022,s_od_u,NA,7.58157,added
NER,PROSEHA,Survey,2022,s_sep_ebo_r,NA,10.12241,added
NER,PROSEHA,Survey,2022,s_sep_ebo_u,NA,9.55137,added
NER,PROSEHA,Survey,2022,s_sep_edl_r,NA,9.79381,added
NER,PROSEHA,Survey,2022,s_sep_edl_u,NA,12.94995,added
NER,PROSEHA,Survey,2022,s_sep_ero_r,NA,7.03088,added
NER,PROSEHA,Survey,2022,s_sep_ero_u,NA,27.09263,added
NER,PROSEHA,Survey,2022,s_sep_nemp_r,NA,73.0529,added
NER,PROSEHA,Survey,2022,s_sep_nemp_u,NA,50.40605,added
NER,PROSEHA,Survey,2022,s_sep_r,NA,0.76552,added
NER,PMA,Survey,2022,s_sep_r,NA,0.02654,added
NER,PROSEHA,Survey,2022,s_sep_u,NA,20.87901,added
NER,PMA,Survey,2022,s_sep_u,NA,8.86894,added
NER,PROSEHA,Survey,2022,s_sew_r,NA,0.03258,added
NER,PMA,Survey,2022,s_sew_r,NA,1.70811,added
NER,PROSEHA,Survey,2022,s_sew_u,NA,0.82533,added
NER,PMA,Survey,2022,s_sew_u,NA,2.30376,added
NER,PROSEHA,Survey,2022,s_shared_r,NA,36.47032,added
NER,PROSEHA,Survey,2022,s_shared_u,NA,38.73417,added
NER,PMA,Survey,2023,s_imp_r,NA,8.56509,added
NER,PMA,Survey,2023,s_imp_u,NA,80.06557000000001,added
NER,PMA,Survey,2023,s_lat_r,NA,7.80326,added
NER,PMA,Survey,2023,s_lat_u,NA,64.39146000000001,added
NER,PMA,Survey,2023,s_od_r,NA,85.54645,added
NER,PMA,Survey,2023,s_od_u,NA,9.74291,added
NER,PMA,Survey,2023,s_sep_r,NA,0.76183,added
NER,PMA,Survey,2023,s_sep_u,NA,13.85877,added
NER,PMA,Survey,2023,s_sew_r,NA,0,added
NER,PMA,Survey,2023,s_sew_u,NA,1.81534,added
NGA,CLS,Survey,2000,s_lat_r,50.452,50.50757654134175,changed
NGA,CLS,Survey,2000,s_lat_u,70.15338645418326,69.49997883960461,changed
NGA,CLS,Survey,2000,s_sew_r,1.2480000000000002,1.192423458658248,changed
NGA,CLS,Survey,2000,s_sew_u,10.346613545816734,11.00002116039539,changed
NGA,DHS,Survey,2003,s_imp_r,50.87011128775834,48.573533259589254,changed
NGA,DHS,Survey,2003,s_imp_u,75.12019077901431,81.58232952619313,changed
NGA,DHS,Survey,2003,s_lat_r,48.18211128775834,46.00523657940226,changed
NGA,DHS,Survey,2003,s_lat_u,63.37995173518961,69.10067286256081,changed
NGA,DHS,Survey,2003,s_sew_r,2.6879999999999997,2.568296680186996,changed
NGA,DHS,Survey,2003,s_sew_u,11.7402390438247,12.48165666363232,changed
NGA,LSS,Survey,2004,s_imp_r,50,52.03246,changed
NGA,LSS,Survey,2004,s_imp_u,72.4,72.46208,changed
NGA,LSS,Survey,2004,s_lat_r,47.5,49.96397,changed
NGA,LSS,Survey,2004,s_lat_u,47.3,47.88787,changed
NGA,LSS,Survey,2004,s_od_r,26.9,9.6889,changed
NGA,LSS,Survey,2004,s_od_u,10.2,3.88659,changed
NGA,LSS,Survey,2004,s_sep_r,1.3,1.11983,changed
NGA,LSS,Survey,2004,s_sep_u,14.5,13.54087,changed
NGA,LSS,Survey,2004,s_sew_r,1.2,0.94866,changed
NGA,LSS,Survey,2004,s_sew_u,10.6,11.03334,changed
NGA,BLS,Survey,2008,s_lat_r,35.38948262548263,35.51132350457801,changed
NGA,BLS,Survey,2008,s_lat_u,57.03903334032291,56.02558479526214,changed
NGA,BLS,Survey,2008,s_sew_r,2.736,2.614159120904621,changed
NGA,BLS,Survey,2008,s_sew_u,16.04780876494024,17.06125731000101,changed
NGA,PMA,Survey,2017,s_lat_ebo_r,NA,3.72477,added
NGA,PMA,Survey,2017,s_lat_ebo_u,NA,5.18723,added
NGA,PMA,Survey,2017,s_lat_edl_r,NA,12.01949,added
NGA,PMA,Survey,2017,s_lat_edl_u,NA,11.76246,added
NGA,PMA,Survey,2017,s_lat_ero_r,NA,4.83156,added
NGA,PMA,Survey,2017,s_lat_ero_u,NA,27.14212,added
NGA,PMA,Survey,2017,s_lat_nemp_r,NA,79.42418,added
NGA,PMA,Survey,2017,s_lat_nemp_u,NA,55.90819,added
NGA,PMA,Survey,2017,s_sep_ebo_r,NA,0.4909,added
NGA,PMA,Survey,2017,s_sep_ebo_u,NA,0.7506,added
NGA,PMA,Survey,2017,s_sep_edl_r,NA,2.28714,added
NGA,PMA,Survey,2017,s_sep_edl_u,NA,0.89582,added
NGA,PMA,Survey,2017,s_sep_ero_r,NA,6.1266,added
NGA,PMA,Survey,2017,s_sep_ero_u,NA,38.96304,added
NGA,PMA,Survey,2017,s_sep_nemp_r,NA,91.09535,added
NGA,PMA,Survey,2017,s_sep_nemp_u,NA,59.39054,added
NGA,MTF,Survey,2018,s_imp_r,NA,28.74265,added
NGA,LSS,Survey,2018,s_imp_r,NA,41.5196,added
NGA,MTF,Survey,2018,s_imp_u,NA,68.04543000000001,added
NGA,LSS,Survey,2018,s_imp_u,NA,77.810059999999993,added
NGA,LSS,Survey,2018,s_lat_dtp_r,NA,0,added
NGA,LSS,Survey,2018,s_lat_dtp_u,NA,0,added
NGA,LSS,Survey,2018,s_lat_ebo_r,NA,13.06423,added
NGA,LSS,Survey,2018,s_lat_ebo_u,NA,12.44806,added
NGA,LSS,Survey,2018,s_lat_edl_r,NA,1.40483,added
NGA,LSS,Survey,2018,s_lat_edl_u,NA,1.11349,added
NGA,LSS,Survey,2018,s_lat_ero_r,NA,5.95146,added
NGA,LSS,Survey,2018,s_lat_ero_u,NA,17.94883,added
NGA,LSS,Survey,2018,s_lat_nemp_r,NA,78.97707,added
NGA,LSS,Survey,2018,s_lat_nemp_u,NA,68.42624,added
NGA,MTF,Survey,2018,s_lat_r,NA,10.61939,added
NGA,LSS,Survey,2018,s_lat_r,NA,33.45905,added
NGA,MTF,Survey,2018,s_lat_u,NA,46.88873000000001,added
NGA,LSS,Survey,2018,s_lat_u,NA,40.893260000000005,added
NGA,MTF,Survey,2018,s_od_r,NA,41.49738,added
NGA,LSS,Survey,2018,s_od_r,NA,30.2031,added
NGA,MTF,Survey,2018,s_od_u,NA,6.82507,added
NGA,LSS,Survey,2018,s_od_u,NA,8.73944,added
NGA,LSS,Survey,2018,s_sep_dtp_r,NA,0,added
NGA,LSS,Survey,2018,s_sep_dtp_u,NA,0,added
NGA,LSS,Survey,2018,s_sep_ebo_r,NA,3.21303,added
NGA,LSS,Survey,2018,s_sep_ebo_u,NA,4.69482,added
NGA,LSS,Survey,2018,s_sep_edl_r,NA,0.05053,added
NGA,LSS,Survey,2018,s_sep_edl_u,NA,0.61077,added
NGA,LSS,Survey,2018,s_sep_ero_r,NA,10.36878,added
NGA,LSS,Survey,2018,s_sep_ero_u,NA,38.25177,added
NGA,LSS,Survey,2018,s_sep_nemp_r,NA,86.36482,added
NGA,LSS,Survey,2018,s_sep_nemp_u,NA,56.40606,added
NGA,MTF,Survey,2018,s_sep_r,NA,7.40024,added
NGA,LSS,Survey,2018,s_sep_r,NA,6.10684,added
NGA,MTF,Survey,2018,s_sep_u,NA,10.97207,added
NGA,LSS,Survey,2018,s_sep_u,NA,28.55312,added
NGA,MTF,Survey,2018,s_sew_r,NA,10.72302,added
NGA,LSS,Survey,2018,s_sew_r,NA,1.95371,added
NGA,MTF,Survey,2018,s_sew_u,NA,10.18463,added
NGA,LSS,Survey,2018,s_sew_u,NA,8.36368,added
NGA,LSS,Survey,2018,s_shared_r,NA,0.2281212,added
NGA,LSS,Survey,2018,s_shared_u,NA,0.3614938,added
NGA,NORM,Survey,2021,s_imp_r,NA,46.05754,added
NGA,MIS,Survey,2021,s_imp_r,NA,48.72381000000001,added
NGA,MICS,Survey,2021,s_imp_r,NA,37.2373,added
NGA,NORM,Survey,2021,s_imp_u,NA,81.02579,added
NGA,MIS,Survey,2021,s_imp_u,NA,86.96370999999999,added
NGA,MICS,Survey,2021,s_imp_u,NA,84.78845000000001,added
NGA,NORM,Survey,2021,s_lat_con_r,NA,90.43306,added
NGA,NORM,Survey,2021,s_lat_con_u,NA,87.99112,added
NGA,NORM,Survey,2021,s_lat_ebo_r,NA,7.49826,added
NGA,MICS,Survey,2021,s_lat_ebo_r,NA,10.30227,added
NGA,NORM,Survey,2021,s_lat_ebo_u,NA,9.29582,added
NGA,MICS,Survey,2021,s_lat_ebo_u,NA,11.78683,added
NGA,NORM,Survey,2021,s_lat_edl_r,NA,3.88253,added
NGA,MICS,Survey,2021,s_lat_edl_r,NA,11.59158,added
NGA,NORM,Survey,2021,s_lat_edl_u,NA,4.65411,added
NGA,MICS,Survey,2021,s_lat_edl_u,NA,23.08927,added
NGA,NORM,Survey,2021,s_lat_ero_r,NA,4.67333,added
NGA,MICS,Survey,2021,s_lat_ero_r,NA,2.65874,added
NGA,NORM,Survey,2021,s_lat_ero_u,NA,19.21005,added
NGA,MICS,Survey,2021,s_lat_ero_u,NA,6.4372,added
NGA,NORM,Survey,2021,s_lat_nemp_r,NA,83.94588,added
NGA,MICS,Survey,2021,s_lat_nemp_r,NA,75.44741,added
NGA,NORM,Survey,2021,s_lat_nemp_u,NA,66.84002,added
NGA,MICS,Survey,2021,s_lat_nemp_u,NA,58.68669,added
NGA,NORM,Survey,2021,s_lat_r,NA,34.187560000000005,added
NGA,MIS,Survey,2021,s_lat_r,NA,32.106210000000004,added
NGA,MICS,Survey,2021,s_lat_r,NA,28.38764,added
NGA,NORM,Survey,2021,s_lat_u,NA,36.11054,added
NGA,MIS,Survey,2021,s_lat_u,NA,43.298449999999995,added
NGA,MICS,Survey,2021,s_lat_u,NA,33.75144000000001,added
NGA,NORM,Survey,2021,s_od_r,NA,30.64777,added
NGA,MIS,Survey,2021,s_od_r,NA,26.09076,added
NGA,MICS,Survey,2021,s_od_r,NA,33.70457,added
NGA,NORM,Survey,2021,s_od_u,NA,7.60817,added
NGA,MIS,Survey,2021,s_od_u,NA,3.53975,added
NGA,MICS,Survey,2021,s_od_u,NA,6.67375,added
NGA,NORM,Survey,2021,s_sep_con_r,NA,93.50914,added
NGA,NORM,Survey,2021,s_sep_con_u,NA,88.12714,added
NGA,NORM,Survey,2021,s_sep_ebo_r,NA,2.07341,added
NGA,MICS,Survey,2021,s_sep_ebo_r,NA,3.01243,added
NGA,NORM,Survey,2021,s_sep_ebo_u,NA,2.62105,added
NGA,MICS,Survey,2021,s_sep_ebo_u,NA,5.15236,added
NGA,NORM,Survey,2021,s_sep_edl_r,NA,2.00731,added
NGA,MICS,Survey,2021,s_sep_edl_r,NA,10.30761,added
NGA,NORM,Survey,2021,s_sep_edl_u,NA,2.57123,added
NGA,MICS,Survey,2021,s_sep_edl_u,NA,29.4118,added
NGA,NORM,Survey,2021,s_sep_ero_r,NA,8.70226,added
NGA,MICS,Survey,2021,s_sep_ero_r,NA,1.58569,added
NGA,NORM,Survey,2021,s_sep_ero_u,NA,34.87826,added
NGA,MICS,Survey,2021,s_sep_ero_u,NA,6.37524,added
NGA,NORM,Survey,2021,s_sep_nemp_r,NA,87.21702,added
NGA,MICS,Survey,2021,s_sep_nemp_r,NA,85.09428,added
NGA,NORM,Survey,2021,s_sep_nemp_u,NA,59.92946,added
NGA,MICS,Survey,2021,s_sep_nemp_u,NA,59.0606,added
NGA,NORM,Survey,2021,s_sep_r,NA,8.73924,added
NGA,MIS,Survey,2021,s_sep_r,NA,12.16134,added
NGA,MICS,Survey,2021,s_sep_r,NA,7.74936,added
NGA,NORM,Survey,2021,s_sep_u,NA,36.2169,added
NGA,MIS,Survey,2021,s_sep_u,NA,33.02936,added
NGA,MICS,Survey,2021,s_sep_u,NA,43.27597,added
NGA,NORM,Survey,2021,s_sew_r,NA,3.13074,added
NGA,MIS,Survey,2021,s_sew_r,NA,4.45626,added
NGA,MICS,Survey,2021,s_sew_r,NA,1.1003,added
NGA,NORM,Survey,2021,s_sew_u,NA,8.69835,added
NGA,MIS,Survey,2021,s_sew_u,NA,10.6359,added
NGA,MICS,Survey,2021,s_sew_u,NA,7.76104,added
NGA,NORM,Survey,2021,s_shared_r,NA,14.702009999999998,added
NGA,MIS,Survey,2021,s_shared_r,NA,23.37258,added
NGA,MICS,Survey,2021,s_shared_r,NA,25.95132,added
NGA,NORM,Survey,2021,s_shared_u,NA,26.18614,added
NGA,MIS,Survey,2021,s_shared_u,NA,31.33691,added
NGA,MICS,Survey,2021,s_shared_u,NA,37.95042,added
NIC,LSMS,Survey,2001,s_imp_r,50.74757631985068,NA,removed
NIC,DHS,Survey,2001,s_imp_r,43.60000000000001,NA,removed
NIC,LSMS,Survey,2001,s_imp_u,77.25969181081112,NA,removed
NIC,DHS,Survey,2001,s_imp_u,72.95,NA,removed
NIC,LSMS,Survey,2001,s_lat_r,49.34757631985068,NA,removed
NIC,DHS,Survey,2001,s_lat_r,42.900000000000006,NA,removed
NIC,LSMS,Survey,2001,s_lat_u,44.45969181081112,NA,removed
NIC,DHS,Survey,2001,s_lat_u,39.85,NA,removed
NIC,DHS,Survey,2001,s_od_r,30.1,NA,removed
NIC,DHS,Survey,2001,s_od_u,3.8,NA,removed
NIC,LSMS,Survey,2001,s_sep_r,1.2,NA,removed
NIC,DHS,Survey,2001,s_sep_r,0.6,NA,removed
NIC,LSMS,Survey,2001,s_sep_u,9.3,NA,removed
NIC,DHS,Survey,2001,s_sep_u,2.3,NA,removed
NIC,LSMS,Survey,2001,s_sew_r,0.2,NA,removed
NIC,DHS,Survey,2001,s_sew_r,0.1,NA,removed
NIC,LSMS,Survey,2001,s_sew_u,23.5,NA,removed
NIC,DHS,Survey,2001,s_sew_u,30.8,NA,removed
NIC,LSMS,Survey,2001,s_shared_r,9.162999175945044,NA,removed
NIC,DHS,Survey,2001,s_shared_r,7.515485203028217,NA,removed
NIC,LSMS,Survey,2001,s_shared_u,11.907891145266804,NA,removed
NIC,DHS,Survey,2001,s_shared_u,6.848312322082148,NA,removed
NIC,LSMS,Survey,2005,s_imp_r,57.33167892608632,NA,removed
NIC,CEN,Census,2005,s_imp_r,50.85085134288971,NA,removed
NIC,LSMS,Survey,2005,s_imp_u,83.16094171999391,NA,removed
NIC,CEN,Census,2005,s_imp_u,81.26776809689636,NA,removed
NIC,LSMS,Survey,2005,s_lat_r,55.04039405561263,NA,removed
NIC,CEN,Census,2005,s_lat_r,48.88728031621158,NA,removed
NIC,LSMS,Survey,2005,s_lat_u,36.96593207529228,NA,removed
NIC,CEN,Census,2005,s_lat_u,38.45859892094062,NA,removed
NIC,LSMS,Survey,2005,s_od_r,21.64105072666917,NA,removed
NIC,CEN,Census,2005,s_od_r,30.3475252219639,NA,removed
NIC,LSMS,Survey,2005,s_od_u,2.519437971529428,NA,removed
NIC,CEN,Census,2005,s_od_u,3.609051715419067,NA,removed
NIC,LSMS,Survey,2005,s_sep_r,2.093144511339871,NA,removed
NIC,CEN,Census,2005,s_sep_r,1.963571026678132,NA,removed
NIC,LSMS,Survey,2005,s_sep_u,10.977795862321624,NA,removed
NIC,CEN,Census,2005,s_sep_u,10.480144356488545,NA,removed
NIC,LSMS,Survey,2005,s_sew_r,0.1981403591338158,NA,removed
NIC,CEN,Census,2005,s_sew_r,0,NA,removed
NIC,LSMS,Survey,2005,s_sew_u,35.217213782380014,NA,removed
NIC,CEN,Census,2005,s_sew_u,32.3290248194672,NA,removed
NIC,ENDESA,Survey,2006,s_imp_r,55.3483623712187,NA,removed
NIC,ENDESA,Survey,2006,s_imp_u,84.00649614132175,NA,removed
NIC,ENDESA,Survey,2006,s_lat_r,52.7483623712187,NA,removed
NIC,ENDESA,Survey,2006,s_lat_u,32.406496141321746,NA,removed
NIC,ENDESA,Survey,2006,s_od_r,24.3,NA,removed
NIC,ENDESA,Survey,2006,s_od_u,3.2,NA,removed
NIC,ENDESA,Survey,2006,s_sep_r,1.7,NA,removed
NIC,ENDESA,Survey,2006,s_sep_u,12.1,NA,removed
NIC,ENDESA,Survey,2006,s_sew_r,0.9,NA,removed
NIC,ENDESA,Survey,2006,s_sew_u,39.5,NA,removed
NIC,EMNV,Survey,2009,s_imp_r,56.256402659750904,NA,removed
NIC,EMNV,Survey,2009,s_imp_u,82.099886461717,NA,removed
NIC,EMNV,Survey,2009,s_lat_r,52.9582113654904,NA,removed
NIC,EMNV,Survey,2009,s_lat_u,34.442260201428404,NA,removed
NIC,EMNV,Survey,2009,s_od_r,17.3029858562508,NA,removed
NIC,EMNV,Survey,2009,s_od_u,1.58844686707853,NA,removed
NIC,EMNV,Survey,2009,s_sep_r,2.86150642717503,NA,removed
NIC,EMNV,Survey,2009,s_sep_u,11.3172074483292,NA,removed
NIC,EMNV,Survey,2009,s_sew_r,0.436684867085478,NA,removed
NIC,EMNV,Survey,2009,s_sew_u,36.3404188119594,NA,removed
NIC,ENDESA,Survey,2012,s_imp_r,54.69831803123121,NA,removed
NIC,ENDESA,Survey,2012,s_imp_u,83.94542899629087,NA,removed
NIC,ENDESA,Survey,2012,s_lat_r,50.362569238960674,NA,removed
NIC,ENDESA,Survey,2012,s_lat_u,28.02895567842537,NA,removed
NIC,ENDESA,Survey,2012,s_od_r,20.06038647343,NA,removed
NIC,ENDESA,Survey,2012,s_od_u,2.79281601787402,NA,removed
NIC,ENDESA,Survey,2012,s_sep_r,3.84057971014493,NA,removed
NIC,ENDESA,Survey,2012,s_sep_u,15.8202285812495,NA,removed
NIC,ENDESA,Survey,2012,s_sew_r,0.495169082125604,NA,removed
NIC,ENDESA,Survey,2012,s_sew_u,40.096244736616,NA,removed
NIC,EMNV,Survey,2014,s_imp_r,69.22114,NA,removed
NIC,EMNV,Survey,2014,s_imp_u,88.91897,NA,removed
NIC,EMNV,Survey,2014,s_lat_r,66.60632000000001,NA,removed
NIC,EMNV,Survey,2014,s_lat_u,43.037220000000005,NA,removed
NIC,EMNV,Survey,2014,s_od_r,17.63497,NA,removed
NIC,EMNV,Survey,2014,s_od_u,1.42693,NA,removed
NIC,EMNV,Survey,2014,s_sep_r,2.29532,NA,removed
NIC,EMNV,Survey,2014,s_sep_u,10.55367,NA,removed
NIC,EMNV,Survey,2014,s_sew_r,0.3195,NA,removed
NIC,EMNV,Survey,2014,s_sew_u,35.32808,NA,removed
NIC,ENACAL,Admin,2019,s_treat_wtp_u,87.03573229329798,NA,removed
NIU,CEN,Census,2017,s_od_n,NA,0.6,added
NIU,HEALE,Survey,2018,s_imp_n,NA,99.5,added
NIU,HEALE,Survey,2018,s_od_n,NA,0.5,added
NIU,CEN,Census,2022,s_imp_n,NA,99,added
NIU,CEN,Census,2022,s_od_n,NA,0.6,added
NIU,CEN,Census,2022,s_sep_n,NA,99,added
NLD,ES,Admin,2000,s_imp_r,100,NA,removed
NLD,ES,Admin,2000,s_imp_u,100,NA,removed
NLD,EU SILC,Admin,2012,s_imp_r,99.95,NA,removed
NLD,EUSILC,Admin,2012,s_imp_r,NA,99.95,added
NLD,EU SILC,Admin,2012,s_imp_u,100,NA,removed
NLD,EUSILC,Admin,2012,s_imp_u,NA,100,added
NLD,EU SILC,Admin,2012,s_sep_r,4.458004936965523,NA,removed
NLD,EUSILC,Admin,2012,s_sep_r,NA,4.458004936965523,added
NLD,EU SILC,Admin,2012,s_sep_u,0,NA,removed
NLD,EUSILC,Admin,2012,s_sep_u,NA,0,added
NLD,EU SILC,Admin,2012,s_sew_r,95.49199506303448,NA,removed
NLD,EUSILC,Admin,2012,s_sew_r,NA,95.49199506303448,added
NLD,EU SILC,Admin,2012,s_sew_u,100,NA,removed
NLD,EUSILC,Admin,2012,s_sew_u,NA,100,added
NLD,EU SILC,Admin,2012,s_shared_r,0.10010010010010012,NA,removed
NLD,EUSILC,Admin,2012,s_shared_r,NA,0.10010010010010012,added
NLD,EU SILC,Admin,2012,s_shared_u,2.5,NA,removed
NLD,EUSILC,Admin,2012,s_shared_u,NA,2.5,added
NLD,EU SILC,Admin,2013,s_imp_r,100,NA,removed
NLD,EUSILC,Admin,2013,s_imp_r,NA,100,added
NLD,EU SILC,Admin,2013,s_imp_u,100,NA,removed
NLD,EUSILC,Admin,2013,s_imp_u,NA,100,added
NLD,EU SILC,Admin,2013,s_sep_r,4.696379091720289,NA,removed
NLD,EUSILC,Admin,2013,s_sep_r,NA,4.696379091720289,added
NLD,EU SILC,Admin,2013,s_sep_u,0,NA,removed
NLD,EUSILC,Admin,2013,s_sep_u,NA,0,added
NLD,EU SILC,Admin,2013,s_sew_r,95.30362090827973,NA,removed
NLD,EUSILC,Admin,2013,s_sew_r,NA,95.30362090827973,added
NLD,EU SILC,Admin,2013,s_sew_u,100,NA,removed
NLD,EUSILC,Admin,2013,s_sew_u,NA,100,added
NLD,EU SILC,Admin,2014,s_imp_r,100,NA,removed
NLD,EUSILC,Admin,2014,s_imp_r,NA,100,added
NLD,EU SILC,Admin,2014,s_imp_u,100,NA,removed
NLD,EUSILC,Admin,2014,s_imp_u,NA,100,added
NLD,EU SILC,Admin,2014,s_lat_r,0,NA,removed
NLD,EUSILC,Admin,2014,s_lat_r,NA,0,added
NLD,EU SILC,Admin,2014,s_lat_u,0,NA,removed
NLD,EUSILC,Admin,2014,s_lat_u,NA,0,added
NLD,EU SILC,Admin,2014,s_sep_r,4.975371909050196,NA,removed
NLD,EUSILC,Admin,2014,s_sep_r,NA,4.975371909050196,added
NLD,EU SILC,Admin,2014,s_sep_u,0,NA,removed
NLD,EUSILC,Admin,2014,s_sep_u,NA,0,added
NLD,EU SILC,Admin,2014,s_sew_r,95.0246280909498,NA,removed
NLD,EUSILC,Admin,2014,s_sew_r,NA,95.0246280909498,added
NLD,EU SILC,Admin,2014,s_sew_u,100,NA,removed
NLD,EUSILC,Admin,2014,s_sew_u,NA,100,added
NLD,EU SILC,Admin,2015,s_imp_r,100,NA,removed
NLD,EUSILC,Admin,2015,s_imp_r,NA,100,added
NLD,EU SILC,Admin,2015,s_imp_u,100,NA,removed
NLD,EUSILC,Admin,2015,s_imp_u,NA,100,added
NLD,EU SILC,Admin,2015,s_sep_r,5.289605924358639,NA,removed
NLD,EUSILC,Admin,2015,s_sep_r,NA,5.289605924358639,added
NLD,EU SILC,Admin,2015,s_sep_u,0,NA,removed
NLD,EUSILC,Admin,2015,s_sep_u,NA,0,added
NLD,EU SILC,Admin,2015,s_sew_r,94.71039407564136,NA,removed
NLD,EUSILC,Admin,2015,s_sew_r,NA,94.71039407564136,added
NLD,EU SILC,Admin,2015,s_sew_u,100,NA,removed
NLD,EUSILC,Admin,2015,s_sew_u,NA,100,added
NLD,ES,Admin,2018,s_treat_wtp_n,NA,100,added
NLD,ES,Admin,2019,s_treat_wtp_n,NA,100,added
NLD,ES,Admin,2020,s_treat_wtp_n,NA,100.00000000000004,added
NLD,ES,Admin,2021,s_treat_wtp_n,NA,100,added
NLD,ES,Admin,2022,s_treat_wtp_n,NA,100,added
NOR,EU SILC,Admin,2012,s_imp_r,100,NA,removed
NOR,EUSILC,Admin,2012,s_imp_r,NA,100,added
NOR,EU SILC,Admin,2012,s_imp_u,100,NA,removed
NOR,EUSILC,Admin,2012,s_imp_u,NA,100,added
NOR,EU SILC,Admin,2012,s_shared_r,1.7000000000000002,NA,removed
NOR,EUSILC,Admin,2012,s_shared_r,NA,1.7000000000000002,added
NOR,EU SILC,Admin,2012,s_shared_u,2,NA,removed
NOR,EUSILC,Admin,2012,s_shared_u,NA,2,added
NOR,EU SILC,Admin,2013,s_imp_r,100,NA,removed
NOR,EUSILC,Admin,2013,s_imp_r,NA,100,added
NOR,EU SILC,Admin,2013,s_imp_u,100,NA,removed
NOR,EUSILC,Admin,2013,s_imp_u,NA,100,added
NOR,EU SILC,Admin,2014,s_imp_r,100,NA,removed
NOR,EUSILC,Admin,2014,s_imp_r,NA,100,added
NOR,EU SILC,Admin,2014,s_imp_u,100,NA,removed
NOR,EUSILC,Admin,2014,s_imp_u,NA,100,added
NOR,EU SILC,Admin,2015,s_imp_r,100,NA,removed
NOR,EUSILC,Admin,2015,s_imp_r,NA,100,added
NOR,EU SILC,Admin,2015,s_imp_u,100,NA,removed
NOR,EUSILC,Admin,2015,s_imp_u,NA,100,added
NOR,SN,Admin,2020,s_lat_n,NA,0.10372017129304822,added
NOR,SN,Admin,2020,s_sep_con_n,NA,96.84673843940888,added
NOR,SN,Admin,2020,s_sep_ero_n,NA,51.3823964546112,added
NOR,SN,Admin,2020,s_sep_n,NA,13.471900405191834,added
NOR,SN,Admin,2020,s_sep_nemp_n,NA,48.6176035453888,added
NOR,SN,Admin,2020,s_sew_n,NA,85.78134366615548,added
NOR,SN,Admin,2020,s_treat_fstp_n,NA,100,added
NOR,SN,Admin,2020,s_treat_wtp_n,NA,75.5430358083259,added
NOR,SN,Admin,2021,s_lat_n,NA,0.08180239143386814,added
NOR,SN,Admin,2021,s_sep_con_n,NA,97.1313999752486,added
NOR,SN,Admin,2021,s_sep_ero_n,NA,51.06012233891302,added
NOR,SN,Admin,2021,s_sep_n,NA,13.167920782824975,added
NOR,SN,Admin,2021,s_sep_nemp_n,NA,48.93987766108698,added
NOR,SN,Admin,2021,s_sew_n,NA,86.19352786579626,added
NOR,SN,Admin,2021,s_treat_fstp_n,NA,100,added
NOR,SN,Admin,2021,s_treat_wtp_n,NA,75.5,added
NOR,SN,Admin,2022,s_lat_n,NA,0.06916512757064197,added
NOR,SN,Admin,2022,s_sep_con_n,NA,97.17692174321004,added
NOR,SN,Admin,2022,s_sep_ero_n,NA,51.360677744621384,added
NOR,SN,Admin,2022,s_sep_n,NA,12.786308641891136,added
NOR,SN,Admin,2022,s_sep_nemp_n,NA,48.639322255378616,added
NOR,SN,Admin,2022,s_sew_n,NA,86.58124758460303,added
NOR,SN,Admin,2022,s_treat_fstp_n,NA,100,added
NOR,SN,Admin,2022,s_treat_wtp_n,NA,75.7,added
NOR,NA,NA,NA,s_imp_r,NA,100,added
NOR,NA,NA,NA,s_imp_u,NA,100,added
NPL,AHS,Survey,2014,s_lat_r,0,NA,removed
NPL,AHS,Survey,2014,s_lat_u,0,NA,removed
NPL,MICS,Survey,2019,s_lat_nemp_r,89.22333,89.67363,changed
NPL,MICS,Survey,2019,s_lat_nemp_u,78.66884,79.44783,changed
NPL,MICS,Survey,2019,s_lat_u,NA,25.240610000000004,added
NPL,MICS,Survey,2019,s_sep_nemp_r,93.65599,93.77743,changed
NPL,MICS,Survey,2019,s_sep_nemp_u,85.47631,85.73334,changed
NPL,MICS,Survey,2019,s_sep_r,NA,49.15936,added
NPL,MICS,Survey,2019,s_sep_u,NA,55.02494,added
NPL,MICS,Survey,2019,s_sew_r,NA,2.46823,added
NPL,MICS,Survey,2019,s_sew_u,NA,14.43185,added
NPL,NDC,Admin,2020,s_treat_fstp_n,NA,1,added
NPL,NDC,Admin,2020,s_treat_wtp_n,NA,2.1,added
NPL,CEN,Census,2021,s_imp_r,NA,90.84120099807753,added
NPL,CEN,Census,2021,s_imp_u,NA,94.23951091055508,added
NPL,CEN,Census,2021,s_lat_r,NA,32.0630429461303,added
NPL,CEN,Census,2021,s_lat_u,NA,26.379840349473753,added
NPL,CEN,Census,2021,s_od_r,NA,5.9774250711984855,added
NPL,CEN,Census,2021,s_od_u,NA,3.8173517369548207,added
NPL,CEN,Census,2021,s_sep_r,NA,56.019462596665726,added
NPL,CEN,Census,2021,s_sep_u,NA,54.59842103345945,added
NPL,CEN,Census,2021,s_sew_r,NA,2.7586954552814955,added
NPL,CEN,Census,2021,s_sew_u,NA,13.261249527621857,added
NPL,DHS,Survey,2022,s_imp_r,NA,90.52199,added
NPL,DHS,Survey,2022,s_imp_u,NA,93.29756,added
NPL,DHS,Survey,2022,s_lat_ebo_r,NA,9.52081,added
NPL,DHS,Survey,2022,s_lat_ebo_u,NA,13.71427,added
NPL,DHS,Survey,2022,s_lat_edl_r,NA,13.40594,added
NPL,DHS,Survey,2022,s_lat_edl_u,NA,18.97776,added
NPL,DHS,Survey,2022,s_lat_ero_r,NA,1.62141,added
NPL,DHS,Survey,2022,s_lat_ero_u,NA,3.22151,added
NPL,DHS,Survey,2022,s_lat_nemp_r,NA,75.45183,added
NPL,DHS,Survey,2022,s_lat_nemp_u,NA,64.08646,added
NPL,DHS,Survey,2022,s_lat_r,NA,60.51674,added
NPL,DHS,Survey,2022,s_lat_u,NA,38.759519999999995,added
NPL,DHS,Survey,2022,s_od_r,NA,8.84818,added
NPL,DHS,Survey,2022,s_od_u,NA,6.17768,added
NPL,DHS,Survey,2022,s_sep_ebo_r,NA,4.63642,added
NPL,DHS,Survey,2022,s_sep_ebo_u,NA,4.99904,added
NPL,DHS,Survey,2022,s_sep_edl_r,NA,8.32415,added
NPL,DHS,Survey,2022,s_sep_edl_u,NA,10.67229,added
NPL,DHS,Survey,2022,s_sep_ero_r,NA,0.83568,added
NPL,DHS,Survey,2022,s_sep_ero_u,NA,4.43799,added
NPL,DHS,Survey,2022,s_sep_nemp_r,NA,86.20375,added
NPL,DHS,Survey,2022,s_sep_nemp_u,NA,79.89068,added
NPL,DHS,Survey,2022,s_sep_r,NA,29.83997,added
NPL,DHS,Survey,2022,s_sep_u,NA,43.17245,added
NPL,DHS,Survey,2022,s_sew_r,NA,0.16528,added
NPL,DHS,Survey,2022,s_sew_u,NA,11.36559,added
NPL,DHS,Survey,2022,s_shared_r,NA,19.76316,added
NPL,DHS,Survey,2022,s_shared_u,NA,22.13387,added
NPL,NLSS,Survey,2023,s_imp_r,NA,89.13399518378203,added
NPL,NLSS,Survey,2023,s_imp_u,NA,93.61351569181596,added
NPL,NLSS,Survey,2023,s_od_r,NA,7.73,added
NPL,NLSS,Survey,2023,s_od_u,NA,4.35,added
NPL,NLSS,Survey,2023,s_sew_r,NA,1.73,added
NPL,NLSS,Survey,2023,s_sew_u,NA,11.48,added
NPL,SSUN,Survey,2024,s_imp_u,NA,97.45672,added
NPL,SSUN,Survey,2024,s_lat_con_u,NA,71.91011235955057,added
NPL,SSUN,Survey,2024,s_lat_dtp_u,NA,19.047619047619047,added
NPL,SSUN,Survey,2024,s_lat_nemp_u,NA,66.5161137752418,added
NPL,SSUN,Survey,2024,s_lat_u,NA,45.13719999999999,added
NPL,SSUN,Survey,2024,s_od_u,NA,2.48,added
NPL,SSUN,Survey,2024,s_sep_con_u,NA,71.91011235955057,added
NPL,SSUN,Survey,2024,s_sep_dtp_u,NA,19.047619047619047,added
NPL,SSUN,Survey,2024,s_sep_nemp_u,NA,79.34268173673442,added
NPL,SSUN,Survey,2024,s_sep_u,NA,45.76952,added
NPL,SSUN,Survey,2024,s_sew_net_u,NA,57.45614035087719,added
NPL,SSUN,Survey,2024,s_sew_rtp_u,NA,15.267175572519085,added
NPL,SSUN,Survey,2024,s_sew_u,NA,6.55,added
NPL,SSUN,Survey,2024,s_treat_fstp_u,NA,80,added
NRU,FHSS,Survey,2013,s_imp_n,NA,96.25,added
NRU,FHSS,Survey,2013,s_imp_u,NA,96.25,added
NRU,HEALE,Survey,2015,s_imp_n,NA,97.3,added
NRU,HEALE,Survey,2015,s_imp_u,NA,97.3,added
NRU,HEALE,Survey,2015,s_od_n,NA,2.2,added
NRU,HEALE,Survey,2015,s_od_u,NA,2.2,added
NRU,CEN,Census,2021,s_imp_n,NA,94.90351311232064,added
NRU,CEN,Census,2021,s_imp_u,NA,94.90351311232064,added
NRU,CEN,Census,2021,s_lat_n,NA,26.47204354280061,added
NRU,CEN,Census,2021,s_lat_u,NA,26.47204354280061,added
NRU,CEN,Census,2021,s_od_n,NA,0.5937654626422563,added
NRU,CEN,Census,2021,s_od_u,NA,0.5937654626422563,added
NRU,CEN,Census,2021,s_sep_n,NA,53.04304799604156,added
NRU,CEN,Census,2021,s_sep_u,NA,53.04304799604156,added
NRU,CEN,Census,2021,s_sew_n,NA,15.388421573478476,added
NRU,CEN,Census,2021,s_sew_u,NA,15.388421573478476,added
NRU,CEN,Census,2021,s_shared_n,NA,29.737753587333003,added
NRU,CEN,Census,2021,s_shared_u,NA,29.737753587333003,added
NRU,MICS,Survey,2023,s_imp_n,NA,97.39868,added
NRU,MICS,Survey,2023,s_imp_u,NA,97.39868,added
NRU,MICS,Survey,2023,s_lat_ero_n,NA,6.779642857,added
NRU,MICS,Survey,2023,s_lat_ero_u,NA,6.779642857,added
NRU,MICS,Survey,2023,s_lat_n,NA,2.2686099999999954,added
NRU,MICS,Survey,2023,s_lat_nemp_n,NA,93.22035714,added
NRU,MICS,Survey,2023,s_lat_nemp_u,NA,93.22035714,added
NRU,MICS,Survey,2023,s_lat_u,NA,2.2686099999999954,added
NRU,MICS,Survey,2023,s_od_n,NA,0.30248,added
NRU,MICS,Survey,2023,s_od_u,NA,0.30248,added
NRU,MICS,Survey,2023,s_sep_ero_n,NA,24.822102149,added
NRU,MICS,Survey,2023,s_sep_ero_u,NA,24.822102149,added
NRU,MICS,Survey,2023,s_sep_n,NA,72.38355,added
NRU,MICS,Survey,2023,s_sep_nemp_n,NA,75.17789785,added
NRU,MICS,Survey,2023,s_sep_nemp_u,NA,75.17789785,added
NRU,MICS,Survey,2023,s_sep_u,NA,72.38355,added
NRU,MICS,Survey,2023,s_sew_n,NA,22.74652,added
NRU,MICS,Survey,2023,s_sew_u,NA,22.74652,added
NRU,MICS,Survey,2023,s_shared_n,NA,24.09938,added
NRU,MICS,Survey,2023,s_shared_u,NA,24.09938,added
NZL,WWT,Admin,2020,s_lat_n,NA,0,added
NZL,WWT,Admin,2020,s_sep_n,NA,22.040000000000006,added
NZL,WWT,Admin,2020,s_sew_n,NA,77.96,added
NZL,WWT,Admin,2021,s_lat_n,NA,0,added
NZL,WWT,Admin,2021,s_sep_n,NA,18.180000000000007,added
NZL,WWT,Admin,2021,s_sew_n,NA,81.82,added
OMN,UNSD,Admin,2020,s_treat_wtp_n,NA,100,added
OMN,NAMA,Admin,2022,s_treat_wtp_n,NA,100,added
PAK,PIHS,Survey,2002,s_imp_r,22.20715198950187,NA,removed
PAK,PIHS,Survey,2002,s_imp_u,74.14752449735663,NA,removed
PAK,PIHS,Survey,2002,s_od_r,59,NA,removed
PAK,PIHS,Survey,2002,s_od_u,5,NA,removed
PAK,PIHS,Survey,2002,s_sew_r,2.2965433549399212,NA,removed
PAK,PIHS,Survey,2002,s_sew_u,50.51794639823888,NA,removed
PAK,PLSM,Survey,2014,s_imp_r,53.26033064243115,NA,removed
PAK,PSLM,Survey,2014,s_imp_r,NA,53.26033064243115,added
PAK,PLSM,Survey,2014,s_imp_u,80.36895772782599,NA,removed
PAK,PSLM,Survey,2014,s_imp_u,NA,80.36895772782599,added
PAK,PLSM,Survey,2014,s_lat_r,6.510170642431149,NA,removed
PAK,PSLM,Survey,2014,s_lat_r,NA,6.510170642431149,added
PAK,PLSM,Survey,2014,s_lat_u,1.0299577278259875,NA,removed
PAK,PSLM,Survey,2014,s_lat_u,NA,1.0299577278259875,added
PAK,PLSM,Survey,2014,s_od_r,25.66623,NA,removed
PAK,PSLM,Survey,2014,s_od_r,NA,25.66623,added
PAK,PLSM,Survey,2014,s_od_u,0.94875,NA,removed
PAK,PSLM,Survey,2014,s_od_u,NA,0.94875,added
PAK,PLSM,Survey,2014,s_sep_r,42.86975,NA,removed
PAK,PSLM,Survey,2014,s_sep_r,NA,42.86975,added
PAK,PLSM,Survey,2014,s_sep_u,20.69743,NA,removed
PAK,PSLM,Survey,2014,s_sep_u,NA,20.69743,added
PAK,PLSM,Survey,2014,s_sew_r,3.88041,NA,removed
PAK,PSLM,Survey,2014,s_sew_r,NA,3.88041,added
PAK,PLSM,Survey,2014,s_sew_u,58.64157,NA,removed
PAK,PSLM,Survey,2014,s_sew_u,NA,58.64157,added
PAK,CEN,Census,2017,s_imp_r,NA,55.32,added
PAK,CEN,Census,2017,s_imp_u,NA,84.22999999999999,added
PAK,CEN,Census,2017,s_lat_r,NA,28.75,added
PAK,CEN,Census,2017,s_lat_u,NA,10.239999999999997,added
PAK,CEN,Census,2017,s_od_r,NA,22.88,added
PAK,CEN,Census,2017,s_od_u,NA,2.13,added
PAK,CEN,Census,2017,s_sep_r,NA,15.98,added
PAK,CEN,Census,2017,s_sep_u,NA,8.24,added
PAK,CEN,Census,2017,s_sew_r,NA,10.59,added
PAK,CEN,Census,2017,s_sew_u,NA,65.75,added
PAK,PLSM,Survey,2019,s_imp_r,61.807680000000005,NA,removed
PAK,NNS,Survey,2019,s_imp_r,78.09382,NA,removed
PAK,PSLM,Survey,2019,s_imp_r,NA,61.807680000000005,added
PAK,MMS,Survey,2019,s_imp_r,NA,69.8,added
PAK,PLSM,Survey,2019,s_imp_u,81.50200000000001,NA,removed
PAK,NNS,Survey,2019,s_imp_u,95.84975,NA,removed
PAK,PSLM,Survey,2019,s_imp_u,NA,81.50200000000001,added
PAK,MMS,Survey,2019,s_imp_u,NA,94.4,added
PAK,PLSM,Survey,2019,s_lat_r,26.534890000000004,NA,removed
PAK,NNS,Survey,2019,s_lat_r,28.42671,NA,removed
PAK,PSLM,Survey,2019,s_lat_r,NA,26.534890000000004,added
PAK,MMS,Survey,2019,s_lat_r,NA,20.4,added
PAK,PLSM,Survey,2019,s_lat_u,7.757370000000009,NA,removed
PAK,NNS,Survey,2019,s_lat_u,13.914540000000002,NA,removed
PAK,PSLM,Survey,2019,s_lat_u,NA,7.757370000000009,added
PAK,MMS,Survey,2019,s_lat_u,NA,8.999999999999986,added
PAK,PLSM,Survey,2019,s_od_r,18.05916,NA,removed
PAK,NNS,Survey,2019,s_od_r,13.01712,NA,removed
PAK,PSLM,Survey,2019,s_od_r,NA,18.05916,added
PAK,MMS,Survey,2019,s_od_r,NA,23.7,added
PAK,PLSM,Survey,2019,s_od_u,1.02869,NA,removed
PAK,NNS,Survey,2019,s_od_u,1.37331,NA,removed
PAK,PSLM,Survey,2019,s_od_u,NA,1.02869,added
PAK,MMS,Survey,2019,s_od_u,NA,1.4,added
PAK,PLSM,Survey,2019,s_sep_r,29.67239,NA,removed
PAK,PSLM,Survey,2019,s_sep_r,NA,29.67239,added
PAK,MMS,Survey,2019,s_sep_r,NA,43,added
PAK,PLSM,Survey,2019,s_sep_u,14.23572,NA,removed
PAK,PSLM,Survey,2019,s_sep_u,NA,14.23572,added
PAK,MMS,Survey,2019,s_sep_u,NA,28.4,added
PAK,PLSM,Survey,2019,s_sew_r,5.6004,NA,removed
PAK,PSLM,Survey,2019,s_sew_r,NA,5.6004,added
PAK,MMS,Survey,2019,s_sew_r,NA,6.4,added
PAK,PLSM,Survey,2019,s_sew_u,59.50891,NA,removed
PAK,PSLM,Survey,2019,s_sew_u,NA,59.50891,added
PAK,MMS,Survey,2019,s_sew_u,NA,57,added
PAK,PLSM,Survey,2019,s_shared_r,17.11585,NA,removed
PAK,PSLM,Survey,2019,s_shared_r,NA,17.11585,added
PAK,PLSM,Survey,2019,s_shared_u,8.1515,NA,removed
PAK,PSLM,Survey,2019,s_shared_u,NA,8.1515,added
PAK,PSLM,Survey,2020,s_imp_r,NA,59.28469,added
PAK,MICSprov,Survey,2020,s_imp_r,NA,69.809393360534,added
PAK,PSLM,Survey,2020,s_imp_u,NA,80.58103500000001,added
PAK,MICSprov,Survey,2020,s_imp_u,NA,91.57064471706396,added
PAK,PSLM,Survey,2020,s_lat_ebo_r,NA,1.47664,added
PAK,MICSprov,Survey,2020,s_lat_ebo_r,NA,5.606778889759956,added
PAK,PSLM,Survey,2020,s_lat_ebo_u,NA,1.4913,added
PAK,MICSprov,Survey,2020,s_lat_ebo_u,NA,4.798928545122743,added
PAK,PSLM,Survey,2020,s_lat_edl_r,NA,3.42967,added
PAK,MICSprov,Survey,2020,s_lat_edl_r,NA,5.70614101830601,added
PAK,PSLM,Survey,2020,s_lat_edl_u,NA,4.79367,added
PAK,MICSprov,Survey,2020,s_lat_edl_u,NA,9.396331058986757,added
PAK,PSLM,Survey,2020,s_lat_ero_r,NA,1.06259,added
PAK,MICSprov,Survey,2020,s_lat_ero_r,NA,5.33742513531414,added
PAK,PSLM,Survey,2020,s_lat_ero_u,NA,1.10713,added
PAK,MICSprov,Survey,2020,s_lat_ero_u,NA,11.691559008091232,added
PAK,PSLM,Survey,2020,s_lat_nemp_r,NA,94.0311,added
PAK,MICSprov,Survey,2020,s_lat_nemp_r,NA,83.34965471325091,added
PAK,PSLM,Survey,2020,s_lat_nemp_u,NA,92.6079,added
PAK,MICSprov,Survey,2020,s_lat_nemp_u,NA,74.11318138779926,added
PAK,PSLM,Survey,2020,s_lat_r,NA,27.875259999999997,added
PAK,MICSprov,Survey,2020,s_lat_r,NA,18.649289601026737,added
PAK,PSLM,Survey,2020,s_lat_u,NA,5.5898850000000095,added
PAK,MICSprov,Survey,2020,s_lat_u,NA,5.485174564604648,added
PAK,PSLM,Survey,2020,s_od_r,NA,14.34415,added
PAK,MOU,Census,2020,s_od_r,NA,24.66793,added
PAK,MICSprov,Survey,2020,s_od_r,NA,20.826064652660172,added
PAK,PSLM,Survey,2020,s_od_u,NA,1.00127,added
PAK,MICSprov,Survey,2020,s_od_u,NA,2.3777395383845055,added
PAK,PSLM,Survey,2020,s_sep_ebo_r,NA,3.46999,added
PAK,MICSprov,Survey,2020,s_sep_ebo_r,NA,4.018973057674557,added
PAK,PSLM,Survey,2020,s_sep_ebo_u,NA,2.16936,added
PAK,MICSprov,Survey,2020,s_sep_ebo_u,NA,5.368521172754734,added
PAK,PSLM,Survey,2020,s_sep_edl_r,NA,4.17791,added
PAK,MICSprov,Survey,2020,s_sep_edl_r,NA,8.908056741991494,added
PAK,PSLM,Survey,2020,s_sep_edl_u,NA,3.20031,added
PAK,MICSprov,Survey,2020,s_sep_edl_u,NA,8.383876505332665,added
PAK,PSLM,Survey,2020,s_sep_ero_r,NA,5.63447,added
PAK,MICSprov,Survey,2020,s_sep_ero_r,NA,12.197919200576225,added
PAK,PSLM,Survey,2020,s_sep_ero_u,NA,7.31872,added
PAK,MICSprov,Survey,2020,s_sep_ero_u,NA,19.392346440378656,added
PAK,PSLM,Survey,2020,s_sep_nemp_r,NA,86.71762,added
PAK,MICSprov,Survey,2020,s_sep_nemp_r,NA,74.87505095584784,added
PAK,PSLM,Survey,2020,s_sep_nemp_u,NA,87.31161,added
PAK,MICSprov,Survey,2020,s_sep_nemp_u,NA,66.85525601187689,added
PAK,PSLM,Survey,2020,s_sep_r,NA,25.34456,added
PAK,MICSprov,Survey,2020,s_sep_r,NA,36.465578387270305,added
PAK,PSLM,Survey,2020,s_sep_u,NA,13.84386,added
PAK,MICSprov,Survey,2020,s_sep_u,NA,22.793630983434497,added
PAK,PSLM,Survey,2020,s_sew_r,NA,6.06487,added
PAK,MICSprov,Survey,2020,s_sew_r,NA,14.694525372236964,added
PAK,PSLM,Survey,2020,s_sew_u,NA,61.14729,added
PAK,MICSprov,Survey,2020,s_sew_u,NA,63.29183916902483,added
PAK,PSLM,Survey,2020,s_shared_r,NA,2.079798452127609,added
PAK,MICSprov,Survey,2020,s_shared_r,NA,12.97386,added
PAK,PSLM,Survey,2020,s_shared_u,NA,7.710719327481347,added
PAK,MICSprov,Survey,2020,s_shared_u,NA,7.256405000000001,added
PAK,CEN,Census,2023,s_od_r,NA,19.50012864829216,added
PAK,CEN,Census,2023,s_od_u,NA,2.5663537097979066,added
PAN,UNSD,Admin,2010,s_treat_wtp_n,NA,0,added
PAN,UNSD,Admin,2011,s_treat_wtp_n,NA,0,added
PAN,UNSD,Admin,2012,s_treat_wtp_n,NA,0,added
PAN,UNSD,Admin,2013,s_treat_wtp_n,NA,13.10311508178711,added
PAN,UNSD,Admin,2014,s_treat_wtp_n,NA,32.37569046020508,added
PAN,UNSD,Admin,2015,s_treat_wtp_n,NA,36.79941940307617,added
PAN,UNSD,Admin,2016,s_treat_wtp_n,NA,40.99638366699219,added
PAN,UNSD,Admin,2017,s_treat_wtp_n,NA,41.78152847290039,added
PAN,UNSD,Admin,2018,s_treat_wtp_n,NA,41.51095962524414,added
PAN,UNSD,Admin,2019,s_treat_wtp_n,NA,42.54786682128906,added
PAN,UNSD,Admin,2020,s_treat_wtp_n,NA,39.976356506347656,added
PAN,UNSD,Admin,2021,s_treat_wtp_n,NA,39.297813415527344,added
PAN,CEN,Census,2023,s_imp_r,NA,73.43256773696913,added
PAN,CEN,Census,2023,s_imp_u,NA,96.91891049417768,added
PAN,CEN,Census,2023,s_lat_r,NA,16.41510593882891,added
PAN,CEN,Census,2023,s_lat_u,NA,2.297934704075743,added
PAN,CEN,Census,2023,s_od_r,NA,6.900256861901313,added
PAN,CEN,Census,2023,s_od_u,NA,0.11973255299766336,added
PAN,CEN,Census,2023,s_sep_r,NA,53.47511967733227,added
PAN,CEN,Census,2023,s_sep_u,NA,36.65821732606158,added
PAN,CEN,Census,2023,s_sew_r,NA,3.542342120807952,added
PAN,CEN,Census,2023,s_sew_u,NA,57.96275846404036,added
PAN,CEN,Census,2023,s_shared_r,NA,2.3738983686480406,added
PAN,CEN,Census,2023,s_shared_u,NA,2.8860113617065286,added
PER,SUNASS,Admin,2000,s_sew_rtp_n,NA,20.737232882761557,added
PER,SUNASS,Admin,2000,s_treat_wtp_n,20.737232882761557,NA,removed
PER,SUNASS,Admin,2001,s_sew_rtp_n,NA,23.33317027337896,added
PER,SUNASS,Admin,2001,s_treat_wtp_n,23.33317027337896,NA,removed
PER,ENH,Survey,2002,s_imp_r,44.315830000000005,NA,removed
PER,ENAHO,Survey,2002,s_imp_r,NA,44.315830000000005,added
PER,ENH,Survey,2002,s_imp_u,90.184225,NA,removed
PER,ENAHO,Survey,2002,s_imp_u,NA,90.184225,added
PER,ENH,Survey,2002,s_lat_r,16.449870000000004,NA,removed
PER,ENAHO,Survey,2002,s_lat_r,NA,16.449870000000004,added
PER,ENH,Survey,2002,s_lat_u,5.2192249999999945,NA,removed
PER,ENAHO,Survey,2002,s_lat_u,NA,5.2192249999999945,added
PER,ENH,Survey,2002,s_od_r,36.81268,NA,removed
PER,ENAHO,Survey,2002,s_od_r,NA,36.81268,added
PER,ENH,Survey,2002,s_od_u,3.75235,NA,removed
PER,ENAHO,Survey,2002,s_od_u,NA,3.75235,added
PER,ENH,Survey,2002,s_sep_r,9.82355,NA,removed
PER,ENAHO,Survey,2002,s_sep_r,NA,9.82355,added
PER,ENH,Survey,2002,s_sep_u,4.80538,NA,removed
PER,ENAHO,Survey,2002,s_sep_u,NA,4.80538,added
PER,ENH,Survey,2002,s_sew_r,18.04241,NA,removed
PER,ENAHO,Survey,2002,s_sew_r,NA,18.04241,added
PER,SUNASS,Admin,2002,s_sew_rtp_n,NA,23.780184424387635,added
PER,ENH,Survey,2002,s_sew_u,80.15962,NA,removed
PER,ENAHO,Survey,2002,s_sew_u,NA,80.15962,added
PER,SUNASS,Admin,2002,s_treat_wtp_n,23.780184424387635,NA,removed
PER,SUNASS,Admin,2003,s_sew_rtp_n,NA,27.41247616897473,added
PER,SUNASS,Admin,2003,s_treat_wtp_n,27.41247616897473,NA,removed
PER,SUNASS,Admin,2004,s_sew_rtp_n,NA,28.0639814091406,added
PER,SUNASS,Admin,2004,s_treat_wtp_n,28.0639814091406,NA,removed
PER,SUNASS,Admin,2005,s_sew_rtp_n,NA,29.65993371890161,added
PER,SUNASS,Admin,2005,s_treat_wtp_n,29.65993371890161,NA,removed
PER,SUNASS,Admin,2006,s_sew_rtp_n,NA,28.108060211190907,added
PER,SUNASS,Admin,2006,s_treat_wtp_n,28.108060211190907,NA,removed
PER,SUNASS,Admin,2007,s_sew_rtp_n,NA,29.072544705689364,added
PER,SUNASS,Admin,2007,s_treat_wtp_n,29.072544705689364,NA,removed
PER,SUNASS,Admin,2008,s_sew_rtp_n,NA,32.918012332994934,added
PER,SUNASS,Admin,2008,s_treat_wtp_n,32.918012332994934,NA,removed
PER,SUNASS,Admin,2009,s_sew_rtp_n,NA,33.65106852474055,added
PER,SUNASS,Admin,2009,s_treat_wtp_n,33.65106852474055,NA,removed
PER,SUNASS,Admin,2010,s_sew_rtp_n,NA,32.719971879823404,added
PER,SUNASS,Admin,2010,s_treat_wtp_n,32.719971879823404,NA,removed
PER,SUNASS,Admin,2011,s_sew_rtp_n,NA,32.82815735664227,added
PER,SUNASS,Admin,2012,s_sew_rtp_n,NA,32.04925049340493,added
PER,SUNASS,Admin,2012,s_treat_wtp_n,32.04925049340493,NA,removed
PER,SUNASS,Admin,2013,s_sew_rtp_n,88,46.220823099340464,changed
PER,SUNASS,Admin,2013,s_treat_wtp_n,46.220823099340464,NA,removed
PER,SUNASS,Admin,2014,s_sew_rtp_n,NA,60.637763838556815,added
PER,SUNASS,Admin,2014,s_treat_wtp_n,60.637763838556815,NA,removed
PER,SUNASS,Admin,2015,s_sew_rtp_n,NA,65.43765008568539,added
PER,SUNASS,Admin,2015,s_treat_wtp_n,65.43765008568539,NA,removed
PER,ENDES,Survey,2016,s_sew_n,69.57109,NA,removed
PER,SUNASS,Admin,2016,s_sew_rtp_n,NA,66.4,added
PER,SUNASS,Admin,2016,s_treat_wtp_n,66.4,NA,removed
PER,SUNASS,Admin,2017,s_sew_rtp_n,NA,78.59,added
PER,SUNASS,Admin,2017,s_treat_wtp_n,78.59,NA,removed
PER,SUNASS,Admin,2018,s_sew_rtp_n,NA,79.2,added
PER,SUNASS,Admin,2018,s_treat_wtp_n,79.2,NA,removed
PER,ENDES,Survey,2019,s_imp_r,NA,61.98842500000001,added
PER,ENAPRES,Survey,2019,s_imp_r,NA,57.172045,added
PER,ENAHO,Survey,2019,s_imp_r,NA,55.553475,added
PER,ENDES,Survey,2019,s_imp_u,NA,94.895655,added
PER,ENAPRES,Survey,2019,s_imp_u,NA,93.61514,added
PER,ENAHO,Survey,2019,s_imp_u,NA,92.48909,added
PER,ENDES,Survey,2019,s_lat_r,NA,29.358815000000007,added
PER,ENAPRES,Survey,2019,s_lat_r,NA,17.897135,added
PER,ENAHO,Survey,2019,s_lat_r,NA,16.501284999999996,added
PER,ENDES,Survey,2019,s_lat_u,NA,5.574645000000004,added
PER,ENAPRES,Survey,2019,s_lat_u,NA,2.0206699999999955,added
PER,ENAHO,Survey,2019,s_lat_u,NA,2.6106999999999942,added
PER,ENDES,Survey,2019,s_od_r,NA,16.3606,added
PER,ENAPRES,Survey,2019,s_od_r,NA,16.94233,added
PER,ENAHO,Survey,2019,s_od_r,NA,15.0866,added
PER,ENDES,Survey,2019,s_od_u,NA,1.80967,added
PER,ENAPRES,Survey,2019,s_od_u,NA,1.32742,added
PER,ENAHO,Survey,2019,s_od_u,NA,1.08052,added
PER,ENDES,Survey,2019,s_sep_r,NA,11.16498,added
PER,ENAPRES,Survey,2019,s_sep_r,NA,19.8602,added
PER,ENAHO,Survey,2019,s_sep_r,NA,24.64289,added
PER,ENDES,Survey,2019,s_sep_u,NA,1.06178,added
PER,ENAPRES,Survey,2019,s_sep_u,NA,1.14761,added
PER,ENAHO,Survey,2019,s_sep_u,NA,2.44074,added
PER,ENDES,Survey,2019,s_sew_r,NA,21.46463,added
PER,ENAPRES,Survey,2019,s_sew_r,NA,19.41471,added
PER,ENAHO,Survey,2019,s_sew_r,NA,14.4093,added
PER,SUNASS,Admin,2019,s_sew_rtp_n,NA,77.9,added
PER,ENDES,Survey,2019,s_sew_u,NA,88.25923,added
PER,ENAPRES,Survey,2019,s_sew_u,NA,90.44686,added
PER,ENAHO,Survey,2019,s_sew_u,NA,87.43765,added
PER,ENDES,Survey,2019,s_shared_r,NA,8.468202712872289,added
PER,ENDES,Survey,2019,s_shared_u,NA,12.17607655519536,added
PER,ENDES,Survey,2020,s_imp_r,NA,67.001875,added
PER,ENAPRES,Survey,2020,s_imp_r,NA,59.819840000000006,added
PER,ENAHO,Survey,2020,s_imp_r,NA,59.888955,added
PER,ENDES,Survey,2020,s_imp_u,NA,95.00855,added
PER,ENAPRES,Survey,2020,s_imp_u,NA,92.95,added
PER,ENAHO,Survey,2020,s_imp_u,NA,91.369025,added
PER,ENDES,Survey,2020,s_lat_r,NA,30.408834999999996,added
PER,ENAPRES,Survey,2020,s_lat_r,NA,23.463010000000004,added
PER,ENAHO,Survey,2020,s_lat_r,NA,14.725755,added
PER,ENDES,Survey,2020,s_lat_u,NA,6.035499999999999,added
PER,ENAPRES,Survey,2020,s_lat_u,NA,3.350480000000005,added
PER,ENAHO,Survey,2020,s_lat_u,NA,3.5492849999999976,added
PER,ENDES,Survey,2020,s_od_r,NA,9.1837,added
PER,ENAPRES,Survey,2020,s_od_r,NA,11.62622,added
PER,ENAHO,Survey,2020,s_od_r,NA,12.53816,added
PER,ENDES,Survey,2020,s_od_u,NA,1.07596,added
PER,ENAPRES,Survey,2020,s_od_u,NA,1.05302,added
PER,ENAHO,Survey,2020,s_od_u,NA,0.9885,added
PER,ENDES,Survey,2020,s_sep_r,NA,11.1294,added
PER,ENAPRES,Survey,2020,s_sep_r,NA,16.5504,added
PER,ENAHO,Survey,2020,s_sep_r,NA,30.30589,added
PER,ENDES,Survey,2020,s_sep_u,NA,1.13679,added
PER,ENAPRES,Survey,2020,s_sep_u,NA,1.21911,added
PER,ENAHO,Survey,2020,s_sep_u,NA,3.33202,added
PER,ENDES,Survey,2020,s_sew_r,NA,25.46364,added
PER,ENAPRES,Survey,2020,s_sew_r,NA,19.80643,added
PER,ENAHO,Survey,2020,s_sew_r,NA,14.85731,added
PER,SUNASS,Admin,2020,s_sew_rtp_n,NA,77.5,added
PER,ENDES,Survey,2020,s_sew_u,NA,87.83626,added
PER,ENAPRES,Survey,2020,s_sew_u,NA,88.38041,added
PER,ENAHO,Survey,2020,s_sew_u,NA,84.48772,added
PER,ENDES,Survey,2020,s_shared_r,NA,6.374596057007274,added
PER,ENDES,Survey,2020,s_shared_u,NA,10.4070311181445,added
PER,SUNASS,Admin,2020,s_treat_wtp_n,NA,80.49,added
PER,ENDES,Survey,2021,s_imp_r,NA,64.46706499999999,added
PER,ENAPRES,Survey,2021,s_imp_r,NA,60.21336000000001,added
PER,ENAHO,Survey,2021,s_imp_r,NA,58.69741,added
PER,ENDES,Survey,2021,s_imp_u,NA,94.596355,added
PER,ENAPRES,Survey,2021,s_imp_u,NA,92.13704,added
PER,ENAHO,Survey,2021,s_imp_u,NA,90.99277,added
PER,ENDES,Survey,2021,s_lat_r,NA,31.25996499999999,added
PER,ENAPRES,Survey,2021,s_lat_r,NA,18.795410000000004,added
PER,ENAHO,Survey,2021,s_lat_r,NA,13.04289,added
PER,ENDES,Survey,2021,s_lat_u,NA,7.723825000000005,added
PER,ENAPRES,Survey,2021,s_lat_u,NA,3.4502200000000016,added
PER,ENAHO,Survey,2021,s_lat_u,NA,3.34751,added
PER,ENDES,Survey,2021,s_od_r,NA,13.06381,added
PER,ENAPRES,Survey,2021,s_od_r,NA,13.26711,added
PER,ENAHO,Survey,2021,s_od_r,NA,13.29197,added
PER,ENDES,Survey,2021,s_od_u,NA,1.43651,added
PER,ENAPRES,Survey,2021,s_od_u,NA,1.09442,added
PER,ENAHO,Survey,2021,s_od_u,NA,1.09083,added
PER,ENDES,Survey,2021,s_sep_r,NA,12.79145,added
PER,ENAPRES,Survey,2021,s_sep_r,NA,18.49835,added
PER,ENAHO,Survey,2021,s_sep_r,NA,32.68165,added
PER,ENDES,Survey,2021,s_sep_u,NA,1.48901,added
PER,ENAPRES,Survey,2021,s_sep_u,NA,1.44796,added
PER,ENAHO,Survey,2021,s_sep_u,NA,3.2391,added
PER,ENDES,Survey,2021,s_sew_r,NA,20.41565,added
PER,ENAPRES,Survey,2021,s_sew_r,NA,22.919600000000003,added
PER,ENAHO,Survey,2021,s_sew_r,NA,12.97287,added
PER,SUNASS,Admin,2021,s_sew_rtp_n,NA,79.4,added
PER,ENDES,Survey,2021,s_sew_u,NA,85.38352,added
PER,ENAPRES,Survey,2021,s_sew_u,NA,87.23886,added
PER,ENAHO,Survey,2021,s_sew_u,NA,84.40616,added
PER,ENDES,Survey,2021,s_shared_r,NA,9.431329188019106,added
PER,ENDES,Survey,2021,s_shared_u,NA,12.804767261908152,added
PER,ENDES,Survey,2022,s_imp_r,NA,65.89329000000001,added
PER,ENAPRES,Survey,2022,s_imp_r,NA,62.27582,added
PER,ENAHO,Survey,2022,s_imp_r,NA,56.613725,added
PER,ENDES,Survey,2022,s_imp_u,NA,95.62048,added
PER,ENAPRES,Survey,2022,s_imp_u,NA,91.744185,added
PER,ENAHO,Survey,2022,s_imp_u,NA,90.48523,added
PER,ENDES,Survey,2022,s_lat_r,NA,31.037690000000005,added
PER,ENAPRES,Survey,2022,s_lat_r,NA,18.67154,added
PER,ENAHO,Survey,2022,s_lat_r,NA,12.689635000000004,added
PER,ENDES,Survey,2022,s_lat_u,NA,8.091570000000004,added
PER,ENAPRES,Survey,2022,s_lat_u,NA,3.3504549999999966,added
PER,ENAHO,Survey,2022,s_lat_u,NA,3.36533,added
PER,ENDES,Survey,2022,s_od_r,NA,13.46738,added
PER,ENAPRES,Survey,2022,s_od_r,NA,11.68755,added
PER,ENAHO,Survey,2022,s_od_r,NA,11.68798,added
PER,ENDES,Survey,2022,s_od_u,NA,1.26472,added
PER,ENAPRES,Survey,2022,s_od_u,NA,0.99798,added
PER,ENAHO,Survey,2022,s_od_u,NA,0.8806,added
PER,ENDES,Survey,2022,s_sep_r,NA,13.07494,added
PER,ENAPRES,Survey,2022,s_sep_r,NA,16.31923,added
PER,ENAHO,Survey,2022,s_sep_r,NA,30.68634,added
PER,ENDES,Survey,2022,s_sep_u,NA,1.46424,added
PER,ENAPRES,Survey,2022,s_sep_u,NA,1.4892,added
PER,ENAHO,Survey,2022,s_sep_u,NA,3.17343,added
PER,ENDES,Survey,2022,s_sew_r,NA,21.78066,added
PER,ENAPRES,Survey,2022,s_sew_r,NA,27.28505,added
PER,ENAHO,Survey,2022,s_sew_r,NA,13.23775,added
PER,SUNASS,Admin,2022,s_sew_rtp_n,NA,83.38,added
PER,ENDES,Survey,2022,s_sew_u,NA,86.06466999999999,added
PER,ENAPRES,Survey,2022,s_sew_u,NA,86.90453000000001,added
PER,ENAHO,Survey,2022,s_sew_u,NA,83.94647,added
PER,ENDES,Survey,2022,s_shared_r,NA,9.93847901686178,added
PER,ENDES,Survey,2022,s_shared_u,NA,12.342135376823482,added
PER,ENDES,Survey,2023,s_imp_r,NA,67.92479499999999,added
PER,ENAPRES,Survey,2023,s_imp_r,NA,62.92388,added
PER,ENAHO,Survey,2023,s_imp_r,NA,57.187805,added
PER,ENDES,Survey,2023,s_imp_u,NA,96.12744499999998,added
PER,ENAPRES,Survey,2023,s_imp_u,NA,92.784595,added
PER,ENAHO,Survey,2023,s_imp_u,NA,90.02659500000001,added
PER,ENDES,Survey,2023,s_lat_r,NA,32.493444999999994,added
PER,ENAPRES,Survey,2023,s_lat_r,NA,19.52272,added
PER,ENAHO,Survey,2023,s_lat_r,NA,12.273715000000005,added
PER,ENDES,Survey,2023,s_lat_u,NA,8.179334999999995,added
PER,ENAPRES,Survey,2023,s_lat_u,NA,2.6725449999999995,added
PER,ENAHO,Survey,2023,s_lat_u,NA,3.403355000000005,added
PER,ENDES,Survey,2023,s_od_r,NA,12.1178,added
PER,ENAPRES,Survey,2023,s_od_r,NA,11.40207,added
PER,ENAHO,Survey,2023,s_od_r,NA,11.83757,added
PER,ENDES,Survey,2023,s_od_u,NA,1.31764,added
PER,ENAPRES,Survey,2023,s_od_u,NA,0.75833,added
PER,ENAHO,Survey,2023,s_od_u,NA,0.80985,added
PER,ENDES,Survey,2023,s_sep_r,NA,12.29139,added
PER,ENAPRES,Survey,2023,s_sep_r,NA,15.53394,added
PER,ENAHO,Survey,2023,s_sep_r,NA,30.17704,added
PER,ENDES,Survey,2023,s_sep_u,NA,1.88255,added
PER,ENAPRES,Survey,2023,s_sep_u,NA,1.95563,added
PER,ENAHO,Survey,2023,s_sep_u,NA,3.06828,added
PER,ENDES,Survey,2023,s_sew_r,NA,23.13996,added
PER,ENAPRES,Survey,2023,s_sew_r,NA,27.867220000000003,added
PER,ENAHO,Survey,2023,s_sew_r,NA,14.73705,added
PER,SUNASS,Admin,2023,s_sew_rtp_n,NA,83.29,added
PER,ENDES,Survey,2023,s_sew_u,NA,86.06555999999999,added
PER,ENAPRES,Survey,2023,s_sew_u,NA,88.15642,added
PER,ENAHO,Survey,2023,s_sew_u,NA,83.55496000000001,added
PER,ENDES,Survey,2023,s_shared_r,NA,11.19220637644946,added
PER,ENDES,Survey,2023,s_shared_u,NA,11.076127866089465,added
PHL,FIES,Survey,2000,s_lat_r,71.46291911383221,NA,removed
PHL,CEN,Census,2000,s_lat_r,69.81005747329246,NA,removed
PHL,FIES,Survey,2000,s_lat_u,83.41692108348684,NA,removed
PHL,CEN,Census,2000,s_lat_u,85.39665919222125,NA,removed
PHL,WHS,Survey,2003,s_lat_r,62.9,NA,removed
PHL,FIES,Survey,2003,s_lat_r,71.39036441996988,NA,removed
PHL,DHS,Survey,2003,s_lat_r,73.01320224719102,NA,removed
PHL,WHS,Survey,2003,s_lat_u,59.9,NA,removed
PHL,FIES,Survey,2003,s_lat_u,83.68386749092146,NA,removed
PHL,DHS,Survey,2003,s_lat_u,86.46399535423926,NA,removed
PHL,FIES,Survey,2006,s_lat_r,73.93870991156834,NA,removed
PHL,FIES,Survey,2006,s_lat_u,89.64773195161253,NA,removed
PHL,APIS,Survey,2010,s_imp_r,NA,87.0468,added
PHL,APIS,Survey,2010,s_imp_u,NA,97.09355,added
PHL,APIS,Survey,2010,s_od_r,NA,7.92476,added
PHL,APIS,Survey,2010,s_od_u,NA,1.81656,added
PHL,APIS,Survey,2011,s_imp_r,NA,87.0468,added
PHL,APIS,Survey,2011,s_imp_u,NA,97.09355,added
PHL,APIS,Survey,2011,s_od_r,NA,7.92476,added
PHL,APIS,Survey,2011,s_od_u,NA,1.81656,added
PHL,FIES,Survey,2012,s_shared_r,NA,9.514370664023788,added
PHL,FIES,Survey,2012,s_shared_u,NA,10.569852941176473,added
PHL,STEPWB,Survey,2016,s_shared_u,NA,14.02136,added
PHL,DHS,Survey,2022,s_imp_r,NA,93.25615,added
PHL,APIS,Survey,2022,s_imp_r,NA,92.04094,added
PHL,DHS,Survey,2022,s_imp_u,NA,97.03237,added
PHL,APIS,Survey,2022,s_imp_u,NA,96.09856,added
PHL,DHS,Survey,2022,s_lat_ebo_r,NA,1.06678,added
PHL,APIS,Survey,2022,s_lat_ebo_r,NA,0.20936,added
PHL,DHS,Survey,2022,s_lat_ebo_u,NA,0.35365,added
PHL,APIS,Survey,2022,s_lat_ebo_u,NA,3.476,added
PHL,DHS,Survey,2022,s_lat_edl_r,NA,1.72414,added
PHL,APIS,Survey,2022,s_lat_edl_r,NA,0.52478,added
PHL,DHS,Survey,2022,s_lat_edl_u,NA,12.53194,added
PHL,APIS,Survey,2022,s_lat_edl_u,NA,1.19389,added
PHL,DHS,Survey,2022,s_lat_ero_r,NA,0.01217,added
PHL,APIS,Survey,2022,s_lat_ero_r,NA,0.47292,added
PHL,DHS,Survey,2022,s_lat_ero_u,NA,0.96911,added
PHL,APIS,Survey,2022,s_lat_ero_u,NA,2.31159,added
PHL,DHS,Survey,2022,s_lat_nemp_r,NA,97.19691,added
PHL,APIS,Survey,2022,s_lat_nemp_r,NA,98.79293,added
PHL,DHS,Survey,2022,s_lat_nemp_u,NA,86.1453,added
PHL,APIS,Survey,2022,s_lat_nemp_u,NA,93.01851,added
PHL,DHS,Survey,2022,s_lat_r,NA,8.984590000000011,added
PHL,APIS,Survey,2022,s_lat_r,NA,21.990190000000013,added
PHL,DHS,Survey,2022,s_lat_u,NA,2.8404100000000057,added
PHL,APIS,Survey,2022,s_lat_u,NA,7.586790000000008,added
PHL,DHS,Survey,2022,s_od_r,NA,4.99122,added
PHL,APIS,Survey,2022,s_od_r,NA,5.16108,added
PHL,DHS,Survey,2022,s_od_u,NA,1.24129,added
PHL,APIS,Survey,2022,s_od_u,NA,1.91686,added
PHL,DHS,Survey,2022,s_sep_ebo_r,NA,0.90532,added
PHL,APIS,Survey,2022,s_sep_ebo_r,NA,0.83082,added
PHL,DHS,Survey,2022,s_sep_ebo_u,NA,1.37081,added
PHL,APIS,Survey,2022,s_sep_ebo_u,NA,0.89454,added
PHL,DHS,Survey,2022,s_sep_edl_r,NA,2.5491,added
PHL,APIS,Survey,2022,s_sep_edl_r,NA,1.15129,added
PHL,DHS,Survey,2022,s_sep_edl_u,NA,12.95668,added
PHL,APIS,Survey,2022,s_sep_edl_u,NA,3.04874,added
PHL,DHS,Survey,2022,s_sep_ero_r,NA,1.16736,added
PHL,APIS,Survey,2022,s_sep_ero_r,NA,1.54572,added
PHL,DHS,Survey,2022,s_sep_ero_u,NA,9.89222,added
PHL,APIS,Survey,2022,s_sep_ero_u,NA,15.46741,added
PHL,DHS,Survey,2022,s_sep_nemp_r,NA,95.37822,added
PHL,APIS,Survey,2022,s_sep_nemp_r,NA,96.47217,added
PHL,DHS,Survey,2022,s_sep_nemp_u,NA,75.78029,added
PHL,APIS,Survey,2022,s_sep_nemp_u,NA,80.58931,added
PHL,DHS,Survey,2022,s_sep_r,NA,83.14653,added
PHL,APIS,Survey,2022,s_sep_r,NA,68.01216,added
PHL,DHS,Survey,2022,s_sep_u,NA,89.55451,added
PHL,APIS,Survey,2022,s_sep_u,NA,82.85799,added
PHL,DHS,Survey,2022,s_sew_r,NA,1.12503,added
PHL,APIS,Survey,2022,s_sew_r,NA,2.03859,added
PHL,DHS,Survey,2022,s_sew_u,NA,4.63745,added
PHL,APIS,Survey,2022,s_sew_u,NA,5.65378,added
PHL,DHS,Survey,2022,s_shared_r,NA,13.42966,added
PHL,APIS,Survey,2022,s_shared_r,NA,10.54205,added
PHL,DHS,Survey,2022,s_shared_u,NA,13.38131,added
PHL,APIS,Survey,2022,s_shared_u,NA,13.13653,added
PHL,FIES,Survey,2023,s_imp_r,NA,93.16559,added
PHL,FIES,Survey,2023,s_imp_u,NA,97.61346,added
PHL,FIES,Survey,2023,s_lat_r,NA,20.63668,added
PHL,FIES,Survey,2023,s_lat_u,NA,8.313140000000004,added
PHL,FIES,Survey,2023,s_od_r,NA,3.20445,added
PHL,FIES,Survey,2023,s_od_u,NA,0.88721,added
PHL,FIES,Survey,2023,s_sep_r,NA,68.77636,added
PHL,FIES,Survey,2023,s_sep_u,NA,76.13654,added
PHL,FIES,Survey,2023,s_sew_r,NA,3.75255,added
PHL,FIES,Survey,2023,s_sew_u,NA,13.16378,added
PHL,FIES,Survey,2023,s_shared_r,NA,6.70003,added
PHL,FIES,Survey,2023,s_shared_u,NA,6.6087,added
PLW,HIES,Survey,2014,s_lat_r,0,NA,removed
PLW,HIES,Survey,2014,s_lat_u,0,NA,removed
PLW,HIES,Survey,2014,s_sep_r,88,NA,removed
PLW,HIES,Survey,2014,s_sep_u,32,NA,removed
PLW,HIES,Survey,2014,s_sew_r,12,NA,removed
PLW,HIES,Survey,2014,s_sew_u,68,NA,removed
PLW,HEALE,Survey,2018,s_imp_u,NA,97.4947807933194,added
PLW,CEN,Census,2020,s_imp_r,NA,92.13780918727916,added
PLW,CEN,Census,2020,s_imp_u,NA,98.5474006116208,added
PLW,CEN,Census,2020,s_lat_r,NA,27.73851590106007,added
PLW,CEN,Census,2020,s_lat_u,NA,9.862385321100916,added
PLW,CEN,Census,2020,s_sew_r,NA,64.39929328621908,added
PLW,CEN,Census,2020,s_sew_u,NA,88.68501529051987,added
PNG,SDHS,Survey,2022,s_imp_r,NA,28.04772,added
PNG,SDHS,Survey,2022,s_imp_u,NA,59.24892,added
PNG,SDHS,Survey,2022,s_lat_ebo_r,NA,15.08463,added
PNG,SDHS,Survey,2022,s_lat_ebo_u,NA,17.25496,added
PNG,SDHS,Survey,2022,s_lat_edl_r,NA,8.02953,added
PNG,SDHS,Survey,2022,s_lat_edl_u,NA,7.9484,added
PNG,SDHS,Survey,2022,s_lat_ero_r,NA,9.12399,added
PNG,SDHS,Survey,2022,s_lat_ero_u,NA,29.44562,added
PNG,SDHS,Survey,2022,s_lat_nemp_r,NA,67.76185,added
PNG,SDHS,Survey,2022,s_lat_nemp_u,NA,45.35102,added
PNG,SDHS,Survey,2022,s_lat_r,NA,22.31697,added
PNG,SDHS,Survey,2022,s_lat_u,NA,23.94581,added
PNG,SDHS,Survey,2022,s_od_r,NA,15.78372,added
PNG,SDHS,Survey,2022,s_od_u,NA,6.05401,added
PNG,SDHS,Survey,2022,s_sep_ebo_r,NA,15.08463,added
PNG,SDHS,Survey,2022,s_sep_ebo_u,NA,17.25496,added
PNG,SDHS,Survey,2022,s_sep_edl_r,NA,8.02953,added
PNG,SDHS,Survey,2022,s_sep_edl_u,NA,7.9484,added
PNG,SDHS,Survey,2022,s_sep_ero_r,NA,9.12399,added
PNG,SDHS,Survey,2022,s_sep_ero_u,NA,29.44562,added
PNG,SDHS,Survey,2022,s_sep_nemp_r,NA,67.76185,added
PNG,SDHS,Survey,2022,s_sep_nemp_u,NA,45.35102,added
PNG,SDHS,Survey,2022,s_sep_r,NA,2.82858,added
PNG,SDHS,Survey,2022,s_sep_u,NA,5.98787,added
PNG,SDHS,Survey,2022,s_sew_r,NA,2.90217,added
PNG,SDHS,Survey,2022,s_sew_u,NA,29.31524,added
PNG,SDHS,Survey,2022,s_shared_r,NA,21.19659,added
PNG,SDHS,Survey,2022,s_shared_u,NA,14.46497,added
POL,CEN,Census,2002,s_sep_r,65.4,NA,removed
POL,CEN,Census,2002,s_sep_u,11.3,NA,removed
POL,CEN,Census,2002,s_sew_r,14.3,NA,removed
POL,CEN,Census,2002,s_sew_u,84.4,NA,removed
POL,ES,Admin,2005,s_lat_ero_n,NA,100,added
POL,ES,Admin,2005,s_lat_n,0,25.60000000000001,changed
POL,ES,Admin,2005,s_sep_ero_n,100,NA,removed
POL,ES,Admin,2005,s_sep_n,25.6,NA,removed
POL,ES,Admin,2006,s_lat_ero_n,NA,100,added
POL,ES,Admin,2006,s_lat_n,0,25.6,changed
POL,ES,Admin,2006,s_sep_ero_n,100,NA,removed
POL,ES,Admin,2006,s_sep_n,25.6,NA,removed
POL,ES,Admin,2007,s_lat_ero_n,NA,100,added
POL,ES,Admin,2007,s_lat_n,0,25.60000000000001,changed
POL,ES,Admin,2007,s_sep_ero_n,100,NA,removed
POL,ES,Admin,2007,s_sep_n,25.6,NA,removed
POL,ES,Admin,2008,s_lat_ero_n,NA,100,added
POL,ES,Admin,2008,s_lat_n,0,25.699999999999996,changed
POL,ES,Admin,2008,s_sep_ero_n,100,NA,removed
POL,ES,Admin,2008,s_sep_n,25.7,NA,removed
POL,ES,Admin,2009,s_lat_ero_n,NA,100,added
POL,ES,Admin,2009,s_lat_n,0,25.799999999999997,changed
POL,ES,Admin,2009,s_sep_ero_n,100,NA,removed
POL,ES,Admin,2009,s_sep_n,25.8,NA,removed
POL,ES,Admin,2010,s_lat_ero_n,NA,100,added
POL,ES,Admin,2010,s_lat_n,0,25.200000000000003,changed
POL,ES,Admin,2010,s_sep_ero_n,100,NA,removed
POL,ES,Admin,2010,s_sep_n,25.2,NA,removed
POL,ES,Admin,2011,s_lat_ero_n,NA,100,added
POL,ES,Admin,2011,s_lat_n,0,25.09999999999999,changed
POL,ES,Admin,2011,s_sep_ero_n,100,NA,removed
POL,ES,Admin,2011,s_sep_n,25.1,NA,removed
POL,CEN,Census,2011,s_sep_r,66.9,NA,removed
POL,CEN,Census,2011,s_sep_u,11.3,NA,removed
POL,CEN,Census,2011,s_sew_r,22.9,NA,removed
POL,CEN,Census,2011,s_sew_u,86.3,NA,removed
POL,EU SILC,Admin,2012,s_imp_r,95.8,NA,removed
POL,EUSILC,Admin,2012,s_imp_r,NA,95.8,added
POL,EU SILC,Admin,2012,s_imp_u,98.85,NA,removed
POL,EUSILC,Admin,2012,s_imp_u,NA,98.85,added
POL,ES,Admin,2012,s_lat_ero_n,NA,100,added
POL,ES,Admin,2012,s_lat_n,0,25.10000000000001,changed
POL,ES,Admin,2012,s_sep_ero_n,100,NA,removed
POL,ES,Admin,2012,s_sep_n,25.1,NA,removed
POL,EU SILC,Admin,2012,s_sep_r,71.36993318485523,NA,removed
POL,EU SILC,Admin,2012,s_sep_u,11.444723360655743,NA,removed
POL,EU SILC,Admin,2012,s_sew_r,24.43006681514476,NA,removed
POL,EU SILC,Admin,2012,s_sew_u,87.40527663934427,NA,removed
POL,EUSILC,Admin,2012,s_shared_r,NA,0.7633587786259541,added
POL,EUSILC,Admin,2012,s_shared_u,NA,1.2282497441146365,added
POL,EU SILC,Admin,2013,s_imp_r,97.1,NA,removed
POL,EUSILC,Admin,2013,s_imp_r,NA,97.1,added
POL,EU SILC,Admin,2013,s_imp_u,99.3,NA,removed
POL,EUSILC,Admin,2013,s_imp_u,NA,99.3,added
POL,ES,Admin,2013,s_lat_ero_n,NA,100,added
POL,ES,Admin,2013,s_lat_n,0,24.89999999999999,changed
POL,ES,Admin,2013,s_sep_ero_n,100,NA,removed
POL,ES,Admin,2013,s_sep_n,24.9,NA,removed
POL,EU SILC,Admin,2014,s_imp_r,97.4,NA,removed
POL,EUSILC,Admin,2014,s_imp_r,NA,97.4,added
POL,EU SILC,Admin,2014,s_imp_u,99.3,NA,removed
POL,EUSILC,Admin,2014,s_imp_u,NA,99.3,added
POL,ES,Admin,2014,s_lat_ero_n,NA,100,added
POL,ES,Admin,2014,s_lat_n,0,22.40000000000001,changed
POL,ES,Admin,2014,s_sep_ero_n,100,NA,removed
POL,ES,Admin,2014,s_sep_n,22.4,NA,removed
POL,EU SILC,Admin,2015,s_imp_r,97.9,NA,removed
POL,EUSILC,Admin,2015,s_imp_r,NA,97.9,added
POL,EU SILC,Admin,2015,s_imp_u,99.2,NA,removed
POL,EUSILC,Admin,2015,s_imp_u,NA,99.2,added
POL,ES,Admin,2015,s_lat_ero_n,NA,100,added
POL,ES,Admin,2015,s_lat_n,0,21.59999999999999,changed
POL,ES,Admin,2015,s_sep_ero_n,100,NA,removed
POL,ES,Admin,2015,s_sep_n,21.6,NA,removed
POL,ES,Admin,2016,s_lat_ero_n,NA,100,added
POL,ES,Admin,2016,s_lat_n,0,21.289999999999992,changed
POL,ES,Admin,2016,s_sep_ero_n,100,NA,removed
POL,ES,Admin,2016,s_sep_n,21.29,NA,removed
POL,ES,Admin,2016,s_sew_rtp_n,NA,99.91,added
POL,ES,Admin,2017,s_lat_ero_n,NA,100,added
POL,ES,Admin,2017,s_lat_n,0,21.36,changed
POL,ES,Admin,2017,s_sep_ero_n,100,NA,removed
POL,ES,Admin,2017,s_sep_n,21.36,NA,removed
POL,EUSILC,Survey,2017,s_sep_r,73.00890868596882,NA,removed
POL,EUSILC,Survey,2017,s_sep_u,11.4968237704918,NA,removed
POL,ES,Admin,2017,s_sew_n,73.5,73.57,changed
POL,EUSILC,Survey,2017,s_sew_r,24.991091314031177,NA,removed
POL,ES,Admin,2017,s_sew_rtp_n,NA,99.93,added
POL,EUSILC,Survey,2017,s_sew_u,87.8031762295082,NA,removed
POL,ES,Admin,2017,s_treat_fstp_n,100,99.9048525214082,changed
POL,ES,Admin,2017,s_treat_wtp_n,100,99.9048525214082,changed
POL,ES,Admin,2018,s_lat_ero_n,NA,100,added
POL,ES,Admin,2018,s_lat_n,NA,21.980000000000004,added
POL,ES,Admin,2018,s_sew_n,NA,74.12,added
POL,ES,Admin,2018,s_sew_rtp_n,NA,99.88,added
POL,ES,Admin,2019,s_lat_ero_n,NA,100,added
POL,ES,Admin,2019,s_lat_n,NA,21.760000000000005,added
POL,ES,Admin,2019,s_sew_n,NA,75,added
POL,ES,Admin,2019,s_sew_rtp_n,NA,99.44,added
POL,ES,Admin,2020,s_lat_ero_n,NA,100,added
POL,ES,Admin,2020,s_lat_n,NA,21.629999999999995,added
POL,ES,Admin,2020,s_sew_n,NA,75.39,added
POL,ES,Admin,2020,s_sew_rtp_n,NA,99.19087412123623,added
POL,ES,Admin,2020,s_treat_wtp_n,NA,99.95989840930358,added
POL,ES,Admin,2021,s_lat_ero_n,NA,100,added
POL,ES,Admin,2021,s_lat_n,NA,21.709999999999994,added
POL,ES,Admin,2021,s_sew_n,NA,75.95,added
POL,ES,Admin,2021,s_sew_rtp_n,NA,99.28,added
POL,ES,Admin,2021,s_treat_wtp_n,NA,99.96012229163898,added
POL,ES,Admin,2022,s_lat_ero_n,NA,100,added
POL,ES,Admin,2022,s_lat_n,NA,21.72,added
POL,ES,Admin,2022,s_sew_n,NA,76,added
POL,ES,Admin,2022,s_sew_rtp_n,NA,99.71,added
POL,ES,Admin,2022,s_treat_wtp_n,NA,100,added
PRI,AAA,Other,2010,s_imp_n,99.79105,NA,removed
PRI,ACS,Survey,2010,s_imp_n,NA,99.79105,added
PRI,AAA,Other,2010,s_lat_n,0.20895000000000152,NA,removed
PRI,ACS,Survey,2010,s_lat_n,NA,0.20895000000000152,added
PRI,AAA,Other,2010,s_sew_n,99.5821,NA,removed
PRI,ACS,Survey,2010,s_sew_n,NA,99.5821,added
PRT,EU SILC,Admin,2012,s_imp_r,98.85,NA,removed
PRT,EUSILC,Admin,2012,s_imp_r,NA,98.85,added
PRT,EU SILC,Admin,2012,s_imp_u,99.55,NA,removed
PRT,EUSILC,Admin,2012,s_imp_u,NA,99.55,added
PRT,EU SILC,Admin,2012,s_lat_r,1.1500000000000057,NA,removed
PRT,EUSILC,Admin,2012,s_lat_r,NA,1.1500000000000057,added
PRT,EU SILC,Admin,2012,s_lat_u,0.4500000000000029,NA,removed
PRT,EUSILC,Admin,2012,s_lat_u,NA,0.4500000000000029,added
PRT,EU SILC,Admin,2012,s_shared_r,0.2047082906857728,NA,removed
PRT,EUSILC,Admin,2012,s_shared_r,NA,0.2047082906857728,added
PRT,EU SILC,Admin,2012,s_shared_u,0.4036326942482341,NA,removed
PRT,EUSILC,Admin,2012,s_shared_u,NA,0.4036326942482341,added
PRT,EU SILC,Admin,2013,s_imp_r,99.2,NA,removed
PRT,EUSILC,Admin,2013,s_imp_r,NA,99.2,added
PRT,EU SILC,Admin,2013,s_imp_u,99.7,NA,removed
PRT,EUSILC,Admin,2013,s_imp_u,NA,99.7,added
PRT,EU SILC,Admin,2013,s_lat_r,0.7999999999999972,NA,removed
PRT,EUSILC,Admin,2013,s_lat_r,NA,0.7999999999999972,added
PRT,EU SILC,Admin,2013,s_lat_u,0.29999999999999716,NA,removed
PRT,EUSILC,Admin,2013,s_lat_u,NA,0.29999999999999716,added
PRT,EU SILC,Admin,2014,s_imp_r,99.75,NA,removed
PRT,EUSILC,Admin,2014,s_imp_r,NA,99.75,added
PRT,EU SILC,Admin,2014,s_imp_u,99.65,NA,removed
PRT,EUSILC,Admin,2014,s_imp_u,NA,99.65,added
PRT,EU SILC,Admin,2014,s_lat_r,0.25,NA,removed
PRT,EUSILC,Admin,2014,s_lat_r,NA,0.25,added
PRT,EU SILC,Admin,2014,s_lat_u,0.3499999999999943,NA,removed
PRT,EUSILC,Admin,2014,s_lat_u,NA,0.3499999999999943,added
PRT,ERSA,Admin,2014,s_treat_wtp_n,89.4,NA,removed
PRT,ERSAR,Admin,2014,s_treat_wtp_n,NA,89.4,added
PRT,EU SILC,Admin,2015,s_imp_r,99.2,NA,removed
PRT,EUSILC,Admin,2015,s_imp_r,NA,99.2,added
PRT,EU SILC,Admin,2015,s_imp_u,99.6,NA,removed
PRT,EUSILC,Admin,2015,s_imp_u,NA,99.6,added
PRT,EU SILC,Admin,2015,s_lat_r,0.7999999999999972,NA,removed
PRT,EUSILC,Admin,2015,s_lat_r,NA,0.7999999999999972,added
PRT,EU SILC,Admin,2015,s_lat_u,0.4000000000000057,NA,removed
PRT,EUSILC,Admin,2015,s_lat_u,NA,0.4000000000000057,added
PRT,ERSAR,Admin,2021,s_imp_r,NA,100,added
PRT,ERSAR,Admin,2021,s_imp_u,NA,100,added
PRT,ERSAR,Admin,2021,s_lat_r,NA,0,added
PRT,ERSAR,Admin,2021,s_lat_u,NA,0,added
PRT,ERSAR,Admin,2021,s_sep_ero_r,NA,7.4074074074074066,added
PRT,ERSAR,Admin,2021,s_sep_ero_u,NA,13.086731119518005,added
PRT,ERSAR,Admin,2021,s_sep_nemp_r,NA,92.5925925925926,added
PRT,ERSAR,Admin,2021,s_sep_nemp_u,NA,86.913268880482,added
PRT,ERSAR,Admin,2021,s_sep_r,NA,27,added
PRT,ERSAR,Admin,2021,s_sep_u,NA,7.1370000000000005,added
PRT,ERSAR,Admin,2021,s_sew_r,NA,73,added
PRT,ERSAR,Admin,2021,s_sew_rtp_r,NA,98.56,added
PRT,ERSAR,Admin,2021,s_sew_rtp_u,NA,99.55,added
PRT,ERSAR,Admin,2021,s_sew_u,NA,92.863,added
PRT,ERSAR,Admin,2022,s_imp_r,NA,100,added
PRT,ERSAR,Admin,2022,s_imp_u,NA,100,added
PRT,ERSAR,Admin,2022,s_lat_r,NA,0,added
PRT,ERSAR,Admin,2022,s_lat_u,NA,0,added
PRT,ERSAR,Admin,2022,s_sep_r,NA,25,added
PRT,ERSAR,Admin,2022,s_sep_u,NA,6.202999999999989,added
PRT,ERSAR,Admin,2022,s_sew_r,NA,75,added
PRT,ERSAR,Admin,2022,s_sew_u,NA,93.797,added
PRY,EIGCV,Survey,2012,s_imp_r,NA,71.39833,added
PRY,EIGCV,Survey,2012,s_imp_u,NA,95.28056,added
PRY,EIGCV,Survey,2012,s_lat_r,NA,43.669520000000006,added
PRY,EIGCV,Survey,2012,s_lat_u,NA,28.623199999999997,added
PRY,EIGCV,Survey,2012,s_od_r,NA,1.50416,added
PRY,EIGCV,Survey,2012,s_od_u,NA,0.91678,added
PRY,EIGCV,Survey,2012,s_sep_r,NA,27.479,added
PRY,EIGCV,Survey,2012,s_sep_u,NA,51.6134,added
PRY,EIGCV,Survey,2012,s_sew_r,NA,0.24981,added
PRY,EIGCV,Survey,2012,s_sew_u,NA,15.04396,added
PRY,ENUT,Survey,2016,s_imp_r,NA,98.78549,added
PRY,ENUT,Survey,2016,s_imp_u,NA,98.81442,added
PRY,MICS,Survey,2016,s_lat_edl_r,16.66558,1.7293855700419996,changed
PRY,ENUT,Survey,2016,s_lat_r,NA,62.05508999999999,added
PRY,ENUT,Survey,2016,s_lat_u,NA,25.259820000000005,added
PRY,ENUT,Survey,2016,s_od_r,NA,0.93032,added
PRY,ENUT,Survey,2016,s_od_u,NA,0.93368,added
PRY,MICS,Survey,2016,s_sep_edl_r,25.98084,3.1316966785080003,changed
PRY,ENUT,Survey,2016,s_sep_r,NA,36.13251,added
PRY,ENUT,Survey,2016,s_sep_u,NA,56.35974,added
PRY,ENUT,Survey,2016,s_sew_r,NA,0.59789,added
PRY,ENUT,Survey,2016,s_sew_u,NA,17.19486,added
PRY,EPH,Survey,2019,s_imp_r,NA,89.661455,added
PRY,EPH,Survey,2019,s_imp_u,NA,98.365905,added
PRY,EPH,Survey,2019,s_lat_r,NA,51.286035000000005,added
PRY,EPH,Survey,2019,s_lat_u,NA,28.907254999999992,added
PRY,EPH,Survey,2019,s_od_r,NA,0.93138,added
PRY,EPH,Survey,2019,s_od_u,NA,0.42805,added
PRY,EPH,Survey,2019,s_sep_r,NA,38.05335,added
PRY,EPH,Survey,2019,s_sep_u,NA,56.79247,added
PRY,EPH,Survey,2019,s_sew_r,NA,0.32207,added
PRY,EPH,Survey,2019,s_sew_u,NA,12.66618,added
PRY,EPH,Survey,2020,s_imp_r,NA,92.285775,added
PRY,EPH,Survey,2020,s_imp_u,NA,98.19996,added
PRY,EPH,Survey,2020,s_lat_r,NA,49.609615000000005,added
PRY,EPH,Survey,2020,s_lat_u,NA,24.971639999999994,added
PRY,EPH,Survey,2020,s_od_r,NA,0.91713,added
PRY,EPH,Survey,2020,s_od_u,NA,0.43407,added
PRY,EPH,Survey,2020,s_sep_r,NA,42.15452,added
PRY,EPH,Survey,2020,s_sep_u,NA,60.9791,added
PRY,EPH,Survey,2020,s_sew_r,NA,0.52164,added
PRY,EPH,Survey,2020,s_sew_u,NA,12.24922,added
PRY,EPH,Survey,2021,s_imp_r,NA,93.282045,added
PRY,EPH,Survey,2021,s_imp_u,NA,98.14533,added
PRY,EPH,Survey,2021,s_lat_r,NA,44.805795,added
PRY,EPH,Survey,2021,s_lat_u,NA,23.993559999999988,added
PRY,EPH,Survey,2021,s_od_r,NA,0.85573,added
PRY,EPH,Survey,2021,s_od_u,NA,0.57941,added
PRY,EPH,Survey,2021,s_sep_r,NA,48.07706,added
PRY,EPH,Survey,2021,s_sep_u,NA,60.8977,added
PRY,EPH,Survey,2021,s_sew_r,NA,0.39919,added
PRY,EPH,Survey,2021,s_sew_u,NA,13.25407,added
PRY,EPH,Survey,2022,s_imp_r,NA,91.36637,added
PRY,EPH,Survey,2022,s_imp_u,NA,98.63523999999998,added
PRY,EPH,Survey,2022,s_lat_r,NA,43.77942999999999,added
PRY,EPH,Survey,2022,s_lat_u,NA,19.538299999999992,added
PRY,EPH,Survey,2022,s_od_r,NA,1.52457,added
PRY,EPH,Survey,2022,s_od_u,NA,0.58894,added
PRY,EPH,Survey,2022,s_sep_r,NA,47.58694,added
PRY,EPH,Survey,2022,s_sep_u,NA,64.50805,added
PRY,EPH,Survey,2022,s_sew_r,NA,0,added
PRY,EPH,Survey,2022,s_sew_u,NA,14.58889,added
PRY,EPH,Survey,2023,s_imp_r,NA,92.285775,added
PRY,EPH,Survey,2023,s_imp_u,NA,98.19996,added
PRY,EPH,Survey,2023,s_lat_r,NA,49.609615000000005,added
PRY,EPH,Survey,2023,s_lat_u,NA,24.971639999999994,added
PRY,EPH,Survey,2023,s_od_r,NA,0.91713,added
PRY,EPH,Survey,2023,s_od_u,NA,0.43407,added
PRY,EPH,Survey,2023,s_sep_r,NA,42.15452,added
PRY,EPH,Survey,2023,s_sep_u,NA,60.9791,added
PRY,EPH,Survey,2023,s_sew_r,NA,0.52164,added
PRY,EPH,Survey,2023,s_sew_u,NA,12.24922,added
PSE,PECS,Survey,2005,s_imp_r,98.6,99.2,changed
PSE,PECS,Survey,2005,s_imp_u,99.9,99.8,changed
PSE,PECS,Survey,2005,s_od_r,1.4,NA,removed
PSE,PECS,Survey,2005,s_od_u,0.1,NA,removed
PSE,PECS,Survey,2005,s_sep_r,NA,87.1,added
PSE,PECS,Survey,2005,s_sep_u,NA,32.4,added
PSE,PECS,Survey,2005,s_sew_r,12,12.1,changed
PSE,PECS,Survey,2005,s_sew_u,67.5,67.4,changed
PSE,PECS,Survey,2007,s_imp_r,99,NA,removed
PSE,PECS,Survey,2007,s_imp_u,99.9,NA,removed
PSE,PECS,Survey,2007,s_od_r,1,NA,removed
PSE,PECS,Survey,2007,s_od_u,0.2,NA,removed
PSE,PECS,Survey,2007,s_sew_r,6.3,NA,removed
PSE,PECS,Survey,2007,s_sew_u,65.9,NA,removed
PSE,PECS,Survey,2008,s_imp_r,NA,99.4,added
PSE,PECS,Survey,2008,s_imp_u,NA,100,added
PSE,PECS,Survey,2008,s_sep_r,NA,93,added
PSE,PECS,Survey,2008,s_sep_u,NA,34.2,added
PSE,PECS,Survey,2008,s_sew_r,NA,6.4,added
PSE,PECS,Survey,2008,s_sew_u,NA,65.8,added
PSE,SEMPHS,Survey,2009,s_imp_r,NA,95.3,added
PSE,SEMPHS,Survey,2009,s_imp_u,NA,99.8,added
PSE,SEMPHS,Survey,2009,s_sep_r,NA,91.1,added
PSE,SEMPHS,Survey,2009,s_sep_u,NA,42.900000000000006,added
PSE,SEMPHS,Survey,2009,s_sew_r,NA,4.2,added
PSE,SEMPHS,Survey,2009,s_sew_u,NA,56.9,added
PSE,PECS,Survey,2010,s_imp_r,99.1,96.9,changed
PSE,SEMPHS,Survey,2010,s_imp_r,NA,97.2,added
PSE,PECS,Survey,2010,s_imp_u,99.8,99.5,changed
PSE,SEMPHS,Survey,2010,s_imp_u,NA,99.6,added
PSE,PECS,Survey,2010,s_od_r,0.9,NA,removed
PSE,PECS,Survey,2010,s_od_u,0.1,NA,removed
PSE,PECS,Survey,2010,s_sep_r,NA,85.7,added
PSE,PECS,Survey,2010,s_sep_u,NA,37.8,added
PSE,PECS,Survey,2010,s_sew_r,12.8,11.2,changed
PSE,SEMPHS,Survey,2010,s_sew_r,NA,27.799999999999997,added
PSE,PECS,Survey,2010,s_sew_u,64.4,61.7,changed
PSE,SEMPHS,Survey,2010,s_sew_u,NA,74.89999999999999,added
PSE,PECS,Survey,2011,s_imp_r,100,99.5,changed
PSE,SEMPHS,Survey,2011,s_imp_r,NA,97.2,added
PSE,PECS,Survey,2011,s_imp_u,100,99.5,changed
PSE,SEMPHS,Survey,2011,s_imp_u,NA,99.9,added
PSE,PECS,Survey,2011,s_od_r,0,NA,removed
PSE,PECS,Survey,2011,s_od_u,0.1,NA,removed
PSE,PECS,Survey,2011,s_sep_r,NA,86.7,added
PSE,PECS,Survey,2011,s_sep_u,NA,35.1,added
PSE,PECS,Survey,2011,s_sew_r,9.7,12.8,changed
PSE,SEMPHS,Survey,2011,s_sew_r,NA,48,added
PSE,PECS,Survey,2011,s_sew_u,63.4,64.4,changed
PSE,SEMPHS,Survey,2011,s_sew_u,NA,74.4,added
PSE,SEMPHS,Survey,2012,s_imp_r,NA,99.7,added
PSE,PECS,Survey,2012,s_imp_r,NA,99.8,added
PSE,SEMPHS,Survey,2012,s_imp_u,NA,99.8,added
PSE,PECS,Survey,2012,s_imp_u,NA,100,added
PSE,SEMPHS,Survey,2012,s_sep_r,NA,89.7,added
PSE,PECS,Survey,2012,s_sep_r,NA,90.1,added
PSE,SEMPHS,Survey,2012,s_sep_u,NA,34.9,added
PSE,PECS,Survey,2012,s_sep_u,NA,36.6,added
PSE,SEMPHS,Survey,2012,s_sew_r,NA,10,added
PSE,PECS,Survey,2012,s_sew_r,NA,9.7,added
PSE,SEMPHS,Survey,2012,s_sew_u,NA,64.9,added
PSE,PECS,Survey,2012,s_sew_u,NA,63.4,added
PSE,MDG+,Other,2012,s_treat_wtp_n,74.23322945711006,NA,removed
PSE,MDG+,Other,2012,s_treat_wtp_r,51.95402298850574,NA,removed
PSE,MDG+,Other,2012,s_treat_wtp_u,74.55906821963396,NA,removed
PSE,SEMPHS,Survey,2013,s_imp_r,NA,97.4,added
PSE,SEMPHS,Survey,2013,s_imp_u,NA,99.9,added
PSE,SEMPHS,Survey,2013,s_sep_r,NA,87.3,added
PSE,SEMPHS,Survey,2013,s_sep_u,NA,32.2,added
PSE,SEMPHS,Survey,2013,s_sew_r,NA,10.1,added
PSE,SEMPHS,Survey,2013,s_sew_u,NA,67.7,added
PSE,MDG+,Other,2013,s_treat_wtp_r,52.06896551724138,NA,removed
PSE,MDG,Other,2013,s_treat_wtp_r,NA,52.06896551724138,added
PSE,WSRC,Other,2015,s_treat_wtp_n,NA,63.53633086700816,added
PSE,SECS,Survey,2021,s_imp_r,NA,99.41748,added
PSE,SECS,Survey,2021,s_imp_u,NA,99.92329,added
PSE,SECS,Survey,2021,s_lat_r,NA,0,added
PSE,SECS,Survey,2021,s_lat_u,NA,0,added
PSE,SECS,Survey,2021,s_od_r,NA,0.38835,added
PSE,SECS,Survey,2021,s_od_u,NA,0.07672,added
PSE,SECS,Survey,2021,s_sep_r,NA,84.07767,added
PSE,SECS,Survey,2021,s_sep_u,NA,39.70081,added
PSE,SECS,Survey,2021,s_sew_r,NA,15.33981,added
PSE,SECS,Survey,2021,s_sew_u,NA,60.22248,added
PSE,WSRC,Admin,2021,s_treat_wtp_n,NA,100,added
PYF,UNSD,Admin,2013,s_treat_wtp_n,NA,37.5,added
PYF,CEN,Census,2022,s_imp_n,NA,98,added
QAT,CEN,Census,2004,s_sew_n,NA,67.5,added
QAT,HIES,Survey,2013,s_imp_n,NA,99.93651,added
QAT,HIES,Survey,2013,s_lat_n,NA,0,added
QAT,HIES,Survey,2013,s_od_n,NA,0.063489,added
QAT,HIES,Survey,2013,s_sep_n,NA,15.88039,added
QAT,HIES,Survey,2013,s_sew_n,NA,84.05612,added
QAT,CEN,Census,2020,s_imp_n,NA,100,added
QAT,CEN,Census,2020,s_lat_n,NA,0,added
QAT,CEN,Census,2020,s_sep_n,NA,5.330910100894221,added
QAT,CEN,Census,2020,s_sew_n,NA,94.66908989910576,added
QAT,ES,Admin,2020,s_treat_wtp_u,NA,100,added
QAT,ES,Admin,2021,s_treat_wtp_u,NA,100,added
QAT,ES,Admin,2022,s_treat_wtp_u,NA,100,added
REU,UNSD,Admin,2014,s_treat_wtp_n,NA,100,added
REU,UNSD,Admin,2015,s_treat_wtp_n,NA,97,added
REU,UNSD,Admin,2017,s_treat_wtp_n,NA,100,added
REU,CEN,Census,2018,s_imp_n,NA,99.28586284153148,added
REU,CEN,Census,2018,s_lat_n,NA,3.4969741796161173,added
REU,CEN,Census,2018,s_sep_n,NA,46.104054499792575,added
REU,CEN,Census,2018,s_sew_n,NA,49.68483416212279,added
REU,CEN,Census,2019,s_imp_n,NA,99.28776432131951,added
REU,CEN,Census,2019,s_lat_n,NA,3.4966071771731606,added
REU,CEN,Census,2019,s_sep_n,NA,45.95378430881269,added
REU,CEN,Census,2019,s_sew_n,NA,49.83737283533367,added
REU,CEN,Census,2020,s_imp_n,NA,99.31293115914886,added
REU,CEN,Census,2020,s_lat_n,NA,3.3903290211748356,added
REU,CEN,Census,2020,s_sep_n,NA,45.695917989330646,added
REU,CEN,Census,2020,s_sew_n,NA,50.226684148643386,added
REU,CEN,Census,2021,s_imp_n,NA,99.33590999419856,added
REU,CEN,Census,2021,s_lat_n,NA,3.2075324148711104,added
REU,CEN,Census,2021,s_sep_n,NA,45.34200287242153,added
REU,CEN,Census,2021,s_sew_n,NA,50.78637470690593,added
ROU,ES,Admin,2005,s_sew_n,27.5,40.2,changed
ROU,ES,Admin,2005,s_sew_rtp_n,NA,87.3,added
ROU,ES,Admin,2006,s_sew_n,28,41.9,changed
ROU,ES,Admin,2006,s_sew_rtp_n,NA,86.1,added
ROU,ES,Admin,2007,s_sew_n,28.3,42.5,changed
ROU,ES,Admin,2007,s_sew_rtp_n,NA,85.8,added
ROU,ES,Admin,2008,s_lat_n,0,46.1,changed
ROU,ES,Admin,2008,s_sep_con_n,NA,51.47058823529411,added
ROU,ES,Admin,2008,s_sep_nemp_n,51.5,51.47058823529411,changed
ROU,ES,Admin,2008,s_sew_n,28.6,42.7,changed
ROU,ES,Admin,2008,s_sew_rtp_n,NA,85.9,added
ROU,ES,Admin,2009,s_lat_n,0,46.10000000000001,changed
ROU,ES,Admin,2009,s_sep_con_n,NA,51.5625,added
ROU,ES,Admin,2009,s_sep_nemp_n,51.6,51.5625,changed
ROU,ES,Admin,2009,s_sew_n,28.9,42.900000000000006,changed
ROU,ES,Admin,2009,s_sew_rtp_n,NA,86,added
ROU,ES,Admin,2010,s_lat_n,0,62.1,changed
ROU,ES,Admin,2010,s_sep_con_n,NA,60.29411764705883,added
ROU,ES,Admin,2010,s_sep_nemp_n,60.3,60.29411764705883,changed
ROU,ES,Admin,2010,s_sew_n,30.7,43.5,changed
ROU,ES,Admin,2010,s_sew_rtp_n,NA,87.2,added
ROU,ES,Admin,2011,s_lat_n,0,63.8,changed
ROU,ES,Admin,2011,s_sep_con_n,NA,71.875,added
ROU,ES,Admin,2011,s_sep_n,1.6,2.3,changed
ROU,ES,Admin,2011,s_sep_nemp_n,71.9,71.875,changed
ROU,ES,Admin,2011,s_sew_n,40,43.5,changed
ROU,ES,Admin,2011,s_sew_rtp_n,NA,96.5,added
ROU,EU SILC,Admin,2012,s_imp_r,64.13873216063723,NA,removed
ROU,EUSILC,Admin,2012,s_imp_r,NA,64.13873216063723,added
ROU,EU SILC,Admin,2012,s_imp_u,93.91156462585032,NA,removed
ROU,EUSILC,Admin,2012,s_imp_u,NA,93.91156462585032,added
ROU,ES,Admin,2012,s_lat_n,0,48.8,changed
ROU,ES,Admin,2012,s_sep_con_n,NA,68.42105263157893,added
ROU,ES,Admin,2012,s_sep_nemp_n,68.4,68.42105263157893,changed
ROU,ES,Admin,2012,s_sew_n,43.1,46.89999999999999,changed
ROU,ES,Admin,2012,s_sew_rtp_n,NA,96.2,added
ROU,EU SILC,Admin,2012,s_shared_r,0.5868544600938966,NA,removed
ROU,EUSILC,Admin,2012,s_shared_r,NA,0.5868544600938966,added
ROU,EU SILC,Admin,2012,s_shared_u,0.10327911179963854,NA,removed
ROU,EUSILC,Admin,2012,s_shared_u,NA,0.10327911179963854,added
ROU,EU SILC,Admin,2013,s_imp_r,69.05,NA,removed
ROU,EUSILC,Admin,2013,s_imp_r,NA,69.05,added
ROU,EU SILC,Admin,2013,s_imp_u,91.65,NA,removed
ROU,EUSILC,Admin,2013,s_imp_u,NA,91.65,added
ROU,ES,Admin,2013,s_lat_n,0,48.50000000000001,changed
ROU,ES,Admin,2013,s_sep_con_n,NA,69.44444444444444,added
ROU,ES,Admin,2013,s_sep_ero_n,30.6,30.555555555555557,changed
ROU,ES,Admin,2013,s_sep_nemp_n,69.4,69.44444444444444,changed
ROU,ES,Admin,2013,s_sew_n,44.1,46.7,changed
ROU,ES,Admin,2013,s_sew_rtp_n,NA,97.7,added
ROU,ES,Admin,2013,s_treat_wtp_n,80.27210884353741,79.72972972972973,changed
ROU,EU SILC,Admin,2014,s_imp_r,70.5,NA,removed
ROU,EUSILC,Admin,2014,s_imp_r,NA,70.5,added
ROU,EU SILC,Admin,2014,s_imp_u,93.9,NA,removed
ROU,EUSILC,Admin,2014,s_imp_u,NA,93.9,added
ROU,ES,Admin,2014,s_lat_n,0,49.099999999999994,changed
ROU,ES,Admin,2014,s_sep_con_n,NA,68.42105263157893,added
ROU,ES,Admin,2014,s_sep_ero_n,31.6,31.57894736842107,changed
ROU,ES,Admin,2014,s_sep_nemp_n,68.4,68.42105263157893,changed
ROU,ES,Admin,2014,s_sew_n,45.1,47.2,changed
ROU,ES,Admin,2014,s_sew_rtp_n,NA,97.9,added
ROU,EU SILC,Admin,2015,s_imp_r,70.5,NA,removed
ROU,EUSILC,Admin,2015,s_imp_r,NA,70.5,added
ROU,EU SILC,Admin,2015,s_imp_u,93.7,NA,removed
ROU,EUSILC,Admin,2015,s_imp_u,NA,93.7,added
ROU,ES,Admin,2015,s_lat_n,0,49.7,changed
ROU,ES,Admin,2015,s_sep_con_n,NA,52.63157894736842,added
ROU,ES,Admin,2015,s_sep_ero_n,47.4,47.36842105263158,changed
ROU,ES,Admin,2015,s_sep_nemp_n,52.6,52.63157894736842,changed
ROU,ES,Admin,2015,s_sew_rtp_n,NA,98.1,added
ROU,ES,Admin,2016,s_sep_con_n,NA,52.63157894736842,added
ROU,ES,Admin,2016,s_sew_n,47.8,49.3,changed
ROU,ES,Admin,2016,s_sew_rtp_n,NA,98.5,added
ROU,ES,Admin,2017,s_sep_con_n,NA,52.63157894736842,added
ROU,ES,Admin,2017,s_sew_n,49.6,51,changed
ROU,ES,Admin,2017,s_sew_rtp_n,NA,98.6,added
ROU,ES,Admin,2018,s_lat_n,NA,0,added
ROU,ES,Admin,2018,s_sep_con_n,NA,52.63157894736842,added
ROU,ES,Admin,2018,s_sep_ero_n,NA,47.36842105263158,added
ROU,ES,Admin,2018,s_sep_n,NA,1.9,added
ROU,ES,Admin,2018,s_sep_nemp_n,NA,52.63157894736842,added
ROU,ES,Admin,2018,s_sew_n,NA,52.8,added
ROU,ES,Admin,2018,s_sew_rtp_n,NA,98.7,added
ROU,ES,Admin,2018,s_treat_wtp_n,NA,93.20388349514565,added
ROU,HLCS,Survey,2019,s_imp_r,NA,76,added
ROU,HLCS,Survey,2019,s_imp_u,NA,97.65,added
ROU,ES,Admin,2019,s_lat_n,NA,0,added
ROU,ES,Admin,2019,s_sep_con_n,NA,52.63157894736842,added
ROU,ES,Admin,2019,s_sep_ero_n,NA,47.36842105263158,added
ROU,ES,Admin,2019,s_sep_n,NA,2,added
ROU,ES,Admin,2019,s_sep_nemp_n,NA,52.63157894736842,added
ROU,ES,Admin,2019,s_sew_n,NA,54.3,added
ROU,ES,Admin,2019,s_sew_rtp_n,NA,98.7,added
ROU,ES,Admin,2019,s_treat_wtp_n,NA,93.01886792452832,added
ROU,HLCS,Survey,2020,s_imp_r,NA,77.6,added
ROU,HLCS,Survey,2020,s_imp_u,NA,97.9,added
ROU,ES,Admin,2020,s_lat_n,NA,0,added
ROU,ES,Admin,2020,s_sep_con_n,NA,52.63157894736842,added
ROU,ES,Admin,2020,s_sep_ero_n,NA,47.36842105263158,added
ROU,ES,Admin,2020,s_sep_n,NA,2,added
ROU,ES,Admin,2020,s_sep_nemp_n,NA,52.63157894736842,added
ROU,ES,Admin,2020,s_sew_n,NA,56,added
ROU,ES,Admin,2020,s_sew_rtp_n,NA,98.7,added
ROU,ES,Admin,2020,s_treat_wtp_n,NA,94.51553930530164,added
ROU,HLCS,Survey,2021,s_imp_r,NA,79.7,added
ROU,HLCS,Survey,2021,s_imp_u,NA,97.95,added
ROU,ES,Admin,2021,s_lat_n,NA,0,added
ROU,ES,Admin,2021,s_sep_con_n,NA,52.63157894736842,added
ROU,ES,Admin,2021,s_sep_ero_n,NA,47.36842105263158,added
ROU,ES,Admin,2021,s_sep_n,NA,2,added
ROU,ES,Admin,2021,s_sep_nemp_n,NA,52.63157894736842,added
ROU,ES,Admin,2021,s_sew_n,NA,57.12,added
ROU,ES,Admin,2021,s_sew_rtp_n,NA,99.28,added
ROU,ES,Admin,2021,s_treat_wtp_n,NA,93.08510638297872,added
ROU,ES,Admin,2022,s_lat_n,NA,0,added
ROU,ES,Admin,2022,s_sep_con_n,NA,52.63157894736842,added
ROU,ES,Admin,2022,s_sep_ero_n,NA,47.36842105263158,added
ROU,ES,Admin,2022,s_sep_n,NA,2,added
ROU,ES,Admin,2022,s_sep_nemp_n,NA,52.63157894736842,added
ROU,ES,Admin,2022,s_sew_n,NA,58.37,added
ROU,ES,Admin,2022,s_sew_rtp_n,NA,99.71,added
ROU,ES,Admin,2022,s_treat_wtp_n,NA,93.08510638297872,added
RUS,RLMS,Survey,2000,s_imp_r,48.51468624833111,NA,removed
RUS,RLMS,Survey,2000,s_imp_u,91.36956432245051,NA,removed
RUS,RLMS,Survey,2000,s_lat_r,27.48664886515354,NA,removed
RUS,RLMS,Survey,2000,s_lat_u,8.509489057311953,NA,removed
RUS,RLMS,Survey,2001,s_imp_r,49.77810461695869,NA,removed
RUS,RLMS,Survey,2001,s_imp_u,94.38257115005229,NA,removed
RUS,RLMS,Survey,2001,s_lat_r,28.2024555569766,NA,removed
RUS,RLMS,Survey,2001,s_lat_u,8.790098347935256,NA,removed
RUS,RLMS,Survey,2002,s_imp_r,47.18699490239961,NA,removed
RUS,RLMS,Survey,2002,s_imp_u,94.79105131377229,NA,removed
RUS,RLMS,Survey,2002,s_lat_r,26.734427452443125,NA,removed
RUS,RLMS,Survey,2002,s_lat_u,8.828141185384254,NA,removed
RUS,RLMS,Survey,2003,s_imp_r,68.15811518324608,NA,removed
RUS,RLMS,Survey,2003,s_imp_u,96.59087301587302,NA,removed
RUS,RLMS,Survey,2003,s_lat_r,32.858115183246085,NA,removed
RUS,RLMS,Survey,2003,s_lat_u,3.6908730158730094,NA,removed
RUS,RLMS,Survey,2004,s_imp_r,61.8586387434555,NA,removed
RUS,RLMS,Survey,2004,s_imp_u,93.80595238095238,NA,removed
RUS,RLMS,Survey,2004,s_lat_r,39.3586387434555,NA,removed
RUS,RLMS,Survey,2004,s_lat_u,6.705952380952382,NA,removed
RUS,RLMS,Survey,2005,s_imp_r,62.79371727748691,NA,removed
RUS,RLMS,Survey,2005,s_imp_u,94.04603174603174,NA,removed
RUS,RLMS,Survey,2005,s_lat_r,38.393717277486914,NA,removed
RUS,RLMS,Survey,2005,s_lat_u,6.44603174603175,NA,removed
RUS,RLMS,Survey,2006,s_imp_r,67.91204188481674,NA,removed
RUS,RLMS,Survey,2006,s_imp_u,97.31111111111112,NA,removed
RUS,RLMS,Survey,2006,s_lat_r,33.11204188481675,NA,removed
RUS,RLMS,Survey,2006,s_lat_u,2.911111111111111,NA,removed
RUS,RLMS,Survey,2007,s_imp_r,69.4869109947644,NA,removed
RUS,RLMS,Survey,2007,s_imp_u,96.30277777777778,NA,removed
RUS,RLMS,Survey,2007,s_lat_r,31.4869109947644,NA,removed
RUS,RLMS,Survey,2007,s_lat_u,4.00277777777778,NA,removed
RUS,RLMS,Survey,2008,s_imp_r,76.52460732984294,NA,removed
RUS,RLMS,Survey,2008,s_imp_u,95.15039682539684,NA,removed
RUS,RLMS,Survey,2008,s_lat_r,24.22460732984294,NA,removed
RUS,RLMS,Survey,2008,s_lat_u,5.25039682539682,NA,removed
RUS,RLMS,Survey,2009,s_imp_r,69.33926701570681,NA,removed
RUS,RLMS,Survey,2009,s_imp_u,93.18174603174604,NA,removed
RUS,RLMS,Survey,2009,s_lat_r,31.639267015706807,NA,removed
RUS,RLMS,Survey,2009,s_lat_u,7.381746031746033,NA,removed
RUS,RLMS,Survey,2010,s_imp_r,69.68376963350785,NA,removed
RUS,RLMS,Survey,2010,s_imp_u,93.46984126984128,NA,removed
RUS,RLMS,Survey,2010,s_lat_r,31.283769633507852,NA,removed
RUS,RLMS,Survey,2010,s_lat_u,7.0698412698412625,NA,removed
RUS,RLMS,Survey,2011,s_imp_r,70.32356020942409,NA,removed
RUS,RLMS,Survey,2011,s_imp_u,93.27777777777776,NA,removed
RUS,RLMS,Survey,2011,s_lat_r,30.623560209424085,NA,removed
RUS,RLMS,Survey,2011,s_lat_u,7.2777777777777715,NA,removed
RUS,RLMS,Survey,2012,s_imp_r,69.73298429319372,NA,removed
RUS,RLMS,Survey,2012,s_imp_u,93.565873015873,NA,removed
RUS,RLMS,Survey,2012,s_lat_r,31.232984293193724,NA,removed
RUS,RLMS,Survey,2012,s_lat_u,6.965873015873015,NA,removed
RUS,RLMS,Survey,2013,s_imp_r,65.69738219895288,NA,removed
RUS,RLMS,Survey,2013,s_imp_u,94.76626984126985,NA,removed
RUS,RLMS,Survey,2013,s_lat_r,35.39738219895288,NA,removed
RUS,RLMS,Survey,2013,s_lat_u,5.666269841269838,NA,removed
RUS,RLMS,Survey,2014,s_imp_r,66.78010471204189,NA,removed
RUS,RLMS,Survey,2014,s_imp_u,92.65357142857142,NA,removed
RUS,RLMS,Survey,2014,s_lat_r,34.28010471204189,NA,removed
RUS,RLMS,Survey,2014,s_lat_u,7.953571428571422,NA,removed
RUS,RLMS,Survey,2015,s_imp_r,77.41047120418848,NA,removed
RUS,RLMS,Survey,2015,s_imp_u,95.3904761904762,NA,removed
RUS,RLMS,Survey,2015,s_lat_r,23.31047120418848,NA,removed
RUS,RLMS,Survey,2015,s_lat_u,4.990476190476187,NA,removed
RUS,RLMS,Survey,2016,s_imp_r,73.42408376963351,NA,removed
RUS,RLMS,Survey,2016,s_imp_u,98.17539682539685,NA,removed
RUS,RLMS,Survey,2016,s_lat_r,27.424083769633512,NA,removed
RUS,RLMS,Survey,2016,s_lat_u,1.975396825396828,NA,removed
RUS,RLMS,Survey,2017,s_imp_r,61.90785340314137,NA,removed
RUS,RLMS,Survey,2017,s_imp_u,95.15039682539684,NA,removed
RUS,RLMS,Survey,2017,s_lat_r,39.307853403141365,NA,removed
RUS,RLMS,Survey,2017,s_lat_u,5.25039682539682,NA,removed
RUS,SEIR,Admin,2017,s_treat_wtp_n,NA,68.07511737089202,added
RUS,RLMS,Survey,2018,s_imp_r,61.315706806282726,NA,removed
RUS,RLMS,Survey,2018,s_imp_u,95.10238095238095,NA,removed
RUS,RLMS,Survey,2018,s_lat_r,39.815706806282726,NA,removed
RUS,RLMS,Survey,2018,s_lat_u,5.3023809523809575,NA,removed
RUS,RLMS,Survey,2019,s_imp_r,61.46492146596859,NA,removed
RUS,RLMS,Survey,2019,s_imp_u,95.3904761904762,NA,removed
RUS,RLMS,Survey,2019,s_lat_r,39.764921465968584,NA,removed
RUS,RLMS,Survey,2019,s_lat_u,4.990476190476187,NA,removed
RUS,SO,Admin,2020,s_imp_n,NA,88.3,added
RUS,SO,Admin,2020,s_imp_r,NA,66.8,added
RUS,SO,Admin,2020,s_imp_u,NA,95.5,added
RUS,RLMS,Survey,2020,s_sew_r,NA,21.7,added
RUS,RLMS,Survey,2020,s_sew_u,NA,90.5,added
RUS,RLMS,Survey,2021,s_sew_r,NA,21.9,added
RUS,RLMS,Survey,2021,s_sew_u,NA,90.8,added
RUS,RLMS,Survey,2022,s_imp_r,NA,73.6,added
RUS,RLMS,Survey,2022,s_imp_u,NA,98.4,added
RUS,RLMS,Survey,2022,s_sep_r,NA,51.5,added
RUS,RLMS,Survey,2022,s_sep_u,NA,8.3,added
RUS,RLMS,Survey,2022,s_sew_r,NA,22.1,added
RUS,RLMS,Survey,2022,s_sew_u,NA,90.1,added
RWA,MICS,Survey,2000,s_imp_r,39.760576923076925,39.802847198649935,changed
RWA,EICV,Survey,2000,s_imp_r,50.8,NA,removed
RWA,DHS,Survey,2000,s_imp_r,49.14700761697496,54.073642830347424,changed
RWA,MICS,Survey,2000,s_imp_u,82.30927374301677,82.33975883741878,changed
RWA,EICV,Survey,2000,s_imp_u,87.9,NA,removed
RWA,DHS,Survey,2000,s_imp_u,87.69933184855235,92.69806748227988,changed
RWA,EICV,Survey,2000,s_od_r,4.9,NA,removed
RWA,DHS,Survey,2000,s_od_r,4.4,3.30201,changed
RWA,EICV,Survey,2000,s_od_u,1,NA,removed
RWA,DHS,Survey,2000,s_od_u,1.5,1.09541,changed
RWA,DHS,Survey,2000,s_shared_r,9.373490095023351,11.90628,changed
RWA,DHS,Survey,2000,s_shared_u,30.051150895140665,29.74024,changed
RWA,EICV,Survey,2002,s_imp_r,47.5,NA,removed
RWA,CEN,Census,2002,s_imp_r,47.598250503967414,47.62693602852997,changed
RWA,CEN,Census,2002,s_imp_u,85.40464853462531,85.42475934306626,changed
RWA,EICV,Survey,2002,s_od_r,6.5,NA,removed
RWA,EICV,Survey,2005,s_imp_r,58.5,NA,removed
RWA,DHS,Survey,2005,s_imp_r,58.746772486772485,59.61873052041632,changed
RWA,EICV,Survey,2005,s_imp_u,76.8,NA,removed
RWA,DHS,Survey,2005,s_imp_u,76.99293598233997,77.90267017456162,changed
RWA,EICV,Survey,2005,s_od_r,5,NA,removed
RWA,DHS,Survey,2005,s_od_r,4.8,3.44932,changed
RWA,EICV,Survey,2005,s_od_u,3.8,NA,removed
RWA,DHS,Survey,2005,s_od_u,3.4,2.60898,changed
RWA,DHS,Survey,2005,s_shared_r,11.005100881812362,10.76985,changed
RWA,DHS,Survey,2005,s_shared_u,25.80972593891298,25.43923,changed
RWA,EICV,Survey,2006,s_imp_r,55.3,58.46548,changed
RWA,CFSVA,Survey,2006,s_imp_r,61.048789058201066,61.02473157502672,changed
RWA,EICV,Survey,2006,s_imp_u,NA,76.74498,added
RWA,EICV,Survey,2006,s_od_r,6.7,5.0182,changed
RWA,EICV,Survey,2006,s_od_u,NA,3.82971,added
RWA,DHS,Survey,2008,s_imp_r,71.90377462609017,72.69416114885716,changed
RWA,DHS,Survey,2008,s_imp_u,87.45063885266141,87.83214939115942,changed
RWA,DHS,Survey,2008,s_od_r,2.4,2.35208,changed
RWA,DHS,Survey,2008,s_od_u,1.2,1.23746,changed
RWA,DHS,Survey,2008,s_shared_r,9.7,10.04665,changed
RWA,DHS,Survey,2008,s_shared_u,22.7,20.11681,changed
RWA,EICV,Survey,2010,s_imp_r,73.075,75.62553,changed
RWA,DHS,Survey,2010,s_imp_r,72.23130861753103,73.39008000000001,changed
RWA,EICV,Survey,2010,s_imp_u,82.59299999999999,84.98321000000001,changed
RWA,DHS,Survey,2010,s_imp_u,87.60038836394799,88.01671,changed
RWA,DHS,Survey,2010,s_lat_r,72.04783616517696,73.16492000000001,changed
RWA,DHS,Survey,2010,s_lat_u,84.09621761570993,83.99108000000001,changed
RWA,EICV,Survey,2010,s_od_r,6.592,4.82989,changed
RWA,DHS,Survey,2010,s_od_r,1.50867570757101,1.17231,changed
RWA,EICV,Survey,2010,s_od_u,3.305,2.52582,changed
RWA,DHS,Survey,2010,s_od_u,0.881382697606815,0.76146,changed
RWA,DHS,Survey,2010,s_sep_r,0.0387819254095475,0.03927,changed
RWA,DHS,Survey,2010,s_sep_u,0.334693132895369,0.32885,changed
RWA,DHS,Survey,2010,s_sew_r,0.144690526944518,0.18589,changed
RWA,DHS,Survey,2010,s_sew_u,3.16947761534268,3.69678,changed
RWA,DHS,Survey,2010,s_shared_r,NA,14.39249,added
RWA,DHS,Survey,2010,s_shared_u,NA,35.99347,added
RWA,EICV,Survey,2014,s_imp_r,NA,83.22887,added
RWA,EICV,Survey,2014,s_imp_u,NA,94.50762,added
RWA,EICV,Survey,2014,s_od_r,1.2000000000000002,2.69941,changed
RWA,EICV,Survey,2014,s_od_u,3.6,0.85564,changed
RWA,EICV,Survey,2014,s_shared_r,NA,12.10009,added
RWA,EICV,Survey,2014,s_shared_u,NA,37.9956,added
RWA,DHS,Survey,2015,s_shared_r,13.24383,13.32023,changed
RWA,DHS,Survey,2015,s_shared_u,42.6383,41.1996,changed
RWA,EICV,Survey,2017,s_imp_r,84.39999999999999,85.87887,changed
RWA,EICV,Survey,2017,s_imp_u,93.6,93.94413,changed
RWA,EICV,Survey,2017,s_od_r,4.2,3.21168,changed
RWA,EICV,Survey,2017,s_od_u,2.1,1.81961,changed
RWA,EICV,Survey,2017,s_shared_r,NA,11.9904,added
RWA,EICV,Survey,2017,s_shared_u,NA,41.74856,added
RWA,CFSVA,Survey,2018,s_imp_r,NA,95.87593,added
RWA,CFSVA,Survey,2018,s_imp_u,NA,98.37833,added
RWA,CFSVA,Survey,2018,s_od_r,NA,2.48661,added
RWA,CFSVA,Survey,2018,s_od_u,NA,1.12907,added
RWA,CFSVA,Survey,2018,s_shared_r,NA,5.98398,added
RWA,CFSVA,Survey,2018,s_shared_u,NA,30.55121,added
RWA,DHS,Survey,2019,s_imp_r,NA,69.68133999999999,added
RWA,DHS,Survey,2019,s_imp_u,NA,87.74397000000002,added
RWA,DHS,Survey,2019,s_lat_r,NA,68.92904999999999,added
RWA,DHS,Survey,2019,s_lat_u,NA,77.11081000000001,added
RWA,DHS,Survey,2019,s_od_r,NA,2.8894,added
RWA,DHS,Survey,2019,s_od_u,NA,0.95287,added
RWA,DHS,Survey,2019,s_sep_r,NA,0.30091,added
RWA,DHS,Survey,2019,s_sep_u,NA,4.65626,added
RWA,DHS,Survey,2019,s_sew_r,NA,0.45138,added
RWA,DHS,Survey,2019,s_sew_u,NA,5.9769,added
RWA,DHS,Survey,2019,s_shared_r,NA,10.05403,added
RWA,DHS,Survey,2019,s_shared_u,NA,41.53542,added
RWA,LFS,Survey,2020,s_imp_r,NA,96.78068,added
RWA,LFS,Survey,2020,s_imp_u,NA,99.19563,added
RWA,LFS,Survey,2020,s_od_r,NA,1.14961,added
RWA,LFS,Survey,2020,s_od_u,NA,0.13825,added
RWA,LFS,Survey,2021,s_imp_r,NA,97.42101,added
RWA,CFSVA,Survey,2021,s_imp_r,NA,97.45174,added
RWA,LFS,Survey,2021,s_imp_u,NA,98.51001,added
RWA,CFSVA,Survey,2021,s_imp_u,NA,98.99344,added
RWA,LFS,Survey,2021,s_od_r,NA,0.81252,added
RWA,CFSVA,Survey,2021,s_od_r,NA,0.6999,added
RWA,LFS,Survey,2021,s_od_u,NA,0.57888,added
RWA,CFSVA,Survey,2021,s_od_u,NA,0.43445,added
RWA,CFSVA,Survey,2021,s_shared_r,NA,7.378550000000001,added
RWA,CFSVA,Survey,2021,s_shared_u,NA,29.86957,added
RWA,LFS,Survey,2022,s_imp_r,NA,97.39412,added
RWA,CEN,Census,2022,s_imp_r,NA,95.28574398499316,added
RWA,LFS,Survey,2022,s_imp_u,NA,99.27494,added
RWA,CEN,Census,2022,s_imp_u,NA,95.1666686102902,added
RWA,LFS,Survey,2022,s_od_r,NA,1.55941,added
RWA,CEN,Census,2022,s_od_r,NA,0.5,added
RWA,LFS,Survey,2022,s_od_u,NA,0.57537,added
RWA,CEN,Census,2022,s_od_u,NA,0.2,added
RWA,CEN,Census,2022,s_shared_r,NA,21.5,added
RWA,CEN,Census,2022,s_shared_u,NA,43.6,added
RWA,LFS,Survey,2023,s_imp_r,NA,97.52769,added
RWA,LFS,Survey,2023,s_imp_u,NA,98.66412,added
RWA,LFS,Survey,2023,s_od_r,NA,1.15311,added
RWA,LFS,Survey,2023,s_od_u,NA,0.9268,added
SAU,CEN,Census,2004,s_imp_n,98.60570221233895,NA,removed
SAU,CEN,Census,2004,s_lat_n,1.1221015813716662,NA,removed
SAU,CEN,Census,2004,s_sep_n,60.2,NA,removed
SAU,CEN,Census,2004,s_sew_n,37.2836006309673,NA,removed
SAU,CEN,Census,2010,s_imp_n,99.3,NA,removed
SAU,CEN,Census,2010,s_lat_n,0,NA,removed
SAU,CEN,Census,2010,s_sep_n,49.9,NA,removed
SAU,CEN,Census,2010,s_sew_n,49.4,NA,removed
SAU,MDG+,Admin,2012,s_treat_wtp_u,100,NA,removed
SAU,MDG+,Admin,2013,s_treat_wtp_u,100,NA,removed
SAU,ES,Admin,2016,s_treat_wtp_n,NA,100,added
SAU,HS,Survey,2017,s_imp_n,99.99900232103472,NA,removed
SAU,HS,Survey,2017,s_lat_n,0.12102995425676966,NA,removed
SAU,HS,Survey,2017,s_sep_n,45.7,NA,removed
SAU,HS,Survey,2017,s_sew_n,54.17797236677795,NA,removed
SAU,ES,Admin,2017,s_treat_wtp_n,NA,100,added
SAU,HS,Survey,2018,s_imp_n,100,NA,removed
SAU,HS,Survey,2018,s_lat_n,0.31600362897364676,NA,removed
SAU,HS,Survey,2018,s_sep_n,43.29706401774611,NA,removed
SAU,HS,Survey,2018,s_sew_n,56.38693235328025,NA,removed
SAU,ES,Admin,2018,s_treat_wtp_n,NA,100,added
SAU,WHS,Survey,2019,s_imp_r,NA,99.7,added
SAU,WHS,Survey,2019,s_imp_u,NA,99.7,added
SAU,WHS,Survey,2019,s_lat_r,NA,4,added
SAU,WHS,Survey,2019,s_lat_u,NA,0.7000000000000028,added
SAU,WHS,Survey,2019,s_sep_r,NA,50.1,added
SAU,WHS,Survey,2019,s_sep_u,NA,21.7,added
SAU,WHS,Survey,2019,s_sew_r,NA,45.6,added
SAU,WHS,Survey,2019,s_sew_u,NA,77.3,added
SAU,WHS,Survey,2019,s_shared_r,NA,7.5,added
SAU,WHS,Survey,2019,s_shared_u,NA,3.8,added
SAU,ES,Admin,2019,s_treat_wtp_n,NA,98.51667577911428,added
SAU,MEWA,Admin,2020,s_treat_wtp_n,NA,97.84,added
SAU,ES,Admin,2020,s_treat_wtp_n,NA,98.08766404199474,added
SAU,MEWA,Admin,2021,s_treat_wtp_n,NA,99.6099609960996,added
SAU,ES,Admin,2021,s_treat_wtp_n,NA,99.63231387218124,added
SAU,HES,Survey,2022,s_imp_r,NA,99.0131257312019,added
SAU,HES,Survey,2022,s_imp_u,NA,99.94516603617647,added
SAU,HES,Survey,2022,s_lat_ero_n,NA,51.21603590205784,added
SAU,HES,Survey,2022,s_lat_nemp_n,NA,48.78396409794216,added
SAU,HES,Survey,2022,s_od_r,NA,0.6105759304840171,added
SAU,HES,Survey,2022,s_od_u,NA,0.02314671299943872,added
SAU,HES,Survey,2022,s_sep_ero_n,NA,51.21603590205784,added
SAU,HES,Survey,2022,s_sep_nemp_n,NA,48.78396409794216,added
SAU,MEWA,Admin,2022,s_treat_wtp_n,NA,99.21897941835606,added
SAU,ES,Admin,2022,s_treat_wtp_n,NA,99.21897941835606,added
SAU,HES,Survey,2023,s_imp_r,NA,99.41213151445204,added
SAU,HES,Survey,2023,s_imp_u,NA,99.89407737865366,added
SAU,HES,Survey,2023,s_od_r,NA,0.5691923679062046,added
SAU,HES,Survey,2023,s_od_u,NA,0.06617039202628554,added
SAU,HES,Survey,2023,s_shared_r,NA,0.00505100843129036,added
SAU,HES,Survey,2023,s_shared_u,NA,6.414532306132648e-4,added
SAU,ES,Admin,2023,s_treat_wtp_n,NA,98.97293747179792,added
SDN,AFB,Survey,2021,s_od_r,NA,20.20334,added
SDN,AFB,Survey,2021,s_od_u,NA,7.69482,added
SDN,SLMPS,Survey,2022,s_imp_r,NA,56.16169,added
SDN,SLMPS,Survey,2022,s_imp_u,NA,86.26077000000001,added
SDN,SLMPS,Survey,2022,s_lat_r,NA,56.07615,added
SDN,SLMPS,Survey,2022,s_lat_u,NA,84.77915,added
SDN,SLMPS,Survey,2022,s_od_r,NA,37.91218,added
SDN,SLMPS,Survey,2022,s_od_u,NA,5.4848,added
SDN,SLMPS,Survey,2022,s_sew_r,NA,0.08553999999999999,added
SDN,SLMPS,Survey,2022,s_sew_u,NA,1.48162,added
SDN,SLMPS,Survey,2022,s_shared_r,NA,3.1624,added
SDN,SLMPS,Survey,2022,s_shared_u,NA,10.33617,added
SEN,ESPS,Survey,2011,s_sep_edl_r,NA,20.05404,added
SEN,ESPS,Survey,2011,s_sep_edl_u,NA,14.33582,added
SEN,ESPS,Survey,2011,s_sep_ero_r,41.41175,44.78368,changed
SEN,ESPS,Survey,2011,s_sep_ero_u,57.03984,60.46018,changed
SEN,AFB,Survey,2013,s_od_r,NA,8.57029,added
SEN,AFB,Survey,2013,s_od_u,NA,0.57355,added
SEN,AFB,Survey,2014,s_od_r,NA,7.37273,added
SEN,AFB,Survey,2014,s_od_u,NA,0.35818,added
SEN,EEAH,Survey,2017,s_imp_r,NA,55.2,added
SEN,EEAH,Survey,2017,s_imp_u,NA,91.4,added
SEN,EEAH,Survey,2017,s_lat_r,NA,25.700000000000003,added
SEN,EEAH,Survey,2017,s_lat_u,NA,18.19999999999999,added
SEN,EEAH,Survey,2017,s_od_r,NA,31.2,added
SEN,EEAH,Survey,2017,s_od_u,NA,4.3,added
SEN,EEAH,Survey,2017,s_sep_r,NA,29.5,added
SEN,EEAH,Survey,2017,s_sep_u,NA,50.4,added
SEN,EEAH,Survey,2017,s_sew_r,NA,0,added
SEN,UNSD,Admin,2017,s_sew_rtp_n,NA,44.4444465637207,added
SEN,EEAH,Survey,2017,s_sew_u,NA,22.8,added
SEN,EEAH,Survey,2017,s_shared_r,NA,15.899999999999997,added
SEN,EEAH,Survey,2017,s_shared_u,NA,30.600000000000012,added
SEN,WHO,Other,2017,s_treat_wtp_n,34.77,NA,removed
SEN,UNSD,Admin,2017,s_treat_wtp_n,NA,100,added
SEN,EHCVM,Survey,2018,s_imp_r,NA,62.65816000000002,added
SEN,EHCVM,Survey,2018,s_imp_u,NA,93.40852,added
SEN,EHCVM,Survey,2018,s_lat_r,NA,40.13632000000001,added
SEN,EHCVM,Survey,2018,s_lat_u,NA,33.013000000000005,added
SEN,EHCVM,Survey,2018,s_od_r,NA,14.32262,added
SEN,EHCVM,Survey,2018,s_od_u,NA,0.78659,added
SEN,EHCVM,Survey,2018,s_sep_r,NA,22.28931,added
SEN,EHCVM,Survey,2018,s_sep_u,NA,45.269189999999995,added
SEN,EHCVM,Survey,2018,s_sew_r,NA,0.23253,added
SEN,EHCVM,Survey,2018,s_sew_u,NA,15.12633,added
SEN,EHCVM,Survey,2018,s_shared_r,NA,17.57993,added
SEN,EHCVM,Survey,2018,s_shared_u,NA,20.12053,added
SEN,MIS,Survey,2021,s_imp_r,NA,57.3615,added
SEN,MIS,Survey,2021,s_imp_u,NA,93.18228999999998,added
SEN,MIS,Survey,2021,s_lat_r,NA,31.32415,added
SEN,MIS,Survey,2021,s_lat_u,NA,13.575489999999988,added
SEN,MIS,Survey,2021,s_od_r,NA,13.68488,added
SEN,AFB,Survey,2021,s_od_r,NA,6.93841,added
SEN,MIS,Survey,2021,s_od_u,NA,0.89536,added
SEN,AFB,Survey,2021,s_od_u,NA,1.37186,added
SEN,MIS,Survey,2021,s_sep_r,NA,24.50735,added
SEN,MIS,Survey,2021,s_sep_u,NA,62.85349,added
SEN,MIS,Survey,2021,s_sew_r,NA,1.53,added
SEN,MIS,Survey,2021,s_sew_u,NA,16.75331,added
SEN,MIS,Survey,2021,s_shared_r,NA,15.96909,added
SEN,MIS,Survey,2021,s_shared_u,NA,21.8597,added
SEN,EEAH,Survey,2022,s_imp_r,NA,62.3,added
SEN,EEAH,Survey,2022,s_imp_u,NA,88.8,added
SEN,EEAH,Survey,2022,s_od_r,NA,20.2,added
SEN,AFB,Survey,2022,s_od_r,NA,3.14204,added
SEN,EEAH,Survey,2022,s_od_u,NA,2.3,added
SEN,AFB,Survey,2022,s_od_u,NA,1.50019,added
SEN,DHS,Survey,2023,s_imp_r,NA,64.2379,added
SEN,DHS,Survey,2023,s_imp_u,NA,94.68413,added
SEN,DHS,Survey,2023,s_lat_ebo_r,NA,7.02095,added
SEN,DHS,Survey,2023,s_lat_ebo_u,NA,7.04774,added
SEN,DHS,Survey,2023,s_lat_edl_r,NA,13.62706,added
SEN,DHS,Survey,2023,s_lat_edl_u,NA,33.76688,added
SEN,DHS,Survey,2023,s_lat_ero_r,NA,2.66037,added
SEN,DHS,Survey,2023,s_lat_ero_u,NA,4.81427,added
SEN,DHS,Survey,2023,s_lat_nemp_r,NA,76.69162,added
SEN,DHS,Survey,2023,s_lat_nemp_u,NA,54.37111,added
SEN,DHS,Survey,2023,s_lat_r,NA,31.924209999999995,added
SEN,DHS,Survey,2023,s_lat_u,NA,17.43632000000001,added
SEN,DHS,Survey,2023,s_od_r,NA,12.90119,added
SEN,DHS,Survey,2023,s_od_u,NA,0.86366,added
SEN,DHS,Survey,2023,s_sep_ebo_r,NA,9.93267,added
SEN,DHS,Survey,2023,s_sep_ebo_u,NA,10.69376,added
SEN,DHS,Survey,2023,s_sep_edl_r,NA,31.59332,added
SEN,DHS,Survey,2023,s_sep_edl_u,NA,45.23915,added
SEN,DHS,Survey,2023,s_sep_ero_r,NA,4.24326,added
SEN,DHS,Survey,2023,s_sep_ero_u,NA,17.74735,added
SEN,DHS,Survey,2023,s_sep_nemp_r,NA,54.23075,added
SEN,DHS,Survey,2023,s_sep_nemp_u,NA,26.31973,added
SEN,DHS,Survey,2023,s_sep_r,NA,30.3089,added
SEN,DHS,Survey,2023,s_sep_u,NA,51.54913,added
SEN,DHS,Survey,2023,s_sew_r,NA,2.00479,added
SEN,DHS,Survey,2023,s_sew_u,NA,25.69868,added
SEN,DHS,Survey,2023,s_shared_r,NA,16.14706,added
SEN,DHS,Survey,2023,s_shared_u,NA,22.5362,added
SGP,SO,Admin,2000,s_imp_n,NA,100,added
SGP,SO,Admin,2000,s_imp_u,NA,100,added
SGP,SO,Admin,2000,s_od_n,NA,0,added
SGP,SO,Admin,2000,s_od_u,NA,0,added
SGP,SO,Admin,2001,s_imp_n,NA,100,added
SGP,SO,Admin,2001,s_imp_u,NA,100,added
SGP,SO,Admin,2001,s_od_n,NA,0,added
SGP,SO,Admin,2001,s_od_u,NA,0,added
SGP,SO,Admin,2002,s_imp_n,NA,100,added
SGP,SO,Admin,2002,s_imp_u,NA,100,added
SGP,SO,Admin,2002,s_od_n,NA,0,added
SGP,SO,Admin,2002,s_od_u,NA,0,added
SGP,SO,Admin,2003,s_imp_n,NA,100,added
SGP,SO,Admin,2003,s_imp_u,NA,100,added
SGP,SO,Admin,2003,s_od_n,NA,0,added
SGP,SO,Admin,2003,s_od_u,NA,0,added
SGP,SO,Admin,2004,s_imp_n,NA,100,added
SGP,SO,Admin,2004,s_imp_u,NA,100,added
SGP,SO,Admin,2004,s_od_n,NA,0,added
SGP,SO,Admin,2004,s_od_u,NA,0,added
SGP,SO,Admin,2005,s_imp_n,NA,100,added
SGP,SO,Admin,2005,s_imp_u,NA,100,added
SGP,SO,Admin,2005,s_od_n,NA,0,added
SGP,SO,Admin,2005,s_od_u,NA,0,added
SGP,SO,Admin,2006,s_imp_n,NA,100,added
SGP,SO,Admin,2006,s_imp_u,NA,100,added
SGP,SO,Admin,2006,s_od_n,NA,0,added
SGP,SO,Admin,2006,s_od_u,NA,0,added
SGP,SO,Admin,2007,s_imp_n,NA,100,added
SGP,SO,Admin,2007,s_imp_u,NA,100,added
SGP,SO,Admin,2007,s_od_n,NA,0,added
SGP,SO,Admin,2007,s_od_u,NA,0,added
SGP,SO,Admin,2008,s_imp_n,NA,100,added
SGP,SO,Admin,2008,s_imp_u,NA,100,added
SGP,SO,Admin,2008,s_od_n,NA,0,added
SGP,SO,Admin,2008,s_od_u,NA,0,added
SGP,SO,Admin,2009,s_imp_n,NA,100,added
SGP,SO,Admin,2009,s_imp_u,NA,100,added
SGP,SO,Admin,2009,s_od_n,NA,0,added
SGP,SO,Admin,2009,s_od_u,NA,0,added
SGP,SO,Admin,2010,s_imp_n,NA,100,added
SGP,SO,Admin,2010,s_imp_u,NA,100,added
SGP,SO,Admin,2010,s_od_n,NA,0,added
SGP,SO,Admin,2010,s_od_u,NA,0,added
SGP,SO,Admin,2011,s_imp_n,NA,100,added
SGP,SO,Admin,2011,s_imp_u,NA,100,added
SGP,SO,Admin,2011,s_od_n,NA,0,added
SGP,SO,Admin,2011,s_od_u,NA,0,added
SGP,SO,Admin,2012,s_imp_n,NA,100,added
SGP,SO,Admin,2012,s_imp_u,NA,100,added
SGP,SO,Admin,2012,s_od_n,NA,0,added
SGP,SO,Admin,2012,s_od_u,NA,0,added
SGP,SO,Admin,2013,s_imp_n,NA,100,added
SGP,SO,Admin,2013,s_imp_u,NA,100,added
SGP,SO,Admin,2013,s_od_n,NA,0,added
SGP,SO,Admin,2013,s_od_u,NA,0,added
SGP,UNSD,Admin,2013,s_treat_wtp_n,NA,100,added
SGP,UNSD,Admin,2013,s_treat_wtp_u,NA,100,added
SGP,SO,Admin,2014,s_imp_n,NA,100,added
SGP,SO,Admin,2014,s_imp_u,NA,100,added
SGP,SO,Admin,2014,s_od_n,NA,0,added
SGP,SO,Admin,2014,s_od_u,NA,0,added
SGP,UNSD,Admin,2014,s_treat_wtp_n,NA,100,added
SGP,UNSD,Admin,2014,s_treat_wtp_u,NA,100,added
SGP,SO,Admin,2015,s_imp_n,NA,100,added
SGP,SO,Admin,2015,s_imp_u,NA,100,added
SGP,SO,Admin,2015,s_od_n,NA,0,added
SGP,SO,Admin,2015,s_od_u,NA,0,added
SGP,UNSD,Admin,2015,s_treat_wtp_n,NA,100,added
SGP,UNSD,Admin,2015,s_treat_wtp_u,NA,100,added
SGP,SO,Admin,2016,s_imp_n,NA,100,added
SGP,SO,Admin,2016,s_imp_u,NA,100,added
SGP,SO,Admin,2016,s_od_n,NA,0,added
SGP,SO,Admin,2016,s_od_u,NA,0,added
SGP,UNSD,Admin,2016,s_treat_wtp_n,NA,100,added
SGP,UNSD,Admin,2016,s_treat_wtp_u,NA,100,added
SGP,SO,Admin,2017,s_imp_n,NA,100,added
SGP,SO,Admin,2017,s_imp_u,NA,100,added
SGP,SO,Admin,2017,s_od_n,NA,0,added
SGP,SO,Admin,2017,s_od_u,NA,0,added
SGP,UNSD,Admin,2017,s_treat_wtp_n,NA,100,added
SGP,UNSD,Admin,2017,s_treat_wtp_u,NA,100,added
SGP,SO,Admin,2018,s_imp_n,NA,100,added
SGP,SO,Admin,2018,s_imp_u,NA,100,added
SGP,SO,Admin,2018,s_od_n,NA,0,added
SGP,SO,Admin,2018,s_od_u,NA,0,added
SGP,UNSD,Admin,2018,s_treat_wtp_n,NA,100,added
SGP,UNSD,Admin,2018,s_treat_wtp_u,NA,100,added
SGP,SO,Admin,2019,s_imp_n,NA,100,added
SGP,SO,Admin,2019,s_imp_u,NA,100,added
SGP,SO,Admin,2019,s_od_n,NA,0,added
SGP,SO,Admin,2019,s_od_u,NA,0,added
SGP,UNSD,Admin,2019,s_treat_wtp_n,NA,100,added
SGP,UNSD,Admin,2019,s_treat_wtp_u,NA,100,added
SGP,SO,Admin,2020,s_imp_n,NA,100,added
SGP,SO,Admin,2020,s_imp_u,NA,100,added
SGP,SO,Admin,2020,s_od_n,NA,0,added
SGP,SO,Admin,2020,s_od_u,NA,0,added
SGP,SO,Admin,2021,s_imp_n,NA,100,added
SGP,SO,Admin,2021,s_imp_u,NA,100,added
SGP,SO,Admin,2021,s_od_n,NA,0,added
SGP,SO,Admin,2021,s_od_u,NA,0,added
SGP,SO,Admin,2022,s_imp_n,NA,100,added
SGP,SO,Admin,2022,s_imp_u,NA,100,added
SGP,SO,Admin,2022,s_od_n,NA,0,added
SGP,SO,Admin,2022,s_od_u,NA,0,added
SGP,SO,Admin,2023,s_imp_n,NA,100,added
SGP,SO,Admin,2023,s_imp_u,NA,100,added
SGP,SO,Admin,2023,s_od_n,NA,0,added
SGP,SO,Admin,2023,s_od_u,NA,0,added
SHN,CEN,Census,2021,s_imp_n,NA,100,added
SHN,CEN,Census,2021,s_lat_n,NA,0,added
SHN,CEN,Census,2021,s_sep_n,NA,47.44450180691791,added
SHN,CEN,Census,2021,s_sew_n,NA,52.55549819308209,added
SLB,CEN,Census,2019,s_imp_r,NA,19.019926799511996,added
SLB,CEN,Census,2019,s_imp_u,NA,83.83123531891827,added
SLB,CEN,Census,2019,s_lat_r,NA,13.106954046360308,added
SLB,CEN,Census,2019,s_lat_u,NA,33.59934951514787,added
SLB,CEN,Census,2019,s_od_r,NA,62.752135014233424,added
SLB,CEN,Census,2019,s_od_u,NA,10.055411672589292,added
SLB,CEN,Census,2019,s_sep_r,NA,5.912972753151688,added
SLB,CEN,Census,2019,s_sep_u,NA,50.2318858037704,added
SLE,AFB,Survey,2020,s_od_r,NA,23.65199,added
SLE,AFB,Survey,2020,s_od_u,NA,2.81659,added
SLE,WNO,Survey,2022,s_imp_r,NA,39.86939,added
SLE,WNO,Survey,2022,s_imp_u,NA,83.13787,added
SLE,WNO,Survey,2022,s_lat_con_r,NA,72.38155,added
SLE,WNO,Survey,2022,s_lat_con_u,NA,74.62906,added
SLE,WNO,Survey,2022,s_lat_ebo_r,NA,2.53491,added
SLE,WNO,Survey,2022,s_lat_ebo_u,NA,2.85298,added
SLE,WNO,Survey,2022,s_lat_edl_r,NA,1.33497,added
SLE,WNO,Survey,2022,s_lat_edl_u,NA,5.2189,added
SLE,WNO,Survey,2022,s_lat_ero_r,NA,0.72646,added
SLE,WNO,Survey,2022,s_lat_ero_u,NA,3.45199,added
SLE,WNO,Survey,2022,s_lat_nemp_r,NA,95.40366,added
SLE,WNO,Survey,2022,s_lat_nemp_u,NA,88.47613,added
SLE,WNO,Survey,2022,s_lat_r,NA,37.3629,added
SLE,WNO,Survey,2022,s_lat_u,NA,64.9124,added
SLE,WNO,Survey,2022,s_od_r,NA,35.35151,added
SLE,AFB,Survey,2022,s_od_r,NA,24.70469,added
SLE,WNO,Survey,2022,s_od_u,NA,3.70055,added
SLE,AFB,Survey,2022,s_od_u,NA,2.58933,added
SLE,WNO,Survey,2022,s_sep_con_r,NA,70.76971,added
SLE,WNO,Survey,2022,s_sep_con_u,NA,73.56553,added
SLE,WNO,Survey,2022,s_sep_ebo_r,NA,0.59067,added
SLE,WNO,Survey,2022,s_sep_ebo_u,NA,0.95944,added
SLE,WNO,Survey,2022,s_sep_edl_r,NA,1.23129,added
SLE,WNO,Survey,2022,s_sep_edl_u,NA,13.44801,added
SLE,WNO,Survey,2022,s_sep_ero_r,NA,1.69222,added
SLE,WNO,Survey,2022,s_sep_ero_u,NA,13.74567,added
SLE,WNO,Survey,2022,s_sep_nemp_r,NA,96.48582,added
SLE,WNO,Survey,2022,s_sep_nemp_u,NA,71.84688,added
SLE,WNO,Survey,2022,s_sep_r,NA,2.48197,added
SLE,WNO,Survey,2022,s_sep_u,NA,15.3182,added
SLE,WNO,Survey,2022,s_sew_r,NA,0.02452,added
SLE,WNO,Survey,2022,s_sew_u,NA,2.90727,added
SLE,WNO,Survey,2022,s_shared_r,NA,46.81756,added
SLE,WNO,Survey,2022,s_shared_u,NA,36.32557,added
SLV,UNSD,Admin,2007,s_sew_rtp_n,NA,6.0074115396253305,added
SLV,WWT,Admin,2007,s_treat_wtp_n,4.499558533879695,NA,removed
SLV,UNSD,Admin,2007,s_treat_wtp_n,NA,100,added
SLV,UNSD,Admin,2008,s_sew_rtp_n,NA,5.992900235031722,added
SLV,WWT,Admin,2008,s_treat_wtp_n,4.4993749289692015,NA,removed
SLV,UNSD,Admin,2008,s_treat_wtp_n,NA,100,added
SLV,UNSD,Admin,2009,s_sew_rtp_n,NA,6.001263011536706,added
SLV,WWT,Admin,2009,s_treat_wtp_n,4.4997147746719905,NA,removed
SLV,UNSD,Admin,2009,s_treat_wtp_n,NA,100,added
SLV,UNSD,Admin,2010,s_sew_rtp_n,NA,6.00339412689209,added
SLV,WWT,Admin,2010,s_treat_wtp_n,4.500228728270814,NA,removed
SLV,UNSD,Admin,2010,s_treat_wtp_n,NA,100,added
SLV,UNSD,Admin,2011,s_sew_rtp_n,NA,5.9940900802612305,added
SLV,WWT,Admin,2011,s_treat_wtp_n,4.503933442752843,NA,removed
SLV,UNSD,Admin,2011,s_treat_wtp_n,NA,100,added
SLV,UNSD,Admin,2012,s_sew_rtp_n,NA,6.007216930389404,added
SLV,ENUT,Survey,2017,s_imp_r,NA,96.33613614395888,added
SLV,ENUT,Survey,2017,s_imp_u,NA,98.95351086021506,added
SLV,ENUT,Survey,2017,s_lat_r,NA,40.70952614395887,added
SLV,ENUT,Survey,2017,s_lat_u,NA,18.834780860215066,added
SLV,ENUT,Survey,2017,s_od_r,NA,2.58934,added
SLV,ENUT,Survey,2017,s_od_u,NA,0.72658,added
SLV,ENUT,Survey,2017,s_sep_r,NA,41.73847,added
SLV,ENUT,Survey,2017,s_sep_u,NA,21.11638,added
SLV,ENUT,Survey,2017,s_sew_r,NA,13.88814,added
SLV,ENUT,Survey,2017,s_sew_u,NA,59.00235,added
SLV,EHPM,Survey,2020,s_imp_r,NA,95.34595298200514,added
SLV,EHPM,Survey,2020,s_imp_u,NA,99.46041440860212,added
SLV,EHPM,Survey,2020,s_lat_r,NA,68.05246298200515,added
SLV,EHPM,Survey,2020,s_lat_u,NA,19.018954408602127,added
SLV,EHPM,Survey,2020,s_od_r,NA,2.81961,added
SLV,EHPM,Survey,2020,s_od_u,NA,0.17058,added
SLV,EHPM,Survey,2020,s_sep_r,NA,26.04072,added
SLV,EHPM,Survey,2020,s_sep_u,NA,19.984430000000003,added
SLV,EHPM,Survey,2020,s_sew_r,NA,1.25277,added
SLV,EHPM,Survey,2020,s_sew_u,NA,60.45703,added
SLV,EHPM,Survey,2020,s_shared_r,NA,5.974855182662862,added
SLV,EHPM,Survey,2020,s_shared_u,NA,1.0863251074170668,added
SLV,ENS,Survey,2021,s_imp_r,NA,83.8,added
SLV,EHPM,Survey,2021,s_imp_r,NA,95.2656831362468,added
SLV,ENS,Survey,2021,s_imp_u,NA,95.5,added
SLV,EHPM,Survey,2021,s_imp_u,NA,99.42716978494622,added
SLV,ENS,Survey,2021,s_lat_ebo_r,NA,7.677902621722844,added
SLV,ENS,Survey,2021,s_lat_ebo_u,NA,8.87728459530026,added
SLV,ENS,Survey,2021,s_lat_edl_r,NA,5.243445692883894,added
SLV,ENS,Survey,2021,s_lat_edl_u,NA,5.221932114882506,added
SLV,ENS,Survey,2021,s_lat_ero_r,NA,0.5617977528089888,added
SLV,ENS,Survey,2021,s_lat_ero_u,NA,0.5221932114882507,added
SLV,ENS,Survey,2021,s_lat_nemp_r,NA,86.51685393258427,added
SLV,ENS,Survey,2021,s_lat_nemp_u,NA,85.37859007832897,added
SLV,ENS,Survey,2021,s_lat_r,NA,47.2,added
SLV,EHPM,Survey,2021,s_lat_r,NA,66.31900313624679,added
SLV,ENS,Survey,2021,s_lat_u,NA,13.700000000000005,added
SLV,EHPM,Survey,2021,s_lat_u,NA,20.659799784946216,added
SLV,ENS,Survey,2021,s_od_r,NA,26.4,added
SLV,EHPM,Survey,2021,s_od_r,NA,2.89474,added
SLV,ENS,Survey,2021,s_od_u,NA,10,added
SLV,EHPM,Survey,2021,s_od_u,NA,0.17522,added
SLV,ENS,Survey,2021,s_sep_ebo_r,NA,11.612903225806452,added
SLV,ENS,Survey,2021,s_sep_ebo_u,NA,7.467532467532467,added
SLV,ENS,Survey,2021,s_sep_edl_r,NA,5.376344086021505,added
SLV,ENS,Survey,2021,s_sep_edl_u,NA,6.1688311688311686,added
SLV,ENS,Survey,2021,s_sep_ero_r,NA,1.935483870967742,added
SLV,ENS,Survey,2021,s_sep_ero_u,NA,3.571428571428572,added
SLV,ENS,Survey,2021,s_sep_nemp_r,NA,81.0752688172043,added
SLV,ENS,Survey,2021,s_sep_nemp_u,NA,82.79220779220779,added
SLV,ENS,Survey,2021,s_sep_r,NA,24.2,added
SLV,EHPM,Survey,2021,s_sep_r,NA,27.37699,added
SLV,ENS,Survey,2021,s_sep_u,NA,17.6,added
SLV,EHPM,Survey,2021,s_sep_u,NA,23.49793,added
SLV,ENS,Survey,2021,s_sew_r,NA,12.4,added
SLV,EHPM,Survey,2021,s_sew_r,NA,1.5696899999999998,added
SLV,ENS,Survey,2021,s_sew_u,NA,64.2,added
SLV,EHPM,Survey,2021,s_sew_u,NA,55.26944,added
SLV,ENS,Survey,2021,s_shared_r,NA,45.3,added
SLV,EHPM,Survey,2021,s_shared_r,NA,6.131291548006183,added
SLV,ENS,Survey,2021,s_shared_u,NA,15.900000000000006,added
SLV,EHPM,Survey,2021,s_shared_u,NA,2.0911190052252415,added
SLV,EHPM,Survey,2022,s_imp_r,NA,95.06251976863754,added
SLV,EHPM,Survey,2022,s_imp_u,NA,99.26930258064516,added
SLV,EHPM,Survey,2022,s_lat_r,NA,65.50804976863755,added
SLV,EHPM,Survey,2022,s_lat_u,NA,18.837332580645167,added
SLV,EHPM,Survey,2022,s_od_r,NA,2.98936,added
SLV,EHPM,Survey,2022,s_od_u,NA,0.10681,added
SLV,EHPM,Survey,2022,s_sep_r,NA,28.07893,added
SLV,EHPM,Survey,2022,s_sep_u,NA,25.38811,added
SLV,EHPM,Survey,2022,s_sew_r,NA,1.47554,added
SLV,EHPM,Survey,2022,s_sew_u,NA,55.043859999999995,added
SLV,EHPM,Survey,2022,s_shared_r,NA,6.771295917106513,added
SLV,EHPM,Survey,2022,s_shared_u,NA,2.310925447394156,added
SLV,EHPM,Survey,2023,s_imp_r,NA,95.54369017994858,added
SLV,EHPM,Survey,2023,s_imp_u,NA,99.2917373655914,added
SLV,EHPM,Survey,2023,s_lat_r,NA,61.02830017994859,added
SLV,EHPM,Survey,2023,s_lat_u,NA,18.41384736559138,added
SLV,EHPM,Survey,2023,s_od_r,NA,2.66745,added
SLV,EHPM,Survey,2023,s_od_u,NA,0.07378,added
SLV,EHPM,Survey,2023,s_sep_r,NA,32.73777,added
SLV,EHPM,Survey,2023,s_sep_u,NA,25.52124,added
SLV,EHPM,Survey,2023,s_sew_r,NA,1.77762,added
SLV,EHPM,Survey,2023,s_sew_u,NA,55.35665,added
SLV,EHPM,Survey,2023,s_shared_r,NA,6.296120814012533,added
SLV,EHPM,Survey,2023,s_shared_u,NA,2.2902247878471065,added
SMR,ASS,Admin,2015,s_imp_n,100,NA,removed
SMR,ASdS,Admin,2015,s_imp_n,NA,100,added
SMR,ASS,Admin,2015,s_lat_n,0,NA,removed
SMR,ASdS,Admin,2015,s_lat_n,NA,0,added
SMR,ASS,Admin,2015,s_sep_n,15,NA,removed
SMR,ASdS,Admin,2015,s_sep_n,NA,15,added
SMR,ASS,Admin,2015,s_sew_n,85,NA,removed
SMR,ASdS,Admin,2015,s_sew_n,NA,85,added
SMR,ASS,Admin,2015,s_treat_wtp_n,82.79,NA,removed
SMR,ASdS,Admin,2015,s_treat_wtp_n,NA,97.4,added
SMR,ASS,Admin,2016,s_imp_n,100,NA,removed
SMR,ASdS,Admin,2016,s_imp_n,NA,100,added
SMR,ASS,Admin,2016,s_lat_n,0,NA,removed
SMR,ASdS,Admin,2016,s_lat_n,NA,0,added
SMR,ASS,Admin,2016,s_sep_n,15,NA,removed
SMR,ASdS,Admin,2016,s_sep_n,NA,15,added
SMR,ASS,Admin,2016,s_sew_n,85,NA,removed
SMR,ASdS,Admin,2016,s_sew_n,NA,85,added
SMR,ASS,Admin,2016,s_treat_wtp_n,82.79,NA,removed
SMR,ASdS,Admin,2016,s_treat_wtp_n,NA,97.4,added
SOM,SHDS,Survey,2019,s_imp_r,36.29129075974224,36.78256,changed
SOM,SHDS,Survey,2019,s_imp_u,74.3,74.53823,changed
SOM,SHDS,Survey,2019,s_lat_r,31.38972259866693,31.923310000000004,changed
SOM,SHDS,Survey,2019,s_lat_u,60.5,60.99192,changed
SOM,SHDS,Survey,2019,s_od_r,43.95389274552645,43.64295,changed
SOM,SHDS,Survey,2019,s_od_u,3.1,3.04076,changed
SOM,SHDS,Survey,2019,s_sep_r,2.240716873634428,2.2489,changed
SOM,SHDS,Survey,2019,s_sep_u,5.7,5.60052,changed
SOM,SHDS,Survey,2019,s_sew_r,2.6608512874408827,2.61035,changed
SOM,SHDS,Survey,2019,s_sew_u,8.1,7.94579,changed
SOM,SHDS,Survey,2019,s_shared_r,32.76239854861482,32.93813,changed
SOM,SHDS,Survey,2019,s_shared_u,32.113821138211385,32.19088,changed
SOM,SIHBS,Survey,2022,s_imp_r,NA,54.8,added
SOM,SIHBS,Survey,2022,s_imp_u,NA,72.49999999999999,added
SOM,SIHBS,Survey,2022,s_lat_r,NA,48.6,added
SOM,SIHBS,Survey,2022,s_lat_u,NA,54.999999999999986,added
SOM,SIHBS,Survey,2022,s_od_r,NA,17.7,added
SOM,SIHBS,Survey,2022,s_od_u,NA,3.7,added
SOM,SIHBS,Survey,2022,s_sep_r,NA,0.2,added
SOM,SIHBS,Survey,2022,s_sep_u,NA,1.9,added
SOM,SIHBS,Survey,2022,s_sew_r,NA,6,added
SOM,SIHBS,Survey,2022,s_sew_u,NA,15.6,added
SOM,NAAS,Survey,2024,s_imp_r,NA,50.89528778793418,added
SOM,NAAS,Survey,2024,s_imp_u,NA,78.23343524271844,added
SOM,NAAS,Survey,2024,s_lat_con_r,NA,44.86951,added
SOM,NAAS,Survey,2024,s_lat_con_u,NA,32.46633,added
SOM,NAAS,Survey,2024,s_lat_ebo_r,NA,8.52671,added
SOM,NAAS,Survey,2024,s_lat_ebo_u,NA,12.88472,added
SOM,NAAS,Survey,2024,s_lat_edl_r,NA,0.6403,added
SOM,NAAS,Survey,2024,s_lat_edl_u,NA,4.55877,added
SOM,NAAS,Survey,2024,s_lat_ero_r,NA,2.35764,added
SOM,NAAS,Survey,2024,s_lat_ero_u,NA,7.65946,added
SOM,NAAS,Survey,2024,s_lat_nemp_r,NA,88.47535,added
SOM,NAAS,Survey,2024,s_lat_nemp_u,NA,74.89705,added
SOM,NAAS,Survey,2024,s_lat_r,NA,44.14331778793418,added
SOM,NAAS,Survey,2024,s_lat_u,NA,65.21805524271844,added
SOM,NAAS,Survey,2024,s_od_r,NA,30.42288,added
SOM,NAAS,Survey,2024,s_od_u,NA,6.88016,added
SOM,NAAS,Survey,2024,s_sep_con_r,NA,20.84282,added
SOM,NAAS,Survey,2024,s_sep_con_u,NA,50.8164,added
SOM,NAAS,Survey,2024,s_sep_ebo_r,NA,5.84415,added
SOM,NAAS,Survey,2024,s_sep_ebo_u,NA,20.25346,added
SOM,NAAS,Survey,2024,s_sep_edl_r,NA,0,added
SOM,NAAS,Survey,2024,s_sep_edl_u,NA,4.41778,added
SOM,NAAS,Survey,2024,s_sep_ero_r,NA,2.31965,added
SOM,NAAS,Survey,2024,s_sep_ero_u,NA,6.3844900000000004,added
SOM,NAAS,Survey,2024,s_sep_nemp_r,NA,91.8362,added
SOM,NAAS,Survey,2024,s_sep_nemp_u,NA,68.94427,added
SOM,NAAS,Survey,2024,s_sep_r,NA,0.97989,added
SOM,NAAS,Survey,2024,s_sep_u,NA,4.07378,added
SOM,NAAS,Survey,2024,s_sew_r,NA,5.77208,added
SOM,NAAS,Survey,2024,s_sew_u,NA,8.9416,added
SOM,NAAS,Survey,2024,s_shared_r,NA,30.70799,added
SOM,NAAS,Survey,2024,s_shared_u,NA,34.82683,added
SPM,CEN,Census,2018,s_imp_n,NA,99.88530717190346,added
SPM,CEN,Census,2019,s_imp_n,NA,99.8857524224518,added
SPM,CEN,Census,2020,s_imp_n,NA,99.9607164858912,added
SPM,CEN,Census,2021,s_imp_n,NA,99.96179714888534,added
SRB,WW,Admin,2007,s_sew_rtp_n,NA,19.31885714285714,added
SRB,WW,Admin,2007,s_treat_wtp_n,NA,86.58305726455276,added
SRB,WW,Admin,2007,s_treat_wtp_u,12.97517730496454,NA,removed
SRB,WW,Admin,2008,s_sew_rtp_n,NA,21.40807729434215,added
SRB,WW,Admin,2008,s_treat_wtp_n,NA,91.5534222665503,added
SRB,WW,Admin,2008,s_treat_wtp_u,12.618564849817856,NA,removed
SRB,WW,Admin,2009,s_sew_rtp_n,NA,24.477467206562626,added
SRB,WW,Admin,2009,s_treat_wtp_n,NA,90.8078590930992,added
SRB,WW,Admin,2009,s_treat_wtp_u,14.9996020622021,NA,removed
SRB,WW,Admin,2010,s_sew_rtp_n,NA,20.342695891293204,added
SRB,WW,Admin,2010,s_treat_wtp_n,NA,88.63593759763387,added
SRB,WW,Admin,2010,s_treat_wtp_u,12.951105051402694,NA,removed
SRB,WW,Admin,2011,s_sew_rtp_n,NA,21.337411665436136,added
SRB,WW,Admin,2011,s_treat_wtp_n,NA,75.78995399064603,added
SRB,WW,Admin,2011,s_treat_wtp_u,11.92586720117272,NA,removed
SRB,WW,Admin,2012,s_sew_rtp_n,NA,21.185677338803178,added
SRB,WW,Admin,2012,s_treat_wtp_n,NA,81.91155732356717,added
SRB,WW,Admin,2012,s_treat_wtp_u,12.6,NA,removed
SRB,EU SILC,Admin,2013,s_imp_r,95.1,NA,removed
SRB,EUSILC,Admin,2013,s_imp_r,NA,95.1,added
SRB,EU SILC,Admin,2013,s_imp_u,99.2,NA,removed
SRB,EUSILC,Admin,2013,s_imp_u,NA,99.2,added
SRB,EU SILC,Admin,2013,s_lat_n,2.4000000000000057,NA,removed
SRB,EUSILC,Admin,2013,s_lat_n,NA,2.4000000000000057,added
SRB,EU SILC,Admin,2013,s_lat_r,4.900000000000006,NA,removed
SRB,EUSILC,Admin,2013,s_lat_r,NA,4.900000000000006,added
SRB,EU SILC,Admin,2013,s_lat_u,0.7999999999999972,NA,removed
SRB,EUSILC,Admin,2013,s_lat_u,NA,0.7999999999999972,added
SRB,WW,Admin,2013,s_sew_rtp_n,NA,23.511782499906637,added
SRB,WW,Admin,2013,s_treat_wtp_n,NA,85.53389191120995,added
SRB,WW,Admin,2013,s_treat_wtp_u,13.1,NA,removed
SRB,EU SILC,Admin,2014,s_imp_r,95.45,NA,removed
SRB,EUSILC,Admin,2014,s_imp_r,NA,95.45,added
SRB,EU SILC,Admin,2014,s_imp_u,99.5,NA,removed
SRB,EUSILC,Admin,2014,s_imp_u,NA,99.5,added
SRB,EU SILC,Admin,2014,s_lat_r,4.549999999999997,NA,removed
SRB,EUSILC,Admin,2014,s_lat_r,NA,4.549999999999997,added
SRB,EU SILC,Admin,2014,s_lat_u,0.5,NA,removed
SRB,EUSILC,Admin,2014,s_lat_u,NA,0.5,added
SRB,WW,Admin,2014,s_sew_rtp_n,NA,21.396013365595117,added
SRB,WW,Admin,2014,s_treat_wtp_n,NA,86.48113044976736,added
SRB,WW,Admin,2014,s_treat_wtp_u,13.566939553206106,NA,removed
SRB,EU SILC,Admin,2015,s_imp_r,95.65,NA,removed
SRB,EUSILC,Admin,2015,s_imp_r,NA,95.65,added
SRB,EU SILC,Admin,2015,s_imp_u,99.45,NA,removed
SRB,EUSILC,Admin,2015,s_imp_u,NA,99.45,added
SRB,EU SILC,Admin,2015,s_lat_n,2.0999999999999943,NA,removed
SRB,EUSILC,Admin,2015,s_lat_n,NA,2.0999999999999943,added
SRB,EU SILC,Admin,2015,s_lat_r,4.349999999999994,NA,removed
SRB,EUSILC,Admin,2015,s_lat_r,NA,4.349999999999994,added
SRB,EU SILC,Admin,2015,s_lat_u,0.5499999999999972,NA,removed
SRB,EUSILC,Admin,2015,s_lat_u,NA,0.5499999999999972,added
SRB,WW,Admin,2015,s_sew_rtp_n,NA,20.96124635944315,added
SRB,WW,Admin,2015,s_treat_wtp_n,NA,89.51158977086381,added
SRB,WW,Admin,2015,s_treat_wtp_u,13.66743136339336,NA,removed
SRB,WW,Admin,2016,s_sew_rtp_n,NA,22.516657293463854,added
SRB,WW,Admin,2016,s_treat_wtp_n,NA,89.96062992125984,added
SRB,WW,Admin,2016,s_treat_wtp_u,15.006567425569177,NA,removed
SRB,WW,Admin,2017,s_sew_rtp_n,NA,16.666666666666664,added
SRB,WW,Admin,2017,s_treat_wtp_n,NA,89.79591836734694,added
SRB,WW,Admin,2017,s_treat_wtp_u,14.965986394557822,NA,removed
SRB,WW,Admin,2018,s_sew_rtp_n,NA,16.723549488054605,added
SRB,WW,Admin,2018,s_treat_wtp_n,NA,89.79591836734693,added
SRB,WW,Admin,2018,s_treat_wtp_u,15.017064846416382,NA,removed
SRB,MICS,Survey,2019,s_lat_n,3.0651399999999995,NA,removed
SRB,MICS,Survey,2019,s_sep_n,37.32582,NA,removed
SRB,WW,Admin,2019,s_sew_rtp_n,NA,15.584415584415584,added
SRB,MICS,Survey,2019,s_shared_r,0,0.31589,changed
SRB,MICS,Survey,2019,s_shared_u,0,0.19225,changed
SRB,WW,Admin,2019,s_treat_wtp_n,NA,89.58333333333334,added
SRB,WW,Admin,2019,s_treat_wtp_u,13.8,NA,removed
SRB,WW,Admin,2020,s_sew_rtp_n,NA,18.092105263157897,added
SRB,WW,Admin,2020,s_treat_wtp_n,NA,92.72727272727272,added
SRB,SMOSS,Survey,2021,s_lat_con_r,NA,85.71429,added
SRB,SMOSS,Survey,2021,s_lat_con_u,NA,50,added
SRB,SMOSS,Survey,2021,s_lat_ebo_r,NA,3.2967,added
SRB,SMOSS,Survey,2021,s_lat_ebo_u,NA,0,added
SRB,SMOSS,Survey,2021,s_lat_edl_r,NA,31.86813,added
SRB,SMOSS,Survey,2021,s_lat_edl_u,NA,11.764709999999999,added
SRB,SMOSS,Survey,2021,s_lat_ero_r,NA,32.96703,added
SRB,SMOSS,Survey,2021,s_lat_ero_u,NA,70.58824,added
SRB,SMOSS,Survey,2021,s_lat_nemp_r,NA,31.86813,added
SRB,SMOSS,Survey,2021,s_lat_nemp_u,NA,17.64706,added
SRB,SMOSS,Survey,2021,s_sep_con_r,NA,85.87571,added
SRB,SMOSS,Survey,2021,s_sep_con_u,NA,83.23699,added
SRB,SMOSS,Survey,2021,s_sep_ebo_r,NA,0.42857,added
SRB,SMOSS,Survey,2021,s_sep_ebo_u,NA,0,added
SRB,SMOSS,Survey,2021,s_sep_edl_r,NA,20.28571,added
SRB,SMOSS,Survey,2021,s_sep_edl_u,NA,4.06977,added
SRB,SMOSS,Survey,2021,s_sep_ero_r,NA,44,added
SRB,SMOSS,Survey,2021,s_sep_ero_u,NA,54.65116,added
SRB,SMOSS,Survey,2021,s_sep_nemp_r,NA,35.28571,added
SRB,SMOSS,Survey,2021,s_sep_nemp_u,NA,41.27907,added
SRB,WW,Admin,2021,s_sew_rtp_n,NA,18.674806268185165,added
SRB,WW,Admin,2021,s_treat_wtp_n,NA,91.07899673452371,added
SRB,CEN,Census,2022,s_imp_r,NA,95.71762544134378,added
SRB,CEN,Census,2022,s_imp_u,NA,99.6745118097985,added
SRB,CEN,Census,2022,s_sep_r,NA,35.82566675628564,added
SRB,CEN,Census,2022,s_sep_u,NA,5.227001259387996,added
SRB,WW,Admin,2022,s_sew_rtp_n,NA,18.512547772190945,added
SRB,CEN,Census,2022,s_sew_u,NA,94.02914940929966,added
SRB,WW,Admin,2022,s_treat_wtp_n,NA,91.32312391331018,added
SSD,SSNHHS,Survey,2020,s_imp_r,NA,7.590129999999999,added
SSD,SSNHHS,Survey,2020,s_imp_u,NA,25.600000000000005,added
SSD,SSNHHS,Survey,2020,s_od_r,NA,79.88615,added
SSD,SSNHHS,Survey,2020,s_od_u,NA,53.6,added
STP,MICS,Survey,2000,s_imp_r,19.85,19.835398230088497,changed
STP,MICS,Survey,2000,s_imp_u,31.95,31.863636363636363,changed
STP,CEN,Census,2012,s_imp_r,25.9,29.592847194588145,changed
STP,CEN,Census,2012,s_imp_u,42.15,46.66936905895945,changed
STP,MTF,Survey,2018,s_imp_r,NA,37.84366,added
STP,MTF,Survey,2018,s_imp_u,NA,49.9191,added
STP,MTF,Survey,2018,s_lat_r,NA,24.65906,added
STP,MTF,Survey,2018,s_lat_u,NA,20.39351,added
STP,MTF,Survey,2018,s_od_r,NA,58.28031,added
STP,MTF,Survey,2018,s_od_u,NA,44.46483,added
STP,MTF,Survey,2018,s_sep_r,NA,8.075,added
STP,MTF,Survey,2018,s_sep_u,NA,18.3985,added
STP,MTF,Survey,2018,s_sew_r,NA,5.1096,added
STP,MTF,Survey,2018,s_sew_u,NA,11.12709,added
STP,AFB,Survey,2022,s_od_r,NA,34.57217,added
STP,AFB,Survey,2022,s_od_u,NA,25.12799,added
SVK,IBNET,Other,2004,s_imp_r,98.4,NA,removed
SVK,DWQ,Admin,2004,s_imp_r,NA,98.4,added
SVK,IBNET,Other,2004,s_imp_u,100,NA,removed
SVK,DWQ,Admin,2004,s_imp_u,NA,100,added
SVK,EU SILC,Admin,2012,s_imp_r,100,NA,removed
SVK,EUSILC,Admin,2012,s_imp_r,NA,100,added
SVK,EU SILC,Admin,2012,s_imp_u,99.8738558189778,NA,removed
SVK,EUSILC,Admin,2012,s_imp_u,NA,99.8738558189778,added
SVK,EU SILC,Admin,2012,s_shared_r,3.155339805825242,NA,removed
SVK,EUSILC,Admin,2012,s_shared_r,NA,3.155339805825242,added
SVK,EU SILC,Admin,2012,s_shared_u,1.0367577756833175,NA,removed
SVK,EUSILC,Admin,2012,s_shared_u,NA,1.0367577756833175,added
SVK,EU SILC,Admin,2013,s_imp_r,100,NA,removed
SVK,EUSILC,Admin,2013,s_imp_r,NA,100,added
SVK,EU SILC,Admin,2013,s_imp_u,99.94621212121211,NA,removed
SVK,EUSILC,Admin,2013,s_imp_u,NA,99.94621212121211,added
SVK,EU SILC,Admin,2014,s_imp_r,100,NA,removed
SVK,EUSILC,Admin,2014,s_imp_r,NA,100,added
SVK,EU SILC,Admin,2014,s_imp_u,99.97310606060609,NA,removed
SVK,EUSILC,Admin,2014,s_imp_u,NA,99.97310606060609,added
SVK,EU SILC,Admin,2015,s_imp_r,100,NA,removed
SVK,EUSILC,Admin,2015,s_imp_r,NA,100,added
SVK,EU SILC,Admin,2015,s_imp_u,99.94621212121211,NA,removed
SVK,EUSILC,Admin,2015,s_imp_u,NA,99.94621212121211,added
SVK,ES,Admin,2016,s_sew_rtp_n,NA,99.4,added
SVK,ES,Admin,2017,s_sew_rtp_n,NA,99.5,added
SVK,ES,Admin,2018,s_sew_rtp_n,NA,99.5,added
SVK,ES,Admin,2018,s_treat_wtp_n,NA,96.759941089838,added
SVK,ES,Admin,2019,s_sew_rtp_n,NA,99.6,added
SVK,ES,Admin,2019,s_treat_wtp_n,NA,99.12663755458516,added
SVK,ES,Admin,2020,s_sew_rtp_n,NA,99.6,added
SVK,ES,Admin,2020,s_treat_wtp_n,NA,99.27849927849928,added
SVK,ES,Admin,2021,s_sew_rtp_n,NA,99.6,added
SVK,ES,Admin,2021,s_treat_wtp_n,NA,99.57264957264957,added
SVK,ES,Admin,2022,s_sew_rtp_n,NA,99.7,added
SVK,ES,Admin,2022,s_treat_wtp_n,NA,99.85855728429986,added
SVN,ES,Admin,2000,s_lat_n,8.049999999999997,0,changed
SVN,ES,Admin,2000,s_sep_n,35.2,35.9918200408998,changed
SVN,ES,Admin,2000,s_sew_n,48.7,64.0081799591002,changed
SVN,ES,Admin,2000,s_sew_rtp_n,NA,73.00613496932516,added
SVN,ES,Admin,2000,s_treat_wtp_n,19.64856230031949,33.97790055248618,changed
SVN,ES,Admin,2001,s_lat_n,7.549999999999997,0,changed
SVN,ES,Admin,2001,s_sep_n,35.2,35.991820040899796,changed
SVN,ES,Admin,2001,s_sew_n,49.7,64.00817995910019,changed
SVN,ES,Admin,2001,s_sew_rtp_n,NA,73.92638036809817,added
SVN,ES,Admin,2001,s_treat_wtp_n,24.76038338658147,41.77897574123989,changed
SVN,ES,Admin,2002,s_lat_n,7.849999999999994,0,changed
SVN,ES,Admin,2002,s_sep_n,35.2,35.95505617977528,changed
SVN,ES,Admin,2002,s_sew_n,49.1,64.04494382022472,changed
SVN,ES,Admin,2002,s_sew_rtp_n,NA,74.87231869254342,added
SVN,ES,Admin,2002,s_treat_wtp_n,29.346092503987236,48.29396325459318,changed
SVN,ES,Admin,2003,s_lat_n,7.850000000000008,0,changed
SVN,ES,Admin,2003,s_sep_n,35.2,35.9918200408998,changed
SVN,ES,Admin,2003,s_sew_n,49.099999999999994,64.0081799591002,changed
SVN,ES,Admin,2003,s_sew_rtp_n,NA,76.48261758691206,added
SVN,ES,Admin,2003,s_treat_wtp_n,31.789137380191697,50.25252525252526,changed
SVN,ES,Admin,2004,s_lat_n,7.950000000000003,0,changed
SVN,ES,Admin,2004,s_sep_n,35.2,36.02865916069601,changed
SVN,ES,Admin,2004,s_sew_n,48.900000000000006,63.97134083930399,changed
SVN,ES,Admin,2004,s_sew_rtp_n,NA,85.46571136131013,added
SVN,ES,Admin,2004,s_treat_wtp_n,46.879999999999995,60.66252587991718,changed
SVN,ES,Admin,2005,s_lat_n,7.500000000000014,0,changed
SVN,ES,Admin,2005,s_sep_n,35.2,35.991820040899796,changed
SVN,ES,Admin,2005,s_sew_n,49.8,64.00817995910019,changed
SVN,ES,Admin,2005,s_sew_rtp_n,NA,87.01431492842536,added
SVN,ES,Admin,2005,s_treat_wtp_n,51.27795527156549,64.32865731462925,changed
SVN,ES,Admin,2006,s_imp_n,98.9,100,changed
SVN,ES,Admin,2006,s_lat_n,1.09999999999998,0,changed
SVN,ES,Admin,2006,s_sep_n,35.2,35.991820040899796,changed
SVN,ES,Admin,2006,s_sew_n,62.60000000000001,64.0081799591002,changed
SVN,ES,Admin,2006,s_sew_rtp_n,NA,88.44580777096115,added
SVN,ES,Admin,2006,s_treat_wtp_n,76.03833865814696,92.78752436647171,changed
SVN,ES,Admin,2007,s_imp_n,98.9,NA,removed
SVN,ES,Admin,2007,s_lat_n,1.09999999999998,0,changed
SVN,ES,Admin,2007,s_sep_n,35.2,35.991820040899796,changed
SVN,ES,Admin,2007,s_sew_n,62.6,64.0081799591002,changed
SVN,ES,Admin,2007,s_sew_rtp_n,NA,89.67280163599182,added
SVN,ES,Admin,2007,s_treat_wtp_n,77.9552715654952,92.95238095238092,changed
SVN,ES,Admin,2008,s_imp_n,98.85,NA,removed
SVN,ES,Admin,2008,s_lat_n,1.1500000000000057,0,changed
SVN,ES,Admin,2008,s_sep_n,35.2,36.028659160696016,changed
SVN,ES,Admin,2008,s_sew_n,62.49999999999999,63.97134083930399,changed
SVN,ES,Admin,2008,s_sew_rtp_n,NA,89.67280163599182,added
SVN,ES,Admin,2008,s_treat_wtp_n,81.76,97.51908396946564,changed
SVN,ES,Admin,2009,s_imp_n,98.9,NA,removed
SVN,ES,Admin,2009,s_lat_n,1.0999999999999943,0,changed
SVN,ES,Admin,2009,s_sep_con_n,0,NA,removed
SVN,ES,Admin,2009,s_sep_n,35.2,35.991820040899796,changed
SVN,ES,Admin,2009,s_sew_n,62.60000000000001,64.0081799591002,changed
SVN,ES,Admin,2009,s_sew_rtp_n,NA,90.59304703476482,added
SVN,ES,Admin,2009,s_treat_wtp_n,84.50479233226837,99.06367041198502,changed
SVN,ES,Admin,2010,s_imp_n,98.9,NA,removed
SVN,ES,Admin,2010,s_lat_n,1.0999999999999943,0,changed
SVN,ES,Admin,2010,s_sep_con_n,0.8522727272727272,50.426136363636374,changed
SVN,ES,Admin,2010,s_sep_ero_n,NA,49.573863636363626,added
SVN,ES,Admin,2010,s_sep_n,35.2,36.18756371049949,changed
SVN,ES,Admin,2010,s_sep_nemp_n,NA,50.426136363636374,added
SVN,ES,Admin,2010,s_sew_n,62.6,63.81243628950051,changed
SVN,ES,Admin,2010,s_sew_rtp_n,NA,88.88888888888889,added
SVN,ES,Admin,2010,s_treat_wtp_n,81.94888178913737,99.22630560928432,changed
SVN,ES,Admin,2011,s_imp_n,98.9,NA,removed
SVN,ES,Admin,2011,s_lat_n,1.0999999999999943,0.4073319755600835,changed
SVN,ES,Admin,2011,s_sep_con_n,1.1363636363636365,50.56818181818181,changed
SVN,ES,Admin,2011,s_sep_ero_n,NA,49.43181818181819,added
SVN,ES,Admin,2011,s_sep_n,35.2,35.84521384928717,changed
SVN,ES,Admin,2011,s_sep_nemp_n,NA,50.56818181818181,added
SVN,ES,Admin,2011,s_sew_n,62.599999999999994,63.74745417515274,changed
SVN,ES,Admin,2011,s_sew_rtp_n,NA,91.64969450101832,added
SVN,ES,Admin,2011,s_treat_wtp_n,86.26198083067094,99.26470588235291,changed
SVN,ES,Admin,2012,s_imp_n,98.9,NA,removed
SVN,ES,Admin,2012,s_lat_n,1.1000000000000083,1.4210854715202004e-14,changed
SVN,ES,Admin,2012,s_sep_con_n,1.4204545454545454,50.71022727272727,changed
SVN,ES,Admin,2012,s_sep_ero_n,NA,49.28977272727273,added
SVN,ES,Admin,2012,s_sep_n,35.2,36.317395727365216,changed
SVN,ES,Admin,2012,s_sep_nemp_n,NA,50.71022727272727,added
SVN,ES,Admin,2012,s_sew_n,62.599999999999994,63.682604272634784,changed
SVN,ES,Admin,2012,s_sew_rtp_n,NA,90.94608341810785,added
SVN,EU SILC,Admin,2012,s_shared_n,0.8883248730964468,NA,removed
SVN,EUSILC,Admin,2012,s_shared_n,NA,0.8883248730964468,added
SVN,ES,Admin,2012,s_treat_wtp_n,84.98402555910543,99.06890130353818,changed
SVN,ES,Admin,2013,s_imp_n,98.9,NA,removed
SVN,ES,Admin,2013,s_lat_n,1.0999999999999943,-1.4210854715202004e-14,changed
SVN,ES,Admin,2013,s_sep_con_n,1.7045454545454544,50.85227272727273,changed
SVN,ES,Admin,2013,s_sep_ero_n,NA,49.14772727272727,added
SVN,ES,Admin,2013,s_sep_n,35.2,36.38211382113821,changed
SVN,ES,Admin,2013,s_sep_nemp_n,NA,50.85227272727273,added
SVN,ES,Admin,2013,s_sew_n,62.6,63.61788617886178,changed
SVN,ES,Admin,2013,s_sew_rtp_n,NA,92.3780487804878,added
SVN,ES,Admin,2013,s_treat_wtp_n,87.22044728434504,99.09255898366608,changed
SVN,ES,Admin,2014,s_imp_n,98.9,NA,removed
SVN,ES,Admin,2014,s_lat_n,1.0999999999999943,0,changed
SVN,ES,Admin,2014,s_sep_con_n,1.988636363636363,50.99431818181818,changed
SVN,ES,Admin,2014,s_sep_ero_n,NA,49.00568181818182,added
SVN,ES,Admin,2014,s_sep_n,35.2,36.446700507614224,changed
SVN,ES,Admin,2014,s_sep_nemp_n,NA,50.99431818181818,added
SVN,ES,Admin,2014,s_sew_n,62.599999999999994,63.55329949238579,changed
SVN,ES,Admin,2014,s_sew_rtp_n,NA,92.58883248730965,added
SVN,ES,Admin,2014,s_treat_wtp_n,87.69968051118211,99.2766726943942,changed
SVN,ES,Admin,2015,s_imp_n,98.9,NA,removed
SVN,ES,Admin,2015,s_lat_n,1.09999999999998,0,changed
SVN,ES,Admin,2015,s_sep_con_n,2.5568181818181817,51.27840909090909,changed
SVN,ES,Admin,2015,s_sep_ero_n,NA,48.72159090909091,added
SVN,ES,Admin,2015,s_sep_n,35.2,36.57548125633232,changed
SVN,ES,Admin,2015,s_sep_nemp_n,NA,51.27840909090909,added
SVN,ES,Admin,2015,s_sew_n,62.6,63.42451874366767,changed
SVN,ES,Admin,2015,s_sew_rtp_n,NA,93.81965552178318,added
SVN,ES,Admin,2015,s_treat_wtp_n,90.2555910543131,100,changed
SVN,ES,Admin,2016,s_imp_n,98.55,NA,removed
SVN,ES,Admin,2016,s_lat_n,1.4500000000000028,0,changed
SVN,ES,Admin,2016,s_sep_con_n,4,52,changed
SVN,ES,Admin,2016,s_sep_ero_n,NA,48,added
SVN,ES,Admin,2016,s_sep_n,30,30.450752797558497,changed
SVN,ES,Admin,2016,s_sep_nemp_n,NA,52,added
SVN,ES,Admin,2016,s_sew_n,67.1,69.51,changed
SVN,ES,Admin,2016,s_sew_rtp_n,NA,98.4,added
SVN,ES,Admin,2016,s_treat_wtp_n,92.548435171386,100,changed
SVN,ES,Admin,2017,s_sep_con_n,4.713804713804714,52.94979846097472,changed
SVN,ES,Admin,2017,s_sep_ero_n,NA,47.05020153902528,added
SVN,ES,Admin,2017,s_sep_n,29.7,29.779941,changed
SVN,ES,Admin,2017,s_sep_nemp_n,NA,52.94979846097472,added
SVN,ES,Admin,2017,s_sew_n,70.8,69.71,changed
SVN,ES,Admin,2017,s_sew_rtp_n,NA,99.5,added
SVN,ES,Admin,2017,s_treat_wtp_n,93.22033898305084,100,changed
SVN,ES,Admin,2018,s_sep_con_n,4.682274247491638,53.002429711905584,changed
SVN,ES,Admin,2018,s_sep_ero_n,NA,46.997570288094416,added
SVN,ES,Admin,2018,s_sep_n,29.9,30.54181777240513,changed
SVN,ES,Admin,2018,s_sep_nemp_n,NA,53.002429711905584,added
SVN,ES,Admin,2018,s_sew_n,71.5,68.96341463414633,changed
SVN,ES,Admin,2018,s_sew_rtp_n,NA,99.4,added
SVN,ES,Admin,2018,s_treat_wtp_n,94.4055944055944,100,changed
SVN,ES,Admin,2019,s_lat_n,NA,0,added
SVN,ES,Admin,2019,s_sep_con_n,NA,53.33222259246918,added
SVN,ES,Admin,2019,s_sep_ero_n,NA,46.66777740753082,added
SVN,ES,Admin,2019,s_sep_n,NA,31.337569489887652,added
SVN,ES,Admin,2019,s_sep_nemp_n,NA,53.33222259246918,added
SVN,ES,Admin,2019,s_sew_n,NA,68.0251723104585,added
SVN,ES,Admin,2019,s_sew_rtp_n,NA,99.5,added
SVN,CC,Admin,2019,s_treat_wtp_n,100,99.09255898366608,changed
SVN,ES,Admin,2019,s_treat_wtp_n,NA,100,added
SVN,ES,Admin,2020,s_lat_n,NA,0,added
SVN,ES,Admin,2020,s_sep_con_n,NA,53.30006439150032,added
SVN,ES,Admin,2020,s_sep_ero_n,NA,46.69993560849968,added
SVN,ES,Admin,2020,s_sep_n,NA,32.253721062723876,added
SVN,ES,Admin,2020,s_sep_nemp_n,NA,53.30006439150032,added
SVN,ES,Admin,2020,s_sew_n,NA,67.06783369803064,added
SVN,ES,Admin,2020,s_sew_rtp_n,NA,99.8,added
SVN,ES,Admin,2020,s_treat_wtp_n,NA,100,added
SVN,ES,Admin,2021,s_lat_n,NA,0,added
SVN,ES,Admin,2021,s_sep_con_n,NA,52.075471698113205,added
SVN,ES,Admin,2021,s_sep_ero_n,NA,47.924528301886795,added
SVN,ES,Admin,2021,s_sep_n,NA,29.211306172495274,added
SVN,ES,Admin,2021,s_sep_nemp_n,NA,52.075471698113205,added
SVN,ES,Admin,2021,s_sew_n,NA,70.99316868102996,added
SVN,ES,Admin,2021,s_sew_rtp_n,NA,100,added
SVN,ES,Admin,2021,s_treat_wtp_n,NA,98.46039970392302,added
SVN,ES,Admin,2022,s_lat_n,NA,0,added
SVN,ES,Admin,2022,s_sep_con_n,NA,53.84483937115516,added
SVN,ES,Admin,2022,s_sep_ero_n,NA,46.15516062884484,added
SVN,ES,Admin,2022,s_sep_n,NA,30.890544,added
SVN,ES,Admin,2022,s_sep_nemp_n,NA,53.84483937115516,added
SVN,ES,Admin,2022,s_sew_n,NA,68.19,added
SVN,ES,Admin,2022,s_sew_rtp_n,NA,99.3,added
SVN,ES,Admin,2022,s_treat_wtp_n,NA,98.98325359775988,added
SWE,ES,Admin,2009,s_sep_con_n,57.14285714285714,NA,removed
SWE,ES,Admin,2009,s_sep_con_r,57.1,NA,removed
SWE,ES,Admin,2009,s_sep_con_u,57.1,NA,removed
SWE,ES,Admin,2010,s_sep_con_n,57.14285714285714,NA,removed
SWE,ES,Admin,2010,s_sep_con_r,57.14285714285714,NA,removed
SWE,ES,Admin,2010,s_sep_con_u,57.14285714285714,NA,removed
SWE,ES,Admin,2011,s_sep_con_n,57.14285714285714,NA,removed
SWE,ES,Admin,2011,s_sep_con_r,57.14285714285714,NA,removed
SWE,ES,Admin,2011,s_sep_con_u,57.14285714285714,NA,removed
SWE,EU SILC,Admin,2012,s_imp_r,100,NA,removed
SWE,EUSILC,Admin,2012,s_imp_r,NA,100,added
SWE,EU SILC,Admin,2012,s_imp_u,100,NA,removed
SWE,EUSILC,Admin,2012,s_imp_u,NA,100,added
SWE,EU SILC,Admin,2012,s_lat_r,0,NA,removed
SWE,EUSILC,Admin,2012,s_lat_r,NA,0,added
SWE,EU SILC,Admin,2012,s_lat_u,0,NA,removed
SWE,EUSILC,Admin,2012,s_lat_u,NA,0,added
SWE,ES,Admin,2012,s_sep_con_n,61.53846153846154,NA,removed
SWE,ES,Admin,2012,s_sep_con_r,61.5,NA,removed
SWE,ES,Admin,2012,s_sep_con_u,61.5,NA,removed
SWE,EU SILC,Admin,2012,s_shared_r,0.4,NA,removed
SWE,EUSILC,Admin,2012,s_shared_r,NA,0.4,added
SWE,EU SILC,Admin,2012,s_shared_u,0.8,NA,removed
SWE,EUSILC,Admin,2012,s_shared_u,NA,0.8,added
SWE,EU SILC,Admin,2013,s_imp_r,100,NA,removed
SWE,EUSILC,Admin,2013,s_imp_r,NA,100,added
SWE,EU SILC,Admin,2013,s_imp_u,100,NA,removed
SWE,EUSILC,Admin,2013,s_imp_u,NA,100,added
SWE,EU SILC,Admin,2013,s_lat_r,0,NA,removed
SWE,EUSILC,Admin,2013,s_lat_r,NA,0,added
SWE,EU SILC,Admin,2013,s_lat_u,0,NA,removed
SWE,EUSILC,Admin,2013,s_lat_u,NA,0,added
SWE,ES,Admin,2013,s_sep_con_n,61.53846153846154,NA,removed
SWE,ES,Admin,2013,s_sep_con_r,61.5,NA,removed
SWE,ES,Admin,2013,s_sep_con_u,61.5,NA,removed
SWE,EU SILC,Admin,2013,s_shared_r,0.3,NA,removed
SWE,EUSILC,Admin,2013,s_shared_r,NA,0.3,added
SWE,EU SILC,Admin,2013,s_shared_u,0.7,NA,removed
SWE,EUSILC,Admin,2013,s_shared_u,NA,0.7,added
SWE,EU SILC,Admin,2014,s_imp_r,100,NA,removed
SWE,EUSILC,Admin,2014,s_imp_r,NA,100,added
SWE,EU SILC,Admin,2014,s_imp_u,100,NA,removed
SWE,EUSILC,Admin,2014,s_imp_u,NA,100,added
SWE,EU SILC,Admin,2014,s_lat_r,0,NA,removed
SWE,EUSILC,Admin,2014,s_lat_r,NA,0,added
SWE,EU SILC,Admin,2014,s_lat_u,0,NA,removed
SWE,EUSILC,Admin,2014,s_lat_u,NA,0,added
SWE,ES,Admin,2014,s_sep_con_n,61.53846153846154,NA,removed
SWE,ES,Admin,2014,s_sep_con_r,61.5,NA,removed
SWE,ES,Admin,2014,s_sep_con_u,61.5,NA,removed
SWE,EU SILC,Admin,2015,s_imp_r,100,NA,removed
SWE,EUSILC,Admin,2015,s_imp_r,NA,100,added
SWE,EU SILC,Admin,2015,s_imp_u,100,NA,removed
SWE,EUSILC,Admin,2015,s_imp_u,NA,100,added
SWE,EU SILC,Admin,2015,s_lat_r,0,NA,removed
SWE,EUSILC,Admin,2015,s_lat_r,NA,0,added
SWE,EU SILC,Admin,2015,s_lat_u,0,NA,removed
SWE,EUSILC,Admin,2015,s_lat_u,NA,0,added
SWE,ES,Admin,2015,s_sep_con_n,61.53846153846154,NA,removed
SWE,ES,Admin,2015,s_sep_con_r,61.5,NA,removed
SWE,ES,Admin,2015,s_sep_con_u,61.5,NA,removed
SWE,ES,Admin,2015,s_treat_wtp_n,98.85057471264368,100,changed
SWE,RETAR,Admin,2016,s_imp_r,NA,98.85973417987329,added
SWE,RETAR,Admin,2016,s_imp_u,NA,99.33721704557271,added
SWE,RETAR,Admin,2016,s_lat_r,NA,0,added
SWE,RETAR,Admin,2016,s_lat_u,NA,0,added
SWE,ES,Admin,2016,s_sep_con_n,61.53846153846154,NA,removed
SWE,ES,Admin,2016,s_sep_con_r,61.5,NA,removed
SWE,ES,Admin,2016,s_sep_con_u,61.5,NA,removed
SWE,RETAR,Admin,2016,s_sep_r,NA,24.289746408587277,added
SWE,RETAR,Admin,2016,s_sep_u,NA,9.62690553366377,added
SWE,RETAR,Admin,2016,s_sew_r,NA,74.569987771286,added
SWE,RETAR,Admin,2016,s_sew_u,NA,89.71031151190896,added
SWE,RETAR,Admin,2017,s_imp_r,NA,99.0873751236572,added
SWE,RETAR,Admin,2017,s_imp_u,NA,99.40150942204556,added
SWE,RETAR,Admin,2017,s_lat_r,NA,0,added
SWE,RETAR,Admin,2017,s_lat_u,NA,0,added
SWE,ES,Admin,2017,s_sep_con_n,61.53846153846154,NA,removed
SWE,ES,Admin,2017,s_sep_con_r,61.5,NA,removed
SWE,ES,Admin,2017,s_sep_con_u,61.5,NA,removed
SWE,RETAR,Admin,2017,s_sep_r,NA,24.154138393873108,added
SWE,RETAR,Admin,2017,s_sep_u,NA,9.464956791792323,added
SWE,RETAR,Admin,2017,s_sew_r,NA,74.93323672978408,added
SWE,RETAR,Admin,2017,s_sew_u,NA,89.93655263025325,added
SWE,RETAR,Admin,2018,s_imp_r,NA,98.87140585458212,added
SWE,RETAR,Admin,2018,s_imp_u,NA,99.35852406819266,added
SWE,RETAR,Admin,2018,s_lat_r,NA,0,added
SWE,RETAR,Admin,2018,s_lat_u,NA,0,added
SWE,RETAR,Admin,2018,s_sep_r,NA,24.084409437126045,added
SWE,RETAR,Admin,2018,s_sep_u,NA,9.360244904398048,added
SWE,RETAR,Admin,2018,s_sew_r,NA,74.78699641745608,added
SWE,RETAR,Admin,2018,s_sew_u,NA,89.99827916379462,added
SWE,ES,Admin,2018,s_treat_wtp_n,NA,100,added
SWE,RETAR,Admin,2019,s_imp_r,NA,98.85699017769625,added
SWE,RETAR,Admin,2019,s_imp_u,NA,99.34577489555468,added
SWE,RETAR,Admin,2019,s_lat_r,NA,0,added
SWE,RETAR,Admin,2019,s_lat_u,NA,0,added
SWE,RETAR,Admin,2019,s_sep_r,NA,24.09128544332408,added
SWE,RETAR,Admin,2019,s_sep_u,NA,9.261653486434396,added
SWE,RETAR,Admin,2019,s_sew_r,NA,74.76570473437216,added
SWE,RETAR,Admin,2019,s_sew_u,NA,90.08412140912029,added
SWE,ES,Admin,2019,s_treat_wtp_n,NA,100,added
SWE,RETAR,Admin,2020,s_imp_r,NA,98.95688466644516,added
SWE,RETAR,Admin,2020,s_imp_u,NA,99.4507973001559,added
SWE,RETAR,Admin,2020,s_lat_r,NA,0,added
SWE,RETAR,Admin,2020,s_lat_u,NA,0,added
SWE,RETAR,Admin,2020,s_sep_r,NA,24.26122687081938,added
SWE,RETAR,Admin,2020,s_sep_u,NA,10.5773760249082,added
SWE,RETAR,Admin,2020,s_sew_r,NA,74.69565779562576,added
SWE,RETAR,Admin,2020,s_sew_u,NA,88.8734212752477,added
SWE,ES,Admin,2020,s_treat_wtp_n,NA,100,added
SWE,RETAR,Admin,2021,s_imp_r,NA,98.83442562099596,added
SWE,RETAR,Admin,2021,s_imp_u,NA,99.40494960496072,added
SWE,RETAR,Admin,2021,s_lat_r,NA,0,added
SWE,RETAR,Admin,2021,s_lat_u,NA,0,added
SWE,SMED,Survey,2021,s_sep_con_r,NA,69.2,added
SWE,SMED,Survey,2021,s_sep_con_u,NA,69.2,added
SWE,SMED,Survey,2021,s_sep_ero_r,NA,94.6,added
SWE,SMED,Survey,2021,s_sep_ero_u,NA,94.6,added
SWE,SMED,Survey,2021,s_sep_nemp_r,NA,5.400000000000006,added
SWE,SMED,Survey,2021,s_sep_nemp_u,NA,5.400000000000006,added
SWE,RETAR,Admin,2021,s_sep_r,NA,24.346017495638115,added
SWE,RETAR,Admin,2021,s_sep_u,NA,10.558104424879168,added
SWE,RETAR,Admin,2021,s_sew_r,NA,74.48840812535785,added
SWE,RETAR,Admin,2021,s_sew_u,NA,88.84684518008157,added
SWE,ES,Admin,2021,s_treat_wtp_n,NA,100,added
SWZ,VACS,Survey,2007,s_imp_r,NA,75.3357130758988,added
SWZ,VACS,Survey,2007,s_imp_u,NA,94.3232823076923,added
SWZ,VACS,Survey,2007,s_od_r,NA,17.09907,added
SWZ,VACS,Survey,2007,s_od_u,NA,1.41462,added
SWZ,AFB,Survey,2013,s_od_r,NA,1.94439,added
SWZ,AFB,Survey,2013,s_od_u,NA,0.78304,added
SWZ,AFB,Survey,2015,s_od_r,NA,2.07839,added
SWZ,AFB,Survey,2015,s_od_u,NA,0.74978,added
SWZ,WSC,Other,2015,s_treat_wtp_n,NA,62.2,added
SWZ,WSC,Other,2016,s_treat_wtp_n,NA,69.6,added
SWZ,SHIMS,Survey,2017,s_imp_r,78.984505,80.02008997674014,changed
SWZ,SHIMS,Survey,2017,s_imp_u,90.197835,92.10873152599632,changed
SWZ,SHIMS,Survey,2017,s_lat_r,72.935855,73.97143997674014,changed
SWZ,SHIMS,Survey,2017,s_lat_u,48.519075,50.429971525996336,changed
SWZ,WSC,Other,2017,s_treat_wtp_n,NA,74.7,added
SWZ,AFB,Survey,2018,s_od_r,NA,3.99128,added
SWZ,AFB,Survey,2018,s_od_u,NA,0.98343,added
SWZ,WSC,Other,2018,s_treat_wtp_n,NA,77,added
SWZ,WSC,Other,2019,s_treat_wtp_n,NA,77.4,added
SWZ,WSC,Other,2020,s_treat_wtp_n,NA,78.5,added
SWZ,AFB,Survey,2021,s_od_r,NA,2.94369,added
SWZ,AFB,Survey,2021,s_od_u,NA,2.48001,added
SWZ,WSC,Other,2021,s_treat_wtp_n,NA,76.1,added
SWZ,MICS,Survey,2022,s_imp_r,NA,82.95142,added
SWZ,MICS,Survey,2022,s_imp_u,NA,93.54662,added
SWZ,MICS,Survey,2022,s_lat_ebo_r,NA,0.57059,added
SWZ,MICS,Survey,2022,s_lat_ebo_u,NA,1.10969,added
SWZ,MICS,Survey,2022,s_lat_edl_r,NA,0.69818,added
SWZ,MICS,Survey,2022,s_lat_edl_u,NA,0.4684,added
SWZ,MICS,Survey,2022,s_lat_ero_r,NA,0.12851,added
SWZ,MICS,Survey,2022,s_lat_ero_u,NA,0.10483,added
SWZ,MICS,Survey,2022,s_lat_nemp_r,NA,98.60271,added
SWZ,MICS,Survey,2022,s_lat_nemp_u,NA,98.31708,added
SWZ,MICS,Survey,2022,s_lat_r,NA,74.82632,added
SWZ,MICS,Survey,2022,s_lat_u,NA,44.00403,added
SWZ,MICS,Survey,2022,s_od_r,NA,5.88921,added
SWZ,AFB,Survey,2022,s_od_r,NA,0.77993,added
SWZ,MICS,Survey,2022,s_od_u,NA,0.46224,added
SWZ,AFB,Survey,2022,s_od_u,NA,4.15464,added
SWZ,MICS,Survey,2022,s_sep_edl_r,NA,2.65934,added
SWZ,MICS,Survey,2022,s_sep_edl_u,NA,0.35411,added
SWZ,MICS,Survey,2022,s_sep_ero_r,NA,7.91677,added
SWZ,MICS,Survey,2022,s_sep_ero_u,NA,5.34742,added
SWZ,MICS,Survey,2022,s_sep_nemp_r,NA,89.42389,added
SWZ,MICS,Survey,2022,s_sep_nemp_u,NA,94.29848,added
SWZ,MICS,Survey,2022,s_sep_r,NA,3.59312,added
SWZ,MICS,Survey,2022,s_sep_u,NA,11.16595,added
SWZ,MICS,Survey,2022,s_sew_r,NA,4.53198,added
SWZ,MICS,Survey,2022,s_sew_u,NA,38.37664,added
SWZ,MICS,Survey,2022,s_shared_r,NA,24.29451,added
SWZ,MICS,Survey,2022,s_shared_u,NA,47.77076,added
SWZ,WSC,Other,2022,s_treat_wtp_n,NA,76,added
SWZ,WSC,Other,2023,s_treat_wtp_n,NA,75,added
SYC,PPS,Survey,2018,s_imp_n,NA,98.55,added
SYC,PPS,Survey,2018,s_od_n,NA,1.2,added
SYC,CEN,Census,2022,s_imp_n,NA,99.6,added
SYC,CEN,Census,2022,s_lat_n,NA,0.09999999999999432,added
SYC,CEN,Census,2022,s_sep_n,NA,73.3,added
SYC,CEN,Census,2022,s_sew_n,NA,26.2,added
SYC,CEN,Census,2022,s_shared_n,NA,0.3,added
SYR,HNO,Survey,2022,s_imp_r,NA,98.63456,added
SYR,HNO,Survey,2022,s_imp_u,NA,100,added
SYR,HNO,Survey,2022,s_lat_r,NA,0,added
SYR,HNO,Survey,2022,s_lat_u,NA,0,added
SYR,HNO,Survey,2022,s_sep_con_r,NA,95.25831,added
SYR,HNO,Survey,2022,s_sep_r,NA,18.77617,added
SYR,HNO,Survey,2022,s_sep_u,NA,0.67357,added
SYR,HNO,Survey,2022,s_sew_net_r,NA,99.44493,added
SYR,HNO,Survey,2022,s_sew_net_u,NA,82.14407,added
SYR,HNO,Survey,2022,s_sew_r,NA,79.85839,added
SYR,HNO,Survey,2022,s_sew_u,NA,99.32643,added
SYR,HNO,Survey,2022,s_shared_r,NA,3.4950500000000004,added
SYR,HNO,Survey,2022,s_shared_u,NA,0.0213,added
TCA,SLC,Survey,2001,s_imp_n,80.69999999999999,NA,removed
TCA,CEN,Census,2001,s_imp_n,82.1,NA,removed
TCA,SLC,Survey,2001,s_lat_n,17.099999999999994,NA,removed
TCA,CEN,Census,2001,s_lat_n,13.799999999999995,NA,removed
TCA,SLC,Survey,2001,s_od_n,1.4,NA,removed
TCA,CEN,Census,2001,s_od_n,3.7,NA,removed
TCA,SLC,Survey,2001,s_sep_n,54.4,NA,removed
TCA,CEN,Census,2001,s_sep_n,68.3,NA,removed
TCA,SLC,Survey,2001,s_sew_n,9.2,NA,removed
TCA,SLC,Survey,2012,s_imp_n,88.5,NA,removed
TCA,CEN,Census,2012,s_imp_n,85.45,NA,removed
TCA,SLC,Survey,2012,s_lat_n,76.63836477987421,NA,removed
TCA,CEN,Census,2012,s_lat_n,74.90471698113208,NA,removed
TCA,SLC,Survey,2012,s_od_n,3,NA,removed
TCA,CEN,Census,2012,s_od_n,0.5,NA,removed
TCA,MICS,Survey,2020,s_imp_r,NA,97.70576,added
TCA,MICS,Survey,2020,s_imp_u,NA,98.76863,added
TCA,MICS,Survey,2020,s_lat_ebo_r,NA,7.8126,added
TCA,MICS,Survey,2020,s_lat_ebo_u,NA,0.30718,added
TCA,MICS,Survey,2020,s_lat_edl_r,NA,10.53933,added
TCA,MICS,Survey,2020,s_lat_edl_u,NA,4.99398,added
TCA,MICS,Survey,2020,s_lat_ero_r,NA,2.55555,added
TCA,MICS,Survey,2020,s_lat_ero_u,NA,3.14187,added
TCA,MICS,Survey,2020,s_lat_nemp_r,NA,79.09252,added
TCA,MICS,Survey,2020,s_lat_nemp_u,NA,91.55697,added
TCA,MICS,Survey,2020,s_lat_r,NA,12.654810000000012,added
TCA,MICS,Survey,2020,s_lat_u,NA,7.784949999999995,added
TCA,MICS,Survey,2020,s_od_r,NA,0.23136,added
TCA,MICS,Survey,2020,s_od_u,NA,0,added
TCA,MICS,Survey,2020,s_sep_ebo_r,NA,1.46297,added
TCA,MICS,Survey,2020,s_sep_ebo_u,NA,0.3339,added
TCA,MICS,Survey,2020,s_sep_edl_r,NA,2.28713,added
TCA,MICS,Survey,2020,s_sep_edl_u,NA,1.83141,added
TCA,MICS,Survey,2020,s_sep_ero_r,NA,13.52291,added
TCA,MICS,Survey,2020,s_sep_ero_u,NA,36.29566,added
TCA,MICS,Survey,2020,s_sep_nemp_r,NA,82.72698,added
TCA,MICS,Survey,2020,s_sep_nemp_u,NA,61.53903,added
TCA,MICS,Survey,2020,s_sep_r,NA,85.05095,added
TCA,MICS,Survey,2020,s_sep_u,NA,90.98368,added
TCA,MICS,Survey,2020,s_sew_r,NA,0,added
TCA,MICS,Survey,2020,s_sew_u,NA,0,added
TCA,MICS,Survey,2020,s_shared_r,NA,6.25736,added
TCA,MICS,Survey,2020,s_shared_u,NA,5.5929,added
TCD,ENIPT,Survey,2017,s_imp_r,NA,7.5,added
TCD,ENIPT,Survey,2017,s_imp_u,NA,40.2,added
TCD,ENIPT,Survey,2017,s_lat_r,NA,7,added
TCD,ENIPT,Survey,2017,s_lat_u,NA,35.800000000000004,added
TCD,ENIPT,Survey,2017,s_od_r,NA,76.9,added
TCD,ENIPT,Survey,2017,s_od_u,NA,13.8,added
TCD,ENIPT,Survey,2017,s_sep_r,NA,0.1,added
TCD,ENIPT,Survey,2017,s_sep_u,NA,2.7,added
TCD,ENIPT,Survey,2017,s_sew_r,NA,0.4,added
TCD,ENIPT,Survey,2017,s_sew_u,NA,1.7,added
TCD,EHCVM,Survey,2018,s_imp_r,NA,8.14616,added
TCD,EHCVM,Survey,2018,s_imp_u,NA,62.38497000000001,added
TCD,EHCVM,Survey,2018,s_od_r,NA,79.69916,added
TCD,EHCVM,Survey,2018,s_od_u,NA,15.77274,added
TGO,EHCVM,Survey,2018,s_imp_r,NA,19.40086,added
TGO,EHCVM,Survey,2018,s_imp_u,NA,78.25198999999998,added
TGO,EHCVM,Survey,2018,s_lat_r,NA,16.382830000000002,added
TGO,EHCVM,Survey,2018,s_lat_u,NA,41.360819999999975,added
TGO,EHCVM,Survey,2018,s_od_r,NA,63.40941,added
TGO,EHCVM,Survey,2018,s_od_u,NA,12.58192,added
TGO,EHCVM,Survey,2018,s_sep_r,NA,2.87536,added
TGO,EHCVM,Survey,2018,s_sep_u,NA,36.66481,added
TGO,EHCVM,Survey,2018,s_sew_r,NA,0.14267000000000002,added
TGO,EHCVM,Survey,2018,s_sew_u,NA,0.22636,added
TGO,EHCVM,Survey,2018,s_shared_r,NA,52.48903,added
TGO,EHCVM,Survey,2018,s_shared_u,NA,62.56883,added
TGO,MIS,Survey,2020,s_imp_r,NA,23.6,added
TGO,MIS,Survey,2020,s_imp_u,NA,76,added
TGO,MIS,Survey,2020,s_lat_r,NA,16.4,added
TGO,MIS,Survey,2020,s_lat_u,NA,38.4,added
TGO,MIS,Survey,2020,s_od_r,NA,56.3,added
TGO,MIS,Survey,2020,s_od_u,NA,14.6,added
TGO,MIS,Survey,2020,s_sep_r,NA,7.1,added
TGO,MIS,Survey,2020,s_sep_u,NA,31.9,added
TGO,MIS,Survey,2020,s_sew_r,NA,0.1,added
TGO,MIS,Survey,2020,s_sew_u,NA,5.7,added
TGO,MIS,Survey,2020,s_shared_r,NA,11.5,added
TGO,MIS,Survey,2020,s_shared_u,NA,43.2,added
TGO,AFB,Survey,2021,s_od_r,NA,49.57918,added
TGO,AFB,Survey,2021,s_od_u,NA,15.10273,added
TGO,AFB,Survey,2022,s_od_r,NA,30.52977,added
TGO,AFB,Survey,2022,s_od_u,NA,5.65102,added
THA,SES,Survey,2001,s_imp_r,NA,98.8,added
THA,SES,Survey,2001,s_imp_u,NA,99.5,added
THA,SES,Survey,2001,s_od_r,NA,1,added
THA,SES,Survey,2001,s_od_u,NA,0.3,added
THA,CYS,Survey,2008,s_imp_r,NA,91.19114139397568,added
THA,CYS,Survey,2008,s_imp_u,NA,94.87351370593932,added
THA,CYS,Survey,2008,s_lat_r,NA,1.651981695926537,added
THA,CYS,Survey,2008,s_lat_u,NA,0.5517318920308014,added
THA,CYS,Survey,2008,s_od_r,NA,0.658389795903814,added
THA,CYS,Survey,2008,s_od_u,NA,0.06034746833192025,added
THA,CYS,Survey,2008,s_sep_r,NA,81.94278783353947,added
THA,CYS,Survey,2008,s_sep_u,NA,76.42603673656232,added
THA,CYS,Survey,2008,s_sew_r,NA,7.596371864509674,added
THA,CYS,Survey,2008,s_sew_u,NA,17.895745077346213,added
THA,EHWS,Survey,2009,s_od_r,NA,0.7,added
THA,EHWS,Survey,2009,s_od_u,NA,0.1,added
THA,CEN,Census,2010,s_imp_r,99.6,NA,removed
THA,CEN,Census,2010,s_imp_u,99.8,NA,removed
THA,EHWS,Survey,2011,s_od_r,NA,0.46699788259049096,added
THA,EHWS,Survey,2011,s_od_u,NA,0.11028219995853884,added
THA,EHWS,Survey,2013,s_od_r,NA,0.40169805025003685,added
THA,EHWS,Survey,2013,s_od_u,NA,0.06686136457673887,added
THA,EHWS,Survey,2015,s_od_r,NA,0.2913610937177849,added
THA,EHWS,Survey,2015,s_od_u,NA,0.08000196461995136,added
THA,EHWS,Survey,2017,s_od_r,NA,0.09250715616041152,added
THA,EHWS,Survey,2017,s_od_u,NA,0,added
THA,MICS,Survey,2019,s_lat_edl_r,53.30394,1.79772,changed
THA,MICS,Survey,2019,s_lat_edl_u,50.17619,1.9877,changed
THA,MICS,Survey,2019,s_lat_ero_r,0.53131,52.03753,changed
THA,MICS,Survey,2019,s_lat_ero_u,0.2987,48.48719,changed
THA,EHWS,Survey,2019,s_od_r,NA,0.02012465098398095,added
THA,EHWS,Survey,2019,s_od_u,NA,0.07300522329739607,added
THA,MICS,Survey,2019,s_sep_edl_r,59.02144,2.30669,changed
THA,MICS,Survey,2019,s_sep_edl_u,43.76896,1.51858,changed
THA,MICS,Survey,2019,s_sep_ero_r,3.79019,60.50495,changed
THA,MICS,Survey,2019,s_sep_ero_u,7.01537,49.26575,changed
THA,EHWS,Survey,2021,s_od_r,NA,0.04798384436129746,added
THA,EHWS,Survey,2021,s_od_u,NA,0.005839253942458,added
THA,MICS,Survey,2022,s_imp_r,NA,99.72511,added
THA,MICS,Survey,2022,s_imp_u,NA,99.93762000000002,added
THA,MICS,Survey,2022,s_lat_ebo_r,NA,0.64352,added
THA,MICS,Survey,2022,s_lat_ebo_u,NA,7.42474,added
THA,MICS,Survey,2022,s_lat_edl_r,NA,5.02564,added
THA,MICS,Survey,2022,s_lat_edl_u,NA,1.35368,added
THA,MICS,Survey,2022,s_lat_ero_r,NA,32.44407,added
THA,MICS,Survey,2022,s_lat_ero_u,NA,29.36685,added
THA,MICS,Survey,2022,s_lat_nemp_r,NA,61.88677,added
THA,MICS,Survey,2022,s_lat_nemp_u,NA,61.854730000000004,added
THA,MICS,Survey,2022,s_lat_r,NA,6.125070000000008,added
THA,MICS,Survey,2022,s_lat_u,NA,1.62624000000001,added
THA,MICS,Survey,2022,s_od_r,NA,0.06963,added
THA,MICS,Survey,2022,s_od_u,NA,0.00238,added
THA,MICS,Survey,2022,s_sep_ebo_r,NA,0.59364,added
THA,MICS,Survey,2022,s_sep_ebo_u,NA,0.33031,added
THA,MICS,Survey,2022,s_sep_edl_r,NA,3.49816,added
THA,MICS,Survey,2022,s_sep_edl_u,NA,5.06619,added
THA,MICS,Survey,2022,s_sep_ero_r,NA,66.01338,added
THA,MICS,Survey,2022,s_sep_ero_u,NA,54.47357,added
THA,MICS,Survey,2022,s_sep_nemp_r,NA,29.89482,added
THA,MICS,Survey,2022,s_sep_nemp_u,NA,40.12992,added
THA,MICS,Survey,2022,s_sep_r,NA,82.80227,added
THA,MICS,Survey,2022,s_sep_u,NA,64.45842,added
THA,MICS,Survey,2022,s_sew_r,NA,10.79777,added
THA,MICS,Survey,2022,s_sew_u,NA,33.85296,added
THA,MICS,Survey,2022,s_shared_r,NA,1.15068,added
THA,MICS,Survey,2022,s_shared_u,NA,2.07026,added
THA,EHWS,Survey,2023,s_od_r,NA,0.0384456201698356,added
THA,EHWS,Survey,2023,s_od_u,NA,0,added
TJK,PMS,Survey,2002,s_shared_r,NA,0.2,added
TJK,PMS,Survey,2002,s_shared_u,NA,1.4,added
TJK,LSMS,Survey,2003,s_imp_r,91.3398138572906,NA,removed
TJK,LSMS,Survey,2003,s_imp_u,98.4769825918762,NA,removed
TJK,LSMS,Survey,2003,s_lat_r,85.29536941284616,NA,removed
TJK,LSMS,Survey,2003,s_lat_u,39.63207614696977,NA,removed
TJK,LSMS,Survey,2003,s_od_r,2.3,NA,removed
TJK,LSMS,Survey,2003,s_od_u,0.3,NA,removed
TJK,LSMS,Survey,2003,s_sew_r,6.044444444444444,NA,removed
TJK,LSMS,Survey,2003,s_sew_u,58.844906444906435,NA,removed
TJK,MICS,Survey,2005,s_shared_r,3,2.6,changed
TJK,MICS,Survey,2005,s_shared_u,4,3.9,changed
TJK,LSMS,Survey,2007,s_imp_r,99.3,99.2,changed
TJK,LSMS,Survey,2007,s_imp_u,99.7,99.8,changed
TJK,LSMS,Survey,2007,s_lat_r,97.1,96.8,changed
TJK,LSMS,Survey,2007,s_lat_u,52.2,51.6,changed
TJK,LSMS,Survey,2007,s_sep_r,0.9,1,changed
TJK,LSMS,Survey,2007,s_sep_u,2.7,2.8,changed
TJK,LSMS,Survey,2007,s_sew_r,1.3,1.4,changed
TJK,LSMS,Survey,2007,s_sew_u,44.8,45.4,changed
TJK,LSMS,Survey,2007,s_shared_r,NA,3.8,added
TJK,LSMS,Survey,2007,s_shared_u,NA,4.4,added
TJK,HWS,Survey,2016,s_lat_ero_r,NA,37.77785,added
TJK,HWS,Survey,2016,s_lat_ero_u,NA,47.23873,added
TJK,CEN,Census,2020,s_od_r,NA,0.729132964327022,added
TJK,CEN,Census,2020,s_od_u,NA,0.6720482388700445,added
TKL,CEN,Census,2001,s_imp_n,NA,72.5,added
TKL,CEN,Census,2001,s_imp_r,NA,72.5,added
TKL,CEN,Census,2001,s_od_n,NA,8.75,added
TKL,CEN,Census,2001,s_od_r,NA,8.75,added
TKL,CEN,Admin,2016,s_imp_n,99.7,NA,removed
TKL,CEN,Census,2016,s_imp_n,NA,99.7,added
TKL,CEN,Admin,2016,s_imp_r,99.7,NA,removed
TKL,CEN,Census,2016,s_imp_r,NA,99.7,added
TKL,CEN,Admin,2016,s_shared_n,5.516549648946841,NA,removed
TKL,CEN,Census,2016,s_shared_n,NA,5.516549648946841,added
TKL,CEN,Admin,2016,s_shared_r,5.516549648946841,NA,removed
TKL,CEN,Census,2016,s_shared_r,NA,5.516549648946841,added
TKL,CEN,Census,2022,s_imp_n,NA,99.61089494163424,added
TKL,CEN,Census,2022,s_imp_r,NA,99.61089494163424,added
TKL,CEN,Census,2022,s_od_n,NA,0.3891050583657587,added
TKL,CEN,Census,2022,s_od_r,NA,0.3891050583657587,added
TKL,CEN,Census,2022,s_shared_n,NA,3.608247422680413,added
TKL,CEN,Census,2022,s_shared_r,NA,3.608247422680413,added
TKM,DHS,Survey,2000,s_imp_r,97.41365015166836,NA,removed
TKM,DHS,Survey,2000,s_imp_u,99.30175054704594,NA,removed
TKM,CEN,Census,2022,s_sew_r,NA,0,added
TKM,CEN,Census,2022,s_sew_u,NA,55.5365414595698,added
TLS,TLSS,Survey,2001,s_imp_r,33.63566533974414,NA,removed
TLS,TLSS,Survey,2001,s_imp_u,68.48134425915478,NA,removed
TLS,MICS,Survey,2002,s_imp_r,35.606218169281874,12.3,changed
TLS,MICS,Survey,2002,s_imp_u,62.67693939806674,54.599999999999994,changed
TLS,MICS,Survey,2002,s_lat_r,29.10621816928187,5.800000000000001,changed
TLS,MICS,Survey,2002,s_lat_u,29.07693939806674,20.999999999999993,changed
TLS,DHS,Survey,2003,s_imp_r,44.57148766581662,NA,removed
TLS,DHS,Survey,2003,s_imp_u,75.86340840723327,NA,removed
TLS,DHS,Survey,2003,s_lat_r,28.49897526087147,NA,removed
TLS,DHS,Survey,2003,s_lat_u,31.863408407233266,NA,removed
TLS,DHS,Survey,2003,s_sep_r,16.072512404945147,NA,removed
TLS,DHS,Survey,2003,s_sep_u,44,NA,removed
TLS,CEN,Census,2010,s_shared_r,NA,27.188340674609034,added
TLS,CEN,Census,2010,s_shared_u,NA,25.135338151112492,added
TLS,FNS,Survey,2013,s_imp_r,49.10564126897983,NA,removed
TLS,FNS,Survey,2013,s_imp_u,89.48906296604795,NA,removed
TLS,FNS,Survey,2013,s_lat_r,15.905641268979828,NA,removed
TLS,FNS,Survey,2013,s_lat_u,13.589062966047948,NA,removed
TLS,FNS,Survey,2013,s_od_r,NA,38.6,added
TLS,FNS,Survey,2013,s_od_u,NA,4.9,added
TLS,FNS,Survey,2020,s_imp_r,60.3,72.3,changed
TLS,FNS,Survey,2020,s_imp_u,78.7,86.30000000000001,changed
TLS,FNS,Survey,2020,s_lat_r,NA,39.7,added
TLS,FNS,Survey,2020,s_lat_u,NA,43.10000000000001,added
TLS,FNS,Survey,2020,s_od_r,NA,14.39,added
TLS,FNS,Survey,2020,s_od_u,NA,4.41,added
TLS,FNS,Survey,2020,s_sep_r,NA,32.6,added
TLS,FNS,Survey,2020,s_sep_u,NA,43.2,added
TLS,FNS,Survey,2020,s_shared_r,NA,21.4322,added
TLS,FNS,Survey,2020,s_shared_u,NA,23.94889,added
TLS,CEN,Census,2022,s_imp_r,NA,73.73743183857533,added
TLS,CEN,Census,2022,s_imp_u,NA,93.30593770472278,added
TLS,CEN,Census,2022,s_lat_r,NA,45.82748544739202,added
TLS,CEN,Census,2022,s_lat_u,NA,49.3091537132988,added
TLS,CEN,Census,2022,s_od_r,NA,12.237420334537424,added
TLS,CEN,Census,2022,s_od_u,NA,0.8010243582871777,added
TLS,CEN,Census,2022,s_sep_r,NA,5.723834065757081,added
TLS,CEN,Census,2022,s_sep_u,NA,10.757250908224645,added
TLS,CEN,Census,2022,s_sew_r,NA,22.186112325426222,added
TLS,CEN,Census,2022,s_sew_u,NA,33.23953308319933,added
TLS,CEN,Census,2022,s_shared_r,NA,12.783749629467838,added
TLS,CEN,Census,2022,s_shared_u,NA,13.263547584093956,added
TON,HIES,Survey,2016,s_imp_r,NA,92.46988803046207,added
TON,HIES,Survey,2016,s_imp_u,NA,99.11016226635049,added
TON,HIES,Survey,2016,s_lat_r,NA,26.756298030462077,added
TON,HIES,Survey,2016,s_lat_u,NA,11.320652266350493,added
TON,HIES,Survey,2016,s_sep_r,NA,63.57257,added
TON,HIES,Survey,2016,s_sep_u,NA,87.22348,added
TON,HIES,Survey,2016,s_sew_r,NA,2.14102,added
TON,HIES,Survey,2016,s_sew_u,NA,0.56603,added
TON,HIES,Survey,2021,s_imp_r,NA,93.83411,added
TON,CEN,Census,2021,s_imp_r,NA,98.18649343618893,added
TON,HIES,Survey,2021,s_imp_u,NA,99.73128,added
TON,CEN,Census,2021,s_imp_u,NA,99.55763086753502,added
TON,CEN,Census,2021,s_lat_r,NA,5.954797672215449,added
TON,CEN,Census,2021,s_lat_u,NA,0.22118456623249472,added
TON,CEN,Census,2021,s_od_r,NA,0.23683854378129657,added
TON,CEN,Census,2021,s_od_u,NA,0.09830425165888423,added
TON,CEN,Census,2021,s_sep_r,NA,92.23169576397348,added
TON,CEN,Census,2021,s_sep_u,NA,99.33644630130252,added
TON,CEN,Census,2021,s_shared_r,NA,2.342787,added
TON,CEN,Census,2021,s_shared_u,NA,1.7769,added
TTO,MICS,Survey,2000,s_imp_n,97.68533333333332,NA,removed
TTO,CEN,Census,2000,s_imp_n,97.37066666666666,NA,removed
TTO,MICS,Survey,2000,s_lat_n,26.885333333333335,NA,removed
TTO,CEN,Census,2000,s_lat_n,25.370666666666665,NA,removed
TTO,MICS,Survey,2000,s_od_n,0.1,NA,removed
TTO,CEN,Census,2000,s_od_n,0.4,NA,removed
TTO,MICS,Survey,2000,s_sep_n,39.6,NA,removed
TTO,CEN,Census,2000,s_sep_n,50.3,NA,removed
TTO,MICS,Survey,2000,s_sew_n,31.2,NA,removed
TTO,CEN,Census,2000,s_sew_n,21.7,NA,removed
TTO,CEN,Census,2000,s_shared_n,8.049632941521393,NA,removed
TTO,SLC,Survey,2005,s_imp_n,98.31866666666669,NA,removed
TTO,SLC,Survey,2005,s_lat_n,17.418666666666667,NA,removed
TTO,SLC,Survey,2005,s_od_n,0.6,NA,removed
TTO,SLC,Survey,2005,s_sep_n,62.6,NA,removed
TTO,SLC,Survey,2005,s_sew_n,18.3,NA,removed
TTO,SLC,Survey,2005,s_shared_n,6.767745197168856,NA,removed
TTO,MICS,Survey,2006,s_imp_n,98.8,NA,removed
TTO,MICS,Survey,2006,s_lat_n,14.400000000000006,NA,removed
TTO,MICS,Survey,2006,s_od_n,0.1,NA,removed
TTO,MICS,Survey,2006,s_sep_n,65.3,NA,removed
TTO,MICS,Survey,2006,s_sew_n,19.1,NA,removed
TTO,MICS,Survey,2006,s_shared_n,6.767745197168856,NA,removed
TTO,HBS,Survey,2009,s_imp_n,98.80133333333332,NA,removed
TTO,HBS,Survey,2009,s_lat_n,12.401333333333326,NA,removed
TTO,HBS,Survey,2009,s_od_n,0.2,NA,removed
TTO,HBS,Survey,2009,s_sep_n,64,NA,removed
TTO,HBS,Survey,2009,s_sew_n,22.4,NA,removed
TTO,MICS,Survey,2011,s_imp_n,98.88048,NA,removed
TTO,CEN,Census,2011,s_imp_n,98.96403924206774,NA,removed
TTO,MICS,Survey,2011,s_imp_r,NA,99.46241,added
TTO,MICS,Survey,2011,s_imp_u,NA,98.44802,added
TTO,MICS,Survey,2011,s_lat_n,8.882540000000006,NA,removed
TTO,CEN,Census,2011,s_lat_n,9.96697267073914,NA,removed
TTO,MICS,Survey,2011,s_lat_r,NA,13.39385,added
TTO,MICS,Survey,2011,s_lat_u,NA,5.530050000000003,added
TTO,MICS,Survey,2011,s_od_n,0.05514,NA,removed
TTO,CEN,Census,2011,s_od_n,0.02635900940492089,NA,removed
TTO,MICS,Survey,2011,s_od_r,NA,0.04338,added
TTO,MICS,Survey,2011,s_od_u,NA,0.06388,added
TTO,MICS,Survey,2011,s_sep_n,70.55507,NA,removed
TTO,CEN,Census,2011,s_sep_n,63.7064665681494,NA,removed
TTO,MICS,Survey,2011,s_sep_r,NA,83.30855,added
TTO,MICS,Survey,2011,s_sep_u,NA,61.07763,added
TTO,MICS,Survey,2011,s_sew_n,19.44287,NA,removed
TTO,CEN,Census,2011,s_sew_n,25.290600003179197,NA,removed
TTO,MICS,Survey,2011,s_sew_r,NA,2.76001,added
TTO,MICS,Survey,2011,s_sew_u,NA,31.84034,added
TTO,MICS,Survey,2011,s_shared_n,4.650632114531314,NA,removed
TTO,CEN,Census,2011,s_shared_n,8.049632941521393,NA,removed
TTO,MICS,Survey,2011,s_shared_r,NA,3.875228603385393,added
TTO,MICS,Survey,2011,s_shared_u,NA,5.232792518260293,added
TTO,UNSD,Admin,2014,s_treat_wtp_n,NA,99.9116668701172,added
TTO,UNSD,Admin,2015,s_treat_wtp_n,NA,99.9116668701172,added
TTO,NWHS,Survey,2016,s_imp_n,99.5189843693378,NA,removed
TTO,NWHS,Survey,2016,s_imp_r,NA,98.50786284161434,added
TTO,NWHS,Survey,2016,s_imp_u,NA,99.14712451370649,added
TTO,NWHS,Survey,2016,s_od_n,0.02296,NA,removed
TTO,NWHS,Survey,2016,s_od_r,NA,0,added
TTO,NWHS,Survey,2016,s_od_u,NA,0.03275,added
TTO,UNSD,Admin,2016,s_treat_wtp_n,NA,99.9116668701172,added
TTO,MICS,Survey,2022,s_imp_r,NA,98.37801,added
TTO,MICS,Survey,2022,s_imp_u,NA,98.97751,added
TTO,MICS,Survey,2022,s_lat_ebo_r,NA,2.83633,added
TTO,MICS,Survey,2022,s_lat_ebo_u,NA,4.81004,added
TTO,MICS,Survey,2022,s_lat_edl_r,NA,7.3068,added
TTO,MICS,Survey,2022,s_lat_edl_u,NA,4.9437,added
TTO,MICS,Survey,2022,s_lat_ero_r,NA,12.06258,added
TTO,MICS,Survey,2022,s_lat_ero_u,NA,31.7267,added
TTO,MICS,Survey,2022,s_lat_nemp_r,NA,77.79429,added
TTO,MICS,Survey,2022,s_lat_nemp_u,NA,58.51956,added
TTO,MICS,Survey,2022,s_lat_r,NA,3.768139999999988,added
TTO,MICS,Survey,2022,s_lat_u,NA,1.8915599999999984,added
TTO,MICS,Survey,2022,s_od_r,NA,0.23819,added
TTO,MICS,Survey,2022,s_od_u,NA,0.16382,added
TTO,MICS,Survey,2022,s_sep_ebo_r,NA,1.05901,added
TTO,MICS,Survey,2022,s_sep_ebo_u,NA,0.6722,added
TTO,MICS,Survey,2022,s_sep_edl_r,NA,0.15408,added
TTO,MICS,Survey,2022,s_sep_edl_u,NA,0.69275,added
TTO,MICS,Survey,2022,s_sep_ero_r,NA,56.62409,added
TTO,MICS,Survey,2022,s_sep_ero_u,NA,67.283690000000007,added
TTO,MICS,Survey,2022,s_sep_nemp_r,NA,42.16282,added
TTO,MICS,Survey,2022,s_sep_nemp_u,NA,31.35135,added
TTO,MICS,Survey,2022,s_sep_r,NA,86.0199,added
TTO,MICS,Survey,2022,s_sep_u,NA,60.04624,added
TTO,MICS,Survey,2022,s_sew_r,NA,8.58997,added
TTO,MICS,Survey,2022,s_sew_u,NA,37.03971,added
TTO,MICS,Survey,2022,s_shared_r,NA,4.87653,added
TTO,MICS,Survey,2022,s_shared_u,NA,4.28746,added
TUN,UNSD,Admin,2010,s_sew_rtp_n,NA,93.7968292236328,added
TUN,UNSD,Admin,2010,s_treat_wtp_n,NA,3.566784143447876,added
TUN,MICS,Survey,2012,s_imp_r,89,89.11057,changed
TUN,MICS,Survey,2012,s_imp_u,99.79999999999998,99.81423999999998,changed
TUN,MICS,Survey,2012,s_lat_r,61.400000000000006,61.428529999999995,changed
TUN,MICS,Survey,2012,s_lat_u,7.399999999999992,7.420149999999992,changed
TUN,MICS,Survey,2012,s_od_r,6.6,6.61745,changed
TUN,MICS,Survey,2012,s_od_u,0.1,0.05652,changed
TUN,MICS,Survey,2012,s_sep_r,22.4,22.43862,changed
TUN,MICS,Survey,2012,s_sep_u,10.1,10.11621,changed
TUN,MICS,Survey,2012,s_sew_r,5.2,5.24342,changed
TUN,MICS,Survey,2012,s_sew_u,82.3,82.27788,changed
TUN,MICS,Survey,2012,s_shared_r,10.599999999999998,5.6719,changed
TUN,MICS,Survey,2012,s_shared_u,2.100000000000002,1.9314,changed
TUN,AFB,Survey,2013,s_od_r,NA,4.17551,added
TUN,AFB,Survey,2013,s_od_u,NA,0.38857,added
TUN,AFB,Survey,2015,s_od_r,NA,0.91159,added
TUN,AFB,Survey,2015,s_od_u,NA,0.12223,added
TUN,AFB,Survey,2018,s_od_r,NA,1.66915,added
TUN,AFB,Survey,2018,s_od_u,NA,0.94301,added
TUN,RA,Admin,2019,s_sew_rtp_n,NA,99.3,added
TUN,AFB,Survey,2020,s_od_r,NA,1.15866,added
TUN,AFB,Survey,2020,s_od_u,NA,0.21801,added
TUN,RA,Admin,2020,s_sew_rtp_n,NA,99.1,added
TUN,AS,Admin,2020,s_treat_wtp_n,NA,100,added
TUN,RA,Admin,2021,s_sew_rtp_n,NA,99.2,added
TUN,AFB,Survey,2022,s_od_r,NA,1.26887,added
TUN,AFB,Survey,2022,s_od_u,NA,1.18524,added
TUN,RA,Admin,2022,s_sew_rtp_n,NA,99.2,added
TUN,ONAS,Admin,2022,s_sew_rtp_n,NA,99.3,added
TUN,MICS,Survey,2023,s_imp_r,NA,89.28969000000001,added
TUN,MICS,Survey,2023,s_imp_u,NA,98.9304,added
TUN,MICS,Survey,2023,s_lat_ebo_r,NA,9.46092,added
TUN,MICS,Survey,2023,s_lat_ebo_u,NA,7.55719,added
TUN,MICS,Survey,2023,s_lat_edl_r,NA,25.09046,added
TUN,MICS,Survey,2023,s_lat_edl_u,NA,32.19506,added
TUN,MICS,Survey,2023,s_lat_ero_r,NA,12.53182,added
TUN,MICS,Survey,2023,s_lat_ero_u,NA,19.51086,added
TUN,MICS,Survey,2023,s_lat_nemp_r,NA,52.9168,added
TUN,MICS,Survey,2023,s_lat_nemp_u,NA,40.73689,added
TUN,MICS,Survey,2023,s_lat_r,NA,55.995394811334805,added
TUN,MICS,Survey,2023,s_lat_u,NA,6.107206030925894,added
TUN,MICS,Survey,2023,s_od_r,NA,1.42001,added
TUN,MICS,Survey,2023,s_od_u,NA,0,added
TUN,MICS,Survey,2023,s_sep_r,NA,18.3780951886652,added
TUN,MICS,Survey,2023,s_sep_u,NA,5.5992839690741105,added
TUN,MICS,Survey,2023,s_sew_r,NA,14.9162,added
TUN,ONAS,Admin,2023,s_sew_rtp_n,NA,99,added
TUN,MICS,Survey,2023,s_sew_u,NA,87.22391,added
TUN,MICS,Survey,2023,s_shared_r,NA,2.12224,added
TUN,MICS,Survey,2023,s_shared_u,NA,1.26426,added
TUR,ES,Admin,2005,s_sew_rtp_n,NA,73.3,added
TUR,ES,Admin,2006,s_sew_rtp_n,NA,71.5,added
TUR,ES,Admin,2007,s_sew_rtp_n,NA,74.6,added
TUR,ES,Admin,2008,s_sew_rtp_n,NA,73,added
TUR,ES,Admin,2009,s_sew_rtp_n,NA,76.2,added
TUR,ES,Admin,2010,s_sew_rtp_n,NA,73.3,added
TUR,ES,Admin,2012,s_sew_rtp_n,NA,73.3,added
TUR,ES,Admin,2014,s_sew_rtp_n,NA,77,added
TUR,ES,Admin,2015,s_treat_wtp_n,79.25456599779746,79.25067925067924,changed
TUR,ES,Admin,2016,s_sew_rtp_n,NA,83.15,added
TUR,ES,Admin,2017,s_treat_wtp_n,NA,81.46801346801347,added
TUR,DHS,Survey,2018,s_imp_r,95.9,95.91454,changed
TUR,DHS,Survey,2018,s_imp_u,99.5,99.51744,changed
TUR,DHS,Survey,2018,s_lat_r,38.7,38.71730999999999,changed
TUR,DHS,Survey,2018,s_lat_u,2.5,2.5467799999999983,changed
TUR,DHS,Survey,2018,s_od_r,0.4,0.36677,changed
TUR,DHS,Survey,2018,s_od_u,0.1,0.10509,changed
TUR,DHS,Survey,2018,s_sew_r,57.2,57.19723,changed
TUR,ES,Admin,2018,s_sew_rtp_n,NA,85.95,added
TUR,DHS,Survey,2018,s_sew_u,97,96.97066,changed
TUR,DHS,Survey,2018,s_shared_r,1.7726798700000002,1.80759,changed
TUR,DHS,Survey,2018,s_shared_u,0.30150754,0.29963,changed
TUR,ES,Admin,2018,s_treat_wtp_n,NA,81.65211551376763,added
TUR,ES,Admin,2019,s_sew_rtp_n,NA,100,added
TUR,ES,Admin,2019,s_treat_wtp_n,NA,82.55342169326482,added
TUR,ES,Admin,2020,s_sew_rtp_n,NA,84.74,added
TUR,ES,Admin,2020,s_treat_wtp_n,NA,82.53646677471637,added
TUR,ES,Admin,2021,s_sew_rtp_n,NA,83.98,added
TUR,ES,Admin,2021,s_treat_wtp_n,NA,82.28362454286875,added
TUR,ES,Admin,2022,s_sew_rtp_n,NA,83.22,added
TUR,ES,Admin,2022,s_treat_wtp_n,NA,82.38621061136548,added
TUV,CEN,Census,2002,s_imp_r,NA,82.80000000000001,added
TUV,CEN,Census,2002,s_imp_u,NA,91.9,added
TUV,HIES,Survey,2005,s_imp_r,NA,87.86815793327881,added
TUV,HIES,Survey,2005,s_imp_u,NA,91.5084915084915,added
TUV,HIES,Survey,2005,s_od_r,NA,10.707613389964315,added
TUV,HIES,Survey,2005,s_od_u,NA,6.793206793206793,added
TUV,TDHS,Survey,2007,s_lat_r,4.5,NA,removed
TUV,TDHS,Survey,2007,s_lat_u,9.200000000000005,NA,removed
TUV,TDHS,Survey,2007,s_sep_r,15,NA,removed
TUV,TDHS,Survey,2007,s_sep_u,3.8,NA,removed
TUV,TDHS,Survey,2007,s_sew_r,63,NA,removed
TUV,TDHS,Survey,2007,s_sew_u,80.6,NA,removed
TUV,CEN,Census,2012,s_lat_r,NA,19.47004608294931,added
TUV,CEN,Census,2012,s_lat_u,NA,8.520710059171591,added
TUV,CEN,Census,2012,s_sep_r,NA,68.20276497695853,added
TUV,CEN,Census,2012,s_sep_u,NA,86.27218934911242,added
TUV,HEALE,Survey,2014,s_imp_u,NA,96.09999999999998,added
TUV,HEALE,Survey,2014,s_od_u,NA,2.8,added
TUV,mCEN,Census,2017,s_imp_r,NA,92.53539253539252,added
TUV,mCEN,Census,2017,s_imp_u,NA,94.58186101295642,added
TUV,mCEN,Census,2017,s_lat_r,NA,11.454311454311451,added
TUV,mCEN,Census,2017,s_lat_u,NA,6.360424028268554,added
TUV,mCEN,Census,2017,s_od_r,NA,6.177606177606178,added
TUV,mCEN,Census,2017,s_od_u,NA,4.122497055359246,added
TUV,mCEN,Census,2017,s_sep_r,NA,81.08108108108108,added
TUV,mCEN,Census,2017,s_sep_u,NA,88.22143698468787,added
TUV,MICS,Survey,2020,s_imp_r,NA,92.53911,added
TUV,MICS,Survey,2020,s_imp_u,NA,95.87082,added
TUV,MICS,Survey,2020,s_lat_ero_r,NA,0,added
TUV,MICS,Survey,2020,s_lat_ero_u,NA,14.81482,added
TUV,MICS,Survey,2020,s_lat_nemp_r,NA,100,added
TUV,MICS,Survey,2020,s_lat_nemp_u,NA,85.18518,added
TUV,MICS,Survey,2020,s_lat_r,NA,5.114319999999992,added
TUV,MICS,Survey,2020,s_lat_u,NA,3.3115300000000047,added
TUV,MICS,Survey,2020,s_od_r,NA,2.40674,added
TUV,MICS,Survey,2020,s_od_u,NA,1.71709,added
TUV,MICS,Survey,2020,s_sep_ebo_r,NA,8.33908,added
TUV,MICS,Survey,2020,s_sep_ebo_u,NA,5.89278,added
TUV,MICS,Survey,2020,s_sep_edl_r,NA,0.62026,added
TUV,MICS,Survey,2020,s_sep_edl_u,NA,0.53168,added
TUV,MICS,Survey,2020,s_sep_ero_r,NA,1.79187,added
TUV,MICS,Survey,2020,s_sep_ero_u,NA,18.65308,added
TUV,MICS,Survey,2020,s_sep_nemp_r,NA,89.24879,added
TUV,MICS,Survey,2020,s_sep_nemp_u,NA,74.92246,added
TUV,MICS,Survey,2020,s_sep_r,NA,87.30445,added
TUV,MICS,Survey,2020,s_sep_u,NA,92.35487,added
TUV,MICS,Survey,2020,s_sew_r,NA,0.12034,added
TUV,MICS,Survey,2020,s_sew_u,NA,0.20442,added
TUV,MICS,Survey,2020,s_shared_r,NA,8.90767,added
TUV,MICS,Survey,2020,s_shared_u,NA,13.81663,added
TUV,CEN,Census,2022,s_imp_r,NA,96.2148962148962,added
TUV,CEN,Census,2022,s_imp_u,NA,96.93877551020408,added
TUV,CEN,Census,2022,s_lat_r,NA,0.48840048840048667,added
TUV,CEN,Census,2022,s_lat_u,NA,5.408163265306115,added
TUV,CEN,Census,2022,s_od_r,NA,2.442002442002442,added
TUV,CEN,Census,2022,s_od_u,NA,1.8367346938775513,added
TUV,CEN,Census,2022,s_sep_r,NA,95.72649572649571,added
TUV,CEN,Census,2022,s_sep_u,NA,91.53061224489797,added
TUV,CEN,Census,2022,s_shared_r,NA,2.01765447667087,added
TUV,CEN,Census,2022,s_shared_u,NA,4.682622268470343,added
TZA,HBS,Survey,2000,s_imp_r,10.428868455981595,NA,removed
TZA,HBS,Survey,2000,s_imp_u,26.525946335201834,NA,removed
TZA,HBS,Survey,2001,s_imp_r,10.399031085914151,NA,removed
TZA,HBS,Survey,2001,s_imp_u,25.06344426375531,NA,removed
TZA,AIS,Survey,2003,s_imp_r,11.167958655686885,NA,removed
TZA,AIS,Survey,2003,s_imp_u,41.39072666557731,NA,removed
TZA,DHS,Survey,2005,s_imp_r,9.878420143666965,NA,removed
TZA,DHS,Survey,2005,s_imp_u,33.878229711675615,NA,removed
TZA,HBS,Survey,2007,s_imp_r,12.33959748037523,NA,removed
TZA,HBS,Survey,2007,s_imp_u,32.10964620994102,NA,removed
TZA,HBS,Survey,2007,s_lat_r,11.356828262207165,NA,removed
TZA,HBS,Survey,2007,s_lat_u,24.78077136028267,NA,removed
TZA,HBS,Survey,2007,s_sew_r,0.982769218168068,NA,removed
TZA,HBS,Survey,2007,s_sew_u,7.328874849658344,NA,removed
TZA,AIS,Survey,2008,s_imp_r,10.5448842566828,NA,removed
TZA,AIS,Survey,2008,s_imp_u,39.69225127870645,NA,removed
TZA,LSMS,Survey,2009,s_imp_r,12.093511861518046,NA,removed
TZA,LSMS,Survey,2009,s_imp_u,41.516613135090275,NA,removed
TZA,VACS,Survey,2009,s_od_r,NA,16.78026,added
TZA,VACS,Survey,2009,s_od_u,NA,2.3344,added
TZA,LSMS,Survey,2011,s_lat_r,11.7,NA,removed
TZA,LSMS,Survey,2011,s_lat_u,62.39999999999999,NA,removed
TZA,LSMS,Survey,2011,s_sew_r,0.8,NA,removed
TZA,LSMS,Survey,2011,s_sew_u,7.000000000000001,NA,removed
TZA,AFB,Survey,2012,s_od_r,NA,1.89969,added
TZA,AFB,Survey,2012,s_od_u,NA,0.64721,added
TZA,WUP,Admin,2012,s_treat_wtp_n,NA,70.6,added
TZA,AFB,Survey,2014,s_od_r,NA,2.88076,added
TZA,AFB,Survey,2014,s_od_u,NA,0.22486,added
TZA,NPS,Survey,2015,s_imp_r,29.57465,NA,removed
TZA,NPS,Survey,2015,s_imp_u,75.09521000000001,NA,removed
TZA,NPS,Survey,2015,s_od_r,18.80762,NA,removed
TZA,NPS,Survey,2015,s_od_u,2.7734,NA,removed
TZA,NPS,Survey,2015,s_shared_r,20.50279,NA,removed
TZA,NPS,Survey,2015,s_shared_u,52.76813,NA,removed
TZA,DHS,Survey,2016,s_imp_r,39.460335,13.81098,changed
TZA,DHS,Survey,2016,s_imp_u,82.88767000000001,74.89050000000002,changed
TZA,DHS,Survey,2016,s_lat_r,38.856245,13.20689,changed
TZA,DHS,Survey,2016,s_lat_u,73.96448000000001,65.96731000000001,changed
TZA,DHS,Survey,2016,s_sew_u,1.71747,NA,removed
TZA,MIS,Survey,2017,s_imp_r,34.69547,20.63326,changed
TZA,THIS,Survey,2017,s_imp_r,NA,46.57831,added
TZA,THIS,Survey,2017,s_imp_u,86.69343999999998,84.01159999999999,changed
TZA,MIS,Survey,2017,s_imp_u,81.74284499999999,76.95828999999999,changed
TZA,MIS,Survey,2017,s_lat_r,30.2529,16.19069,changed
TZA,THIS,Survey,2017,s_lat_r,NA,43.84104,added
TZA,THIS,Survey,2017,s_lat_u,68.80002999999998,66.11818999999998,changed
TZA,MIS,Survey,2017,s_lat_u,51.76687499999999,46.982319999999994,changed
TZA,HBS,Survey,2018,s_imp_r,NA,18.8667,added
TZA,HBS,Survey,2018,s_imp_u,NA,72.93564,added
TZA,HBS,Survey,2018,s_od_r,NA,8.53385,added
TZA,HBS,Survey,2018,s_od_u,NA,0.65343,added
TZA,HBS,Survey,2018,s_shared_r,NA,24.55429,added
TZA,HBS,Survey,2018,s_shared_u,NA,48.38384,added
TZA,NPS,Survey,2021,s_imp_r,NA,30.68886,added
TZA,NPS,Survey,2021,s_imp_u,NA,86.67508,added
TZA,NPS,Survey,2021,s_lat_ebo_r,NA,0.89305,added
TZA,NPS,Survey,2021,s_lat_ebo_u,NA,7.81089,added
TZA,NPS,Survey,2021,s_lat_edl_r,NA,0,added
TZA,NPS,Survey,2021,s_lat_edl_u,NA,0.00895,added
TZA,NPS,Survey,2021,s_lat_ero_r,NA,0.29857,added
TZA,NPS,Survey,2021,s_lat_ero_u,NA,13.77628,added
TZA,NPS,Survey,2021,s_lat_nemp_r,NA,98.80838,added
TZA,NPS,Survey,2021,s_lat_nemp_u,NA,78.40388,added
TZA,NPS,Survey,2021,s_lat_r,NA,13.288159999999998,added
TZA,NPS,Survey,2021,s_lat_u,NA,24.470039999999997,added
TZA,NPS,Survey,2021,s_od_r,NA,13.2317,added
TZA,AFB,Survey,2021,s_od_r,NA,3.19212,added
TZA,NPS,Survey,2021,s_od_u,NA,1.9409,added
TZA,AFB,Survey,2021,s_od_u,NA,0.16947,added
TZA,NPS,Survey,2021,s_sep_ebo_r,NA,0.25229,added
TZA,NPS,Survey,2021,s_sep_ebo_u,NA,2.64185,added
TZA,NPS,Survey,2021,s_sep_edl_r,NA,0,added
TZA,NPS,Survey,2021,s_sep_edl_u,NA,0.19581,added
TZA,NPS,Survey,2021,s_sep_ero_r,NA,2.47707,added
TZA,NPS,Survey,2021,s_sep_ero_u,NA,10.94748,added
TZA,NPS,Survey,2021,s_sep_nemp_r,NA,97.27063,added
TZA,NPS,Survey,2021,s_sep_nemp_u,NA,86.21485,added
TZA,NPS,Survey,2021,s_sep_r,NA,16.67041,added
TZA,NPS,Survey,2021,s_sep_u,NA,57.66468,added
TZA,NPS,Survey,2021,s_sew_r,NA,0.73029,added
TZA,NPS,Survey,2021,s_sew_u,NA,4.54036,added
TZA,NPS,Survey,2021,s_shared_r,NA,28.21473,added
TZA,NPS,Survey,2021,s_shared_u,NA,41.35539,added
TZA,DHS,Survey,2022,s_imp_r,NA,33.38559,added
TZA,DHS,Survey,2022,s_imp_u,NA,85.23850000000002,added
TZA,DHS,Survey,2022,s_lat_ebo_r,NA,0.77358,added
TZA,DHS,Survey,2022,s_lat_ebo_u,NA,2.44244,added
TZA,DHS,Survey,2022,s_lat_edl_r,NA,0.64585,added
TZA,DHS,Survey,2022,s_lat_edl_u,NA,5.6557,added
TZA,DHS,Survey,2022,s_lat_ero_r,NA,0.62561,added
TZA,DHS,Survey,2022,s_lat_ero_u,NA,3.63503,added
TZA,DHS,Survey,2022,s_lat_nemp_r,NA,97.95496,added
TZA,DHS,Survey,2022,s_lat_nemp_u,NA,88.26682,added
TZA,DHS,Survey,2022,s_lat_r,NA,31.00471,added
TZA,DHS,Survey,2022,s_lat_u,NA,70.38791000000002,added
TZA,DHS,Survey,2022,s_od_r,NA,13.39815,added
TZA,DHS,Survey,2022,s_od_u,NA,0.66624,added
TZA,DHS,Survey,2022,s_sep_ebo_r,NA,0.75944,added
TZA,DHS,Survey,2022,s_sep_ebo_u,NA,3.42207,added
TZA,DHS,Survey,2022,s_sep_edl_r,NA,2.05329,added
TZA,DHS,Survey,2022,s_sep_edl_u,NA,3.52632,added
TZA,DHS,Survey,2022,s_sep_ero_r,NA,0.45253,added
TZA,DHS,Survey,2022,s_sep_ero_u,NA,9.49933,added
TZA,DHS,Survey,2022,s_sep_nemp_r,NA,96.73475,added
TZA,DHS,Survey,2022,s_sep_nemp_u,NA,83.55228,added
TZA,DHS,Survey,2022,s_sep_r,NA,2.07218,added
TZA,DHS,Survey,2022,s_sep_u,NA,11.86052,added
TZA,DHS,Survey,2022,s_sew_r,NA,0.3087,added
TZA,DHS,Survey,2022,s_sew_u,NA,2.99007,added
TZA,DHS,Survey,2022,s_shared_r,NA,17.94228,added
TZA,DHS,Survey,2022,s_shared_u,NA,39.29715,added
TZA,WUP,Admin,2022,s_treat_wtp_n,NA,46,added
TZA,WUP,Admin,2023,s_treat_wtp_n,NA,58,added
TZA,AWSSR,Admin,2023,s_treat_wtp_n,NA,42.4,added
UGA,NHS,Survey,2013,s_imp_r,NA,17.181189999999997,added
UGA,NHS,Survey,2013,s_imp_u,NA,52.89248,added
UGA,NHS,Survey,2013,s_od_r,NA,11.82586,added
UGA,NHS,Survey,2013,s_od_u,NA,4.1097,added
UGA,NHS,Survey,2013,s_shared_r,NA,56.0929,added
UGA,NHS,Survey,2013,s_shared_u,NA,32.54551,added
UGA,AFB,Survey,2015,s_od_r,NA,2.52107,added
UGA,AFB,Survey,2015,s_od_u,NA,0.17713,added
UGA,PMA,Survey,2018,s_lat_ebo_r,NA,0.05817,added
UGA,PMA,Survey,2018,s_lat_ebo_u,NA,2.30014,added
UGA,PMA,Survey,2018,s_lat_ero_r,NA,1.97984,added
UGA,PMA,Survey,2018,s_lat_ero_u,NA,19.02814,added
UGA,PMA,Survey,2018,s_lat_nemp_r,NA,97.30138,added
UGA,PMA,Survey,2018,s_lat_nemp_u,NA,77.53495,added
UGA,PMA,Survey,2018,s_sep_ebo_r,NA,0,added
UGA,PMA,Survey,2018,s_sep_ebo_u,NA,1.13053,added
UGA,PMA,Survey,2018,s_sep_ero_r,NA,14.78131,added
UGA,PMA,Survey,2018,s_sep_ero_u,NA,20.17091,added
UGA,PMA,Survey,2018,s_sep_nemp_r,NA,85.21869,added
UGA,PMA,Survey,2018,s_sep_nemp_u,NA,78.69856,added
UGA,PMA,Survey,2019,s_imp_r,NA,24.76114,added
UGA,PMA,Survey,2019,s_imp_u,NA,58.846439999999994,added
UGA,PMA,Survey,2019,s_lat_r,NA,24.190710000000003,added
UGA,PMA,Survey,2019,s_lat_u,NA,46.74517999999999,added
UGA,PMA,Survey,2019,s_od_r,NA,7.54079,added
UGA,AFB,Survey,2019,s_od_r,NA,3.01551,added
UGA,PMA,Survey,2019,s_od_u,NA,1.30295,added
UGA,AFB,Survey,2019,s_od_u,NA,2.06204,added
UGA,PMA,Survey,2019,s_sep_r,NA,0.49387,added
UGA,PMA,Survey,2019,s_sep_u,NA,10.14745,added
UGA,PMA,Survey,2019,s_sew_r,NA,0.07656,added
UGA,PMA,Survey,2019,s_sew_u,NA,1.95381,added
UGA,PMA,Survey,2019,s_shared_r,NA,29.74863,added
UGA,PMA,Survey,2019,s_shared_u,NA,49.885459999999995,added
UGA,UNHS,Survey,2020,s_imp_r,NA,31.1,added
UGA,PMA,Survey,2020,s_imp_r,NA,31.23991,added
UGA,NPS,Survey,2020,s_imp_r,NA,23.343919999999997,added
UGA,UNHS,Survey,2020,s_imp_u,NA,68.60000000000001,added
UGA,PMA,Survey,2020,s_imp_u,NA,75.12319000000001,added
UGA,NPS,Survey,2020,s_imp_u,NA,74.02712,added
UGA,PMA,Survey,2020,s_lat_r,NA,30.44597,added
UGA,NPS,Survey,2020,s_lat_r,NA,22.446879999999997,added
UGA,PMA,Survey,2020,s_lat_u,NA,64.90271000000001,added
UGA,NPS,Survey,2020,s_lat_u,NA,66.67099999999999,added
UGA,UNHS,Survey,2020,s_od_r,NA,9.1,added
UGA,PMA,Survey,2020,s_od_r,NA,8.57453,added
UGA,NPS,Survey,2020,s_od_r,NA,6.48911,added
UGA,UNHS,Survey,2020,s_od_u,NA,3.5,added
UGA,PMA,Survey,2020,s_od_u,NA,2.33308,added
UGA,NPS,Survey,2020,s_od_u,NA,1.3352,added
UGA,PMA,Survey,2020,s_sep_r,NA,0.72825,added
UGA,NPS,Survey,2020,s_sep_r,NA,0.5906,added
UGA,PMA,Survey,2020,s_sep_u,NA,6.26101,added
UGA,NPS,Survey,2020,s_sep_u,NA,4.53008,added
UGA,PMA,Survey,2020,s_sew_r,NA,0.06569,added
UGA,NPS,Survey,2020,s_sew_r,NA,0.30644,added
UGA,PMA,Survey,2020,s_sew_u,NA,3.95947,added
UGA,NPS,Survey,2020,s_sew_u,NA,2.82604,added
UGA,NPS,Survey,2020,s_shared_r,NA,33.71824,added
UGA,NPS,Survey,2020,s_shared_u,NA,52.58964,added
UGA,PMA,Survey,2021,s_imp_r,NA,31.529279999999996,added
UGA,NSDS,Survey,2021,s_imp_r,NA,39.4,added
UGA,PMA,Survey,2021,s_imp_u,NA,73.9289,added
UGA,NSDS,Survey,2021,s_imp_u,NA,72.1,added
UGA,PMA,Survey,2021,s_lat_r,NA,31.004989999999996,added
UGA,PMA,Survey,2021,s_lat_u,NA,61.82693,added
UGA,PMA,Survey,2021,s_od_r,NA,7.1809,added
UGA,NSDS,Survey,2021,s_od_r,NA,7.1,added
UGA,PMA,Survey,2021,s_od_u,NA,0.54411,added
UGA,NSDS,Survey,2021,s_od_u,NA,1.7,added
UGA,PMA,Survey,2021,s_sep_r,NA,0.21192,added
UGA,PMA,Survey,2021,s_sep_u,NA,8.10898,added
UGA,PMA,Survey,2021,s_sew_r,NA,0.31237,added
UGA,PMA,Survey,2021,s_sew_u,NA,3.99299,added
UGA,PMA,Survey,2022,s_imp_r,NA,32.14937,added
UGA,DHS,Survey,2022,s_imp_r,NA,45.55,added
UGA,PMA,Survey,2022,s_imp_u,NA,71.18929000000001,added
UGA,DHS,Survey,2022,s_imp_u,NA,72.79,added
UGA,PMA,Survey,2022,s_lat_r,NA,31.38041,added
UGA,DHS,Survey,2022,s_lat_r,NA,45.33,added
UGA,PMA,Survey,2022,s_lat_u,NA,58.87425000000002,added
UGA,DHS,Survey,2022,s_lat_u,NA,65.86000000000001,added
UGA,PMA,Survey,2022,s_od_r,NA,7.42439,added
UGA,DHS,Survey,2022,s_od_r,NA,6.9,added
UGA,AFB,Survey,2022,s_od_r,NA,2.52273,added
UGA,PMA,Survey,2022,s_od_u,NA,2.03702,added
UGA,DHS,Survey,2022,s_od_u,NA,1.7,added
UGA,AFB,Survey,2022,s_od_u,NA,1.34096,added
UGA,PMA,Survey,2022,s_sep_r,NA,0.76896,added
UGA,DHS,Survey,2022,s_sep_r,NA,0.21,added
UGA,PMA,Survey,2022,s_sep_u,NA,7.20388,added
UGA,DHS,Survey,2022,s_sep_u,NA,5.4399999999999995,added
UGA,PMA,Survey,2022,s_sew_r,NA,0,added
UGA,DHS,Survey,2022,s_sew_r,NA,0.01,added
UGA,PMA,Survey,2022,s_sew_u,NA,5.11116,added
UGA,DHS,Survey,2022,s_sew_u,NA,1.49,added
UGA,DHS,Survey,2022,s_shared_r,NA,27.912087912087912,added
UGA,DHS,Survey,2022,s_shared_u,NA,48.07692307692308,added
UKR,SY,Admin,2010,s_treat_wtp_n,43.635844748858446,NA,removed
UKR,SY,Admin,2011,s_treat_wtp_n,45.214814814814815,NA,removed
UKR,LCS,Survey,2012,s_imp_r,99.5030303030303,97.4975476839237,changed
UKR,SY,Admin,2012,s_treat_wtp_n,47.00391448358928,NA,removed
UKR,LCS,Survey,2013,s_imp_r,99.5310606060606,97.63869209809263,changed
UKR,SY,Admin,2013,s_treat_wtp_n,38.63494051346274,NA,removed
UKR,LCS,Survey,2014,s_imp_r,99.5780303030303,97.87520435967303,changed
UKR,SY,Admin,2014,s_treat_wtp_n,56.00684053014109,NA,removed
UKR,LCS,Survey,2015,s_imp_r,99.6030303030303,98.00108991825611,changed
UKR,SY,Admin,2015,s_treat_wtp_n,57.06713780918727,NA,removed
UKR,LCS,Survey,2016,s_imp_r,99.60984848484848,98.03542234332426,changed
UKR,SY,Admin,2016,s_treat_wtp_n,62.000962000962,NA,removed
UKR,LCS,Survey,2017,s_imp_r,99.625,98.1117166212534,changed
UKR,LCS,Survey,2018,s_imp_r,99.64090909090908,98.19182561307902,changed
UKR,LCS,Survey,2019,s_imp_r,NA,98.4283378746594,added
UKR,LCS,Survey,2019,s_imp_u,NA,99.95227272727271,added
UKR,LCS,Survey,2020,s_imp_r,NA,98.63433242506812,added
UKR,LCS,Survey,2020,s_imp_u,NA,99.96439393939394,added
UKR,LCS,Survey,2021,s_imp_r,NA,98.67629427792914,added
UKR,LCS,Survey,2021,s_imp_u,NA,99.96363636363635,added
UKR,LCS,Survey,2022,s_imp_r,NA,98.74114441416891,added
UKR,LCS,Survey,2022,s_imp_u,NA,99.97424242424242,added
UKR,WW,Admin,2022,s_treat_wtp_n,NA,93.4,added
UKR,WW,Admin,2023,s_treat_wtp_n,NA,93.3,added
URY,ENIGH,Survey,2017,s_imp_r,NA,97.95111,added
URY,ENIGH,Survey,2017,s_imp_u,NA,99.53376,added
URY,ENIGH,Survey,2017,s_lat_r,NA,5.907160000000005,added
URY,ENIGH,Survey,2017,s_lat_u,NA,2.395399999999995,added
URY,ENIGH,Survey,2017,s_od_r,NA,0,added
URY,ENIGH,Survey,2017,s_od_u,NA,0.00611,added
URY,ENIGH,Survey,2017,s_sep_r,NA,75.15107,added
URY,ENIGH,Survey,2017,s_sep_u,NA,25.82766,added
URY,ENIGH,Survey,2017,s_sew_r,NA,16.89288,added
URY,ENIGH,Survey,2017,s_sew_u,NA,71.3107,added
URY,ENIGH,Survey,2017,s_shared_r,NA,1.1404200806103972,added
URY,ENIGH,Survey,2017,s_shared_u,NA,1.3419940303005236,added
URY,ECH,Survey,2022,s_imp_r,NA,97.15452,added
URY,ECH,Survey,2022,s_imp_u,NA,99.12891000000002,added
URY,ECH,Survey,2022,s_lat_r,NA,5.289829999999995,added
URY,ECH,Survey,2022,s_lat_u,NA,2.1656700000000058,added
URY,ECH,Survey,2022,s_od_r,NA,0.24226,added
URY,ECH,Survey,2022,s_od_u,NA,0.1951,added
URY,ECH,Survey,2022,s_sep_r,NA,90.5838,added
URY,ECH,Survey,2022,s_sep_u,NA,29.4459,added
URY,ECH,Survey,2022,s_sew_r,NA,1.28089,added
URY,ECH,Survey,2022,s_sew_u,NA,67.51734,added
URY,ECH,Survey,2022,s_shared_r,NA,1.2722930577950538,added
URY,ECH,Survey,2022,s_shared_u,NA,0.8771178834325727,added
USA,CWNS,Admin,2008,s_treat_wtp_n,NA,98.18615751789976,added
USA,CWNS,Admin,2012,s_treat_wtp_n,98.1508956595162,98.15481548154816,changed
USA,AHS,Survey,2021,s_imp_r,NA,98.47159024617898,added
USA,AHS,Survey,2021,s_imp_u,NA,99.87547547937076,added
USA,AHS,Survey,2021,s_lat_con_r,NA,98.441611009917,added
USA,AHS,Survey,2021,s_lat_con_u,NA,98.11401628804116,added
USA,AHS,Survey,2021,s_lat_r,NA,0,added
USA,AHS,Survey,2021,s_lat_u,NA,0,added
USA,AHS,Survey,2021,s_sep_con_r,NA,98.441611009917,added
USA,AHS,Survey,2021,s_sep_con_u,NA,98.11401628804116,added
USA,AHS,Survey,2021,s_sep_r,NA,56.74950414187376,added
USA,AHS,Survey,2021,s_sep_u,NA,4.539307916062691,added
USA,AHS,Survey,2021,s_sew_net_r,NA,98.54586129753916,added
USA,AHS,Survey,2021,s_sew_net_u,NA,98.54791473208364,added
USA,AHS,Survey,2021,s_sew_r,NA,41.72208610430522,added
USA,AHS,Survey,2021,s_sew_u,NA,95.33616756330808,added
USA,CWNS,Admin,2022,s_treat_wtp_n,NA,98.39932603201348,added
UZB,SC,Admin,2010,s_imp_r,99.65226434674736,99.34652841110808,changed
UZB,SC,Admin,2011,s_imp_r,99.65052887351598,99.34326707612736,changed
UZB,SC,Admin,2012,s_imp_r,99.6527391073446,99.34742059043715,changed
UZB,SC,Admin,2013,s_imp_r,99.65226434674736,99.34652841110808,changed
UZB,SC,Admin,2014,s_imp_r,99.68249919890717,96.5655823969285,changed
UZB,SC,Admin,2014,s_imp_u,99.84433034948692,98.93496888318184,changed
UZB,SC,Admin,2015,s_imp_r,99.65226434674736,93.13053341276309,changed
UZB,SC,Admin,2015,s_imp_u,99.7862502187278,97.2889642817526,changed
UZB,MICS,Survey,2022,s_imp_r,NA,91.8201,added
UZB,MICS,Survey,2022,s_imp_u,NA,95.59314,added
UZB,MICS,Survey,2022,s_lat_ebo_r,NA,41.54292,added
UZB,MICS,Survey,2022,s_lat_ebo_u,NA,29.07024,added
UZB,MICS,Survey,2022,s_lat_edl_r,NA,1.84933,added
UZB,MICS,Survey,2022,s_lat_edl_u,NA,2.25934,added
UZB,MICS,Survey,2022,s_lat_ero_r,NA,8.88639,added
UZB,MICS,Survey,2022,s_lat_ero_u,NA,18.81074,added
UZB,MICS,Survey,2022,s_lat_nemp_r,NA,47.72137,added
UZB,MICS,Survey,2022,s_lat_nemp_u,NA,49.85967,added
UZB,MICS,Survey,2022,s_lat_r,NA,89.62154,added
UZB,MICS,Survey,2022,s_lat_u,NA,62.30955999999999,added
UZB,MICS,Survey,2022,s_sep_ebo_r,NA,16.5605,added
UZB,MICS,Survey,2022,s_sep_ebo_u,NA,3.28541,added
UZB,MICS,Survey,2022,s_sep_edl_r,NA,21.18302,added
UZB,MICS,Survey,2022,s_sep_edl_u,NA,0,added
UZB,MICS,Survey,2022,s_sep_ero_r,NA,9.18816,added
UZB,MICS,Survey,2022,s_sep_ero_u,NA,66.69284,added
UZB,MICS,Survey,2022,s_sep_nemp_r,NA,53.06832,added
UZB,MICS,Survey,2022,s_sep_nemp_u,NA,30.02175,added
UZB,MICS,Survey,2022,s_sep_r,NA,0.38332,added
UZB,MICS,Survey,2022,s_sep_u,NA,0.35597,added
UZB,MICS,Survey,2022,s_sew_r,NA,1.81524,added
UZB,MICS,Survey,2022,s_sew_u,NA,32.92761,added
UZB,MICS,Survey,2022,s_shared_r,NA,1.42067,added
UZB,MICS,Survey,2022,s_shared_u,NA,2.7598000000000003,added
VCT,CEN,Census,2001,s_imp_n,74.15,NA,removed
VCT,CEN,Census,2001,s_imp_r,NA,70.0170768235641,added
VCT,CEN,Census,2001,s_imp_u,NA,81.75440368696732,added
VCT,CEN,Census,2001,s_lat_n,22.15000000000001,NA,removed
VCT,CEN,Census,2001,s_lat_r,NA,29.467076823564092,added
VCT,CEN,Census,2001,s_lat_u,NA,16.86440368696732,added
VCT,CEN,Census,2001,s_od_n,3.5,NA,removed
VCT,CEN,Census,2001,s_od_r,NA,2.46,added
VCT,CEN,Census,2001,s_od_u,NA,1.54,added
VCT,CEN,Census,2001,s_sep_n,51.4,NA,removed
VCT,CEN,Census,2001,s_sep_r,NA,40.13,added
VCT,CEN,Census,2001,s_sep_u,NA,64.16,added
VCT,CEN,Census,2001,s_sew_n,0.6,NA,removed
VCT,CEN,Census,2001,s_sew_r,NA,0.42,added
VCT,CEN,Census,2001,s_sew_u,NA,0.73,added
VCT,CEN,Census,2001,s_shared_r,NA,13.59,added
VCT,CEN,Census,2001,s_shared_u,NA,7.870000000000001,added
VCT,SLC,Survey,2008,s_imp_n,83.75,NA,removed
VCT,SLC,Survey,2008,s_imp_r,NA,79.43780942187378,added
VCT,SLC,Survey,2008,s_imp_u,NA,87.93564485379046,added
VCT,SLC,Survey,2008,s_lat_n,15.549999999999995,NA,removed
VCT,SLC,Survey,2008,s_lat_r,NA,20.430498574503304,added
VCT,SLC,Survey,2008,s_lat_u,NA,10.898226413416223,added
VCT,SLC,Survey,2008,s_od_n,0.9,NA,removed
VCT,SLC,Survey,2008,s_od_r,NA,1.1940211877789098,added
VCT,SLC,Survey,2008,s_od_u,NA,0.5597016918494844,added
VCT,SLC,Survey,2008,s_sep_n,56.6,NA,removed
VCT,SLC,Survey,2008,s_sep_r,NA,56.12725127964463,added
VCT,SLC,Survey,2008,s_sep_u,NA,56.97891393258618,added
VCT,SLC,Survey,2008,s_sew_n,11.6,NA,removed
VCT,SLC,Survey,2008,s_sew_r,NA,2.8800595677258416,added
VCT,SLC,Survey,2008,s_sew_u,NA,20.058504507788065,added
VCT,SLC,Survey,2008,s_shared_n,3.3000000000000003,NA,removed
VCT,SLC,Survey,2008,s_shared_r,NA,1.627,added
VCT,SLC,Survey,2008,s_shared_u,NA,0.317,added
VCT,CEN,Census,2012,s_imp_n,87.20980748866381,NA,removed
VCT,CEN,Census,2012,s_imp_r,NA,85.47330367346751,added
VCT,CEN,Census,2012,s_imp_u,NA,93.05967612682944,added
VCT,CEN,Census,2012,s_lat_n,18.747454451654946,NA,removed
VCT,CEN,Census,2012,s_lat_r,NA,23.219362478612275,added
VCT,CEN,Census,2012,s_lat_u,NA,12.682930251004592,added
VCT,CEN,Census,2012,s_od_n,4.634934426674631,NA,removed
VCT,CEN,Census,2012,s_od_r,NA,4.840924143424875,added
VCT,CEN,Census,2012,s_od_u,NA,1.6041017105319115,added
VCT,CEN,Census,2012,s_sep_n,65.73080995954274,NA,removed
VCT,CEN,Census,2012,s_sep_r,NA,60.17022971550576,added
VCT,CEN,Census,2012,s_sep_u,NA,76.93552435056074,added
VCT,CEN,Census,2012,s_sew_n,2.731543077466127,NA,removed
VCT,CEN,Census,2012,s_sew_r,NA,2.083711479349476,added
VCT,CEN,Census,2012,s_sew_u,NA,3.4412215252641003,added
VCT,CEN,Census,2012,s_shared_r,NA,6.979051,added
VCT,CEN,Census,2012,s_shared_u,NA,4.7712959999999995,added
VEN,CEN,Census,2001,s_imp_n,NA,85.85355864058003,added
VEN,ERH,Survey,2012,s_treat_wtp_n,25.51032915815829,25.343735190157783,changed
VEN,ENCOVI,Other,2014,s_imp_n,95.45,NA,removed
VEN,ENCOVI,Survey,2014,s_imp_n,NA,95.45,added
VEN,ENCOVI,Other,2014,s_lat_n,1.1500000000000057,NA,removed
VEN,ENCOVI,Survey,2014,s_lat_n,NA,1.1500000000000057,added
VEN,ENCOVI,Other,2014,s_od_n,3.4,NA,removed
VEN,ENCOVI,Survey,2014,s_od_n,NA,3.4,added
VEN,ENCOVI,Other,2014,s_sep_n,4.6,NA,removed
VEN,ENCOVI,Survey,2014,s_sep_n,NA,4.6,added
VEN,ENCOVI,Other,2014,s_sew_n,89.7,NA,removed
VEN,ENCOVI,Survey,2014,s_sew_n,NA,89.7,added
VEN,ENCOVI,Other,2015,s_imp_n,94.85,NA,removed
VEN,ENCOVI,Survey,2015,s_imp_n,NA,94.85,added
VEN,ENCOVI,Other,2015,s_lat_n,0.9500000000000028,NA,removed
VEN,ENCOVI,Survey,2015,s_lat_n,NA,0.9500000000000028,added
VEN,ENCOVI,Other,2015,s_od_n,4.2,NA,removed
VEN,ENCOVI,Survey,2015,s_od_n,NA,4.2,added
VEN,ENCOVI,Other,2015,s_sep_n,3.5,NA,removed
VEN,ENCOVI,Survey,2015,s_sep_n,NA,3.5,added
VEN,ENCOVI,Other,2015,s_sew_n,90.4,NA,removed
VEN,ENCOVI,Survey,2015,s_sew_n,NA,90.4,added
VEN,ENCOVI,Other,2020,s_imp_n,95.5,NA,removed
VEN,ENCOVI,Survey,2020,s_imp_n,NA,95.5,added
VEN,ENCOVI,Other,2020,s_lat_n,0.5,NA,removed
VEN,ENCOVI,Survey,2020,s_lat_n,NA,0.5,added
VEN,ENCOVI,Other,2020,s_sep_n,11,NA,removed
VEN,ENCOVI,Survey,2020,s_sep_n,NA,11,added
VEN,ENCOVI,Other,2020,s_sew_n,84,NA,removed
VEN,ENCOVI,Survey,2020,s_sew_n,NA,84,added
VGB,CEN,Census,2001,s_sew_n,NA,24.5,added
VIR,CS,Survey,2015,s_imp_n,NA,99.66504617245472,added
VIR,CS,Survey,2015,s_lat_n,NA,0.33495382754530567,added
VIR,CS,Survey,2015,s_sep_n,NA,49.20099555720965,added
VIR,CS,Survey,2015,s_sew_n,NA,50.12909678769976,added
VIR,CEN,Census,2020,s_imp_n,NA,98.6,added
VIR,CEN,Census,2020,s_lat_n,NA,0,added
VIR,CEN,Census,2020,s_sep_n,NA,56.1,added
VIR,CEN,Census,2020,s_sew_n,NA,42.5,added
VNM,MICS,Survey,2000,s_lat_r,51.19387035850495,NA,removed
VNM,MICS,Survey,2000,s_lat_u,83.36501528955569,NA,removed
VNM,MICS,Survey,2000,s_sew_r,0.231769641495042,NA,removed
VNM,MICS,Survey,2000,s_sew_u,2.8591094717428533,NA,removed
VNM,HLSS,Survey,2002,s_imp_r,NA,35.1918,added
VNM,HLSS,Survey,2002,s_imp_u,NA,77.94500000000001,added
VNM,DHS,Survey,2002,s_lat_r,52.37460752939555,NA,removed
VNM,DHS,Survey,2002,s_lat_u,86.25519898979167,NA,removed
VNM,HLSS,Survey,2002,s_od_r,NA,20.200000000000003,added
VNM,HLSS,Survey,2002,s_od_u,NA,8.299999999999997,added
VNM,DHS,Survey,2002,s_sew_r,0.4674675819984745,NA,removed
VNM,DHS,Survey,2002,s_sew_u,3.4068633908575943,NA,removed
VNM,LSS,Survey,2004,s_imp_r,41.563212036568,41.75,changed
VNM,LSS,Survey,2004,s_imp_u,83.28949297163999,84.4032,changed
VNM,LSS,Survey,2004,s_od_r,16.50968780397,16.5,changed
VNM,LSS,Survey,2004,s_od_u,6.263610691109,5.799999999999997,changed
VNM,AIS,Survey,2005,s_imp_r,56.85542372881356,NA,removed
VNM,AIS,Survey,2005,s_imp_u,91.23543307086616,NA,removed
VNM,HLSS,Survey,2006,s_imp_r,53.76765943883531,48.6,changed
VNM,HLSS,Survey,2006,s_imp_u,86.57382160884826,86.6,changed
VNM,HLSS,Survey,2006,s_od_r,14.850334205172915,12.900000000000006,changed
VNM,HLSS,Survey,2006,s_od_u,4.94148244473342,4.299999999999997,changed
VNM,HLSS,Survey,2008,s_od_r,NA,11.900000000000006,added
VNM,HLSS,Survey,2008,s_od_u,NA,3.5,added
VNM,CEN,Census,2009,s_imp_r,68.2081812853888,NA,removed
VNM,CEN,Census,2009,s_imp_u,92.95730632474697,NA,removed
VNM,HLSS,Survey,2010,s_imp_r,67.1,61.19520000000001,changed
VNM,HLSS,Survey,2010,s_imp_u,93.8,92.4868,changed
VNM,HLSS,Survey,2010,s_od_r,NA,8.799999999999997,added
VNM,HLSS,Survey,2010,s_od_u,NA,1.4000000000000057,added
VNM,HLSS,Survey,2012,s_imp_r,NA,65.03,added
VNM,HLSS,Survey,2012,s_imp_u,NA,92.4819,added
VNM,HLSS,Survey,2012,s_od_r,NA,7.099999999999994,added
VNM,HLSS,Survey,2012,s_od_u,NA,1.2999999999999972,added
VNM,HLSS,Survey,2014,s_imp_r,77.8,73.27109999999999,changed
VNM,HLSS,Survey,2014,s_imp_u,95.1,94.2441,changed
VNM,HLSS,Survey,2014,s_od_r,NA,5.700000000000003,added
VNM,HLSS,Survey,2014,s_od_u,NA,0.9000000000000057,added
VNM,HLSS,Survey,2016,s_imp_r,81.7,77.4516,changed
VNM,HLSS,Survey,2016,s_imp_u,96.9,96.1248,changed
VNM,HLSS,Survey,2016,s_od_r,NA,5.200000000000003,added
VNM,HLSS,Survey,2016,s_od_u,NA,0.7999999999999972,added
VNM,HLSS,Survey,2018,s_imp_r,88.8,84.44879999999999,changed
VNM,HLSS,Survey,2018,s_imp_u,98,97.51,changed
VNM,HLSS,Survey,2018,s_od_r,NA,4.900000000000006,added
VNM,HLSS,Survey,2018,s_od_u,NA,0.5,added
VNM,CEN,Census,2019,s_od_r,NA,1.9,added
VNM,CEN,Census,2019,s_od_u,NA,0.1,added
VNM,HLSS,Survey,2020,s_imp_r,NA,87.09870000000001,added
VNM,HLSS,Survey,2020,s_imp_u,NA,98.2056,added
VNM,HLSS,Survey,2020,s_od_r,NA,2.9000000000000057,added
VNM,HLSS,Survey,2020,s_od_u,NA,0.4000000000000057,added
VNM,MICS,Survey,2021,s_imp_r,NA,89.22733000000002,added
VNM,MICS,Survey,2021,s_imp_u,NA,97.73385,added
VNM,MICS,Survey,2021,s_lat_ebo_r,NA,11.74093,added
VNM,MICS,Survey,2021,s_lat_ebo_u,NA,1.48339,added
VNM,MICS,Survey,2021,s_lat_edl_r,NA,20.14355,added
VNM,MICS,Survey,2021,s_lat_edl_u,NA,2.87266,added
VNM,MICS,Survey,2021,s_lat_ero_r,NA,1.63825,added
VNM,MICS,Survey,2021,s_lat_ero_u,NA,22.67022,added
VNM,MICS,Survey,2021,s_lat_nemp_r,NA,66.47726,added
VNM,MICS,Survey,2021,s_lat_nemp_u,NA,72.97374,added
VNM,MICS,Survey,2021,s_lat_r,NA,13.045850000000016,added
VNM,MICS,Survey,2021,s_lat_u,NA,4.078829999999996,added
VNM,MICS,Survey,2021,s_od_r,NA,3.79431,added
VNM,MICS,Survey,2021,s_od_u,NA,0.43267,added
VNM,MICS,Survey,2021,s_sep_ebo_r,NA,0.36156,added
VNM,MICS,Survey,2021,s_sep_ebo_u,NA,0.08928,added
VNM,MICS,Survey,2021,s_sep_edl_r,NA,0.86665,added
VNM,MICS,Survey,2021,s_sep_edl_u,NA,0.58189,added
VNM,MICS,Survey,2021,s_sep_ero_r,NA,4.7234,added
VNM,MICS,Survey,2021,s_sep_ero_u,NA,17.11755,added
VNM,MICS,Survey,2021,s_sep_nemp_r,NA,94.04839,added
VNM,MICS,Survey,2021,s_sep_nemp_u,NA,82.21128,added
VNM,MICS,Survey,2021,s_sep_r,NA,73.21325,added
VNM,MICS,Survey,2021,s_sep_u,NA,86.29472,added
VNM,MICS,Survey,2021,s_sew_r,NA,2.96823,added
VNM,MICS,Survey,2021,s_sew_u,NA,7.3603,added
VNM,MICS,Survey,2021,s_shared_r,NA,2.42438,added
VNM,MICS,Survey,2021,s_shared_u,NA,2.17824,added
VNM,HLSS,Survey,2022,s_imp_r,NA,93.492,added
VNM,HLSS,Survey,2022,s_imp_u,NA,98.60330000000002,added
VNM,HLSS,Survey,2022,s_od_r,NA,2,added
VNM,HLSS,Survey,2022,s_od_u,NA,0.3,added
VUT,UHAEUS,Survey,2013,s_imp_u,NA,91.69061777337298,added
VUT,VDHS,Survey,2013,s_lat_r,49.400000000000006,NA,removed
VUT,VDHS,Survey,2013,s_lat_u,9.199999999999996,NA,removed
VUT,VDHS,Survey,2013,s_sew_r,1.8,NA,removed
VUT,VDHS,Survey,2013,s_sew_u,7.7,NA,removed
VUT,MCEN,Census,2016,s_shared_r,NA,52.43522487217378,added
VUT,MCEN,Census,2016,s_shared_u,NA,45.61098282763359,added
VUT,NSDP,Survey,2020,s_imp_r,NA,74.93434,added
VUT,CEN,Census,2020,s_imp_r,NA,61.9367767481652,added
VUT,NSDP,Survey,2020,s_imp_u,NA,96.52406,added
VUT,CEN,Census,2020,s_imp_u,NA,92.694218646231107,added
VUT,NSDP,Survey,2020,s_lat_r,NA,67.34753,added
VUT,NSDP,Survey,2020,s_lat_u,NA,24.688050000000004,added
VUT,NSDP,Survey,2020,s_od_r,NA,5.66093,added
VUT,CEN,Census,2020,s_od_r,NA,8.9,added
VUT,NSDP,Survey,2020,s_od_u,NA,0,added
VUT,CEN,Census,2020,s_od_u,NA,2,added
VUT,NSDP,Survey,2020,s_sep_r,NA,7.58681,added
VUT,NSDP,Survey,2020,s_sep_u,NA,71.83601,added
VUT,NSDP,Survey,2020,s_shared_r,NA,19.89875,added
VUT,CEN,Census,2020,s_shared_r,NA,26.41762309668571,added
VUT,NSDP,Survey,2020,s_shared_u,NA,39.79686,added
VUT,CEN,Census,2020,s_shared_u,NA,40.039653899262,added
VUT,FSM,Survey,2021,s_lat_con_u,NA,68.98335846376632,added
VUT,FSM,Survey,2021,s_lat_edl_u,NA,37.99689477422066,added
VUT,FSM,Survey,2021,s_lat_nemp_u,NA,62.00310522577934,added
VUT,FSM,Survey,2021,s_sep_con_u,NA,85.27137238539224,added
VUT,FSM,Survey,2021,s_sep_dtp_u,NA,77.56264464599704,added
VUT,FSM,Survey,2021,s_sep_edl_u,NA,13.1717460977313,added
VUT,FSM,Survey,2021,s_sep_ero_u,NA,76.7162481764604,added
VUT,FSM,Survey,2021,s_sep_nemp_u,NA,10.112005725808286,added
VUT,FSM,Survey,2021,s_treat_fstp_u,NA,94.38008657338216,added
VUT,MICS,Survey,2023,s_imp_r,NA,62.875429999999994,added
VUT,MICS,Survey,2023,s_imp_u,NA,89.97359999999998,added
VUT,MICS,Survey,2023,s_lat_ebo_r,NA,4.1515,added
VUT,MICS,Survey,2023,s_lat_ebo_u,NA,6.67872,added
VUT,MICS,Survey,2023,s_lat_edl_r,NA,0.21375,added
VUT,MICS,Survey,2023,s_lat_edl_u,NA,0,added
VUT,MICS,Survey,2023,s_lat_ero_r,NA,0,added
VUT,MICS,Survey,2023,s_lat_ero_u,NA,4.81873,added
VUT,MICS,Survey,2023,s_lat_nemp_r,NA,95.63476,added
VUT,MICS,Survey,2023,s_lat_nemp_u,NA,88.50255,added
VUT,MICS,Survey,2023,s_lat_r,NA,49.24207,added
VUT,MICS,Survey,2023,s_lat_u,NA,15.28037999999998,added
VUT,MICS,Survey,2023,s_od_r,NA,4.84402,added
VUT,MICS,Survey,2023,s_od_u,NA,2.88223,added
VUT,MICS,Survey,2023,s_sep_ebo_r,NA,3.34365,added
VUT,MICS,Survey,2023,s_sep_ebo_u,NA,4.3226,added
VUT,MICS,Survey,2023,s_sep_edl_r,NA,0.95519,added
VUT,MICS,Survey,2023,s_sep_edl_u,NA,0.96771,added
VUT,MICS,Survey,2023,s_sep_ero_r,NA,14.16208,added
VUT,MICS,Survey,2023,s_sep_ero_u,NA,25.29757,added
VUT,MICS,Survey,2023,s_sep_nemp_r,NA,81.53908,added
VUT,MICS,Survey,2023,s_sep_nemp_u,NA,69.41212,added
VUT,MICS,Survey,2023,s_sep_r,NA,13.63336,added
VUT,MICS,Survey,2023,s_sep_u,NA,74.69322,added
VUT,MICS,Survey,2023,s_shared_r,NA,20.11906,added
VUT,MICS,Survey,2023,s_shared_u,NA,38.27112,added
WLF,EBF,Survey,2006,s_imp_n,NA,93.44097,added
WLF,EBF,Survey,2006,s_imp_r,NA,93.44097,added
WLF,EBF,Survey,2006,s_lat_n,NA,15.741680000000002,added
WLF,EBF,Survey,2006,s_lat_r,NA,15.741680000000002,added
WLF,EBF,Survey,2006,s_od_n,NA,6.55903,added
WLF,EBF,Survey,2006,s_od_r,NA,6.55903,added
WLF,EBF,Survey,2006,s_sep_n,NA,77.69929,added
WLF,EBF,Survey,2006,s_sep_r,NA,77.69929,added
WLF,EBF,Survey,2020,s_imp_n,NA,92.5,added
WLF,EBF,Survey,2020,s_imp_r,NA,92.5,added
WLF,EBF,Survey,2020,s_od_n,NA,7.3,added
WLF,EBF,Survey,2020,s_od_r,NA,7.3,added
WSM,CEN,Census,2006,s_shared_r,NA,6.160634130928678,added
WSM,CEN,Census,2006,s_shared_u,NA,5.4525094166751495,added
WSM,UNSD,Admin,2013,s_treat_wtp_n,NA,0,added
WSM,UNSD,Admin,2014,s_treat_wtp_n,NA,0,added
WSM,NWBR,Survey,2015,s_imp_r,NA,96.6426350245499,added
WSM,NWBR,Survey,2015,s_imp_u,NA,98.8,added
WSM,NWBR,Survey,2015,s_lat_ebo_r,NA,1.1384415248836106,added
WSM,NWBR,Survey,2015,s_lat_ebo_u,NA,0.31699999999999484,added
WSM,NWBR,Survey,2015,s_lat_edl_r,NA,1.1384415248836106,added
WSM,NWBR,Survey,2015,s_lat_edl_u,NA,0.31699999999999484,added
WSM,NWBR,Survey,2015,s_lat_ero_r,NA,9.81594765531372,added
WSM,NWBR,Survey,2015,s_lat_ero_u,NA,31.066,added
WSM,NWBR,Survey,2015,s_lat_nemp_r,NA,87.90716929491906,added
WSM,NWBR,Survey,2015,s_lat_nemp_u,NA,68.30000000000001,added
WSM,NWBR,Survey,2015,s_lat_r,NA,1.027332242225853,added
WSM,NWBR,Survey,2015,s_lat_u,NA,0,added
WSM,NWBR,Survey,2015,s_od_r,NA,0.15875613747954173,added
WSM,NWBR,Survey,2015,s_od_u,NA,0.6,added
WSM,NWBR,Survey,2015,s_sep_ebo_r,NA,1.1384415248836106,added
WSM,NWBR,Survey,2015,s_sep_ebo_u,NA,0.31699999999999484,added
WSM,NWBR,Survey,2015,s_sep_edl_r,NA,1.1384415248836106,added
WSM,NWBR,Survey,2015,s_sep_edl_u,NA,0.31699999999999484,added
WSM,NWBR,Survey,2015,s_sep_ero_r,NA,9.81594765531372,added
WSM,NWBR,Survey,2015,s_sep_ero_u,NA,31.066,added
WSM,NWBR,Survey,2015,s_sep_nemp_r,NA,87.90716929491906,added
WSM,NWBR,Survey,2015,s_sep_nemp_u,NA,68.30000000000001,added
WSM,NWBR,Survey,2015,s_sep_r,NA,95.61530278232404,added
WSM,NWBR,Survey,2015,s_sep_u,NA,98.8,added
WSM,UNSD,Admin,2015,s_treat_wtp_n,NA,0,added
WSM,CEN,Census,2016,s_imp_r,99.60301109670333,99.44592026133977,changed
WSM,CEN,Census,2016,s_imp_u,99.86467711960736,99.79556296434764,changed
WSM,CEN,Census,2016,s_lat_r,14.15051847902049,13.99342764365693,changed
WSM,CEN,Census,2016,s_lat_u,4.269887952655026,4.2007737973953,changed
WSM,UNSD,Admin,2016,s_treat_wtp_n,NA,0,added
WSM,UNSD,Admin,2017,s_treat_wtp_n,NA,0,added
WSM,UNSD,Admin,2018,s_treat_wtp_n,NA,0,added
WSM,SWA,Other,2019,s_sew_rtp_n,NA,0,added
WSM,UNSD,Admin,2019,s_treat_wtp_n,NA,0,added
WSM,MICS,Survey,2020,s_imp_r,NA,97.77014,added
WSM,MICS,Survey,2020,s_imp_u,NA,99.61669,added
WSM,MICS,Survey,2020,s_lat_ebo_r,NA,0.25005,added
WSM,MICS,Survey,2020,s_lat_ebo_u,NA,0,added
WSM,pMICS,Survey,2020,s_lat_edl_n,0.4,NA,removed
WSM,MICS,Survey,2020,s_lat_edl_r,NA,0,added
WSM,MICS,Survey,2020,s_lat_edl_u,NA,0,added
WSM,pMICS,Survey,2020,s_lat_ero_n,2.9,NA,removed
WSM,MICS,Survey,2020,s_lat_ero_r,NA,0.71442,added
WSM,MICS,Survey,2020,s_lat_ero_u,NA,0,added
WSM,pMICS,Survey,2020,s_lat_nemp_n,96.7,NA,removed
WSM,MICS,Survey,2020,s_lat_nemp_r,NA,99.03554,added
WSM,MICS,Survey,2020,s_lat_nemp_u,NA,100,added
WSM,MICS,Survey,2020,s_lat_r,NA,6.202950000000001,added
WSM,MICS,Survey,2020,s_lat_u,NA,1.5581999999999852,added
WSM,MICS,Survey,2020,s_od_r,NA,0.10029,added
WSM,MICS,Survey,2020,s_od_u,NA,0,added
WSM,MICS,Survey,2020,s_sep_ebo_r,NA,0.35298,added
WSM,MICS,Survey,2020,s_sep_ebo_u,NA,0.93503,added
WSM,pMICS,Survey,2020,s_sep_edl_n,0.4,NA,removed
WSM,MICS,Survey,2020,s_sep_edl_r,NA,0.14271,added
WSM,MICS,Survey,2020,s_sep_edl_u,NA,0.46522,added
WSM,pMICS,Survey,2020,s_sep_ero_n,2.9,NA,removed
WSM,MICS,Survey,2020,s_sep_ero_r,NA,2.68716,added
WSM,MICS,Survey,2020,s_sep_ero_u,NA,5.51349,added
WSM,pMICS,Survey,2020,s_sep_nemp_n,96.7,NA,removed
WSM,MICS,Survey,2020,s_sep_nemp_r,NA,96.81714,added
WSM,MICS,Survey,2020,s_sep_nemp_u,NA,93.08625,added
WSM,MICS,Survey,2020,s_sep_r,NA,84.3953,added
WSM,MICS,Survey,2020,s_sep_u,NA,89.52458,added
WSM,MICS,Survey,2020,s_sew_r,NA,7.17189,added
WSM,MICS,Survey,2020,s_sew_u,NA,8.53391,added
WSM,MICS,Survey,2020,s_shared_r,NA,2.05135,added
WSM,MICS,Survey,2020,s_shared_u,NA,2.16502,added
WSM,UNSD,Admin,2020,s_treat_wtp_n,NA,0,added
WSM,CEN,Census,2021,s_imp_r,NA,99.41474673370978,added
WSM,CEN,Census,2021,s_imp_u,NA,99.91355463347163,added
WSM,CEN,Census,2021,s_lat_r,NA,6.1657668054239,added
WSM,CEN,Census,2021,s_lat_u,NA,2.0746887966805048,added
WSM,CEN,Census,2021,s_sep_r,NA,93.24897992828588,added
WSM,CEN,Census,2021,s_sep_u,NA,97.83886583679114,added
WSM,MICS+,Survey,2023,s_imp_r,NA,99.9062715992587,added
WSM,HIES,Survey,2023,s_imp_r,NA,99.82790928907416,added
WSM,MICS+,Survey,2023,s_imp_u,NA,100.00000000000009,added
WSM,HIES,Survey,2023,s_imp_u,NA,99.23939912530898,added
WSM,MICS+,Survey,2023,s_lat_r,NA,9.194185956766518,added
WSM,HIES,Survey,2023,s_lat_r,NA,4.887376190294091,added
WSM,MICS+,Survey,2023,s_lat_u,NA,3.2161757450494406,added
WSM,HIES,Survey,2023,s_lat_u,NA,1.3120365088419703,added
WSM,HIES,Survey,2023,s_od_r,NA,0,added
WSM,HIES,Survey,2023,s_od_u,NA,0.7606008746910059,added
WSM,MICS+,Survey,2023,s_sep_r,NA,90.71208564249218,added
WSM,HIES,Survey,2023,s_sep_r,NA,94.94053309878008,added
WSM,MICS+,Survey,2023,s_sep_u,NA,96.78382425495064,added
WSM,HIES,Survey,2023,s_sep_u,NA,97.927362616467,added
WSM,MICS+,Survey,2023,s_shared_r,NA,4.311757069044077,added
WSM,MICS+,Survey,2023,s_shared_u,NA,2.58849419478787,added
YEM,HBS,Survey,2005,s_imp_r,35.10457031897694,NA,removed
YEM,HBS,Survey,2005,s_imp_u,89.97990412475325,NA,removed
YEM,HBS,Survey,2005,s_lat_r,34.92087478870251,NA,removed
YEM,HBS,Survey,2005,s_lat_u,52.52291544797867,NA,removed
YEM,HBS,Survey,2005,s_od_r,29.2769923825307,NA,removed
YEM,HBS,Survey,2005,s_od_u,1.91720117528975,NA,removed
YEM,HBS,Survey,2005,s_sew_r,0.18369553027442984,NA,removed
YEM,HBS,Survey,2005,s_sew_u,37.45698867677458,NA,removed
YEM,HBS,Survey,2006,s_imp_r,NA,35.10457031897694,added
YEM,HBS,Survey,2006,s_imp_u,NA,89.97990412475325,added
YEM,HBS,Survey,2006,s_lat_r,NA,34.92087478870251,added
YEM,HBS,Survey,2006,s_lat_u,NA,52.52291544797867,added
YEM,HBS,Survey,2006,s_od_r,NA,29.2769923825307,added
YEM,HBS,Survey,2006,s_od_u,NA,1.91720117528975,added
YEM,HBS,Survey,2006,s_sew_r,NA,0.18369553027442984,added
YEM,HBS,Survey,2006,s_sew_u,NA,37.45698867677458,added
YEM,DHS,Survey,2013,s_imp_r,45.44,48.37202212182582,changed
YEM,DHS,Survey,2013,s_imp_u,91.092,91.97264187242342,changed
YEM,DHS,Survey,2013,s_lat_r,10.950000000000005,13.882022121825829,changed
YEM,DHS,Survey,2013,s_lat_u,4,4.880641872423425,changed
YEM,WFP,Survey,2019,s_imp_r,40.017705,44.44015697336887,changed
YEM,WFP,Survey,2019,s_imp_u,80.30864000000001,81.94845240817413,changed
YEM,MICS,Survey,2023,s_imp_r,NA,48.447970000000005,added
YEM,MICS,Survey,2023,s_imp_u,NA,94.89912,added
YEM,MICS,Survey,2023,s_lat_ebo_r,NA,3.35799,added
YEM,MICS,Survey,2023,s_lat_ebo_u,NA,5.70906,added
YEM,MICS,Survey,2023,s_lat_edl_r,NA,4.84018,added
YEM,MICS,Survey,2023,s_lat_edl_u,NA,6.48028,added
YEM,MICS,Survey,2023,s_lat_ero_r,NA,3.52132,added
YEM,MICS,Survey,2023,s_lat_ero_u,NA,17.64646,added
YEM,MICS,Survey,2023,s_lat_nemp_r,NA,88.28051,added
YEM,MICS,Survey,2023,s_lat_nemp_u,NA,70.1642,added
YEM,MICS,Survey,2023,s_lat_r,NA,46.63969,added
YEM,MICS,Survey,2023,s_lat_u,NA,36.380219999999994,added
YEM,MICS,Survey,2023,s_od_r,NA,9.49148,added
YEM,MICS,Survey,2023,s_od_u,NA,0.7122,added
YEM,MICS,Survey,2023,s_sep_ebo_r,NA,3.35799,added
YEM,MICS,Survey,2023,s_sep_ebo_u,NA,5.70906,added
YEM,MICS,Survey,2023,s_sep_edl_r,NA,4.84018,added
YEM,MICS,Survey,2023,s_sep_edl_u,NA,6.48028,added
YEM,MICS,Survey,2023,s_sep_ero_r,NA,3.52132,added
YEM,MICS,Survey,2023,s_sep_ero_u,NA,17.64646,added
YEM,MICS,Survey,2023,s_sep_nemp_r,NA,88.28051,added
YEM,MICS,Survey,2023,s_sep_nemp_u,NA,70.1642,added
YEM,MICS,Survey,2023,s_sew_r,NA,1.80828,added
YEM,MICS,Survey,2023,s_sew_u,NA,58.5189,added
YEM,MICS,Survey,2023,s_shared_r,NA,6.28144,added
YEM,MICS,Survey,2023,s_shared_u,NA,4.1961,added
ZAF,LCS,Survey,2009,s_imp_r,69.2497352559727,64.6507490443686,changed
ZAF,DWS,Admin,2009,s_imp_r,64.6507490443686,NA,removed
ZAF,GHS,Survey,2009,s_imp_r,NA,69.2497352559727,added
ZAF,LCS,Survey,2009,s_imp_u,94.30129642857143,92.82167510204084,changed
ZAF,DWS,Admin,2009,s_imp_u,92.82167510204084,NA,removed
ZAF,GHS,Survey,2009,s_imp_u,NA,94.30129642857143,added
ZAF,LCS,Survey,2009,s_lat_r,61.335655255972696,57.00526904436859,changed
ZAF,DWS,Admin,2009,s_lat_r,57.00526904436859,NA,removed
ZAF,GHS,Survey,2009,s_lat_r,NA,61.335655255972696,added
ZAF,LCS,Survey,2009,s_lat_u,8.837406428571427,8.471165102040814,changed
ZAF,DWS,Admin,2009,s_lat_u,8.471165102040814,NA,removed
ZAF,GHS,Survey,2009,s_lat_u,NA,8.837406428571427,added
ZAF,LCS,Survey,2009,s_od_r,12.69338,13.7965,changed
ZAF,DWS,Admin,2009,s_od_r,13.7965,NA,removed
ZAF,GHS,Survey,2009,s_od_r,NA,12.69338,added
ZAF,LCS,Survey,2009,s_od_u,1.56908,1.36958,changed
ZAF,DWS,Admin,2009,s_od_u,1.36958,NA,removed
ZAF,GHS,Survey,2009,s_od_u,NA,1.56908,added
ZAF,LCS,Survey,2009,s_sep_r,3.21886,1.81238,changed
ZAF,DWS,Admin,2009,s_sep_r,1.81238,NA,removed
ZAF,GHS,Survey,2009,s_sep_r,NA,3.21886,added
ZAF,LCS,Survey,2009,s_sep_u,1.89118,4.38827,changed
ZAF,DWS,Admin,2009,s_sep_u,4.38827,NA,removed
ZAF,GHS,Survey,2009,s_sep_u,NA,1.89118,added
ZAF,LCS,Survey,2009,s_sew_r,4.69522,5.8331,changed
ZAF,DWS,Admin,2009,s_sew_r,5.8331,NA,removed
ZAF,GHS,Survey,2009,s_sew_r,NA,4.69522,added
ZAF,LCS,Survey,2009,s_sew_u,83.57271,79.96224000000001,changed
ZAF,DWS,Admin,2009,s_sew_u,79.96224000000001,NA,removed
ZAF,GHS,Survey,2009,s_sew_u,NA,83.57271,added
ZAF,LCS,Survey,2009,s_shared_r,10.44164,NA,removed
ZAF,GHS,Survey,2009,s_shared_r,NA,10.44164,added
ZAF,LCS,Survey,2009,s_shared_u,18.89366,NA,removed
ZAF,GHS,Survey,2009,s_shared_u,NA,18.89366,added
ZAF,AFB,Survey,2011,s_od_r,NA,14.79899,added
ZAF,AFB,Survey,2011,s_od_u,NA,4.81108,added
ZAF,GHS,Survey,2013,s_imp_r,76.55286445392491,71.189355,changed
ZAF,GHS,Survey,2013,s_imp_u,94.7537524489796,93.97111,changed
ZAF,GHS,Survey,2013,s_lat_r,67.72858445392491,62.365075,changed
ZAF,GHS,Survey,2013,s_lat_u,8.290492448979592,7.507850000000005,changed
ZAF,GHS,Survey,2014,s_imp_r,78.35242436860068,73.33642,changed
ZAF,GHS,Survey,2014,s_imp_u,95.01313836734693,94.41738,changed
ZAF,GHS,Survey,2014,s_lat_r,69.86160436860068,64.8456,changed
ZAF,GHS,Survey,2014,s_lat_u,7.777708367346932,7.1819500000000005,changed
ZAF,NIDS,Survey,2015,s_imp_r,74.48910674061435,68.205325,changed
ZAF,GHS,Survey,2015,s_imp_r,80.12415970989761,75.47170499999999,changed
ZAF,NIDS,Survey,2015,s_imp_u,95.252738469387765,94.664725,changed
ZAF,GHS,Survey,2015,s_imp_u,94.81016571428572,94.16976,changed
ZAF,GHS,Survey,2015,s_lat_r,70.7567997098976,66.10434499999998,changed
ZAF,GHS,Survey,2015,s_lat_u,7.359855714285715,6.719450000000009,changed
ZAF,AFB,Survey,2015,s_od_r,NA,2.35694,added
ZAF,AFB,Survey,2015,s_od_u,NA,1.13884,added
ZAF,GHS,Survey,2016,s_imp_r,81.91020395904437,77.38535999999999,changed
ZAF,DHS,Survey,2016,s_imp_r,68.8024192857143,39.491885,changed
ZAF,CS,Survey,2016,s_imp_r,78.3080538225256,73.56809,changed
ZAF,GHS,Survey,2016,s_imp_u,95.26259448979592,94.63341,changed
ZAF,DHS,Survey,2016,s_imp_u,93.32687397959188,87.69756500000003,changed
ZAF,CS,Survey,2016,s_imp_u,94.13911428571429,93.55072,changed
ZAF,GHS,Survey,2016,s_lat_r,71.92608395904436,67.40123999999999,changed
ZAF,DHS,Survey,2016,s_lat_r,60.613849285714295,31.303315000000005,changed
ZAF,CS,Survey,2016,s_lat_r,68.9061538225256,64.16619,changed
ZAF,GHS,Survey,2016,s_lat_u,7.075724489795917,6.446539999999999,changed
ZAF,DHS,Survey,2016,s_lat_u,10.413463979591851,4.784155000000013,changed
ZAF,CS,Survey,2016,s_lat_u,7.47550428571428,6.887109999999993,changed
ZAF,UNSD,Admin,2016,s_sew_rtp_n,NA,76.31578826904297,added
ZAF,UNSD,Admin,2016,s_treat_wtp_n,NA,96.551727294921875,added
ZAF,NIDS,Survey,2017,s_imp_r,77.7401790102389,71.21259,changed
ZAF,GHS,Survey,2017,s_imp_r,84.74822377133106,80.574775,changed
ZAF,NIDS,Survey,2017,s_imp_u,95.18996336734692,94.619225,changed
ZAF,GHS,Survey,2017,s_imp_u,95.24941224489795,94.6482,changed
ZAF,GHS,Survey,2017,s_lat_r,74.12135377133106,69.947905,changed
ZAF,GHS,Survey,2017,s_lat_u,7.146722244897958,6.545509999999993,changed
ZAF,UNSD,Admin,2017,s_sew_rtp_n,NA,91.93548583984376,added
ZAF,UNSD,Admin,2017,s_treat_wtp_n,NA,98.24561309814452,added
ZAF,GHS,Survey,2018,s_imp_r,85.03773255972698,80.64286,changed
ZAF,GHS,Survey,2018,s_imp_u,95.3472486734694,94.73260500000002,changed
ZAF,GHS,Survey,2018,s_lat_r,74.58783255972698,70.19296,changed
ZAF,GHS,Survey,2018,s_lat_u,7.000128673469391,6.385485000000017,changed
ZAF,AFB,Survey,2018,s_od_r,NA,3.00698,added
ZAF,AFB,Survey,2018,s_od_u,NA,0.90878,added
ZAF,UNSD,Admin,2018,s_sew_rtp_n,NA,92.06349182128906,added
ZAF,UNSD,Admin,2018,s_treat_wtp_n,NA,96.551727294921875,added
ZAF,GHS,Survey,2019,s_imp_r,NA,80.38678,added
ZAF,GHS,Survey,2019,s_imp_u,NA,95.323995,added
ZAF,GHS,Survey,2019,s_lat_r,NA,68.36502,added
ZAF,GHS,Survey,2019,s_lat_u,NA,7.77598500000002,added
ZAF,GHS,Survey,2019,s_od_r,NA,2.6454,added
ZAF,GHS,Survey,2019,s_od_u,NA,0.41192,added
ZAF,GHS,Survey,2019,s_sep_r,NA,6.91472,added
ZAF,GHS,Survey,2019,s_sep_u,NA,2.33599,added
ZAF,GHS,Survey,2019,s_sew_r,NA,5.10704,added
ZAF,UNSD,Admin,2019,s_sew_rtp_n,NA,91.93548583984376,added
ZAF,GHS,Survey,2019,s_sew_u,NA,85.21202,added
ZAF,GHS,Survey,2019,s_shared_r,NA,5.89044,added
ZAF,GHS,Survey,2019,s_shared_u,NA,20.16879,added
ZAF,UNSD,Admin,2019,s_treat_wtp_n,NA,98.24561309814452,added
ZAF,GHS,Survey,2020,s_imp_r,NA,81.450025,added
ZAF,GHS,Survey,2020,s_imp_u,NA,95.73791,added
ZAF,GHS,Survey,2020,s_lat_r,NA,68.328295,added
ZAF,GHS,Survey,2020,s_lat_u,NA,9.366959999999992,added
ZAF,GHS,Survey,2020,s_od_r,NA,1.53917,added
ZAF,GHS,Survey,2020,s_od_u,NA,0.23573,added
ZAF,GHS,Survey,2020,s_sep_r,NA,6.69485,added
ZAF,GHS,Survey,2020,s_sep_u,NA,1.96351,added
ZAF,GHS,Survey,2020,s_sew_r,NA,6.42688,added
ZAF,UNSD,Admin,2020,s_sew_rtp_n,NA,95,added
ZAF,GHS,Survey,2020,s_sew_u,NA,84.40744,added
ZAF,GHS,Survey,2020,s_shared_r,NA,5.09217,added
ZAF,GHS,Survey,2020,s_shared_u,NA,17.52521,added
ZAF,UNSD,Admin,2020,s_treat_wtp_n,NA,98.24561309814452,added
ZAF,GHS,Survey,2021,s_imp_r,NA,82.807815,added
ZAF,GHS,Survey,2021,s_imp_u,NA,95.84752,added
ZAF,GHS,Survey,2021,s_lat_r,NA,71.134415,added
ZAF,GHS,Survey,2021,s_lat_u,NA,8.606769999999983,added
ZAF,GHS,Survey,2021,s_od_r,NA,1.44275,added
ZAF,AFB,Survey,2021,s_od_r,NA,8.98964,added
ZAF,GHS,Survey,2021,s_od_u,NA,0.27654,added
ZAF,AFB,Survey,2021,s_od_u,NA,3.18515,added
ZAF,GHS,Survey,2021,s_sep_r,NA,6.74969,added
ZAF,GHS,Survey,2021,s_sep_u,NA,1.96599,added
ZAF,GHS,Survey,2021,s_sew_r,NA,4.92371,added
ZAF,UNSD,Admin,2021,s_sew_rtp_n,NA,91.80327606201172,added
ZAF,GHS,Survey,2021,s_sew_u,NA,85.27476,added
ZAF,GHS,Survey,2021,s_shared_r,NA,5.76825,added
ZAF,GHS,Survey,2021,s_shared_u,NA,17.55439,added
ZAF,UNSD,Admin,2021,s_treat_wtp_n,NA,100,added
ZAF,GHS,Admin,2022,s_imp_r,NA,65.25531000000001,added
ZAF,GHS,Admin,2022,s_imp_u,NA,93.79702,added
ZAF,GHS,Admin,2022,s_lat_r,NA,51.09825000000001,added
ZAF,GHS,Admin,2022,s_lat_u,NA,5.244299999999981,added
ZAF,GHS,Admin,2022,s_od_r,NA,1.60676,added
ZAF,AFB,Survey,2022,s_od_r,NA,3.88223,added
ZAF,GHS,Admin,2022,s_od_u,NA,0.32054,added
ZAF,AFB,Survey,2022,s_od_u,NA,1.39815,added
ZAF,GHS,Admin,2022,s_sep_r,NA,8.774809999999999,added
ZAF,GHS,Admin,2022,s_sep_u,NA,2.3079,added
ZAF,GHS,Admin,2022,s_sew_r,NA,5.38225,added
ZAF,GHS,Admin,2022,s_sew_u,NA,86.24482,added
ZAF,GHS,Admin,2022,s_shared_r,NA,8.42394,added
ZAF,GHS,Admin,2022,s_shared_u,NA,22.73642,added
ZAF,GHS,Admin,2023,s_imp_r,NA,91.01334,added
ZAF,GHS,Admin,2023,s_imp_u,NA,96.62192000000002,added
ZAF,GHS,Admin,2023,s_lat_r,NA,76.06634,added
ZAF,GHS,Admin,2023,s_lat_u,NA,8.646950000000018,added
ZAF,GHS,Admin,2023,s_od_r,NA,1.65574,added
ZAF,GHS,Admin,2023,s_od_u,NA,0.2712,added
ZAF,GHS,Admin,2023,s_sep_r,NA,9.01889,added
ZAF,GHS,Admin,2023,s_sep_u,NA,2.3374,added
ZAF,GHS,Admin,2023,s_sew_r,NA,5.92811,added
ZAF,GHS,Admin,2023,s_sew_u,NA,85.63757,added
ZAF,GHS,Admin,2023,s_shared_r,NA,8.43797,added
ZAF,GHS,Admin,2023,s_shared_u,NA,24.29178,added
ZMB,AFB,Survey,2013,s_od_r,NA,2.1641,added
ZMB,AFB,Survey,2013,s_od_u,NA,0.39226,added
ZMB,AFB,Survey,2014,s_od_u,NA,1.0581,added
ZMB,MTF,Survey,2018,s_imp_r,NA,65.09092,added
ZMB,MTF,Survey,2018,s_imp_u,NA,82.52125000000001,added
ZMB,MTF,Survey,2018,s_lat_r,NA,63.23613,added
ZMB,MTF,Survey,2018,s_lat_u,NA,41.98651000000001,added
ZMB,MTF,Survey,2018,s_od_r,NA,5.72972,added
ZMB,MTF,Survey,2018,s_od_u,NA,0.21424,added
ZMB,MTF,Survey,2018,s_sep_r,NA,1.4321,added
ZMB,MTF,Survey,2018,s_sep_u,NA,19.95697,added
ZMB,MTF,Survey,2018,s_sew_r,NA,0.42269,added
ZMB,MTF,Survey,2018,s_sew_u,NA,20.57777,added
ZMB,AFB,Survey,2020,s_od_r,NA,3.67902,added
ZMB,AFB,Survey,2020,s_od_u,NA,0.76775,added
ZMB,LCMS,Survey,2022,s_imp_r,NA,28,added
ZMB,LCMS,Survey,2022,s_imp_u,NA,79.60000000000001,added
ZMB,LCMS,Survey,2022,s_od_r,NA,10.8,added
ZMB,AFB,Survey,2022,s_od_r,NA,4.75734,added
ZMB,LCMS,Survey,2022,s_od_u,NA,0.7,added
ZMB,AFB,Survey,2022,s_od_u,NA,2.39937,added
ZWE,AFB,Survey,2012,s_od_r,NA,15.94788,added
ZWE,AFB,Survey,2012,s_od_u,NA,0.22951,added
ZWE,UNSD,Admin,2012,s_sew_rtp_n,NA,90.90803527832033,added
ZWE,UNSD,Admin,2013,s_sew_rtp_n,NA,94.211273193359375,added
ZWE,AFB,Survey,2014,s_od_r,NA,16.63534,added
ZWE,AFB,Survey,2014,s_od_u,NA,0.26689,added
ZWE,UNSD,Admin,2014,s_sew_rtp_n,NA,92.596160888671875,added
ZWE,UNSD,Admin,2015,s_sew_rtp_n,NA,93.01262664794922,added
ZWE,UNSD,Admin,2016,s_sew_rtp_n,NA,86.9437484741211,added
ZWE,UNSD,Admin,2016,s_treat_wtp_n,NA,18.88813209533691,added
ZWE,AFB,Survey,2017,s_od_r,NA,10.52287,added
ZWE,AFB,Survey,2017,s_od_u,NA,0.94238,added
ZWE,UNSD,Admin,2017,s_sew_rtp_n,NA,87.08592224121094,added
ZWE,UNSD,Admin,2017,s_treat_wtp_n,NA,19.864002227783203,added
ZWE,AFB,Survey,2021,s_od_r,NA,21.58052,added
ZWE,AFB,Survey,2021,s_od_u,NA,0.85061,added
ZWE,AFB,Survey,2022,s_od_r,NA,13.77252,added
ZWE,AFB,Survey,2022,s_od_u,NA,1.07089,added
